imageName,imageURL,VisType,NormalizedVC,ConfusingSource,rawUserComments,UniqueTopics,CuratedUniqueTopics,CuratePhrasesMore/LessComplex,humanCuratedPhrases,originalSentiments,UniqueSubTopics,allStems,visual_objects,visual_attributes,visual_predicates,unmatched_stems,oar_B_synset_objects
VisJ.1431.7.png,https://raw.githubusercontent.com/c109363/ExperimentImage/main/AllDataResize/VisJ.1431.7.png,Line,0.15,lack of information to derive meaning.,"just an image to me,  I have no way of knowing what it is showing me; Simply a line of points on a graph with a hump.",Visual Encoding Clarity; Immediacy / Cognitive Load,,no way of knowing what it is showing me; a line of points,shape increase/decrease point; unclear meaning/confusing,(-); (-),Graphical Forms & Primitives; Semantic Clarity,way; know; show; line; point,line (mark); point (mark),,know (cognitive); show (semantic),"way (filtered, 7 images)",point (mark); visualization (whole)
InfoVisJ.2412.7.png,https://raw.githubusercontent.com/c109363/ExperimentImage/main/AllDataResize/InfoVisJ.2412.7.png,Schematic,0.19,,Simplistic symbol,"Color, Symbol, and Texture Details",,Simplistic symbol,symbols,(-),Symbols & Texture,simplistic; symbol,symbol (annotation); symbol (quantity_reference),simplistic (complexity),,,
SciVisJ.995.5.png,https://raw.githubusercontent.com/c109363/ExperimentImage/main/AllDataResize/SciVisJ.995.5.png,Bar,0.22,,"The image I chose shows what information the graph is presenting, and therefore provokes more thought and understanding. There are axes, numerical values.",Semantics / Text Legibility; Schema; Immediacy / Cognitive Load,,axes; numerical values; information presenting; provokes thought and understanding,infomration representation; lack of/not enough axis labels/legend/annotations/context; title/axis/label/descriptions; provokes thought and understanding,(+); (+); (+); (+),Domain Familiarity; Annotations & Labels; Processing Time & Effort,axis; numerical; value; information; present; provoke; thought; understand,axis (chart_component); value (data_element); value (quantity_reference); information (cognitive_element),,present (semantic); thought (cognitive); understand (cognitive),"numerical (rare, 2 images); provoke (unclustered)",axes (furniture); number (content); data (content)
VisC.503.6.png,https://raw.githubusercontent.com/c109363/ExperimentImage/main/AllDataResize/VisC.503.6.png,Bar,0.22,,The graph has more information and looks complex. The bar graphs look more important than the circle graphs. It looks more professional than the other graph. There is more detail surrounding the graph for better understanding,Schema; Immediacy / Cognitive Load,,bar graphs; circle graphs; easy to understand,"a specific technique, e.g., bar, pie, circle; easy to interpret/read/understand",(+); (+) (-); (+) (-),Domain Familiarity; Interpretive Difficulty,bar; graph; circle; easy; understand,bar (mark); graph (chart_type); circle (mark),easy (readability),understand (cognitive),,visualization (whole)
VisC.199.5.png,https://raw.githubusercontent.com/c109363/ExperimentImage/main/AllDataResize/VisC.199.5.png,Line,0.26,,"more easily understood, less time consuming, make sense.",Immediacy / Cognitive Load,,less time consuming; make sense.; more easily understood,easy to interpret/read/understand; more interpretable/readable/understandable,(-); ?; (-),Interpretive Difficulty,time; consume; sense; easily; understand,sense (cognitive_element),time (temporal); sense (cognitive); easily (readability),make sense (cognitive); understand (cognitive),"consume (rare, 1 image)",visualization (whole); data (content); layout (structure)
VASTC.72.13.png,https://raw.githubusercontent.com/c109363/ExperimentImage/main/AllDataResize/VASTC.72.13.png,Bar,0.27,,more informations; more colour,"Data Density / Image Clutter; Color, Symbol, and Texture Details","Color, Symbol, and Texture Details",more color; more information,much/more data/info/info spread; color variety/arrangement/distribution,(+); (+),Information Volume; Color Palette & Contrast,color; information,more information (quantity_reference); more color (quantity_reference); color (perceptual_element); information (cognitive_element),more information (information_quality); more color (color),,,visualization (whole); color (property); data (content)
whoJ40_2.png,https://raw.githubusercontent.com/c109363/ExperimentImage/main/AllDataResize/whoJ40_2.png,Area,0.28,bold color,The images are both very simple to digest; the colours in the orange chart are bold and distract me from the information conveyed.,"Color, Symbol, and Texture Details; Aesthetics Uncertainty; Immediacy / Cognitive Load",,colors are bold; distract me from the information conveyed; very simple to digest,bold colors; distracting/confusing/unclear; easy to interpret/read/understand,(+); (+); (+),Color Palette & Contrast; Visual Disorganization; Interpretive Difficulty,color; bold; distract; information; convey; simple; digest,the information (quantity_reference); color (perceptual_element); information (cognitive_element),simple (complexity),convey (semantic),"bold (rare, 1 image); distract (rare, 1 image); digest (unclustered)",visualization (whole); color (property); data (content)
economist_daily_chart_75.png,https://raw.githubusercontent.com/c109363/ExperimentImage/main/AllDataResize/economist_daily_chart_75.png,Bar,0.28,horizontal bar,There are more bars on the graph There are more factors It is harder to read with the bars extending horizontally,Data Density / Image Clutter; Visual Encoding Clarity; Immediacy / Cognitive Load,,more bars; bars extending horizontally; It is harder to read,more charts/points/lines/shapes/elements; horizontal bars; more difficult to interpret/read/understand/differentiate,(+); (+); (+),Element Quantity; Graphical Forms & Primitives; Interpretive Difficulty,bar; extend; horizontally; hard; read,bar (mark),hard (readability),read (cognitive),"extend (rare, 1 image); horizontally (rare, 1 image)",bar (mark); axes (furniture); visualization (whole)
whoQ50_2.png,https://raw.githubusercontent.com/c109363/ExperimentImage/main/AllDataResize/whoQ50_2.png,Bar,0.28,,Image 1 I would say is most important because it can easily be read.,Immediacy / Cognitive Load,,can easily be read,easy to read,(-),Interpretive Difficulty,easily; read,,easily (readability),read (cognitive),,visualization (whole)
VASTC.81.3(2).png,https://raw.githubusercontent.com/c109363/ExperimentImage/main/AllDataResize/VASTC.81.3(2).png,Glyph,0.28,,the simpler visual which just uses shapes and a limited colour range,"Visual Encoding Clarity; Color, Symbol, and Texture Details",,shapes; a limited color range,shapes; inadequate/few coloring,(+) (-); (-),Graphical Forms & Primitives; Color Palette & Contrast,shape; limited; color; range,shape (mark); shape (perceptual_element); color (perceptual_element); range (data_element); range (quantity_reference),,shape (evaluative),limited (unclustered),shape (mark); color (property)
InfoVisJ.2251.3.png,https://raw.githubusercontent.com/c109363/ExperimentImage/main/AllDataResize/InfoVisJ.2251.3.png,Schematic,0.28,lack of information to derive meaning.,Harder to understand; The one on the left does not give much information. I had no clue what it meant.,Immediacy / Cognitive Load,,Harder to understand; does not give much information.; I had no clue what it meant.,more difficult to interpret/read/understand/differentiate; unclear meaning/confusing,(+); (-); (+),Interpretive Difficulty; Semantic Clarity,hard; understand; information; clue; mean,information (cognitive_element),hard (readability),understand (cognitive); mean (semantic),"clue (rare, 2 images)",
whoQ58_4.png,https://raw.githubusercontent.com/c109363/ExperimentImage/main/AllDataResize/whoQ58_4.png,Area,0.29,,straight to the point,Immediacy / Cognitive Load,,straight to the point,intuitive,(-),Interpretive Difficulty,straight; point,the point (quantity_reference); point (mark),straight (structure),,,visualization (whole)
VASTJ.1720.4.png,https://raw.githubusercontent.com/c109363/ExperimentImage/main/AllDataResize/VASTJ.1720.4.png,Bar,0.29,,The one on the right is a simple bar graph. I could gather a little bit what it meant.,Schema; Immediacy / Cognitive Load,,simple bar graph; could gather what it meant,"a specific technique, e.g., bar, pie, circle; easy to interpret/read/understand",(-); (-),Domain Familiarity; Interpretive Difficulty,simple; bar; graph; gather; mean,bar graph (chart_type); bar (mark); graph (chart_type),simple (complexity),mean (semantic),"gather (rare, 1 image)",visualization (whole); bar (mark)
VisC.527.1.png,https://raw.githubusercontent.com/c109363/ExperimentImage/main/AllDataResize/VisC.527.1.png,Point,0.29,,"When I look at the image of the left, its easier. Dots in more or less a line, axis, few items.",Data Density / Image Clutter; Visual Encoding Clarity; Semantics / Text Legibility; Immediacy / Cognitive Load,,few items; Dots in more or less a line; axis; its easier,little data/info; shape increase/decrease point; title/axis/label/descriptions; easier to interpret/read/understand,(-); (-); (+) (-); (-),Information Volume; Graphical Forms & Primitives; Annotations & Labels; Interpretive Difficulty,item; dot; line; axis; easy,item (domain_object); item (quantity_reference); dot (mark); line (mark); axis (chart_component),easy (readability),,,point (mark); axes (furniture)
InfoVisC.211.18.png,https://raw.githubusercontent.com/c109363/ExperimentImage/main/AllDataResize/InfoVisC.211.18.png,Bar,0.3,,Bar graph is incredibly simple,Schema; Immediacy / Cognitive Load,,Bar graph; incredibly simple,"a specific technique, e.g., bar, pie, circle; simple to interpret/read/understand",(-); (-),Domain Familiarity; Interpretive Difficulty,bar; graph; incredibly; simple,bar graph (chart_type); bar (mark); graph (chart_type),simple (complexity),,"incredibly (rare, 1 image)",visualization (whole)
VASTJ.432.6.png,https://raw.githubusercontent.com/c109363/ExperimentImage/main/AllDataResize/VASTJ.432.6.png,Bar,0.3,,both is understandable,Immediacy / Cognitive Load,,understandable,easy to interpret/read/understand,(+) (-),Interpretive Difficulty,understandable,,understandable (readability),,,visualization (whole)
whoQ48_6.png,https://raw.githubusercontent.com/c109363/ExperimentImage/main/AllDataResize/whoQ48_6.png,Line,0.3,,the graphic is pretty self explanatory,Immediacy / Cognitive Load,,self explanatory,easy to interpret/read/understand,(-),Interpretive Difficulty,self; explanatory,,,,self (unclustered); explanatory (unclustered),visualization (whole)
InfoVisC.65.8.png,https://raw.githubusercontent.com/c109363/ExperimentImage/main/AllDataResize/InfoVisC.65.8.png,Bar,0.31,,color dimension (one versus two)ï¼› numbers is more complex than dot; The least complex has clearer colours and is simple to grasp the ideas.,"Visual Encoding Clarity; Color, Symbol, and Texture Details; Immediacy / Cognitive Load",,clearer colors; simple to grasp the ideas; color dimension (one versus two); numbers more complex than dot,shapes and lines; clearer coloring; color dimension; simple to interpret/read/understand,(-); (-); (+); (+),Graphical Forms & Primitives; Color Palette & Contrast; Interpretive Difficulty,clear; color; simple; grasp; idea; dimension; number; complex; dot,color (perceptual_element); idea (cognitive_element); dimension (layout_component); dimension (quantity_reference); number (quantity_reference); dot (mark),clear (readability); simple (complexity); dimension (structure); complex (complexity),,"grasp (rare, 1 image)",visualization (whole); color (property); label (text); point (mark)
VisC.297.4.png,https://raw.githubusercontent.com/c109363/ExperimentImage/main/AllDataResize/VisC.297.4.png,Grid,0.31,,black and white; only one shape (a vertical live) and multiple copies of it. They are also on the same horizontal axis,"Data Density / Image Clutter; Visual Encoding Clarity; Schema; Color, Symbol, and Texture Details",,multiple copies; on the same axis; one shape; black and white,multiple features/elements/graphs; shape; value and graphic alignment; black-to-white/color gradient,(-); (-); (-); (+) (-),Element Quantity; Graphical Forms & Primitives; Dimensionality & Structure; Color Palette & Contrast,multiple; copy; axis; shape; black; white,axis (chart_component); shape (mark); shape (perceptual_element),multiple (structure); black (color); white (color),shape (evaluative),"copy (rare, 1 image)",shape (mark); axes (furniture); data (content); color (property)
treasuryG07_2.png,https://raw.githubusercontent.com/c109363/ExperimentImage/main/AllDataResize/treasuryG07_2.png,Line,0.31,,"The more straightforward lines in the picture (easier to read and discern).; lines, graph",Visual Encoding Clarity; Semantics / Text Legibility; Schema; Immediacy / Cognitive Load,,straightforward lines; easier to read; easier to read and discern; lines; graph,lines; straight lines; easier to read; a specific technique; easier to interpret/read/understand,(-); (-); (-); (+) (-); (+),Graphical Forms & Primitives; Typography & Readability; Domain Familiarity; Interpretive Difficulty,straightforward; line; easy; read; discern; graph,line (mark); graph (chart_type),straightforward (complexity); easy (readability),read (cognitive); discern (perceptual),,visualization (whole); line (mark); axes (furniture)
whoJ44.png,https://raw.githubusercontent.com/c109363/ExperimentImage/main/AllDataResize/whoJ44.png,Line,0.31,,data shown as lines; contains less information,Data Density / Image Clutter; Visual Encoding Clarity,,less information; lines,little data/info; lines,(-); (+) (-),Information Volume; Graphical Forms & Primitives,information; line,less information (quantity_reference); information (cognitive_element); line (mark),less information (information_quality),,,visualization (whole); line (mark)
SciVisJ.980.9.png,https://raw.githubusercontent.com/c109363/ExperimentImage/main/AllDataResize/SciVisJ.980.9.png,Glyph,0.32,,"The other image is easier to understand as the figures are displayed along with the countries, so with just a glance everything is summarized. - small font for the text in the description - the color aspect (grey map on dark background); The 2x2 matrix patterns are clear and the symbols (to the right) are more easily recognizable.","Schema; Color, Symbol, and Texture Details; Immediacy / Cognitive Load",,matrix patterns; symbols; easily recognizable,a specific technique; symbols; easy to identify/extract/find features,(-); (-); (-),Domain Familiarity; Symbols & Texture; Interpretive Difficulty,matrix; pattern; symbol; easily; recognizable,pattern (layout_component); pattern (quantity_reference); symbol (annotation); symbol (quantity_reference),easily (readability); recognizable (familiarity),,matrix (unclustered),grid (structure); symbol (mark)
InfoVisJ.1084.2.png,https://raw.githubusercontent.com/c109363/ExperimentImage/main/AllDataResize/InfoVisJ.1084.2.png,Bar,0.33,,I thought it provided the information in question in a more unique way.,Schema,,unique,unique,(+),Domain Familiarity,unique,,unique (familiarity),,,visualization (whole)
InfoVisC.211.3(2).png,https://raw.githubusercontent.com/c109363/ExperimentImage/main/AllDataResize/InfoVisC.211.3(2).png,Schematic,0.33,,Simplicity,Immediacy / Cognitive Load,,Simplicity,simple to interpret/read/understand,(-),Interpretive Difficulty,simplicity,,simplicity (complexity),,,
InfoVisJ.621.2.png,https://raw.githubusercontent.com/c109363/ExperimentImage/main/AllDataResize/InfoVisJ.621.2.png,Text,0.33,,whilst the other one only has 2 (title and link).,Data Density / Image Clutter; Semantics / Text Legibility,,only has 2; link; title,many points/lines/shapes/elements; -; title/axis/label/descriptions,(-); (-); (-),Element Quantity; Annotations & Labels,link; title,title (chart_component),,,link (unclustered),visualization (whole); link (structure); title (text)
VisJ.1421.5(2).png,https://raw.githubusercontent.com/c109363/ExperimentImage/main/AllDataResize/VisJ.1421.5(2).png,Glyph,0.34,,For me is more complex because it has no legends - I cannot understand it,Semantics / Text Legibility; Immediacy / Cognitive Load,,no legends; cannot understand,lack of/not enough axis labels/legend/annotations/context; not interpretable/readable/understandable,(+); (+),Annotations & Labels; Interpretive Difficulty,legend; understand,legend (chart_component),,legend (evaluative); understand (cognitive),,visualization (whole); legend (furniture)
VASTJ.1139.3(2).png,https://raw.githubusercontent.com/c109363/ExperimentImage/main/AllDataResize/VASTJ.1139.3(2).png,Node-link,0.34,,The image on the left only has a few lines; The left one has less elements; clearer : there is a start and end that are easy to identify (you just have to follow the lines). It seems that there is less information (elements) to process in the second picture.; Simple colored dots and lines on a grid; structured and labeled plot; contains curves and different points but follows a discernible pattern; flat with two-dimensional geometric shapes.,"Data Density / Image Clutter; Visual Encoding Clarity; Semantics / Text Legibility; Schema; Color, Symbol, and Texture Details; Immediacy / Cognitive Load",,less information (elements); less information to process; 2d geometric shapes; curves and different points; dots and lines on a grid; structured and labeled; follows a discernible pattern; Simple colored; less elements; a few lines,few points/lines/shapes/elements; little data/info; curves and shapes; shape variety; shapes and lines; title/axis/label/descriptions; familiar representation; lack of color contrast / hard to distinguish colors; easy to interpret/read/understand,(-); (-); (-); (-); (-); (-); (-); (-); (-); (-),Element Quantity; Information Volume; Graphical Forms & Primitives; Annotations & Labels; Domain Familiarity; Color Palette & Contrast; Interpretive Difficulty,information; element; process; geometric; shape; curve; different; point; dot; line; grid; structure; label; follow; discernible; pattern; simple; color,less information (quantity_reference); information (cognitive_element); element (domain_object); process (quantity_reference); shape (mark); shape (perceptual_element); point (mark); dot (mark); line (mark); grid (chart_component); grid (layout_component); structure (layout_component); label (chart_component); pattern (layout_component); pattern (quantity_reference); color (perceptual_element),less information (information_quality); different (structure); discernible (readability); discernible (information_quality); simple (complexity),shape (evaluative); structure (structural); label (semantic); follow (perceptual),"geometric (rare, 1 image); curve (unclustered)",grid (structure); line (mark); point (mark); shape (mark); label (text); color (property)
VisC.375.9(3).png,https://raw.githubusercontent.com/c109363/ExperimentImage/main/AllDataResize/VisC.375.9(3).png,Node-link,0.34,,The image on the right has nodes that are clearly connected with lines.,"Visual Encoding Clarity; Color, Symbol, and Texture Details; Aesthetics Uncertainty",,clear connection; lines; nodes,clear connection; lines; nodes,(-); (+) (-); (-),Visual Disorganization; Graphical Forms & Primitives; Symbols & Texture,clear; connection; line; node,connection (quantity_reference); line (mark),clear (readability),,"node (rare, 1 image)",line (mark); node (mark)
wsj135.png,https://raw.githubusercontent.com/c109363/ExperimentImage/main/AllDataResize/wsj135.png,Bar,0.35,,"Left one is just a time scale with 2 data sets in same scale, diferent colors and aligment makes it easy to understand.; The other image is more easier to read and understand","Data Density / Image Clutter; Visual Encoding Clarity; Color, Symbol, and Texture Details; Immediacy / Cognitive Load",,alignment; time scale; 2 data sets; different colors; easy to understand,much/more data/info/info spread; scale difference; shape arrangement; color variety/arrangement/distribution; easier to interpret/read/understand; easy to interpret/read/understand,?; (-); (-); (+) (-); (+) (-),"Information Volume; Position, Scale & Organization; Graphical Forms & Primitives; Color Palette & Contrast; Interpretive Difficulty",alignment; time; scale; data; set; different; color; easy; understand,scale (chart_component); scale (quantity_reference); data (data_element); set (domain_object); set (quantity_reference); color (perceptual_element),time (temporal); different (structure); easy (readability),understand (cognitive),alignment (unclustered),visualization (whole); axes (furniture); data (content); color (property)
VASTC.51.6.png,https://raw.githubusercontent.com/c109363/ExperimentImage/main/AllDataResize/VASTC.51.6.png,Bar,0.35,,Few information; it has no meaning; colors have no meaning; numbers have no meaning,Semantics / Text Legibility; Immediacy / Cognitive Load,,numbers have no meaning; colors have no meaning,lack of/not enough axis labels/legend/annotations/context; unclear meaning/confusing,(+); (+),Annotations & Labels; Semantic Clarity,number; meaning; color,number (quantity_reference); meaning (cognitive_element); color (perceptual_element),meaning (cognitive),,,number (content); color (property)
InfoVisJ.2251.3(3).png,https://raw.githubusercontent.com/c109363/ExperimentImage/main/AllDataResize/InfoVisJ.2251.3(3).png,Glyph,0.35,lack of information to derive meaning.,I simply don't understand what it represent; The other image is just a few lines joined,Data Density / Image Clutter; Immediacy / Cognitive Load,,a few lines joined; don't understand,few points/lines/shapes/elements; not interpretable/readable/understandable,(-); (+),Element Quantity; Interpretive Difficulty,line; join; understand,line (mark),,understand (cognitive),"join (rare, 1 image)",line (mark); visualization (whole)
wsj340.png,https://raw.githubusercontent.com/c109363/ExperimentImage/main/AllDataResize/wsj340.png,Bar,0.36,,"The image is a chart with a title, description, labels and coloured segments, therefore it doesn't need to do as much visually.; 1. Variety and Density of Elements, 2.Level of Detail 3. Depth and Dimensionality and 4.Interconnectedness of Elements.","Semantics / Text Legibility; Schema; Color, Symbol, and Texture Details; Immediacy / Cognitive Load",,description; labels; title; colored segments; chart; doesn't need to do as much visually,"description; title/axis/label/descriptions; a specific technique, e.g., bar, pie, circle; good color contrast/separation/segmentation; easy to interpret/read/understand",(-); (+) (-); (-); (-); (-); (-),Typography & Readability; Annotations & Labels; Domain Familiarity; Color Palette & Contrast; Interpretive Difficulty,description; label; title; colored; segment; chart; need; visually,description (annotation); description (quantity_reference); label (chart_component); title (chart_component); chart (chart_type),colored (color),label (semantic); need (evaluative),"segment (rare, 1 image); visually (in vocab, excluded)",visualization (whole); title (text); label (text); color_segment (mark); description (text)
VASTJ.412.3.png,https://raw.githubusercontent.com/c109363/ExperimentImage/main/AllDataResize/VASTJ.412.3.png,Bar,0.36,,Both of them are easy to understand.; only has two colors,"Color, Symbol, and Texture Details; Immediacy / Cognitive Load",,easy to understand; only has two colors,two colors; easy to interpret/read/understand,(+) (-); (-),Color Palette & Contrast; Interpretive Difficulty,easy; understand; color,color (perceptual_element),easy (readability),understand (cognitive),,visualization (whole); color (property)
SciVisJ.1025.11.png,https://raw.githubusercontent.com/c109363/ExperimentImage/main/AllDataResize/SciVisJ.1025.11.png,Point,0.36,,"Lots of inscription with details, several measurements on the same graph, numbers; There are more colours in this image and it is displaying more data; -number of information -color contrast; less text; more information and nuances transportet through the picture.; Compared to the other one its a bit more complex","Data Density / Image Clutter; Semantics / Text Legibility; Schema; Color, Symbol, and Texture Details",,Lots of inscription with details; several measurements; inscription with details; numbers; information and nuance transported; number of information; color contrast; less text; more data; more colors,many measurements; more detailed/things; much/more data/info/info spread; information nuance expressed; amount of words/context/numbers; detailed inscription; little/less text/numbers/context; color variety/arrangement/distribution; low color contrast/separation/segmentation,(+); (+); (+); (+) (-); (+); (+) (-); (+) (-); (+); (+); (+) (-),Information Volume; Domain Familiarity; Text Volume & Content; Typography & Readability; Color Palette & Contrast,lot; inscription; detail; measurement; number; information; nuance; transport; color; contrast; text; datum,color contrast (perceptual_element); lot (quantity_reference); detail (cognitive_element); measurement (data_element); number (quantity_reference); information (cognitive_element); color (perceptual_element); contrast (perceptual_element); text (annotation); datum (data_element),color contrast (color); lot (quantity_descriptor),contrast (structural),"inscription (unclustered); nuance (unclustered); transport (rare, 1 image)",label (text); number (content); data (content); color (property)
InfoVisJ.2412.7(2).png,https://raw.githubusercontent.com/c109363/ExperimentImage/main/AllDataResize/InfoVisJ.2412.7(2).png,Schematic,0.36,,The image with the circle and the word source is much easier than the other one. The image with the circle is very simple and not difficult to see at all.,Visual Encoding Clarity; Semantics / Text Legibility; Immediacy / Cognitive Load,,very simple; not difficult to see at all; the word source; much easier,shapes and lines; word source; easier to interpret/read/understand; easier to see/tell/visualize,(-); (-); (-); (-),Graphical Forms & Primitives; Text Volume & Content; Interpretive Difficulty,simple; difficult; word; source; easy,word (annotation),simple (complexity); difficult (readability); easy (readability),,"source (rare, 1 image)",
whoQ26.png,https://raw.githubusercontent.com/c109363/ExperimentImage/main/AllDataResize/whoQ26.png,Area,0.37,,"Non-highlighted image also resembles a familiar geographic shape so it is easier to interpret.; The map is easily recognizable and straightforward at showing where things are. It looks simpler, with no more than three colors.; an easy to read map for the image; Again, I am not familiar with the world map, let alone the closer map you are showing in the picture, so therefore it seemed more complicated to me.; i like maps better; A charted map with points of interest, regions, and a key on the top.","Visual Encoding Clarity; Semantics / Text Legibility; Schema; Color, Symbol, and Texture Details; Immediacy / Cognitive Load",,familiar geographic shape; easier to interpret; not familiar; world map; seemed more complicated; map; easy to read map; easily recognizable; straightforward at showing where things are.; no more than three colors; maps; points of interest; regions; key on the top; charted map,"clear indication; regions; shape point of interest; legend on the top; domain-specific concepts (e.g., chemical, biology, map); familiar representation; unfamiliar concepts/patterns; inadequate/few coloring; easier to interpret/read/understand; easy to interpret/read/understand; more complicated",(-); (-); (+); (+) (-); (+); (+) (-); (-); (-); (-); (-); (-); (+); (+); (+); (+),Semantic Clarity; Graphical Forms & Primitives; Encoding Interpretability; Annotations & Labels; Domain Familiarity; Color Palette & Contrast; Interpretive Difficulty,familiar; geographic; shape; easy; interpret; world; map; complicated; read; easily; recognizable; straightforward; show; thing; color; point; interest; region; key; chart,world map (chart_type); shape (mark); shape (perceptual_element); world (domain_object); map (chart_type); color (perceptual_element); point (mark); interest (quantity_reference); region (domain_object); key (chart_component); key (quantity_reference); chart (chart_type),familiar (familiarity); easy (readability); complicated (complexity); easily (readability); recognizable (familiarity); straightforward (complexity); key (information_quality),shape (evaluative); interpret (cognitive); read (cognitive); show (semantic),"geographic (rare, 1 image); thing (unclustered)",visualization (whole); color (property); legend (furniture); point (mark); region (structure)
wsj511.png,https://raw.githubusercontent.com/c109363/ExperimentImage/main/AllDataResize/wsj511.png,Area,0.37,,In the image on the right you can see at a glance all the data as drawn and it is clearer to me.,Visual Encoding Clarity; Immediacy / Cognitive Load,,clearer; can see at a glance,clear colors/shapes; easy to interpret/read/understand,(-); (-),Encoding Interpretability; Interpretive Difficulty,clear; glance,a glance (quantity_reference),clear (readability),,"glance (in vocab, excluded)",visualization (whole); region (structure)
InfoVisJ.659.6.png,https://raw.githubusercontent.com/c109363/ExperimentImage/main/AllDataResize/InfoVisJ.659.6.png,Line,0.37,,The orange although not greatly more complex takes more time to understand,Immediacy / Cognitive Load,,more time to understand,take longer to interpret,(+),Processing Time & Effort,time; understand,more time (quantity_reference),more time (temporal); time (temporal),understand (cognitive),,visualization (whole)
VisC.61.10(2).png,https://raw.githubusercontent.com/c109363/ExperimentImage/main/AllDataResize/VisC.61.10(2).png,Node-link,0.37,,can easily deduce what the chart is trying to tell you,Immediacy / Cognitive Load,,can easily deduce,easy to interpret/read/understand,(-),Interpretive Difficulty,easily; deduce,,easily (readability),,"deduce (rare, 1 image)",visualization (whole)
VASTJ.51.7.png,https://raw.githubusercontent.com/c109363/ExperimentImage/main/AllDataResize/VASTJ.51.7.png,Point,0.37,,,Immediacy / Cognitive Load,,Initial (intuitive) attractiveness to actually delve into the image and analyze it; Expected time and cognitive load to understand the logic of presentation; Expected time and cognitive load to understand the key takeaway of/ key patterns suggested by the image (separating information from noise); Expected time and cognitive load to understand the majority of information in the image (separating information from noise),intuitive; more effort/reading/detailed analysis; take longer to interpret,(-); (+); (+); (+),Interpretive Difficulty; Processing Time & Effort,initial; intuitive; attractiveness; actually; delve; image; analyze; expect; time; cognitive; load; understand; logic; presentation; key; takeaway; of/; pattern; suggest; separate; information; noise; majority,cognitive load (quantity_reference); the image (quantity_reference); image (chart_type); load (quantity_reference); logic (cognitive_element); key (chart_component); key (quantity_reference); pattern (layout_component); pattern (quantity_reference); information (cognitive_element); noise (quantity_reference),cognitive load (complexity); cognitive load (cognitive); intuitive (familiarity); time (temporal); cognitive (cognitive); logic (cognitive); key (information_quality); separate (structure),analyze (cognitive); expect (evaluative); understand (cognitive); separate (spatial); separate (structural),initial (unclustered); attractiveness (unclustered); actually (unclustered); delve (unclustered); presentation (unclustered); takeaway (unclustered); of/ (unclustered); suggest (unclustered); majority (unclustered),visualization (whole); layout (structure); pattern (structure); data (content)
visMost97.png,https://raw.githubusercontent.com/c109363/ExperimentImage/main/AllDataResize/visMost97.png,Area,0.38,,"uses common knowledge, is easy to understand, has distinguished/distinctive colors, and presents simple information.","Data Density / Image Clutter; Schema; Color, Symbol, and Texture Details; Immediacy / Cognitive Load",,common knowledge; distinguished/distinctive colors; simple information; easy to understand,simple information; familiar representation; color variety/arrangement/distribution; easy to interpret/read/understand,(-); (-); (-); (+) (-),Information Volume; Domain Familiarity; Color Palette & Contrast; Interpretive Difficulty,common; knowledge; distinguish; distinctive; color; simple; information; easy; understand,color (perceptual_element); information (cognitive_element),distinctive (structure); simple (complexity); easy (readability),distinguish (structural); understand (cognitive),"common (unclustered); knowledge (rare, 1 image)",visualization (whole); color (property); data (content)
v486_n7403_11_f2.png,https://raw.githubusercontent.com/c109363/ExperimentImage/main/AllDataResize/v486_n7403_11_f2.png,Area,0.38,,the data being visualized is more difficult to parse,Immediacy / Cognitive Load,,difficult to parse,hard to identify/extract/find features,(+),Interpretive Difficulty,difficult; parse,,difficult (readability),,"parse (rare, 1 image)",visualization (whole)
treasuryL11_2.png,https://raw.githubusercontent.com/c109363/ExperimentImage/main/AllDataResize/treasuryL11_2.png,Area,0.38,,The ease of reading the graph,Immediacy / Cognitive Load,,ease of reading,easy to interpret/read/understand,(-),Interpretive Difficulty,ease; read,ease (quantity_reference),,read (cognitive),,visualization (whole)
VisC.255.7.png,https://raw.githubusercontent.com/c109363/ExperimentImage/main/AllDataResize/VisC.255.7.png,Cont.-ColorPatn,0.38,lack of information to derive meaning.,"I don't even know what I would call the thing on the right, is it even a graph?",Immediacy / Cognitive Load,,I don't even know,not interpretable/readable/understandable,(+),Interpretive Difficulty,know,,,know (cognitive),,visualization (whole)
whoK27_2.png,https://raw.githubusercontent.com/c109363/ExperimentImage/main/AllDataResize/whoK27_2.png,Line,0.38,,short cryptic labels; There is text and something to process; because of the metrics it reprents; the date is clearer and easy to identificate,Visual Encoding Clarity; Semantics / Text Legibility; Schema; Immediacy / Cognitive Load,,text; something to process; metric it represents; clearer; easy to identificate; short cryptic labels,clear colors/shapes; metric representation; unclear relation between words; word/text/sentence; easy to identify/extract/find features; take longer to interpret,(+) (-); (+); (+); (-); (-); (+),Encoding Interpretability; Domain Familiarity; Semantic Clarity; Text Volume & Content; Interpretive Difficulty; Processing Time & Effort,text; process; metric; represent; clear; easy; identificate; short; cryptic; label,text (annotation); process (quantity_reference); label (chart_component),clear (readability); easy (readability),represent (semantic); label (semantic),"metric (unclustered); identificate (rare, 1 image); short (rare, 1 image); cryptic (rare, 1 image)",visualization (whole); label (text); encoding (property); legend (furniture)
InfoVisC.65.4.png,https://raw.githubusercontent.com/c109363/ExperimentImage/main/AllDataResize/InfoVisC.65.4.png,Node-link,0.38,,Small arrows make things hard to read so it become more complex,Visual Encoding Clarity; Immediacy / Cognitive Load,,Small arrows; hard to read,shapes and lines; hard to interpret/read/understand/differentiate,(+); (+),Graphical Forms & Primitives; Interpretive Difficulty,small; arrow; hard; read,arrow (mark),small (size_density); hard (readability),read (cognitive),,symbol (mark); visualization (whole)
VASTJ.151.12.png,https://raw.githubusercontent.com/c109363/ExperimentImage/main/AllDataResize/VASTJ.151.12.png,Point,0.38,,The circle graphs look less important than the bar graphs,Schema; Aesthetics Uncertainty,,circle graphs; look less important,"a specific technique, e.g., bar, pie, circle; not intuitive/simple data",(+) (-); (-),Domain Familiarity; Visual Disorganization,circle; graph; look; important,circle (mark); graph (chart_type),,,"look (filtered, 16 images); important (rare, 1 image)",visualization (whole); element (mark)
InfoVisJ.621.6(2).png,https://raw.githubusercontent.com/c109363/ExperimentImage/main/AllDataResize/InfoVisJ.621.6(2).png,Text,0.38,,would understand the image; The words and number in the alternative image were so familiar to me.,Semantics / Text Legibility; Schema,,words and number; familiar to me,words and numbers; familiar representation,(-); (-),Text Volume & Content; Domain Familiarity,word; number; familiar,word (annotation); number (quantity_reference),familiar (familiarity),,,label (text); number (content)
vis630.png,https://raw.githubusercontent.com/c109363/ExperimentImage/main/AllDataResize/vis630.png,Area,0.39,,More words. Brighter colours.,"Semantics / Text Legibility; Color, Symbol, and Texture Details",,More words; Brighter colors,more texts/words; bright colors,(+); (+),Text Volume & Content; Color Palette & Contrast,word; bright; color,word (annotation); color (perceptual_element),,,bright (unclustered),label (text); color (property)
InfoVisJ.1054.3.png,https://raw.githubusercontent.com/c109363/ExperimentImage/main/AllDataResize/InfoVisJ.1054.3.png,Area,0.39,,,"Semantics / Text Legibility; Color, Symbol, and Texture Details",,Numbers of entities; Information density; Numbers of colors; Readability,readability; amount of / too many colors,(+); (+); (+); (-),Typography & Readability; Color Palette & Contrast,number; entity; information; density; color; readability,number (quantity_reference); entity (data_element); entity (quantity_reference); information (cognitive_element); density (data_element); density (quantity_reference); color (perceptual_element); readability (quantity_reference),readability (readability),,,visualization (whole); data (content); color (property); label (text)
InfoVisC.103.4.png,https://raw.githubusercontent.com/c109363/ExperimentImage/main/AllDataResize/InfoVisC.103.4.png,Node-link,0.39,,"Easy to understand, comfortable for the eyes; informative",Immediacy / Cognitive Load,,Easy to understand; comfortable for the eyes,easy to interpret/read/understand,(-); (-),Interpretive Difficulty,easy; understand; comfortable; eye,,easy (readability),understand (cognitive),"comfortable (rare, 1 image); eye (unclustered)",visualization (whole)
InfoVisC.65.3(2).png,https://raw.githubusercontent.com/c109363/ExperimentImage/main/AllDataResize/InfoVisC.65.3(2).png,Node-link,0.39,,whilst the other is a simple picture of numbers,Semantics / Text Legibility,,picture of numbers,amount of words/context/numbers,(-),Text Volume & Content,picture; number,picture (chart_type); number (quantity_reference),,,,number (content)
v486_n7401_7_f1.png,https://raw.githubusercontent.com/c109363/ExperimentImage/main/AllDataResize/v486_n7401_7_f1.png,Point,0.39,,"a basic graph with two or three data points. In comparison to earth and all it's detail, politics, geography, it is lacking.",Data Density / Image Clutter; Schema,,all it's detail; two or three data points; basic graph; earth; geography,"little data/info; more detailed/things; a specific domain; a specific technique; domain-specific concepts (e.g., chemical, biology, map)",(-); (-); (-); (-); (-),Information Volume; Domain Familiarity,detail; datum; point; basic; graph; earth; geography,detail (cognitive_element); datum (data_element); point (mark); graph (chart_type),,,"basic (rare, 1 image); earth (unclustered); geography (unclustered)",visualization (whole); point (mark); region (structure)
InfoVisC.73.6.png,https://raw.githubusercontent.com/c109363/ExperimentImage/main/AllDataResize/InfoVisC.73.6.png,Text,0.39,lack of information to derive meaning.,"cluter on screen; text; The left image seems simpler, with just text changing fonts and lines.; dark green; Volume of information Time to evaluate context Spread of information on the image Data interpretation; harder to understand; this one has text; I do recognize a few of the words there when I briefly glanced it; however, I am not sure what it means or what it is used for.","Data Density / Image Clutter; Visual Encoding Clarity; Semantics / Text Legibility; Color, Symbol, and Texture Details; Immediacy / Cognitive Load",,Spread of information; Volume of information; text; harder to understand; dark green; cluter on screen; has text; changing fonts; lines; a few of the words; not sure what it is used for; not sure what it means,dense/cluttered data/info; many/more data/info; much/more data/info/info spread; lines; different font/word sizes/structure; title/axis/label/descriptions; word/text/sentence; unclear coloring; more difficult to interpret/read/understand/differentiate; unclear meaning/confusing,(+) (-); (+) (-); (+) (-); (+) (-); (+) (-); (+); (+); (-); (+) (-); (-); (-); (-),Visual Clutter & Overlap; Element Quantity; Information Volume; Graphical Forms & Primitives; Typography & Readability; Annotations & Labels; Text Volume & Content; Color Palette & Contrast; Interpretive Difficulty; Semantic Clarity,spread; information; volume; text; hard; understand; dark; green; cluter; screen; change; font; line; word; sure; mean,spread (data_element); spread (quantity_reference); information (cognitive_element); volume (quantity_reference); text (annotation); font (annotation); line (mark); word (annotation),spread (quantity_descriptor); volume (quantity_descriptor); hard (readability); dark (color); green (color),spread (spatial); understand (cognitive); mean (semantic),"cluter (unclustered); screen (unclustered); change (unclustered); sure (in vocab, excluded)",visualization (whole); label (text); line (mark); color (property); font_style (property)
VisC.147.8(2).png,https://raw.githubusercontent.com/c109363/ExperimentImage/main/AllDataResize/VisC.147.8(2).png,Grid,0.4,lack of information to derive meaning.,I have no idea what the symbol and shading is about.,"Color, Symbol, and Texture Details",,symbol and shading,symbols and shading,(+),Symbols & Texture,symbol; shade,symbol (annotation); symbol (quantity_reference); shade (perceptual_element),,,,symbol (mark); color (property)
VASTJ.432.7.png,https://raw.githubusercontent.com/c109363/ExperimentImage/main/AllDataResize/VASTJ.432.7.png,Line,0.4,,very straight forward therefore has a low level of complexity,Immediacy / Cognitive Load,,very straight forward,intuitive,(-),Interpretive Difficulty,straight; forward,,straight (structure),,"forward (rare, 1 image)",visualization (whole)
InfoVisJ.1247.14.png,https://raw.githubusercontent.com/c109363/ExperimentImage/main/AllDataResize/InfoVisJ.1247.14.png,Line,0.4,,Two different axes and an additional key shown to add extra clutter to the diagram.,Semantics / Text Legibility,,Two different axes; an additional key,title/axis/label/descriptions; with legend,(+); (+),Annotations & Labels,different; axis; additional; key,axis (chart_component); key (chart_component); key (quantity_reference),different (structure); key (information_quality),,"additional (rare, 1 image)",axes (furniture); legend (furniture)
InfoVisC.65.3.png,https://raw.githubusercontent.com/c109363/ExperimentImage/main/AllDataResize/InfoVisC.65.3.png,Node-link,0.4,,The numbers and lines do not make sense nor do I know the context so they seem to be a bit more complicated which is why I chose that one.,Visual Encoding Clarity; Semantics / Text Legibility; Schema; Immediacy / Cognitive Load,,lines do not make sense; numbers do not make sense; do not know the context; a bit more complicated; do not make sense,indistinguishable/unintuitive lines; lack of/not enough axis labels/legend/annotations/context; no context or reference; more complicated; not interpretable/readable/understandable,(+); (+) (-); (+); (+); (+),Graphical Forms & Primitives; Annotations & Labels; Domain Familiarity; Interpretive Difficulty,line; sense; number; know; context; bit; complicated,line (mark); sense (cognitive_element); number (quantity_reference); context (cognitive_element); context (quantity_reference); bit (quantity_reference),sense (cognitive); complicated (complexity),make sense (cognitive); know (cognitive),,line (mark); number (content); visualization (whole)
VisC.375.9(2).png,https://raw.githubusercontent.com/c109363/ExperimentImage/main/AllDataResize/VisC.375.9(2).png,Node-link,0.4,,in the right one you can clearly see the 2 point of each element,Visual Encoding Clarity; Immediacy / Cognitive Load,,the 2 point of each element; clearly see,shape position; easy to interpret/read/understand,(-); (-),"Position, Scale & Organization; Interpretive Difficulty",point; element; clearly,point (mark); element (domain_object),clearly (readability),,,data (content); point (mark)
SciVisJ.728.4(2).png,https://raw.githubusercontent.com/c109363/ExperimentImage/main/AllDataResize/SciVisJ.728.4(2).png,Glyph,0.41,lack of context to derive meaning.,I saw that this is visually complex because it was dark and black and no one knows whats hidden,"Schema; Color, Symbol, and Texture Details; Immediacy / Cognitive Load",,dark and black; no one knows whats hidden; visually complex,unknown hidden content; black-to-white/color gradient; complicated to process,(+); (+); (+),Domain Familiarity; Color Palette & Contrast; Interpretive Difficulty,dark; black; know; hide; visually; complex,,dark (color); black (color); complex (complexity),know (cognitive),"hide (rare, 1 image); visually (in vocab, excluded)",visualization (whole); region (structure); detail (content)
InfoVisJ.1558.5.png,https://raw.githubusercontent.com/c109363/ExperimentImage/main/AllDataResize/InfoVisJ.1558.5.png,Glyph,0.41,,"the left one seems to explain some kind of pattern in the blue box, therefore i didn't think it imply anything too complicated.; it's clear it's something oval-shaped stretched out differently","Visual Encoding Clarity; Schema; Color, Symbol, and Texture Details; Immediacy / Cognitive Load",,oval-shaped; stretched out differently; some kind of pattern; blue box; didn't think it imply anything too complicated,shapes; size variation; familiar representation; unclear coloring; easy to derive meaning,(-); (-); (-); (-); (-),Graphical Forms & Primitives; Domain Familiarity; Color Palette & Contrast; Interpretive Difficulty,oval; shape; stretch; differently; kind; pattern; blue; box; think; imply; complicated,shape (mark); shape (perceptual_element); pattern (layout_component); pattern (quantity_reference); box (chart_component); box (quantity_reference),complicated (complexity),shape (evaluative); think (cognitive),"oval (rare, 1 image); stretch (rare, 1 image); differently (rare, 1 image); kind (rare, 1 image); blue (unclustered); imply (rare, 1 image)",shape (mark); panel (structure); pattern (structure)
v484_n7393_1_f6.png,https://raw.githubusercontent.com/c109363/ExperimentImage/main/AllDataResize/v484_n7393_1_f6.png,Line,0.41,,Confusing to understand the data points if you are not familiar with this graph. The points are very spread out. The color scheme makes it hard on the eyes compared to the one with brown. It was also difficult to understand how to view the information on screen and how it compares.,"Schema; Color, Symbol, and Texture Details; Aesthetics Uncertainty; Immediacy / Cognitive Load",,not familiar; color scheme hard on eyes; Confusing to understand data points; difficult to understand,unfamiliar concepts/patterns; color scale/scheme; distracting/confusing/unclear; hard to interpret/read/understand,(+); (+); (+); (+),Domain Familiarity; Color Palette & Contrast; Visual Disorganization; Interpretive Difficulty,familiar; color; scheme; hard; eye; confuse; understand; data; point; difficult,color scheme (perceptual_element); color scheme (quantity_reference); color (perceptual_element); data (data_element); point (mark),color scheme (color); familiar (familiarity); hard (readability); difficult (readability),confuse (cognitive); understand (cognitive),"scheme (in vocab, excluded); eye (unclustered)",visualization (whole); point (mark); color (property); legend (furniture)
wsj371.png,https://raw.githubusercontent.com/c109363/ExperimentImage/main/AllDataResize/wsj371.png,Line,0.41,,"The picture on the left is pretty self-explanatory because there's a title and captions or text that give me the necessary context to understand what it is about.; 1. Move information to process overall; 2. Involves numbers; 3. Involves words/sentences; 4. Involves colors.; It conveys more information and would take me longer to understand what is informing rather than the one on the right. Also, is it using 2lines to describe differences, and there is more variability on the orange one than the right one, therefore would take me longer to get each piece of information.; - choice of colors - size variations; simplicity clarity readability information","Visual Encoding Clarity; Semantics / Text Legibility; Schema; Color, Symbol, and Texture Details; Immediacy / Cognitive Load",,size variations; choice of colors; 2 lines to describe differences; more variability; take longer to understand; Involves words/sentences; involves numbers; Involves colors; captions; necessary context; title; pretty self-explanatory,shape variation; shapes and lines; size variation; -; captions; context; involves numbers; title/axis/label/descriptions; color variety/arrangement/distribution; unclear colormaps; easy to interpret/read/understand; take longer to interpret,(+); (+); (+); (+); (+); (+); (+); (+); (-); (-); (-); (-),Graphical Forms & Primitives; Annotations & Labels; Domain Familiarity; Text Volume & Content; Color Palette & Contrast; Interpretive Difficulty; Processing Time & Effort,size; variation; choice; color; line; describe; difference; variability; long; understand; involve; word; sentence; number; caption; necessary; context; title; pretty; self; explanatory,size (perceptual_element); choice (quantity_reference); color (perceptual_element); line (mark); difference (quantity_reference); word (annotation); number (quantity_reference); context (cognitive_element); context (quantity_reference); title (chart_component),long (temporal),describe (semantic); understand (cognitive); involve (evaluative),"variation (unclustered); variability (unclustered); sentence (unclustered); caption (unclustered); necessary (rare, 1 image); pretty (unclustered); self (unclustered); explanatory (unclustered)",visualization (whole); line (mark); color (property); label (text); number (content); description (text); title (text)
wsj124.png,https://raw.githubusercontent.com/c109363/ExperimentImage/main/AllDataResize/wsj124.png,Point,0.41,,You can clearly see the data that is being expressed.,Immediacy / Cognitive Load,,can clearly see the data,easy to interpret/read/understand,(-),Interpretive Difficulty,clearly; datum,datum (data_element),clearly (readability),,,visualization (whole)
InfoVisJ.1204.7.png,https://raw.githubusercontent.com/c109363/ExperimentImage/main/AllDataResize/InfoVisJ.1204.7.png,Bar,0.42,,"more objects columns, thus more data to comprehend.",Data Density / Image Clutter; Immediacy / Cognitive Load,,more objects; more data to comprehend,more charts/points/lines/shapes/elements; hard to interpret/read/understand,(+); (+),Element Quantity; Interpretive Difficulty,object; datum; comprehend,object (domain_object); datum (data_element),,comprehend (cognitive),,data (content); visualization (whole)
whoB32_1.png,https://raw.githubusercontent.com/c109363/ExperimentImage/main/AllDataResize/whoB32_1.png,Bar,0.42,color contrast,"it lacks contrast between the blue colours, a different colour would make the image less complex. there is more text on the image, which adds complexity.; I don't understand the graphics well","Color, Symbol, and Texture Details; Immediacy / Cognitive Load",,a different color would make the image less complex; lacks contrast between blue colors; don't understand well,distinguishable/full color uses; lack of color contrast / hard to distinguish colors; not interpretable/readable/understandable,(+); (+); (+),Color Palette & Contrast; Interpretive Difficulty,different; color; image; complex; lack; contrast; blue; understand,different color (quantity_reference); the image (quantity_reference); color (perceptual_element); image (chart_type); contrast (perceptual_element),different color (color); different (structure); complex (complexity),lack (evaluative); contrast (structural); understand (cognitive),blue (unclustered),visualization (whole); color (property)
InfoVisJ.924.5.png,https://raw.githubusercontent.com/c109363/ExperimentImage/main/AllDataResize/InfoVisJ.924.5.png,Bar,0.42,,1. Visuals that tell the story 2. Labels are clear 3. Key is easy to understand 4. Description easy to read,Semantics / Text Legibility; Immediacy / Cognitive Load,,Description easy to read; Key is easy to understand; Labels are clear,clear title/axis/label; description easy to read; legend easy to understand,(+) (-); (+) (-); (+) (-),Annotations & Labels; Interpretive Difficulty,description; easy; read; key; understand; label; clear,description (annotation); description (quantity_reference); key (chart_component); key (quantity_reference); label (chart_component),easy (readability); key (information_quality); clear (readability),read (cognitive); understand (cognitive); label (semantic),,description (text); legend (furniture); label (text)
SciVisJ.635.6.png,https://raw.githubusercontent.com/c109363/ExperimentImage/main/AllDataResize/SciVisJ.635.6.png,Cont.-ColorPatn,0.42,,"image is completely in colour (no white),; 1. Different shades of colors 2. More visually stimulating 3.More complex designs 4. More information presented","Data Density / Image Clutter; Color, Symbol, and Texture Details",,completely in color (no white); Different shades of colors; More visually stimulating; More information; More complex designs,much/more data/info/info spread; complex design; color shading; distinguishable/full/highly contrast color uses; visually stimulating  texture/colors,(+); (+); (+); (+); (+),Information Volume; Visual Clutter & Overlap; Color Palette & Contrast; Symbols & Texture,completely; color; white; different; shade; visually; stimulate; information; complex; design,more information (quantity_reference); color (perceptual_element); shade (perceptual_element); information (cognitive_element); design (quantity_reference),more information (information_quality); white (color); different (structure); complex (complexity),,"completely (rare, 1 image); visually (in vocab, excluded); stimulate (rare, 2 images)",visualization (whole); color (property); element (mark); data (content)
InfoVisJ.1655.8.png,https://raw.githubusercontent.com/c109363/ExperimentImage/main/AllDataResize/InfoVisJ.1655.8.png,Line,0.42,,Evaluation of lines,Visual Encoding Clarity,,lines,lines,(+) (-),Graphical Forms & Primitives,line,line (mark),,,,line (mark)
economist_daily_chart_393.png,https://raw.githubusercontent.com/c109363/ExperimentImage/main/AllDataResize/economist_daily_chart_393.png,Point,0.42,,"The images are both very simple to digest; I find the straight lines  easier to follow; On the right there is just a few lines and data; more info, less simple-looking; more variables, more information to process, more contrast; The highlighted image much like my previous answer has actual factual information within it which is why I deemed it to be more visually complex.; I could understand the image and therefore it was less complex. The indications ""lowest"" and ""highest"" helped me to understand why there are two colors in the second image. ","Data Density / Image Clutter; Visual Encoding Clarity; Semantics / Text Legibility; Schema; Color, Symbol, and Texture Details; Immediacy / Cognitive Load",,straight lines; easier to follow; simple to digest; few data; just a few lines; clear; more information; less simple; more variables; more contrast; random names that don't make sense; I don't know what red and green indicate; factual information,few points/lines/shapes/elements; little data/info; more parameters/variables; much/more data/info/info spread; clear indication; straight lines; factual information; lack of/not enough axis labels/legend/annotations/context; more contrast; unclear color meaning; less simple; easier to interpret/read/understand; easy to interpret/read/understand,(+) (-); (-); (-); (-); (-); (-); (+); (+); (+); (+); (+); (+); (+),Element Quantity; Information Volume; Semantic Clarity; Graphical Forms & Primitives; Domain Familiarity; Annotations & Labels; Color Palette & Contrast; Interpretive Difficulty,straight; line; easy; follow; simple; digest; datum; clear; information; variable; contrast; random; name; sense; know; red; green; indicate; factual,more information (quantity_reference); line (mark); datum (data_element); information (cognitive_element); variable (data_element); contrast (perceptual_element); name (annotation); name (quantity_reference); sense (cognitive_element),more information (information_quality); straight (structure); easy (readability); simple (complexity); clear (readability); random (structure); sense (cognitive); red (color); green (color),make sense (cognitive); follow (perceptual); contrast (structural); name (semantic); know (cognitive),"digest (unclustered); indicate (rare, 1 image); factual (rare, 1 image)",visualization (whole); line (mark); legend (furniture); axis_label (text); color (property); annotation (text)
InfoVisJ.647.8(2).png,https://raw.githubusercontent.com/c109363/ExperimentImage/main/AllDataResize/InfoVisJ.647.8(2).png,Text,0.42,,1.Image size. 2. Small details in the image. 3. The number of shapes in the image,Data Density / Image Clutter,,Small details; number of shapes,fine/layered details; more charts/points/lines/shapes/elements,(+) (-); (+) (-),Information Volume; Element Quantity,small; detail; number; shape,detail (cognitive_element); number (quantity_reference); shape (mark); shape (perceptual_element),small (size_density),shape (evaluative),,shape (mark); detail (content)
economist_daily_chart_165.png,https://raw.githubusercontent.com/c109363/ExperimentImage/main/AllDataResize/economist_daily_chart_165.png,Bar,0.43,,"The left image is simpler than the other one because its data are easier to see them, at least, in my opinion.; The highlighted image has a lot of details to read and requires concentration to pay attention to all the data in it (the 'other one' compared to the circle image).; contains more information mix several colors; the size of the graphics; more detailsï¼›couldnt`see the content; neither is very complex, but comparatively the one on the left is more visually complex as it requires reading; The most important is to understand the topic, what I am looking at. Then the quality of the picture has to be reasonably good, with distinct colours and clear text.; 2D; understandable visual; - how organised/disorganised was the picture - how many type of entities they were - numbers on entities - numbers of unique shapes/colors","Data Density / Image Clutter; Semantics / Text Legibility; Schema; Color, Symbol, and Texture Details; Immediacy / Cognitive Load",,contains more information; mix several colors; requires reading; 2D; a lot of details; requires concentration; more details; couldnt`see the content; understandable visual; data are easier to see; clear text; distinct colors,more detailed/things; much/more data/info/info spread; 2D/3D; clear title/axis/label; color variety/arrangement/distribution; attention/squinting to understand; easier to see/tell/visualize; easy to interpret/read/understand; more reading/interpretation/understanding; not interpretable/readable/understandable,(+); (+); (+); (-); (+); (+); (+); (+); (-); (-); (+) (-); (+) (-),Information Volume; Dimensionality & Structure; Annotations & Labels; Color Palette & Contrast; Processing Time & Effort; Interpretive Difficulty,contain; information; mix; color; require; read; lot; detail; concentration; couldnt`see; content; understandable; visual; datum; easy; clear; text; distinct,more information (quantity_reference); a lot (quantity_reference); information (cognitive_element); color (perceptual_element); lot (quantity_reference); detail (cognitive_element); content (cognitive_element); datum (data_element); text (annotation),more information (information_quality); a lot (quantity_descriptor); lot (quantity_descriptor); understandable (readability); visual (aesthetics); easy (readability); clear (readability); distinct (structure),mix (structural); require (evaluative); read (cognitive),"contain (rare, 1 image); concentration (unclustered); couldnt`see (rare, 1 image)",visualization (whole); data (content); color (property); label (text); legend (furniture); title (text)
economist_daily_chart_167.png,https://raw.githubusercontent.com/c109363/ExperimentImage/main/AllDataResize/economist_daily_chart_167.png,Bar,0.43,,easy to read and decipher.,Immediacy / Cognitive Load,,easy to read and decipher.,easy to interpret/read/understand,(-),Interpretive Difficulty,easy; read; decipher,,easy (readability),read (cognitive),decipher (unclustered),visualization (whole)
VisC.87.8.png,https://raw.githubusercontent.com/c109363/ExperimentImage/main/AllDataResize/VisC.87.8.png,Line,0.43,,#NAME?,"Visual Encoding Clarity; Semantics / Text Legibility; Color, Symbol, and Texture Details",,two separate lines; numerical details; precise naming; x and y scales; striped,few lines; axis scales; lack of/not enough axis labels/legend/annotations/context; no measurement/metric/axis; striped texture,(-); (-); (-); (-); (-),Graphical Forms & Primitives; Annotations & Labels; Symbols & Texture,separate; line; numerical; details; precise; naming; scale; strip,line (mark); scale (chart_component); scale (quantity_reference),separate (structure),separate (spatial); separate (structural),"numerical (rare, 2 images); details (rare, 1 image); precise (rare, 1 image); naming (rare, 1 image); strip (rare, 1 image)",visualization (whole); line (mark); label (text); axis_label (text); pattern (structure)
SciVisJ.1290.8.png,https://raw.githubusercontent.com/c109363/ExperimentImage/main/AllDataResize/SciVisJ.1290.8.png,Node-link,0.43,,I don't understand what the labels mean. What do the colors represent? Are they chemicals?,"Semantics / Text Legibility; Schema; Color, Symbol, and Texture Details",,what the labels mean; What the colors represent; chemicals,"label meaning; domain-specific concepts (e.g., chemical, biology, map); unclear color meaning",(+); (+); (+),Annotations & Labels; Domain Familiarity; Color Palette & Contrast,label; mean; color; represent; chemical,label (chart_component); color (perceptual_element),,label (semantic); mean (semantic); represent (semantic),chemical (unclustered),label (text); color (property); data (content)
InfoVisJ.647.13(2).png,https://raw.githubusercontent.com/c109363/ExperimentImage/main/AllDataResize/InfoVisJ.647.13(2).png,Text,0.43,,How fast I can comprehend the content,Immediacy / Cognitive Load,,How fast I can comprehend the content,easy to interpret/read/understand,(-),Interpretive Difficulty,fast; comprehend; content,content (cognitive_element),fast (readability); fast (temporal),comprehend (cognitive),,visualization (whole)
economist_daily_chart_520.png,https://raw.githubusercontent.com/c109363/ExperimentImage/main/AllDataResize/economist_daily_chart_520.png,Bar,0.44,,the left image has at least 15-20 different data points,Data Density / Image Clutter,,many data points,more charts/points/lines/shapes/elements,(+),Element Quantity,data; point,data (data_element); point (mark),,,,point (mark)
SciVisJ.1043.12(4).png,https://raw.githubusercontent.com/c109363/ExperimentImage/main/AllDataResize/SciVisJ.1043.12(4).png,Cont.-ColorPatn,0.44,lack of information to derive meaning.,"1. There*s no obvious pattern that jumps out at you, so it*s not as straightforward to interpret. 2. It's hard to discern individual items. 3. It's tough to see where one point ends and another begins. 4. The single-color scheme doesn't help separate different parts of the data.","Data Density / Image Clutter; Color, Symbol, and Texture Details",,hard to discern individual items.; tough to see where one point ends and another begins.; single-color scheme,more charts/points/lines/shapes/elements; overlapping shapes/colors/lines; color scale/scheme,(+); (+); (+),Element Quantity; Visual Clutter & Overlap; Color Palette & Contrast,hard; discern; individual; item; tough; point; end; begin; single; color; scheme,color scheme (perceptual_element); color scheme (quantity_reference); item (domain_object); item (quantity_reference); point (mark); color (perceptual_element),color scheme (color); hard (readability); individual (structure),discern (perceptual),"tough (rare, 2 images); end (rare, 1 image); begin (rare, 1 image); single (rare, 1 image); scheme (in vocab, excluded)",point (mark); color (property)
v482_n7386_10_f2.png,https://raw.githubusercontent.com/c109363/ExperimentImage/main/AllDataResize/v482_n7386_10_f2.png,Line,0.44,,"The graph would probably represent measuring an earthquake or similar seismic activity. Simple seismic measurements across time. Most graphs have two axes, which can be seen in the seismic graph.",Semantics / Text Legibility; Schema,,two axes; measuring an earthquake; seismic graph,"title/axis/label/descriptions; domain-specific concepts (e.g., chemical, biology, map)",(-); (-); (+) (-),Annotations & Labels; Domain Familiarity,axis; measure; earthquake; seismic; graph,axis (chart_component); graph (chart_type),,,measure (unclustered); earthquake (unclustered); seismic (unclustered),visualization (whole); axes (furniture); line (mark)
vis652.png,https://raw.githubusercontent.com/c109363/ExperimentImage/main/AllDataResize/vis652.png,Point,0.44,color; text,"The composition of the one on the right is a lot more convoluted; Difference of clarity; 1. More unrelated data elements; 2. Busier infographic layout; 3. Text on top of pictures; the right image only has 4 data points and one more bit of info on the top right; hard to differentiate 2nd and 4th from the image; -More colors -Bad color choice in regard to contrasts -Small font sizes -Different font sizes; not simple data; Less clear writing; it has more text, is less intuitive, is not as simple color wise; How easy it is to interpret information","Data Density / Image Clutter; Semantics / Text Legibility; Color, Symbol, and Texture Details; Aesthetics Uncertainty; Immediacy / Cognitive Load",,one more bit of info; only has 4 data points; more text; not as simple color wise; less intuitive; hard to differentiate; Different font sizes; Small font sizes; More colors; Bad color choice in regard to contrasts; Less clear writing; not simple data; Difference of clarity; composition is more convoluted; not simple color wise; Busier layout; More unrelated data elements; Text on top of pictures,dense/cluttered layout; little data/info; more charts/points/lines/shapes/elements; much/more data/info/info spread; different clarity; different font/word sizes/structure; more texts/words; text on picture; unclear relation between words; word rotation/small font size; color variety/arrangement/distribution; low color contrast/separation/segmentation; not simple color-wise; convoluted composition; distracting/confusing/unclear; unclear colors/contrast; hard to interpret/read/understand/differentiate; less intuitive; not intuitive/simple data,(-); (-); (+); (+); (+); (+); (+); (+); (+); (+); (+); (+); (+); (+); (+); (+); (+); (+),Visual Clutter & Overlap; Information Volume; Element Quantity; Semantic Clarity; Typography & Readability; Text Volume & Content; Color Palette & Contrast; Visual Disorganization; Perceptual Ambiguity; Interpretive Difficulty,bit; info; datum; point; text; simple; color; wise; intuitive; hard; differentiate; different; font; size; small; bad; choice; regard; contrast; clear; writing; difference; clarity; composition; convoluted; busy; layout; unrelated; data; element; picture,more text (quantity_reference); bit (quantity_reference); info (cognitive_element); info (quantity_reference); datum (data_element); point (mark); text (annotation); color (perceptual_element); font (annotation); size (perceptual_element); choice (quantity_reference); contrast (perceptual_element); writing (annotation); writing (quantity_reference); difference (quantity_reference); layout (layout_component); layout (quantity_reference); data (data_element); element (domain_object); picture (chart_type),simple (complexity); intuitive (familiarity); hard (readability); different (structure); small (size_density); bad (aesthetics); clear (readability); busy (complexity); busy (aesthetics),differentiate (structural); contrast (structural),"wise (unclustered); regard (unclustered); clarity (unclustered); composition (unclustered); convoluted (rare, 1 image); unrelated (rare, 1 image)",point (mark); label (text); color (property); legend (furniture); layout (structure); background (structure)
economist_daily_chart_317.png,https://raw.githubusercontent.com/c109363/ExperimentImage/main/AllDataResize/economist_daily_chart_317.png,Area,0.45,,"- World maps are well known for everybody - A map is easier to read than a chart; more factors included (countries), much more detailed, less structure; It gives more informations so we need to take more time to understand it. There are multiple legends.; map so im able to gauge some info graphically - little to no numbers; There is infinitely more information to be gleaned from the image of the world map. There is deeper, 'less obvious' information other than the key on the bottom left.; The world map is well known, you don*t need much attention to recognize it. The graph has a lot of similar instances. The colors in the map are easier to process than the numbers in the axis.; map is simple to understand","Data Density / Image Clutter; Semantics / Text Legibility; Schema; Color, Symbol, and Texture Details; Aesthetics Uncertainty; Immediacy / Cognitive Load",,much more detailed; countries; less structure; World maps are well known for everybody; A map is easier to read than a chart; take more time to understand; a lot of similar instances; numbers in the axis; world map; colors in the map; don't need much attention to recognize it; easier to process; gauge some info graphically; little to no numbers; map; simple to understand,"more charts/points/lines/shapes/elements; much/more data/info/info spread; graphical information; axis numbers; easier to read; little/less text/numbers/context; domain-specific concepts (e.g., chemical, biology, map); color keys; intense/too many colors; unclear coloring; looks random/messy/lack structure; easier to process/visualize; easy to interpret/read/understand; simple to interpret/read/understand; take longer to interpret",(+); (+) (-); (+); (-); (-); (+); (-); (-); (+) (-); (-); (-); (-); (+); (+); (+) (-); (-),Element Quantity; Information Volume; Domain Familiarity; Annotations & Labels; Typography & Readability; Text Volume & Content; Color Palette & Contrast; Visual Disorganization; Interpretive Difficulty; Processing Time & Effort,detailed; country; structure; world; map; know; easy; read; chart; time; understand; lot; similar; instance; number; axis; color; need; attention; recognize; process; gauge; info; graphically; little; simple,world map (chart_type); more time (quantity_reference); a lot (quantity_reference); country (domain_object); structure (layout_component); world (domain_object); map (chart_type); chart (chart_type); lot (quantity_reference); number (quantity_reference); axis (chart_component); color (perceptual_element); process (quantity_reference); info (cognitive_element); info (quantity_reference),more time (temporal); a lot (quantity_descriptor); detailed (aesthetics); detailed (information_quality); easy (readability); time (temporal); lot (quantity_descriptor); similar (structure); little (size_density); simple (complexity),structure (structural); know (cognitive); read (cognitive); understand (cognitive); need (evaluative); recognize (perceptual),"instance (rare, 1 image); attention (unclustered); gauge (rare, 1 image); graphically (rare, 1 image)",visualization (whole); region (structure); color (property); axes (furniture); legend (furniture)
VASTJ.1332.5.png,https://raw.githubusercontent.com/c109363/ExperimentImage/main/AllDataResize/VASTJ.1332.5.png,Bar,0.45,,two axes; fewer data points,Data Density / Image Clutter; Semantics / Text Legibility,,fewer data points; two axes,little data/info; title/axis/label/descriptions,(-); (-),Information Volume; Annotations & Labels,few; datum; point; axis,datum (data_element); point (mark); axis (chart_component),,,few (unclustered),point (mark); axes (furniture)
wsj536.png,https://raw.githubusercontent.com/c109363/ExperimentImage/main/AllDataResize/wsj536.png,Bar,0.45,,"More elements - the graph, the picture, the shading, use of colour.","Data Density / Image Clutter; Color, Symbol, and Texture Details",,More elements; the shading; use of color,more charts/points/lines/shapes/elements; color shading; soft/layered/overlapping colors,(+); (+); (+) (-),Element Quantity; Color Palette & Contrast,element; shading; use; color,element (domain_object); use (quantity_reference); color (perceptual_element),,,shading (unclustered),visualization (whole); color (property)
whoO06_2.png,https://raw.githubusercontent.com/c109363/ExperimentImage/main/AllDataResize/whoO06_2.png,Bar,0.45,,has a title and legend,Semantics / Text Legibility,,legend; title,title/axis/label/descriptions; too much legend,(+) (-); (-),Annotations & Labels,legend; title,legend (chart_component); title (chart_component),,legend (evaluative),,legend (furniture); title (text)
VisJ.1949.11.png,https://raw.githubusercontent.com/c109363/ExperimentImage/main/AllDataResize/VisJ.1949.11.png,Glyph,0.45,,1) I'm not sure how to interpret the highlighted image because I don't know what I'm looking at 2) No clear pattern 3) No measurements 4) Not sure what the colors differentiate,"Semantics / Text Legibility; Color, Symbol, and Texture Details; Aesthetics Uncertainty; Immediacy / Cognitive Load",,No measurements; what the colors differentiate; No clear pattern; don't know what looking at,no measurement/metric/axis; color differentiation; distracting/confusing/unclear; unclear meaning/confusing,(+); (+); (+); (+),Annotations & Labels; Color Palette & Contrast; Visual Disorganization; Semantic Clarity,measurement; color; differentiate; clear; pattern; know; look,measurement (data_element); color (perceptual_element); pattern (layout_component); pattern (quantity_reference),clear (readability),differentiate (structural); know (cognitive),"look (filtered, 16 images)",visualization (whole); color (property); number (content); pattern (structure)
InfoVisJ.935.6.png,https://raw.githubusercontent.com/c109363/ExperimentImage/main/AllDataResize/InfoVisJ.935.6.png,Grid,0.45,,More colours,"Color, Symbol, and Texture Details",,More colors,color variety/arrangement/distribution,(+),Color Palette & Contrast,color,color (perceptual_element),,,,visualization (whole); color (property)
wsj270.png,https://raw.githubusercontent.com/c109363/ExperimentImage/main/AllDataResize/wsj270.png,Line,0.45,,The left side image shows more information about data and easy to evaluate; The country flags  make it very easy to read the chart at a glance and understand the general data.,Visual Encoding Clarity; Schema; Immediacy / Cognitive Load,,country related; easy to read at a glance; more information about data; easy to evaluate,"design-data relationship; domain-specific concepts (e.g., chemical, biology, map); easy to interpret/read/understand",(-); (-); (-); (-),Encoding Interpretability; Domain Familiarity; Interpretive Difficulty,country; relate; easy; read; glance; information; datum; evaluate,more information (quantity_reference); a glance (quantity_reference); country (domain_object); information (cognitive_element); datum (data_element),more information (information_quality); easy (readability),read (cognitive),"relate (unclustered); glance (in vocab, excluded); evaluate (unclustered)",visualization (whole); label (text); data (content)
VisC.29.16.png,https://raw.githubusercontent.com/c109363/ExperimentImage/main/AllDataResize/VisC.29.16.png,Line,0.45,,nothing is clear.; A simple line graph,Schema; Aesthetics Uncertainty,,nothing is clear; line graph,a specific technique; distracting/confusing/unclear,(+); (+) (-),Domain Familiarity; Visual Disorganization,clear; line; graph,line (mark); graph (chart_type),clear (readability),,,visualization (whole); line (mark)
InfoVisC.65.4(2).png,https://raw.githubusercontent.com/c109363/ExperimentImage/main/AllDataResize/InfoVisC.65.4(2).png,Node-link,0.45,,"Because al the dots were related to one, like a water fall but I didn't know why",Visual Encoding Clarity; Schema,,all dots were related; like a water fall,understand/read shapes; waterfall-like,(+); (+),Encoding Interpretability; Domain Familiarity,dot; relate; water; fall,dot (mark),,,"relate (unclustered); water (rare, 1 image); fall (rare, 1 image)",point (mark); pattern (structure)
VisC.251.7.png,https://raw.githubusercontent.com/c109363/ExperimentImage/main/AllDataResize/VisC.251.7.png,Point,0.45,,There is more information to process in the first image,Data Density / Image Clutter,,more information to process,much/more data/info/info spread,(+),Information Volume,information; process,more information (quantity_reference); information (cognitive_element); process (quantity_reference),more information (information_quality),,,visualization (whole)
whoQ14_2.png,https://raw.githubusercontent.com/c109363/ExperimentImage/main/AllDataResize/whoQ14_2.png,Bar,0.46,,More elements. More different labels. More items being compared. The bars being individual lines.,Data Density / Image Clutter; Visual Encoding Clarity; Semantics / Text Legibility,,More elements.; More items; bars being individual lines.; More different labels.,more charts/points/lines/shapes/elements; bars as individual lines; more labels/context,(+); (+); (+); (+),Element Quantity; Graphical Forms & Primitives; Annotations & Labels,element; item; bar; individual; line; different; label,element (domain_object); item (domain_object); item (quantity_reference); bar (mark); line (mark); label (chart_component),individual (structure); different (structure),label (semantic),,visualization (whole); bar (mark); label (text); data (content)
VASTJ.1720.12.png,https://raw.githubusercontent.com/c109363/ExperimentImage/main/AllDataResize/VASTJ.1720.12.png,Bar,0.46,,Because there is little information,Data Density / Image Clutter,,little information,little data/info,(+),Information Volume,little; information,information (cognitive_element),little (size_density),,,
InfoVisJ.935.9.png,https://raw.githubusercontent.com/c109363/ExperimentImage/main/AllDataResize/InfoVisJ.935.9.png,Grid,0.46,,neither is very complex; the other is blank,Data Density / Image Clutter,,is blank,little data/info,(-),Information Volume,blank,,,,blank (unclustered),visualization (whole)
InfoVisC.103.9.png,https://raw.githubusercontent.com/c109363/ExperimentImage/main/AllDataResize/InfoVisC.103.9.png,Line,0.46,,The spikes on the chart are difficult to follow. The lack of information doesn't provide context to follow,Immediacy / Cognitive Load,,difficult to follow,hard to focus/follow,(+),Interpretive Difficulty,difficult; follow,,difficult (readability),follow (perceptual),,visualization (whole)
VisC.171.4.png,https://raw.githubusercontent.com/c109363/ExperimentImage/main/AllDataResize/VisC.171.4.png,Line,0.46,,"On the left, I don't have any idea of what is the subjetc. There are numbers that I've never seen before like ""9e+06"" ??; No graph metrics given The numbers do not make sense",Semantics / Text Legibility; Schema; Immediacy / Cognitive Load,,numbers never seen before; no idea the subjetc; No graph metrics given; numbers do not make sense,lack of/not enough axis labels/legend/annotations/context; no measurement/metric/axis; unfamiliar concepts/patterns; unclear meaning/confusing,(+); (+); (+) (-); (+) (-),Annotations & Labels; Domain Familiarity; Semantic Clarity,number; see; idea; subjetc; graph; metric; give; sense,no idea (quantity_reference); number (quantity_reference); idea (cognitive_element); graph (chart_type); sense (cognitive_element),no idea (information_quality); sense (cognitive),make sense (cognitive); see (perceptual),"subjetc (rare, 1 image); metric (unclustered); give (unclustered)",number (content); visualization (whole); label (text)
VASTC.1.12.png,https://raw.githubusercontent.com/c109363/ExperimentImage/main/AllDataResize/VASTC.1.12.png,Line,0.46,,1. Harder things to understand on the bottom axis 2. More complex/smaller things to try to make out 3. Harder concept to understand,Immediacy / Cognitive Load,,Harder to understand,more difficult to interpret/read/understand/differentiate,(+),Interpretive Difficulty,hard; understand,,hard (readability),understand (cognitive),,visualization (whole)
VASTC.1.10.png,https://raw.githubusercontent.com/c109363/ExperimentImage/main/AllDataResize/VASTC.1.10.png,Line,0.46,,The number of entries in the horizontal bar is very high.,Data Density / Image Clutter,,number of entries very high.,many points/lines/shapes/elements,(+),Element Quantity,number; entry; high,number (quantity_reference),,,"entry (unclustered); high (in vocab, excluded)",visualization (whole); data (content)
VisC.61.10.png,https://raw.githubusercontent.com/c109363/ExperimentImage/main/AllDataResize/VisC.61.10.png,Node-link,0.46,,"connections sometimes feel arbitrary, irregular and hard to understand",Immediacy / Cognitive Load,,"connections feel arbitrary, irregular; hard to understand",confusing connection; hard to interpret/read/understand,(+); (+),Semantic Clarity; Interpretive Difficulty,connection; feel; arbitrary; irregular; hard; understand,connection (quantity_reference),arbitrary (familiarity); hard (readability),feel (perceptual); understand (cognitive),"irregular (rare, 1 image)",link (structure); visualization (whole)
economist_daily_chart_372.png,https://raw.githubusercontent.com/c109363/ExperimentImage/main/AllDataResize/economist_daily_chart_372.png,Point,0.46,,,"Color, Symbol, and Texture Details; Aesthetics Uncertainty",,how organised/disorganised was the picture; how many type of entities they were; numbers on entities; numbers of unique shapes/colors,amount of / too many colors; looks random/messy/lack structure,(+); (+); (+); (+),Color Palette & Contrast; Visual Disorganization,organise; disorganise; picture; type; entity; number; unique; shape; color,picture (chart_type); entity (data_element); entity (quantity_reference); number (quantity_reference); shape (mark); shape (perceptual_element); color (perceptual_element),unique (familiarity),shape (evaluative),"organise (rare, 1 image); disorganise (rare, 1 image); type (rare, 4 images)",visualization (whole); data (content); label (text); shape (mark); color (property)
VASTJ.828.7.png,https://raw.githubusercontent.com/c109363/ExperimentImage/main/AllDataResize/VASTJ.828.7.png,Area,0.47,,more graphic; no or few data; not a lot of contrast,"Data Density / Image Clutter; Color, Symbol, and Texture Details",,no or few data; not a lot of contrast,little data/info; lack of color contrast / hard to distinguish colors,(+); (+),Information Volume; Color Palette & Contrast,datum; lot; contrast,a lot (quantity_reference); datum (data_element); lot (quantity_reference); contrast (perceptual_element),a lot (quantity_descriptor); lot (quantity_descriptor),contrast (structural),,visualization (whole); data (content); color (property)
VASTJ.320.11.png,https://raw.githubusercontent.com/c109363/ExperimentImage/main/AllDataResize/VASTJ.320.11.png,Area,0.47,,#NAME?,Semantics / Text Legibility,,Almost no explanation; No axis; No graphic legend,almost no explanation; lack of/not enough axis labels/legend/annotations/context; no measurement/metric,(+); (+); (+),Annotations & Labels,explanation; axis; graphic; legend,explanation (annotation); axis (chart_component); graphic (chart_type); graphic (quantity_reference); legend (chart_component),graphic (aesthetics),legend (evaluative),,visualization (whole); axes (furniture); legend (furniture); annotation (text)
whoB03_1.png,https://raw.githubusercontent.com/c109363/ExperimentImage/main/AllDataResize/whoB03_1.png,Bar,0.47,,the other figure which is easily interpretable,Immediacy / Cognitive Load,,easily interpretable,easier to interpret/read/understand,(-),Interpretive Difficulty,easily; interpretable,,easily (readability),,"interpretable (rare, 1 image)",visualization (whole)
SciVisJ.796.5(1).png,https://raw.githubusercontent.com/c109363/ExperimentImage/main/AllDataResize/SciVisJ.796.5(1).png,Cont.-ColorPatn,0.47,lack of information to derive meaning.,No measurements; Not sure what the pattern is and what color stands for,"Semantics / Text Legibility; Schema; Color, Symbol, and Texture Details",,No measurements; not sure what color stands for; unsure pattern,no measurement/metric/axis; unfamiliar concepts/patterns; unclear color meaning,(+); (+); (+),Annotations & Labels; Domain Familiarity; Color Palette & Contrast,measurement; sure; color; stand; unsure; pattern,measurement (data_element); color (perceptual_element); pattern (layout_component); pattern (quantity_reference),,,"sure (in vocab, excluded); stand (rare, 1 image); unsure (unclustered)",visualization (whole); color (property); pattern (structure); number (content)
InfoVisJ.1073.3.png,https://raw.githubusercontent.com/c109363/ExperimentImage/main/AllDataResize/InfoVisJ.1073.3.png,Grid,0.47,,The picture on the right just made me confused looking at it. I assume it's something in biology but not sure what.,Schema; Immediacy / Cognitive Load,,something in biology; made me confused,"domain-specific concepts (e.g., chemical, biology, map); unclear meaning/confusing",(+); (+),Domain Familiarity; Semantic Clarity,biology; confuse,,,confuse (cognitive),biology (unclustered),visualization (whole); domain (content)
InfoVisJ.1247.10.png,https://raw.githubusercontent.com/c109363/ExperimentImage/main/AllDataResize/InfoVisJ.1247.10.png,Line,0.47,,"1) It's difficult to understand this diagram compared to the right because Sw & SL are crossing each other; image that is more visually complex contains more elements of information in different formats including text, numbers, mathematical formulae as well as the coloured graphic chart; the plot is particularly non-complex as it is just a line graph, one of the simplest visualisation tools.","Data Density / Image Clutter; Semantics / Text Legibility; Color, Symbol, and Texture Details; Immediacy / Cognitive Load",,"crossing each other; difficult to understand diagram; more elements of information; text, numbers, mathematical formulae; colored graphic chart",more charts/points/lines/shapes/elements; overlapping shapes/colors/lines; lack of/not enough axis labels/legend/annotations/context; clear colored bars/charts; hard to interpret/read/understand,(+); (+); (+); (+); (+),Element Quantity; Visual Clutter & Overlap; Annotations & Labels; Color Palette & Contrast; Interpretive Difficulty,cross; difficult; understand; diagram; element; information; text; number; mathematical; formulae; color; graphic; chart,element (domain_object); information (cognitive_element); text (annotation); number (quantity_reference); color (perceptual_element); graphic (chart_type); graphic (quantity_reference); chart (chart_type),difficult (readability); graphic (aesthetics),cross (spatial); understand (cognitive),"diagram (unclustered); mathematical (rare, 1 image); formulae (rare, 1 image)",visualization (whole); line (mark); label (text); annotation (text); color (property)
InfoVisJ.953.10.png,https://raw.githubusercontent.com/c109363/ExperimentImage/main/AllDataResize/InfoVisJ.953.10.png,Text,0.47,semantic meaning,"I chose the second picture because the names of the countries were familiar and easier to process; the first image with the The ""random"" names that don't make sense to me! the first picture I don't know what the colors red and green are supposed to indicate.; How clear the chart was","Schema; Color, Symbol, and Texture Details; Immediacy / Cognitive Load",,indications; names of the countriesr; two colors; easier to process,"indication; domain-specific concepts (e.g., chemical, biology, map); two colors; easier to process/visualize",(-); (-); (-); (-),Semantic Clarity; Domain Familiarity; Color Palette & Contrast; Interpretive Difficulty,indication; name; countriesr; color; easy; process,name (annotation); name (quantity_reference); color (perceptual_element); process (quantity_reference),easy (readability),name (semantic),"indication (unclustered); countriesr (rare, 1 image)",visualization (whole); label (text); color (property); symbol (mark)
InfoVisJ.691.6(3).png,https://raw.githubusercontent.com/c109363/ExperimentImage/main/AllDataResize/InfoVisJ.691.6(3).png,Text,0.47,,"The colour of the images, the right one is more simplistic. There are none (pictures) on the right.",Data Density / Image Clutter; Visual Encoding Clarity,,none; simplistic,little data/info; simple visual elements,(-); (-),Information Volume; Graphical Forms & Primitives,simplistic,,simplistic (complexity),,,visualization (whole)
VASTJ.1763.8(2).png,https://raw.githubusercontent.com/c109363/ExperimentImage/main/AllDataResize/VASTJ.1763.8(2).png,Text,0.47,,The left picture utilizes a more uniform design. The left picture features only two main colors. The left picture applies one font only.,"Semantics / Text Legibility; Schema; Color, Symbol, and Texture Details",,only two main colors; one font only; more uniform design,more uniform design; single font; two colors,(-); (-); (-),Dimensionality & Structure; Typography & Readability; Color Palette & Contrast,main; color; font; uniform; design,color (perceptual_element); font (annotation); design (quantity_reference),,,"main (rare, 1 image); uniform (unclustered)",visualization (whole); color (property); font_style (property)
wsj28.png,https://raw.githubusercontent.com/c109363/ExperimentImage/main/AllDataResize/wsj28.png,Bar,0.48,,Lots of writing; Prominent colors,"Semantics / Text Legibility; Color, Symbol, and Texture Details",,Lots of writing; Prominent colors,amount of words/context/numbers; salient colors,(+); (+),Text Volume & Content; Color Palette & Contrast,lot; write; prominent; color,lot (quantity_reference); color (perceptual_element),lot (quantity_descriptor),write (evaluative),"prominent (rare, 1 image)",label (text); color (property)
VASTJ.870.4.png,https://raw.githubusercontent.com/c109363/ExperimentImage/main/AllDataResize/VASTJ.870.4.png,Grid,0.48,,Ease of understanding,Immediacy / Cognitive Load,,Ease of understanding,easy to interpret/read/understand,(+) (-),Interpretive Difficulty,ease; understand,ease (quantity_reference),,understand (cognitive),,visualization (whole)
visMost107.png,https://raw.githubusercontent.com/c109363/ExperimentImage/main/AllDataResize/visMost107.png,Grid,0.48,,contrast,"Color, Symbol, and Texture Details",,contrast,low color contrast/separation/segmentation,(-),Color Palette & Contrast,contrast,contrast (perceptual_element),,contrast (structural),,visualization (whole)
whoO03.png,https://raw.githubusercontent.com/c109363/ExperimentImage/main/AllDataResize/whoO03.png,Line,0.48,,Smooth lines,Visual Encoding Clarity,,Smooth lines,smooth lines,(-),Graphical Forms & Primitives,smooth; line,line (mark),,,"smooth (rare, 1 image)",line (mark)
InfoVisC.133.5(3).png,https://raw.githubusercontent.com/c109363/ExperimentImage/main/AllDataResize/InfoVisC.133.5(3).png,Node-link,0.48,,Both of these images are a bit complex.; - element size - number of details - complexity of shapes and contrasts; The complexity of the information conveyed in the right image seems a lot more than the left image. There are several factors to understand in the right image. overlapping/intersecting lines; Volume of information; Spread of information on the image; Data interpretation; Time to evaluate context,"Data Density / Image Clutter; Visual Encoding Clarity; Color, Symbol, and Texture Details",,number of details; element size; shapes and contrasts,more detailed/things; element sizes; shapes and contrasts,(+) (-); (+) (-); (+) (-),Information Volume; Graphical Forms & Primitives; Color Palette & Contrast,number; detail; element; size; shape; contrast,number (quantity_reference); detail (cognitive_element); element (domain_object); size (perceptual_element); shape (mark); shape (perceptual_element); contrast (perceptual_element),,shape (evaluative); contrast (structural),,visualization (whole); data (content); shape (mark)
InfoVisJ.989.8.png,https://raw.githubusercontent.com/c109363/ExperimentImage/main/AllDataResize/InfoVisJ.989.8.png,Point,0.48,,#NAME?,Semantics / Text Legibility; Immediacy / Cognitive Load,,more information labeled; more legible,more labels/context; more legible,(+); (+),Annotations & Labels; Interpretive Difficulty,information; label; legible,more information (quantity_reference); information (cognitive_element); label (chart_component),more information (information_quality),label (semantic),"legible (rare, 1 image)",label (text)
InfoVisJ.1161.5.png,https://raw.githubusercontent.com/c109363/ExperimentImage/main/AllDataResize/InfoVisJ.1161.5.png,Point,0.48,,The opposite one is just a collection of 3 different dots,"Color, Symbol, and Texture Details",,collection of 3 dots,unclear colormaps,(-),Color Palette & Contrast,collection; dot,collection (domain_object); collection (quantity_reference); dot (mark),,,,point (mark)
InfoVisJ.1032.5.png,https://raw.githubusercontent.com/c109363/ExperimentImage/main/AllDataResize/InfoVisJ.1032.5.png,Point,0.48,,The layout of the grid and point position. More colours present. y-axis variable hard to make sense of,"Visual Encoding Clarity; Schema; Color, Symbol, and Texture Details; Immediacy / Cognitive Load",,layout of the grid; point position; More colors; y-axis variable hard to make sense of,grid layout; shape position; y-axis meaning unclear; color variety/arrangement/distribution,(+); (+); (+); (+),"Dimensionality & Structure; Position, Scale & Organization; Semantic Clarity; Color Palette & Contrast",layout; grid; point; position; color; axis; variable; hard; sense,layout (layout_component); layout (quantity_reference); grid (chart_component); grid (layout_component); point (mark); position (layout_component); color (perceptual_element); axis (chart_component); variable (data_element); sense (cognitive_element),hard (readability); sense (cognitive),make sense (cognitive); position (spatial),,grid (structure); point (mark); color (property); axes (furniture)
MorphableWordClouds7.png,https://raw.githubusercontent.com/c109363/ExperimentImage/main/AllDataResize/MorphableWordClouds7.png,Text,0.48,,,Immediacy / Cognitive Load,,More complex colour scheme.; Less linear.; Less symetrical.,more complicated; more intricate,(+); (+); (+),Interpretive Difficulty,complex; colour; scheme; linear; symetrical,colour (perceptual_element),complex (complexity); linear (structure),,"scheme (in vocab, excluded); symetrical (rare, 1 image)",visualization (whole); color (property); layout (structure)
economist_daily_chart_5.png,https://raw.githubusercontent.com/c109363/ExperimentImage/main/AllDataResize/economist_daily_chart_5.png,Bar,0.49,,It has more data and need focus to understand,Data Density / Image Clutter; Immediacy / Cognitive Load,,more data; need focus to understand,much/more data/info/info spread; hard to interpret/read/understand,(+); (+),Information Volume; Interpretive Difficulty,datum; need; focus; understand,datum (data_element),,need (evaluative); focus (structural); focus (perceptual); understand (cognitive),,visualization (whole); data (content)
wsj360.png,https://raw.githubusercontent.com/c109363/ExperimentImage/main/AllDataResize/wsj360.png,Bar,0.49,,More letters more charts,Semantics / Text Legibility,,More letters,more texts/words,(+),Text Volume & Content,letter,letter (annotation),,,,label (text)
whoB09_1.png,https://raw.githubusercontent.com/c109363/ExperimentImage/main/AllDataResize/whoB09_1.png,Line,0.49,,"more numbers; seemingly more lines of data; it has more elements, different axes, colors dont carry any meaning","Data Density / Image Clutter; Semantics / Text Legibility; Color, Symbol, and Texture Details; Immediacy / Cognitive Load",,more elements; different axes; colors dont carry any meaning; Lots of variables; Large numbers; Different colors,more charts/points/lines/shapes/elements; more parameters/variables; amount of words/context/numbers; title/axis/label/descriptions; color variety/arrangement/distribution; unclear meaning/confusing,(+); (+); (+); (+); (+); (+),Element Quantity; Information Volume; Text Volume & Content; Annotations & Labels; Color Palette & Contrast; Semantic Clarity,element; different; axis; color; carry; meaning; lot; variable; large; number,element (domain_object); axis (chart_component); color (perceptual_element); meaning (cognitive_element); lot (quantity_reference); variable (data_element); number (quantity_reference),different (structure); meaning (cognitive); lot (quantity_descriptor); large (size_density),,"carry (rare, 1 image)",visualization (whole); axes (furniture); data (content); color (property); axis_label (text)
whoI19.png,https://raw.githubusercontent.com/c109363/ExperimentImage/main/AllDataResize/whoI19.png,Line,0.49,,has a limited number of countries the data is collected from; it has fewer axes; visually it is easier to understand; anyone with a high school education may be able to understand it.,Data Density / Image Clutter; Schema; Immediacy / Cognitive Load,,limited number of data; fewer axes; countries; high school education; easier to understand,"little data/info; fewer axes; domain-specific concepts (e.g., chemical, biology, map); easier to interpret/read/understand",(-); (-); (+) (-); (-); (-),Information Volume; Dimensionality & Structure; Domain Familiarity; Interpretive Difficulty,limited; number; datum; few; axis; country; high; school; education; easy; understand,number (quantity_reference); datum (data_element); axis (chart_component); country (domain_object),easy (readability),understand (cognitive),"limited (unclustered); few (unclustered); high (in vocab, excluded); school (rare, 1 image); education (rare, 2 images)",visualization (whole); axes (furniture); point (mark); label (text); annotation (text)
InfoVisJ.2251.6.png,https://raw.githubusercontent.com/c109363/ExperimentImage/main/AllDataResize/InfoVisJ.2251.6.png,Schematic,0.49,,"the shapes are not the sames, but they are quite similar and it makes it harder to read and to differentiate them.",Visual Encoding Clarity; Immediacy / Cognitive Load,,they are quite similar and it makes it harder to read and to differentiate them.,similar shapes; more difficult to interpret/read/understand/differentiate,(+),Graphical Forms & Primitives; Interpretive Difficulty,similar; make; hard; read; differentiate,,similar (structure); hard (readability),read (cognitive); differentiate (structural),"make (in vocab, excluded)",
InfoVisJ.2556.10.png,https://raw.githubusercontent.com/c109363/ExperimentImage/main/AllDataResize/InfoVisJ.2556.10.png,Text,0.49,,"1. Text not easily readable. 2. No regularity in design. (empty spaces for example). 3. Totally arbitrary color application. 4. No clear visual ""cut off points"", the frames are fading out. This looks ""messy"" and confusing.","Schema; Color, Symbol, and Texture Details; Aesthetics Uncertainty; Immediacy / Cognitive Load",,Text not easily readable.; No regularity in design. (empty spaces for example).; Totally arbitrary color application.; No regularity in design; No clear visual cut off points; looks messy and confusing,no clear indication; hard to read; unfamiliar concepts/patterns; ambiguous/confusing colors; irregular; unclear meaning/confusing,(+); (+); (+); (+); (+); (+),Semantic Clarity; Interpretive Difficulty; Domain Familiarity; Color Palette & Contrast; Visual Disorganization,text; easily; readable; regularity; design; space; example; totally; arbitrary; color; application; clear; visual; cut; point; look; messy; confusing,text (annotation); design (quantity_reference); space (layout_component); color (perceptual_element); point (mark),easily (readability); readable (readability); arbitrary (familiarity); clear (readability); visual (aesthetics); confusing (readability),,"regularity (unclustered); example (unclustered); totally (rare, 1 image); application (rare, 1 image); cut (rare, 1 image); look (filtered, 16 images); messy (unclustered)",label (text); layout (structure); color (property); data (content); background (structure)
InfoVisJ.1149.17.png,https://raw.githubusercontent.com/c109363/ExperimentImage/main/AllDataResize/InfoVisJ.1149.17.png,Text,0.49,,amount of text,Data Density / Image Clutter,,amount of text,much/more data/info/info spread,(+) (-),Information Volume,text,text (annotation),,,,label (text)
economist_daily_chart_124.png,https://raw.githubusercontent.com/c109363/ExperimentImage/main/AllDataResize/economist_daily_chart_124.png,Area,0.5,,"More colours and text to interpret; The other purely incorporates the use of color; The left has more words for the regions, lots of regions, and a key with color coding.; a map and the legend in the bottom left gives away what the image is about.; i assumed the country shapes weren't that much more complex than dots.; The left image feels more cluttered and has a lot of words, different colours, and a legend explaining the purpose and all the different colours. The reason the map makes more sense is due to the legend; without it, the left image would have far more clutter and is less clear at a glance.; -variation in colours / shades -spatial organization -amount of words describing data; Lots of words and colors, many categories in the legend; a continent with countries im already familiar wiht; Image 2 is more detailed. Image 2 is easily understandable. Image 2 can easily be remembered.; a map of Africa — my gut reaction was that I recognized the map but had no idea what the colors represented.; color, pattern, nonlinearity, geo-map; range and contrast of colours; 1. It looks easier to understand 2. Few details 3. I am certain i can understand it more quickly","Data Density / Image Clutter; Visual Encoding Clarity; Semantics / Text Legibility; Schema; Color, Symbol, and Texture Details; Immediacy / Cognitive Load",,a map; legend; range and contrast of colors; lots of regions; more words; a key with color coding; nonlinearity; geo-map; more cluttered; a legend; a lot of words; different colors; less clear at a glance; a continent with countries; familiar with; more detailed; can easily be remembered; easily understandable; Few details; can understand more quickly; easier to understand; map of Africa; recognized the map; no idea what the colors represent; More colors; text; lotd of words; many categories in the legend; lots of colors; amount of words describing data; spatial organization; variation in colors / shades; country shapes; country; use of color,"dense/cluttered layout; little data/info; more regions/space; more forms; nonlinearity; shapes; spatial organization; amount of words/context/numbers; many legend categories; more texts/words; too much legend; word/text/sentence; domain-specific concepts (e.g., chemical, biology, map); familiar representation; unfamiliar concepts/patterns; color keys; color variety/arrangement/distribution; good color contrast/separation/segmentation; soft/layered/overlapping colors; unclear color meaning; easier to interpret/read/understand; easy to interpret/read/understand; easy to understand; less clear; more to read/analyze/understand; unclear meaning/confusing",(-); (+) (-); (-); (+); (+); (+); (+); (+); (+); (+); (+); (+) (-); (+); (-); (-); (-); (-); (-); (-); (-); (-); (-); (-); (-); (+); (+) (-); (+); (+); (+); (+); (+); (+); (+) (-); (+) (-); (+) (-),Visual Clutter & Overlap; Information Volume; Element Quantity; Domain Familiarity; Graphical Forms & Primitives; Dimensionality & Structure; Text Volume & Content; Annotations & Labels; Color Palette & Contrast; Interpretive Difficulty; Processing Time & Effort; Semantic Clarity,map; legend; range; contrast; color; lot; region; word; key; coding; nonlinearity; geo; cluttered; different; clear; glance; continent; country; familiar; detailed; easily; remember; understandable; detail; understand; quickly; easy; africa; recognize; idea; represent; text; lotd; category; describe; datum; spatial; organization; variation; shade; shape; use,the legend (quantity_reference); a glance (quantity_reference); no idea (quantity_reference); a lot (quantity_reference); map (chart_type); legend (chart_component); range (data_element); range (quantity_reference); contrast (perceptual_element); color (perceptual_element); lot (quantity_reference); region (domain_object); word (annotation); key (chart_component); key (quantity_reference); country (domain_object); detail (cognitive_element); idea (cognitive_element); text (annotation); datum (data_element); shade (perceptual_element); shape (mark); shape (perceptual_element); use (quantity_reference),no idea (information_quality); a lot (quantity_descriptor); lot (quantity_descriptor); key (information_quality); cluttered (complexity); cluttered (aesthetics); different (structure); clear (readability); familiar (familiarity); detailed (aesthetics); detailed (information_quality); easily (readability); understandable (readability); quickly (readability); quickly (temporal); easy (readability),legend (evaluative); contrast (structural); understand (cognitive); recognize (perceptual); represent (semantic); describe (semantic); shape (evaluative),"coding (rare, 2 images); nonlinearity (unclustered); geo (rare, 1 image); glance (in vocab, excluded); continent (unclustered); remember (unclustered); africa (unclustered); lotd (unclustered); category (rare, 1 image); spatial (rare, 1 image); organization (unclustered); variation (unclustered)",visualization (whole); region (structure); legend (furniture); color (property); label (text)
whoK16_3.png,https://raw.githubusercontent.com/c109363/ExperimentImage/main/AllDataResize/whoK16_3.png,Area,0.5,,The one I did not choose is a simple pie chart.,Schema,,pie chart,a specific technique,(-),Domain Familiarity,pie; chart,chart (chart_type),,,pie (unclustered),visualization (whole)
VisC.167.11.png,https://raw.githubusercontent.com/c109363/ExperimentImage/main/AllDataResize/VisC.167.11.png,Bar,0.5,,"just a bar graph, with colours representing groups, one can get the message of the visualisation in 1-2 seconds.; ana renklerin *ok kullan*lmamas*","Schema; Color, Symbol, and Texture Details; Immediacy / Cognitive Load",,bar graph; colors representing groups; get the message of the visualization in 1-2 seconds,"a specific technique, e.g., bar, pie, circle; color represents groups; easy to interpret/read/understand",(-); (-); (-),Domain Familiarity; Color Palette & Contrast; Interpretive Difficulty,bar; graph; color; represent; group; message; visualization; second,bar graph (chart_type); bar (mark); graph (chart_type); color (perceptual_element),,represent (semantic),"group (unclustered); message (rare, 1 image); visualization (unclustered); second (rare, 2 images)",visualization (whole); bar (mark); color (property)
SciVisJ.728.14.png,https://raw.githubusercontent.com/c109363/ExperimentImage/main/AllDataResize/SciVisJ.728.14.png,Grid,0.5,,"On the right side, the colors of the image are too similar, and it makes it harder to understand the data.; The second image has a clear and concise key and is therefore less complex.; Visual clarity Amount of information; There is more text. The font and the arrangement of the text make it harder to read. There is less blank space (too cramped).; just lines of text; a chart that needed interpretation; The highlighted image needs a lot of reading before any sort of interpretation can be made.; The colours make it look cool; amount of text; amount of text, number of colours,; Use of color makes reading easier; How visible is the information — easy to read; there are lots of words on the one on the left; I have a legend and explanations.; intuitive understanding of graph","Data Density / Image Clutter; Semantics / Text Legibility; Color, Symbol, and Texture Details; Aesthetics Uncertainty; Immediacy / Cognitive Load",,explanations; legend; clear and concise key; colors; look cool; Amount of information; Visual clarity; colors are too similar; harder to understand; lots of words; needs a lot of reading; amount of text; number of colors; lines of text; less blank space; too cramped; The font; more text; the arrangement of the text; harder to read; needed interpretation; Use of color; easy to read; intuitive understanding of graph,dense/cluttered layout; more regions/space; much/more data/info/info spread; amount of words/context/numbers; clear text arrangement/density; explanation text; font; legend easy to understand; more texts/words; title/axis/label/descriptions; too much legend; distinguishable color variety/arrangement/distribution; lack of color contrast / hard to distinguish colors; unclear colormaps; visual clarity/appealing; easy to interpret/read/understand; more difficult to interpret/read/understand/differentiate; more reading/interpretation/understanding; read/analyze many figures/items,(-); (+) (-); (-); (+) (-); (-); (+); (+); (+); (+) (-); (+); (+); (+) (-); (+) (-); (-); (+); (+); (+); (+); (+); (+); (+); (-); (-); (-),Visual Clutter & Overlap; Information Volume; Text Volume & Content; Typography & Readability; Annotations & Labels; Color Palette & Contrast; Visual Disorganization; Interpretive Difficulty; Processing Time & Effort,explanation; legend; clear; concise; key; color; look; cool; information; visual; clarity; similar; hard; understand; lot; word; need; reading; text; number; line; blank; space; cramp; font; arrangement; read; interpretation; use; easy; intuitive; understanding; graph,more text (quantity_reference); a lot (quantity_reference); explanation (annotation); legend (chart_component); key (chart_component); key (quantity_reference); color (perceptual_element); information (cognitive_element); lot (quantity_reference); word (annotation); text (annotation); number (quantity_reference); line (mark); space (layout_component); font (annotation); arrangement (layout_component); arrangement (quantity_reference); interpretation (cognitive_element); use (quantity_reference); understanding (cognitive_element); graph (chart_type),a lot (quantity_descriptor); clear (readability); key (information_quality); visual (aesthetics); similar (structure); hard (readability); lot (quantity_descriptor); arrangement (structure); interpretation (cognitive); easy (readability); intuitive (familiarity); understanding (cognitive),legend (evaluative); understand (cognitive); need (evaluative); read (cognitive),"concise (unclustered); look (filtered, 16 images); cool (rare, 1 image); clarity (unclustered); reading (unclustered); blank (unclustered); cramp (rare, 1 image)",legend (furniture); label (text); color (property); layout (structure); data (content); font_style (property)
economist_daily_chart_118.png,https://raw.githubusercontent.com/c109363/ExperimentImage/main/AllDataResize/economist_daily_chart_118.png,Line,0.5,,The tendencies are easy to follow.  more familiarized with this type of charts,Schema; Immediacy / Cognitive Load,,familiarized with this type of charts; easy to follow,familiar representation; easy to focus/follow,(-); (-),Domain Familiarity; Interpretive Difficulty,familiarize; type; chart; easy; follow,chart (chart_type),easy (readability),follow (perceptual),"familiarize (unclustered); type (rare, 4 images)",visualization (whole)
v483_n7390_1_f2.png,https://raw.githubusercontent.com/c109363/ExperimentImage/main/AllDataResize/v483_n7390_1_f2.png,Line,0.5,,,"Color, Symbol, and Texture Details",,more variation,color variety/arrangement/distribution,(+),Color Palette & Contrast,variation,,,,variation (unclustered),visualization (whole)
MorphableWordClouds8.png,https://raw.githubusercontent.com/c109363/ExperimentImage/main/AllDataResize/MorphableWordClouds8.png,Text,0.5,,Too much information.; The image has a lot of writing to it; it is not consistent; the shape is hard to read from,Data Density / Image Clutter; Visual Encoding Clarity; Semantics / Text Legibility; Aesthetics Uncertainty; Immediacy / Cognitive Load,,Too much information; shape hard to read; a lot of writing; not consistent; shape is hard to read,too much data/info; understand/read shapes; amount of words/context/numbers; inconsistent; hard to read shape,(+); (+); (+); (+); (+),Information Volume; Encoding Interpretability; Text Volume & Content; Visual Disorganization; Interpretive Difficulty,information; shape; hard; read; lot; writing; consistent,a lot (quantity_reference); information (cognitive_element); shape (mark); shape (perceptual_element); lot (quantity_reference); writing (annotation); writing (quantity_reference),too much (quantity_descriptor); a lot (quantity_descriptor); hard (readability); lot (quantity_descriptor),shape (evaluative); read (cognitive),"consistent (rare, 1 image)",visualization (whole); label (text); shape (mark)
InfoVisJ.2412.16(2).png,https://raw.githubusercontent.com/c109363/ExperimentImage/main/AllDataResize/InfoVisJ.2412.16(2).png,Text,0.5,,"The second image is simpler: It is monochrome, the main points are clearly visible at a glance and there does not seem to be much more meaning to it other than the frequency at which each word is used.","Semantics / Text Legibility; Color, Symbol, and Texture Details; Immediacy / Cognitive Load",,frequency each word is used; monochrome; clearly visible at a glance,word frequency; monochrome; easy to interpret/read/understand,(-); (-); (-),Text Volume & Content; Color Palette & Contrast; Interpretive Difficulty,frequency; word; monochrome; clearly; visible; glance,a glance (quantity_reference); frequency (data_element); frequency (quantity_reference); word (annotation),clearly (readability); visible (readability),,"monochrome (unclustered); glance (in vocab, excluded)",visualization (whole); data (content); color (property)
InfoVisJ.678.17.png,https://raw.githubusercontent.com/c109363/ExperimentImage/main/AllDataResize/InfoVisJ.678.17.png,Area,0.51,,The image on the right is layered and appears as only one thing to visually process.,Schema; Immediacy / Cognitive Load,,layered; only one thing to visually process,spatial organization; easy to interpret/read/understand,(-); (-),Dimensionality & Structure; Interpretive Difficulty,layer; thing; visually; process,process (quantity_reference),,,"layer (unclustered); thing (unclustered); visually (in vocab, excluded)",visualization (whole); element (mark)
whoQ58_3.png,https://raw.githubusercontent.com/c109363/ExperimentImage/main/AllDataResize/whoQ58_3.png,Area & Cont.-ColorPatn,0.51,,"1) the colour coding and layering of the colours makes the data appear more complex in the orange one; The colors are very similar and can be confusing. Both of them are easy to understand.; number of colors; Amount of information; Data with similar colors make it difficult to read; There are many different colors that show different countries and it took longer to understand because everyone line is ""stacked"" on another if that makes sense.; A cohesive whole; 1. the choice of colour is boring, 2. the curve seems complex 3. lots of numbers involved. 4. too much info; decipher while reading.; the more traditional ways of reporting means and CIs; The orange images is more understandable; Graphs are really easy to understand for me, graphs usually simply has a time line with an X and Y axis I can easily follow; The graph seems to provide information over a number of years rather than a single point in time. Image uses lots of different shades of orange.; a complex graphic; It shows more information (3 layers: countries, cases, and years).","Data Density / Image Clutter; Visual Encoding Clarity; Semantics / Text Legibility; Schema; Color, Symbol, and Texture Details; Aesthetics Uncertainty; Immediacy / Cognitive Load",,"decipher while reading; colors are similar; can be confusing; easy to understand; everyone line is ""stacked"" on another; many different colors; it took longer to understand; number of colors; Amount of information; similar colors; low readability; cohesive whole; traditional ways of reporting statistics; Graphs; X and Y axis; I can easily follow; No graph metrics given; numbers do not make sense; too much info; curve seems complex; lots of numbers; the choice of color is boring; information over a number of years; different shades of orange; and layering of the colors; color coding; difficult to read",much/more data/info/info spread; overlapping shapes/colors/lines; too much data/info; curves and shapes; multi-year information; amount of words/context/numbers; lack of/not enough axis labels/legend/annotations/context; more title/axis/label; no measurement/metric/axis; a specific technique; familiar representation; color shading; color variety/arrangement/distribution; distinguishable color variety/arrangement/distribution; lack of color contrast / hard to distinguish colors; unclear colormaps; distracting/confusing/unclear; unclear colors/contrast; easy to focus/follow; easy to interpret/read/understand; hard to interpret/read/understand/differentiate; intuitive; low readability; more complicated; more to read/analyze/understand; take longer to interpret,(+); (+); (+); (+) (-); (+); (+); (+); (+) (-); (+); (+); (+); (-); (-); (-); (-); (-); (+) (-); (+) (-); (+); (+); (+); (+); (+); (+); (+); (+); (+),Information Volume; Visual Clutter & Overlap; Graphical Forms & Primitives; Text Volume & Content; Annotations & Labels; Domain Familiarity; Color Palette & Contrast; Visual Disorganization; Perceptual Ambiguity; Interpretive Difficulty; Processing Time & Effort,decipher; read; color; similar; confuse; easy; understand; line; stack; different; take; long; number; information; low; readability; cohesive; traditional; way; report; statistic; graph; axis; easily; follow; metric; give; sense; info; curve; complex; lot; choice; bore; year; shade; orange; layering; coding; difficult,color (perceptual_element); line (mark); number (quantity_reference); information (cognitive_element); readability (quantity_reference); graph (chart_type); axis (chart_component); sense (cognitive_element); info (cognitive_element); info (quantity_reference); lot (quantity_reference); choice (quantity_reference); shade (perceptual_element),too much (quantity_descriptor); similar (structure); easy (readability); different (structure); long (temporal); readability (readability); easily (readability); sense (cognitive); complex (complexity); lot (quantity_descriptor); difficult (readability),make sense (cognitive); read (cognitive); confuse (cognitive); understand (cognitive); take (evaluative); follow (perceptual),"decipher (unclustered); stack (rare, 1 image); low (rare, 1 image); cohesive (rare, 1 image); traditional (rare, 1 image); way (filtered, 7 images); report (rare, 1 image); statistic (rare, 2 images); metric (unclustered); give (unclustered); curve (unclustered); bore (rare, 1 image); year (rare, 2 images); orange (rare, 3 images); layering (rare, 1 image); coding (rare, 2 images)",visualization (whole); line (mark); color (property); axes (furniture); number (content); legend (furniture)
wsj292.png,https://raw.githubusercontent.com/c109363/ExperimentImage/main/AllDataResize/wsj292.png,Bar,0.51,,The orange highlighted image has more information in it. I define visual complexity and how difficult something is to comprehend and therefor the more information something has the more visually complex the item.,Immediacy / Cognitive Load,,difficult to comprehend,hard to interpret/read/understand,(+),Interpretive Difficulty,difficult; comprehend,,difficult (readability),comprehend (cognitive),,visualization (whole)
SciVisJ.796.18.png,https://raw.githubusercontent.com/c109363/ExperimentImage/main/AllDataResize/SciVisJ.796.18.png,Cont.-ColorPatn,0.51,,1. Unlabeled legend/data. 2. Legend too close to visualizations,Semantics / Text Legibility,,Legend too close to visualizations; Unlabeled legend/data,lack of/not enough axis labels/legend/annotations/context; too much legend,(-); (+) (-),Annotations & Labels,legend; close; visualization; unlabeled; datum,legend (chart_component); datum (data_element),,legend (evaluative),"close (unclustered); visualization (unclustered); unlabeled (rare, 2 images)",legend (furniture); visualization (whole)
VisC.559.6.png,https://raw.githubusercontent.com/c109363/ExperimentImage/main/AllDataResize/VisC.559.6.png,Glyph,0.51,,"The right image shows something that looks like multiple elements interacting with each other potentially; Too many moving parts. Random letters. There is no apparent directional flow for the arrows. Messy.; First of all it has a lot of arrows pointing in different directions which is very confusing and seems complex. Secondly, I have no idea what any of it means since their isn't and numbers associated with it.",Data Density / Image Clutter; Semantics / Text Legibility; Aesthetics Uncertainty; Immediacy / Cognitive Load,,arrows pointing in different directions; isn't any numbers; I have no idea what any of it means; very confusing; Too many moving parts; messy; no apparent directional flow for the arrows; Random letters; multiple elements interacting with each other,messy/mixed up/noisy/intermingled elements; too more points/lines/shapes/elements; different movement; unclear movement; lack of/not enough axis labels/legend/annotations/context; unclear meaning/confusing,(+); (+); (+); (+); (+); (+); (+); (+); (+),Visual Clutter & Overlap; Element Quantity; Visual Disorganization; Semantic Clarity; Annotations & Labels,arrow; pointing; different; direction; number; idea; mean; confusing; move; part; messy; apparent; directional; flow; random; letter; multiple; element; interact,no idea (quantity_reference); arrow (mark); number (quantity_reference); idea (cognitive_element); letter (annotation); element (domain_object),too many (quantity_descriptor); no idea (information_quality); different (structure); confusing (readability); random (structure); multiple (structure),mean (semantic),"pointing (rare, 1 image); direction (rare, 1 image); move (unclustered); part (rare, 1 image); messy (unclustered); apparent (unclustered); directional (rare, 1 image); flow (unclustered); interact (unclustered)",symbol (mark); label (text); number (content); layout (structure); element (mark)
VisJ.1949.7(2).png,https://raw.githubusercontent.com/c109363/ExperimentImage/main/AllDataResize/VisJ.1949.7(2).png,Glyph,0.51,,The first one looks like a kid's drawing.,Schema,,kid drawing,a specific domain,(+),Domain Familiarity,kid; drawing,,,,"kid (rare, 1 image); drawing (rare, 1 image)",visualization (whole)
InfoVisJ.963.7.png,https://raw.githubusercontent.com/c109363/ExperimentImage/main/AllDataResize/InfoVisJ.963.7.png,Grid,0.51,,The right image is simple.,Immediacy / Cognitive Load,,image is simple,simple to interpret/read/understand,(-),Interpretive Difficulty,image; simple,image (chart_type),simple (complexity),,,visualization (whole)
InfoVisJ.369.3.png,https://raw.githubusercontent.com/c109363/ExperimentImage/main/AllDataResize/InfoVisJ.369.3.png,Grid,0.51,,"density of information, number of colors, number of items on the legend","Data Density / Image Clutter; Semantics / Text Legibility; Color, Symbol, and Texture Details",,density of information; number of colors; number of items on the legend,dense/cluttered data/info; number of legend items; distinguishable color variety/arrangement/distribution,(+) (-); (+) (-); (+) (-),Visual Clutter & Overlap; Annotations & Labels; Color Palette & Contrast,density; information; number; color; item; legend,the legend (quantity_reference); density (data_element); density (quantity_reference); information (cognitive_element); number (quantity_reference); color (perceptual_element); item (domain_object); item (quantity_reference); legend (chart_component),,legend (evaluative),,visualization (whole); legend (furniture); color (property)
VisJ.1243.3.png,https://raw.githubusercontent.com/c109363/ExperimentImage/main/AllDataResize/VisJ.1243.3.png,Line,0.51,,"The interpretation of graphs, comparing the plots; calculating the exact value; 1) two axes that are scaled by numbers, and 2) there are complicated formulas and symbols",Visual Encoding Clarity; Semantics / Text Legibility; Schema,,exact value; graphs; plots; two axes scaled by numbers; complicated formulas and symbols,exact value; graph; plots; scale difference; readability,(+); (+); (+); (+); (+),"Graphical Forms & Primitives; Domain Familiarity; Position, Scale & Organization; Typography & Readability",exact; value; graph; plot; axis; scale; number; complicated; formula; symbol,value (data_element); value (quantity_reference); graph (chart_type); axis (chart_component); scale (chart_component); scale (quantity_reference); number (quantity_reference); symbol (annotation); symbol (quantity_reference),exact (information_quality); complicated (complexity),,"plot (unclustered); formula (rare, 1 image)",visualization (whole); axes (furniture); scale (furniture); symbol (mark)
InfoVisJ.339.3.png,https://raw.githubusercontent.com/c109363/ExperimentImage/main/AllDataResize/InfoVisJ.339.3.png,Node-link,0.51,,"It has considerably more going on than the other image. More text, colors, connections and information. The arrangement of the data is more complicated because of that, making it take a little bit longer to understand and go through. The colors of the image are strongly contrasting with each other. There's big text and smaller text, as in, titles and descriptions. Honestly, this image is complex but not confusing, it's okay.; I see more links and written information in the second image. There are also more types of information in the one I have selected.; both is understandable, but right one is more complex as it describes a process.; The left image is showing a very clear path to follow","Data Density / Image Clutter; Visual Encoding Clarity; Semantics / Text Legibility; Schema; Color, Symbol, and Texture Details; Immediacy / Cognitive Load",,More connections and information; big text and smaller text; titles and descriptions; colors strongly contrasting; longer to understand and go through; clear path to follow; a process; understandable; more types of information; more links; written information,much/more data/info/info spread; clear indication; context/text/description; mixed size; more texts/words; title/axis/label/descriptions; a specific technique; distinguishable/full/highly contrast color uses; easy to interpret/read/understand; take longer to interpret,(+); (+); (+); (+); (+); (-); (+); (+) (-); (+); (+); (+),Information Volume; Semantic Clarity; Text Volume & Content; Graphical Forms & Primitives; Annotations & Labels; Domain Familiarity; Color Palette & Contrast; Interpretive Difficulty; Processing Time & Effort,connection; information; big; text; small; title; description; color; strongly; contrast; long; understand; clear; path; follow; process; understandable; type; link; write,connection (quantity_reference); information (cognitive_element); text (annotation); title (chart_component); description (annotation); description (quantity_reference); color (perceptual_element); contrast (perceptual_element); path (mark); path (quantity_reference); process (quantity_reference),big (size_density); small (size_density); long (temporal); clear (readability); understandable (readability),contrast (structural); understand (cognitive); follow (perceptual); write (evaluative),"strongly (rare, 1 image); type (rare, 4 images); link (unclustered)",visualization (whole); link (structure); label (text); title (text); description (text); color (property)
VisC.77.17.png,https://raw.githubusercontent.com/c109363/ExperimentImage/main/AllDataResize/VisC.77.17.png,Node-link,0.51,,3D will always be more difficult to interpret,Schema; Immediacy / Cognitive Load,,3D; more difficult to interpret,2D/3D; more difficult to interpret/read/understand/differentiate,(+); (+),Dimensionality & Structure; Interpretive Difficulty,difficult; interpret,,difficult (readability),interpret (cognitive),,visualization (whole); region (structure)
InfoVisJ.339.10.png,https://raw.githubusercontent.com/c109363/ExperimentImage/main/AllDataResize/InfoVisJ.339.10.png,Node-link,0.51,,"There were visually more details in the pictures I chose; Excessive Data Points: When a chart contains too many data points, it can overwhelm the viewer and make it difficult to discern meaningful patterns or trends. Cluttered Labels and Annotations: If labels, titles, and annotations are excessively crowded or overlapping, it can make it challenging to identify specific elements within the chart. Poor Color Choices: Using too many colors or poorly contrasting colors can make it difficult to differentiate between different data series or categories. Data Overload: Including too much data in a single chart or diagram can make it difficult to focus on the most important information and can obscure key insights.; there are more information shown - you need more time to understand what this chart shows - you need time to understand what this chart even stands for; there are numbers, sticks and boxes and we don't know what is the distribution of numbers and what is the ratio between them; Ã§izilen Ã§izgilerin keskin renge sahip olmamasÄ±","Data Density / Image Clutter; Semantics / Text Legibility; Schema; Color, Symbol, and Texture Details; Immediacy / Cognitive Load",,"numbers, sticks and boxes; the distribution of numbers; the ratio between them; more information shown; more time to understand; visually more details",much/more data/info/info spread; numbers and shapes; number distribution; text ratio; texture details; take longer to interpret,(+); (+); (+); (+); (+); (+),Information Volume; Text Volume & Content; Dimensionality & Structure; Symbols & Texture; Processing Time & Effort,number; stick; box; distribution; ratio; information; show; time; understand; visually; detail,more information (quantity_reference); more time (quantity_reference); number (quantity_reference); box (chart_component); box (quantity_reference); distribution (data_element); information (cognitive_element); detail (cognitive_element),more information (information_quality); more time (temporal); time (temporal),show (semantic); understand (cognitive),"stick (unclustered); ratio (rare, 1 image); visually (in vocab, excluded)",shape (mark); bar (mark); number (content); data (content)
InfoVisJ.479.13.png,https://raw.githubusercontent.com/c109363/ExperimentImage/main/AllDataResize/InfoVisJ.479.13.png,Point,0.51,,#NAME?,"Data Density / Image Clutter; Color, Symbol, and Texture Details",,Colors make easier to read.; Ammount of information,much/more data/info/info spread; readable/distinguishable colors,(+); (+),Information Volume; Color Palette & Contrast,color; easy; read; ammount; information,color (perceptual_element); information (cognitive_element),easy (readability),read (cognitive),ammount (unclustered),visualization (whole); color (property); data (content)
economist_daily_chart_140.png,https://raw.githubusercontent.com/c109363/ExperimentImage/main/AllDataResize/economist_daily_chart_140.png,Area; Cont.-ColorPatn,0.52,,"The other image is easier to understand as the figures are displayed along with the countries, so with just a glance everything is summarized.; I chose the image with the orange complex because I am not familiar with the world map. I knew for certain that I did not know the countries highlighted, therefore, I was more confused.; while on the left, 3 axes: x, y, color","Semantics / Text Legibility; Schema; Color, Symbol, and Texture Details; Immediacy / Cognitive Load",,did not know the countries highlighted; not familiar with the world map; orange complex; I was more confused; countries; easier to understand; just a glance everything is summarized; 3 axes; x; y; color,"more title/axis/label; title/axis/label/descriptions; domain-specific concepts (e.g., chemical, biology, map); unfamiliar concepts/patterns; color shading; unclear colormaps; easier to interpret/read/understand; easy to interpret/read/understand; unclear meaning/confusing",(+); (+); (+); (+); (+) (-); (-); (-); (-); (+) (-); (+) (-); (+) (-),Annotations & Labels; Domain Familiarity; Color Palette & Contrast; Interpretive Difficulty; Semantic Clarity,know; country; highlight; familiar; world; map; orange; complex; confused; easy; understand; glance; summarize; axis; color,world map (chart_type); a glance (quantity_reference); country (domain_object); world (domain_object); map (chart_type); axis (chart_component); color (perceptual_element),familiar (familiarity); complex (complexity); easy (readability),know (cognitive); understand (cognitive),"highlight (rare, 2 images); orange (rare, 3 images); confused (rare, 1 image); glance (in vocab, excluded); summarize (rare, 1 image)",visualization (whole); region (structure); color (property); axes (furniture); legend (furniture)
economist_daily_chart_267.png,https://raw.githubusercontent.com/c109363/ExperimentImage/main/AllDataResize/economist_daily_chart_267.png,Area,0.52,,"Many different brands that i don't recognize. Soft colors makes it more appealing. Proportions of the numbers don't match the size of the circles, misleading.","Visual Encoding Clarity; Schema; Color, Symbol, and Texture Details",,Proportions of the numbers don't match size of the circles; brands don't recognize; Soft colors more applealing,mismatched number-circle proportion; unfamiliar concepts/patterns; soft/layered/overlapping colors,(+); (+); (+),Graphical Forms & Primitives; Domain Familiarity; Color Palette & Contrast,proportion; number; match; size; circle; brand; recognize; soft; color; appleale,number (quantity_reference); size (perceptual_element); circle (mark); color (perceptual_element),,recognize (perceptual),"proportion (unclustered); match (rare, 1 image); brand (unclustered); soft (unclustered); appleale (rare, 1 image)",point (mark); label (text); color (property)
wsj72.png,https://raw.githubusercontent.com/c109363/ExperimentImage/main/AllDataResize/wsj72.png,Area,0.52,,The image on the right is easier to process/compare/interpret than the image on the right; the first on is easy to understand,Immediacy / Cognitive Load,,easier to process/compare/interpret; easy to understand,easier to process/visualize; easy to interpret/read/understand,(-); (+) (-),Interpretive Difficulty,easy; process; compare; interpret; understand,process (quantity_reference),easy (readability),interpret (cognitive); understand (cognitive),compare (unclustered),visualization (whole); data (content)
wsj99.png,https://raw.githubusercontent.com/c109363/ExperimentImage/main/AllDataResize/wsj99.png,Area,0.52,,The highlighted image has a lot of details and figures and that makes it more difficult to read.,Data Density / Image Clutter; Immediacy / Cognitive Load,,a lot of details and figures; more difficult to read,more detailed/things; more difficult to interpret/read/understand/differentiate,(+); (+),Information Volume; Interpretive Difficulty,lot; detail; figure; difficult; read,a lot (quantity_reference); lot (quantity_reference); detail (cognitive_element),a lot (quantity_descriptor); lot (quantity_descriptor); difficult (readability),read (cognitive),figure (unclustered),visualization (whole); data (content); label (text)
whoQ44_4.png,https://raw.githubusercontent.com/c109363/ExperimentImage/main/AllDataResize/whoQ44_4.png,Area; Cont.-ColorPatn,0.52,,"1. More numbers presented 2. Lots of different variables 3. Large numbers 4. Different colors; more information; more colours, more forms; There are more variations of shade; more information is portrayed; the shapes are more complex.; The number of different graphic elements; clear and clean; has numbers and legend; data in different formats; It is much easier to read the second graph.; Readability: the colours in the orange highlight are difficult to tell apart, which makes reading the data more difficult at a glance.; but in the second graphic I could undersant easly what is about it; Small numbers","Data Density / Image Clutter; Visual Encoding Clarity; Semantics / Text Legibility; Schema; Color, Symbol, and Texture Details; Immediacy / Cognitive Load",,data in  different format; number of different graphic elements; Readability; colors are difficult to tell apart; reading data more difficult; easier to read; undersant easly what is about; Small numbers; more information; shapes more complex; variations of shade; Lots of variables; Large numbers; Different colors; more forms; more colors; quicker/easier to process; legend; numbers; clear and clean,more charts/points/lines/shapes/elements; more parameters/variables; much/more data/info/info spread; organized/structured; curves and shapes; more forms; amount of words/context/numbers; readability; too much legend; word rotation/small font size; unfamiliar concepts/patterns; color variety/arrangement/distribution; lack of color contrast / hard to distinguish colors; easier to interpret/read/understand; easier to process/visualize; easy to interpret/read/understand; more difficult to interpret/read/understand/differentiate,(+); (+); (+); (+); (+); (-); (-); (-); (+); (+); (+); (+); (+); (+); (+); (+) (-); (-); (+) (-); (+) (-); (-),Element Quantity; Information Volume; Dimensionality & Structure; Graphical Forms & Primitives; Text Volume & Content; Typography & Readability; Annotations & Labels; Domain Familiarity; Color Palette & Contrast; Interpretive Difficulty,datum; different; format; number; graphic; element; readability; color; difficult; tell; read; easy; undersant; easly; small; information; shape; complex; variation; shade; lot; variable; large; form; quick; process; legend; clear; clean,more information (quantity_reference); datum (data_element); number (quantity_reference); graphic (chart_type); graphic (quantity_reference); element (domain_object); readability (quantity_reference); color (perceptual_element); information (cognitive_element); shape (mark); shape (perceptual_element); shade (perceptual_element); lot (quantity_reference); variable (data_element); process (quantity_reference); legend (chart_component),more information (information_quality); different (structure); graphic (aesthetics); readability (readability); difficult (readability); easy (readability); small (size_density); complex (complexity); lot (quantity_descriptor); large (size_density); clear (readability); clean (complexity); clean (aesthetics),tell (evaluative); read (cognitive); shape (evaluative); legend (evaluative),"format (rare, 2 images); undersant (rare, 1 image); easly (rare, 1 image); variation (unclustered); form (rare, 2 images); quick (rare, 1 image)",visualization (whole); element (mark); color (property); legend (furniture); number (content); data (content); shape (mark)
InfoVisJ.1634.6.png,https://raw.githubusercontent.com/c109363/ExperimentImage/main/AllDataResize/InfoVisJ.1634.6.png,Area,0.52,,Both have 3 variables.,Schema,,multivariate,multivariate,(+),Domain Familiarity,multivariate,,,,multivariate (unclustered),visualization (whole)
v487_n7408_15_f3.png,https://raw.githubusercontent.com/c109363/ExperimentImage/main/AllDataResize/v487_n7408_15_f3.png,Bar,0.52,,black and white horizontal lines.,"Visual Encoding Clarity; Color, Symbol, and Texture Details",,horizontal lines; black and white,shapes and lines; black-to-white/color gradient,(+); (+) (-),Graphical Forms & Primitives; Color Palette & Contrast,horizontal; line; black; white,line (mark),black (color); white (color),,"horizontal (rare, 1 image)",line (mark); color (property)
whoB17_1.png,https://raw.githubusercontent.com/c109363/ExperimentImage/main/AllDataResize/whoB17_1.png,Bar,0.52,,,Immediacy / Cognitive Load,,Information about what the visualisation is showing,more reading/interpretation/understanding,(-),Processing Time & Effort,information; visualisation; show,information (cognitive_element),,show (semantic),"visualisation (rare, 1 image)",visualization (whole); label (text)
VisJ.1197.3.png,https://raw.githubusercontent.com/c109363/ExperimentImage/main/AllDataResize/VisJ.1197.3.png,Glyph,0.52,,The orange choice has multiple shapes which take longer to assimulate,Data Density / Image Clutter; Immediacy / Cognitive Load,,multiple shapes; take longer to assimulate,multiple shapes; take longer to interpret,(+); (+),Element Quantity; Processing Time & Effort,multiple; shape; long; assimulate,shape (mark); shape (perceptual_element),multiple (structure); long (temporal),shape (evaluative),"assimulate (rare, 1 image)",visualization (whole); shape (mark)
SciVisJ.980.13.png,https://raw.githubusercontent.com/c109363/ExperimentImage/main/AllDataResize/SciVisJ.980.13.png,Glyph,0.52,,The left option seemed more like a graphic,Schema,,more like a graphic,a specific technique,(-),Domain Familiarity,graphic,graphic (chart_type); graphic (quantity_reference),graphic (aesthetics),,,visualization (whole)
VASTJ.2908.2.png,https://raw.githubusercontent.com/c109363/ExperimentImage/main/AllDataResize/VASTJ.2908.2.png,Grid,0.52,,"A lot of similar looking colors, lack of a grid so it makes it harder to look at the data points.","Schema; Color, Symbol, and Texture Details; Immediacy / Cognitive Load",,similar looking colors; lack of a grid; makes it harder to look at the data points,no context or reference; lack of color contrast / hard to distinguish colors; harder to view data point,(+); (+); (+),Domain Familiarity; Color Palette & Contrast; Interpretive Difficulty,similar; look; color; lack; grid; make; hard; data; point,color (perceptual_element); grid (chart_component); grid (layout_component); data (data_element); point (mark),similar (structure); hard (readability),lack (evaluative),"look (filtered, 16 images); make (in vocab, excluded)",point (mark); color (property); grid (structure)
visMost83.png,https://raw.githubusercontent.com/c109363/ExperimentImage/main/AllDataResize/visMost83.png,Grid; Cont.-ColorPatn,0.52,,"more information to process, more variables, more contrast","Data Density / Image Clutter; Color, Symbol, and Texture Details",,more contrast; more information to process,much/more data/info/info spread; more contrast,(+); (+),Information Volume; Color Palette & Contrast,contrast; information; process,more information (quantity_reference); contrast (perceptual_element); information (cognitive_element); process (quantity_reference),more information (information_quality),contrast (structural),,visualization (whole); data (content)
SciVisJ.807.5.png,https://raw.githubusercontent.com/c109363/ExperimentImage/main/AllDataResize/SciVisJ.807.5.png,Grid,0.52,,Right one is just a simple grid of squares,Schema,,grid of squares,a specific technique,(-),Domain Familiarity,grid; square,grid (chart_component); grid (layout_component); square (mark),,,,grid (structure); shape (mark)
InfoVisJ.629.8.png,https://raw.githubusercontent.com/c109363/ExperimentImage/main/AllDataResize/InfoVisJ.629.8.png,Point,0.52,,"i thought on the right, there are 4 or 5 axes: x, y, color, circle , white circle around the shape.","Visual Encoding Clarity; Semantics / Text Legibility; Color, Symbol, and Texture Details",,circle; shape; 4 or 5 axes; x; y; color,shapes; shapes and lines; more title/axis/label; title/axis/label/descriptions; unclear colormaps,(+); (+); (+); (+) (-); (+) (-); (+) (-),Graphical Forms & Primitives; Annotations & Labels; Color Palette & Contrast,circle; shape; axis; color,circle (mark); shape (mark); shape (perceptual_element); axis (chart_component); color (perceptual_element),,shape (evaluative),,point (mark); shape (mark); axes (furniture); color (property)
InfoVisJ.2583.8.png,https://raw.githubusercontent.com/c109363/ExperimentImage/main/AllDataResize/InfoVisJ.2583.8.png,Schematic,0.52,,"looks like a state graph, which I have worked with before.",Schema,,"looks like a state graph, which I have worked with before.",a specific technique; familiar representation,(-),Domain Familiarity,look; state; graph; work,graph (chart_type),,,"look (filtered, 16 images); state (rare, 2 images); work (rare, 2 images)",
visMost786.png,https://raw.githubusercontent.com/c109363/ExperimentImage/main/AllDataResize/visMost786.png,Area,0.53,,sports is more likeable and much easier to figure out.; THe one on the right has words next to each of the circles so I know what they mean. The circles on the right are different sizes so I'm sure the size is an indication of the magnitude,Immediacy / Cognitive Load,,much easier to figure out,easier to interpret/read/understand,(-),Interpretive Difficulty,easy; figure,,easy (readability),,figure (unclustered),visualization (whole)
economist_daily_chart_153.png,https://raw.githubusercontent.com/c109363/ExperimentImage/main/AllDataResize/economist_daily_chart_153.png,Area,0.53,,The blue image looks softer and more pleasant to watch so that it give an impression of being less complex. The blue image and its datas seems easier to read and comprehend.,"Color, Symbol, and Texture Details; Aesthetics Uncertainty; Immediacy / Cognitive Load",,softer; more pleasant; easier to read and comprehend,soft/layered/overlapping colors; visual clarity/appealing; easier to interpret/read/understand,(-); (-); (-),Color Palette & Contrast; Visual Disorganization; Interpretive Difficulty,soft; pleasant; easy; read; comprehend,,easy (readability),read (cognitive); comprehend (cognitive),"soft (unclustered); pleasant (rare, 1 image)",visualization (whole); color (property); label (text)
InfoVisJ.1236.13.png,https://raw.githubusercontent.com/c109363/ExperimentImage/main/AllDataResize/InfoVisJ.1236.13.png,Area,0.53,,The right is much harder to get grip of on many levels. Then there was also the scale and the frame with values on the right which adds up to the complexity.,Semantics / Text Legibility; Schema,,frame with values; scale,clear text/scale/information; frame with values,(-); (-),Annotations & Labels; Dimensionality & Structure,frame; value; scale,value (data_element); value (quantity_reference); scale (chart_component); scale (quantity_reference),,,frame (unclustered),panel (structure); scale (furniture)
whoO10_2.png,https://raw.githubusercontent.com/c109363/ExperimentImage/main/AllDataResize/whoO10_2.png,Area,0.53,,because im used to round tables like the other one,Schema,,round tables,"domain-specific concepts (e.g., chemical, biology, map)",(-),Domain Familiarity,round; table,table (chart_component),,,"round (rare, 1 image)",grid (structure)
economist_daily_chart_106.png,https://raw.githubusercontent.com/c109363/ExperimentImage/main/AllDataResize/economist_daily_chart_106.png,Bar,0.53,,Data is harder to compare on the right.,Immediacy / Cognitive Load,,harder to compare,more difficult to compare/discern/distinguish,(+),Interpretive Difficulty,hard; compare,,hard (readability),,compare (unclustered),visualization (whole)
VisC.599.6.png,https://raw.githubusercontent.com/c109363/ExperimentImage/main/AllDataResize/VisC.599.6.png,Cont.-ColorPatn,0.53,,"The graph is wavy; there is no way to tell the exact points for the numbers, making it more complex to understand. There is no data provided other than two letters and numbers, which to me feels more complex than looking at a map.",Visual Encoding Clarity; Semantics / Text Legibility; Immediacy / Cognitive Load,,no way to tell exact points for the numbers; wavy; two letters and numbers; more complex to understand,curved lines; no clear indication; lack of/not enough axis labels/legend/annotations/context; more difficult to interpret/read/understand/differentiate,(+); (+); (+); (+),Graphical Forms & Primitives; Semantic Clarity; Annotations & Labels; Interpretive Difficulty,way; tell; exact; point; number; wavy; letter; complex; understand,point (mark); number (quantity_reference); letter (annotation),exact (information_quality); complex (complexity),tell (evaluative); understand (cognitive),"way (filtered, 7 images); wavy (rare, 1 image)",line (mark); axis_label (text); point (mark)
SciVisJ.1819.4.png,https://raw.githubusercontent.com/c109363/ExperimentImage/main/AllDataResize/SciVisJ.1819.4.png,Cont.-ColorPatn,0.53,,"Left ist more like water or a wave. I couldn`t see a high education inthere.; complexity in shape/s; colour variation - number of colours, number of shades of same colour; field information represented; nothing is clear","Visual Encoding Clarity; Schema; Color, Symbol, and Texture Details; Immediacy / Cognitive Load",,nothing is clear; complexity in shapes; field information; color variation,curves and shapes; field information; nothing clear; color variety/arrangement/distribution,(+); (+); (+); (+),Graphical Forms & Primitives; Domain Familiarity; Interpretive Difficulty; Color Palette & Contrast,clear; complexity; shape; field; information; color; variation,complexity (quantity_reference); shape (mark); shape (perceptual_element); information (cognitive_element); color (perceptual_element),clear (readability),shape (evaluative),"field (rare, 1 image); variation (unclustered)",shape (mark); color (property); domain (content); layout (structure)
SciVisJ.797.13(4).png,https://raw.githubusercontent.com/c109363/ExperimentImage/main/AllDataResize/SciVisJ.797.13(4).png,Glyph,0.53,,"I don't understand the design or the interest, I'm not familiar with this graphic design",Schema; Immediacy / Cognitive Load,,not familiar with this graphic design; don't understand the design or interest,unfamiliar concepts/patterns; not interpretable/readable/understandable,(+); (+),Domain Familiarity; Interpretive Difficulty,familiar; graphic; design; understand; interest,graphic (chart_type); graphic (quantity_reference); design (quantity_reference); interest (quantity_reference),familiar (familiarity); graphic (aesthetics),understand (cognitive),,visualization (whole)
VisJ.1949.2.png,https://raw.githubusercontent.com/c109363/ExperimentImage/main/AllDataResize/VisJ.1949.2.png,Glyph,0.53,,"Colors, various shapes","Visual Encoding Clarity; Color, Symbol, and Texture Details",,various shapes; Colors,shape variety; unclear colormaps,(+); (+),Graphical Forms & Primitives; Color Palette & Contrast,shape; color,shape (mark); shape (perceptual_element); color (perceptual_element),,shape (evaluative),,visualization (whole); shape (mark); color (property)
VASTC.59.11(1).png,https://raw.githubusercontent.com/c109363/ExperimentImage/main/AllDataResize/VASTC.59.11(1).png,Grid; Cont.-ColorPatn,0.53,,More data More elements Higher contrast It was more confusing; Needs more efffort to make sense of the data,"Data Density / Image Clutter; Color, Symbol, and Texture Details; Aesthetics Uncertainty; Immediacy / Cognitive Load",,More data; More elements; Higher contrast; It was more confusing; needs more effort,more charts/points/lines/shapes/elements; much/more data/info/info spread; distinguishable/full/highly contrast color uses; looks random/messy/lack structure; more effort/reading/detailed analysis,(+); (+); (+); (+); (+),Element Quantity; Information Volume; Color Palette & Contrast; Visual Disorganization; Processing Time & Effort,datum; element; high; contrast; confusing; need; effort,datum (data_element); element (domain_object); contrast (perceptual_element),confusing (readability),contrast (structural); need (evaluative),"high (in vocab, excluded); effort (rare, 2 images)",visualization (whole); data (content); element (mark); color (property)
SciVisJ.857.9.png,https://raw.githubusercontent.com/c109363/ExperimentImage/main/AllDataResize/SciVisJ.857.9.png,Grid,0.53,,"The processing time chart is not as recognizable, especially at first glance with more numbers and colors. The graph has multiple data points going on. The right chart has a very weird color palette and it threw me off visually — it looks more busy and more complex than the map.","Data Density / Image Clutter; Semantics / Text Legibility; Schema; Color, Symbol, and Texture Details",,more busy; multiple data points; more numbers; not recognizable; more colors; weird color palette,dense/cluttered layout; multiple features/elements/graphs; more numbers; unfamiliar concepts/patterns; color variety/arrangement/distribution; unclear color meaning,(+); (+); (+); (+); (+) (-); (+),Visual Clutter & Overlap; Element Quantity; Text Volume & Content; Domain Familiarity; Color Palette & Contrast,busy; multiple; datum; point; number; recognizable; color; weird; palette,datum (data_element); point (mark); number (quantity_reference); color (perceptual_element),busy (complexity); busy (aesthetics); multiple (structure); recognizable (familiarity); weird (familiarity),,"palette (rare, 1 image)",region (structure); point (mark); number (content); color (property); layout (structure)
SciVisJ.891.2.png,https://raw.githubusercontent.com/c109363/ExperimentImage/main/AllDataResize/SciVisJ.891.2.png,Grid,0.53,,Color Variability and Saturation,"Color, Symbol, and Texture Details",,Color saturation; Color variability,color saturation; color variety/arrangement/distribution,(+); (+),Color Palette & Contrast,color; saturation; variability,color (perceptual_element),,,"saturation (rare, 1 image); variability (unclustered)",visualization (whole); color (property)
VASTJ.51.8.png,https://raw.githubusercontent.com/c109363/ExperimentImage/main/AllDataResize/VASTJ.51.8.png,Grid,0.53,,"3 aspects, color, x-position and y-position is too much variables",Data Density / Image Clutter; Semantics / Text Legibility,,3 aspects; too much variables; x-position; y-position,more parameters/variables; multiple aspects; title/axis/label/descriptions,(+); (+); (+); (+),Information Volume; Annotations & Labels,aspect; variable; position,aspect (cognitive_element); aspect (quantity_reference); variable (data_element); position (layout_component),too much (quantity_descriptor),position (spatial),,visualization (whole); axes (furniture); data (content)
economist_daily_chart_521.png,https://raw.githubusercontent.com/c109363/ExperimentImage/main/AllDataResize/economist_daily_chart_521.png,Line,0.53,,This a NASA graph so it's obviously complex. Curves and graphs are always hard to understand for me. It hurts my vision.,Schema; Aesthetics Uncertainty; Immediacy / Cognitive Load,,hurts my vision; NASA graph; hard to understand,"domain-specific concepts (e.g., chemical, biology, map); distracting/confusing/unclear; hard to interpret/read/understand",(+); (+); (+),Domain Familiarity; Visual Disorganization; Interpretive Difficulty,hurt; vision; nasa; graph; hard; understand,graph (chart_type),hard (readability),understand (cognitive),"hurt (unclustered); vision (rare, 1 image); nasa (rare, 1 image)",visualization (whole); region (structure); encoding (property); label (text)
v489_n7414_25_f2.png,https://raw.githubusercontent.com/c109363/ExperimentImage/main/AllDataResize/v489_n7414_25_f2.png,Line,0.53,,Axes titles - Graph level of detail,Semantics / Text Legibility,,Axes titles,title/axis/label/descriptions,(+),Annotations & Labels,axes; title,title (chart_component),,,"axes (rare, 1 image)",axes (furniture)
VASTJ.111.5.png,https://raw.githubusercontent.com/c109363/ExperimentImage/main/AllDataResize/VASTJ.111.5.png,Node-link,0.53,,Visual clarity Information gets mixed with other information points At first sight I don't understand the chart,Visual Encoding Clarity; Immediacy / Cognitive Load,,information points; I don't understand the chart,shape point of interest; not interpretable/readable/understandable,(+); (+),Encoding Interpretability; Interpretive Difficulty,information; point; understand; chart,information (cognitive_element); point (mark); chart (chart_type),,understand (cognitive),,visualization (whole); point (mark)
economist_daily_chart_349.png,https://raw.githubusercontent.com/c109363/ExperimentImage/main/AllDataResize/economist_daily_chart_349.png,Point,0.53,,"Reading the graph in the orange region is more challenging compared to the other graph because at first glance, there appears to be complexity. The distribution is not clearly discernible, the intervals are wide, making accurate interpretation challenging. Having a certain linearity would have been more helpful.",Immediacy / Cognitive Load,,making accurate interpretation challenging,hard to interpret/read/understand/differentiate,(+),Interpretive Difficulty,make; accurate; interpretation; challenge,interpretation (cognitive_element),interpretation (cognitive),challenge (cognitive),"make (in vocab, excluded); accurate (rare, 1 image)",visualization (whole)
MorphableWordClouds5.png,https://raw.githubusercontent.com/c109363/ExperimentImage/main/AllDataResize/MorphableWordClouds5.png,Text,0.53,,"The image not highlighted seemed to be simply a chart showing frequency of words used. The bigger the word, the most often the use.",Semantics / Text Legibility; Schema,,"The bigger the word, the most often the use.; frequency of words; chart showing frequency of words","word frequency; word rotation/small font size; a specific technique, e.g., bar, pie, circle",(-); (-); (-),Text Volume & Content; Typography & Readability; Domain Familiarity,big; word; use; frequency; chart; show,word (annotation); use (quantity_reference); frequency (data_element); frequency (quantity_reference); chart (chart_type),big (size_density),show (semantic),,visualization (whole); label (text); data (content)
MorphableWordClouds12.png,https://raw.githubusercontent.com/c109363/ExperimentImage/main/AllDataResize/MorphableWordClouds12.png,Text,0.53,,Design Order of words Ease of understanding,Semantics / Text Legibility; Immediacy / Cognitive Load,,Order of words; Ease of understanding,order of words; easy to interpret/read/understand,(+); (+) (-),Typography & Readability; Interpretive Difficulty,order; word; ease; understand,order (quantity_reference); word (annotation); ease (quantity_reference),order (structure),understand (cognitive),,visualization (whole); label (text)
MorphableWordClouds20.png,https://raw.githubusercontent.com/c109363/ExperimentImage/main/AllDataResize/MorphableWordClouds20.png,Text,0.53,,a word with weight graph,Semantics / Text Legibility; Schema,,word; weight graph,word/text/sentence; a specific technique,(+) (-); (-),Text Volume & Content; Domain Familiarity,word; weight; graph,word (annotation); graph (chart_type),,,"weight (rare, 1 image)",visualization (whole)
MorphableWordClouds11.png,https://raw.githubusercontent.com/c109363/ExperimentImage/main/AllDataResize/MorphableWordClouds11.png,Text,0.53,,,Immediacy / Cognitive Load,,more impact,provokes thought and understanding,(-),Processing Time & Effort,impact,,,,"impact (rare, 1 image)",visualization (whole)
whoK23_2.png,https://raw.githubusercontent.com/c109363/ExperimentImage/main/AllDataResize/whoK23_2.png,Bar,0.54,,A lot of text; A lot of data; Hard to understand,Data Density / Image Clutter; Semantics / Text Legibility; Immediacy / Cognitive Load,,A lot of data; A lot of text; Hard to understand,much/more data/info/info spread; amount of words/context/numbers; hard to interpret/read/understand,(+); (+); (+),Information Volume; Text Volume & Content; Interpretive Difficulty,lot; datum; text; hard; understand,a lot (quantity_reference); lot (quantity_reference); datum (data_element); text (annotation),a lot (quantity_descriptor); lot (quantity_descriptor); hard (readability),understand (cognitive),,visualization (whole); data (content); label (text)
SciVisJ.744.13.png,https://raw.githubusercontent.com/c109363/ExperimentImage/main/AllDataResize/SciVisJ.744.13.png,Cont.-ColorPatn,0.54,,"Not understandable at all Different colours Maybe a lot of info that you should know understand just seeing the image Only for trained eyes; This image is complex because it contains lot of details, it is like 3D visualisation (4 dimension matrix), the equation to represent it must be complex. It is like the equation of the wave of water which is difficult to modelise in physic or video game.; less details and more lookable","Data Density / Image Clutter; Schema; Color, Symbol, and Texture Details; Immediacy / Cognitive Load",,lot of details; 3D visualization (4 dimension matrix); difficult to model; a lot of info; Different colors; Only for trained eyes; Not understandable at all; less details,less detailed/things; more detailed/things; much/more data/info/info spread; 2D/3D; not enough knowledge to tell; color variety/arrangement/distribution; hard to measure/model; not interpretable/readable/understandable,(+); (+); (+); (+); (+); (+); (+); (-),Information Volume; Dimensionality & Structure; Processing Time & Effort; Color Palette & Contrast; Interpretive Difficulty,lot; detail; visualization; dimension; matrix; difficult; model; info; different; color; train; eye; understandable,a lot (quantity_reference); lot (quantity_reference); detail (cognitive_element); dimension (layout_component); dimension (quantity_reference); info (cognitive_element); info (quantity_reference); color (perceptual_element),a lot (quantity_descriptor); lot (quantity_descriptor); dimension (structure); difficult (readability); different (structure); understandable (readability),,"visualization (unclustered); matrix (unclustered); model (rare, 1 image); train (rare, 1 image); eye (unclustered)",visualization (whole); grid (structure); color (property); detail (content)
SciVisJ.625.5.png,https://raw.githubusercontent.com/c109363/ExperimentImage/main/AllDataResize/SciVisJ.625.5.png,Cont.-ColorPatn,0.54,,"I imagine that every pixel and colour represents a collection of data, and the first image is offering more such information so I saw it as more complex.; I had to choose this because I saw it here without analysis.","Color, Symbol, and Texture Details; Immediacy / Cognitive Load",,without analysis; every pixel and color represents a collection of data,unclear colormaps; easy to interpret/read/understand,(+); (+),Color Palette & Contrast; Interpretive Difficulty,analysis; pixel; color; represent; collection; datum,color (perceptual_element); collection (domain_object); collection (quantity_reference); datum (data_element),,represent (semantic),analysis (unclustered); pixel (unclustered),visualization (whole); element (mark); color (property)
VisJ.1595.6(2).png,https://raw.githubusercontent.com/c109363/ExperimentImage/main/AllDataResize/VisJ.1595.6(2).png,Glyph,0.54,,"I believe that the image on the left is more complex because it includes more writing on the actual page, more color, more shapes, and overall, it fills the paper more, making it a more complex image.; how objects spread over the whole picture; its an equation giving coordinates and its hard to solve the dotted lines and the picture itself; The one to the right does not sound familiar to me at all. I guess it has something to do with familiarity.; the other graphic is something i am not familiar with and that is why i had chosen it; Confusing, text on left is hard to read.; multiple colors, shape, dashed box and line, unfamiliar with terms make the right one more complicated.; Both images are complex to me in their simplicity.","Data Density / Image Clutter; Visual Encoding Clarity; Semantics / Text Legibility; Schema; Color, Symbol, and Texture Details; Aesthetics Uncertainty; Immediacy / Cognitive Load",,text hard to read; Confusing; not familiar with; hard to solve; more shapes; more writing; more color; objects spread over; does not sound familiar; dashed box; dashed line; shape; unfamiliar with terms; multiple colors,more charts/points/lines/shapes/elements; much/more data/info/info spread; shapes; shapes and lines; code/text; lack of meaning; more texts/words; readability; unfamiliar concepts/patterns; color variety/arrangement/distribution; distracting/confusing/unclear; hard to see/tell/visualize; require specialized knowledge,(+); (+); (+); (+); (+); (+); (+); (+); (+); (+); (+); (+); (+); (+),Element Quantity; Information Volume; Graphical Forms & Primitives; Text Volume & Content; Semantic Clarity; Typography & Readability; Domain Familiarity; Color Palette & Contrast; Visual Disorganization; Interpretive Difficulty; Processing Time & Effort,text; hard; read; confuse; familiar; solve; shape; writing; color; object; spread; sound; dash; box; line; unfamiliar; term; multiple,more color (quantity_reference); text (annotation); shape (mark); shape (perceptual_element); writing (annotation); writing (quantity_reference); color (perceptual_element); object (domain_object); spread (data_element); spread (quantity_reference); box (chart_component); box (quantity_reference); line (mark); term (annotation); term (quantity_reference),more color (color); hard (readability); familiar (familiarity); spread (quantity_descriptor); unfamiliar (familiarity); multiple (structure),read (cognitive); confuse (cognitive); shape (evaluative); spread (spatial),"solve (rare, 1 image); sound (unclustered); dash (unclustered)",label (text); shape (mark); panel (structure); line (mark); color (property); domain (content)
InfoVisJ.1558.9.png,https://raw.githubusercontent.com/c109363/ExperimentImage/main/AllDataResize/InfoVisJ.1558.9.png,Glyph; Cont.-ColorPatn,0.54,,"Because the colours drew me in and the pellet looking things look like money.; Numbers or data. Some descriptions to make the image make sense; numbers and images; The difference in sizes of the same shape (circle). The clustering of the circles. The similarity of the colours.; The clustering of the circles the blue squares lined with dotted lines; Data in the second image is overlapping, which makes it harder to evaluate each individual element. Their elements seem to present some sort of relation between them.; To be honest they are both complex; 1. Unlabeled legend/data. 2. Legend too close to visualization 3. The way the zooming in doesn't stand out enough from the rest of the chart; The one with orange shapes do not. The one with the orange shapes might make sense later on but only if you give yourself more time to understand what you're looking at.; Comprehension - what the values or words define the graphic (right one is more complex); A straightforward image with little to no shade variation.; The first image presents more layers of information, both visually and through it's very limited legend.; 1) Understanding what the visualization is about 2) Reading the values 3) Understanding different value rankings 4) Comparing different values","Data Density / Image Clutter; Visual Encoding Clarity; Semantics / Text Legibility; Schema; Color, Symbol, and Texture Details; Immediacy / Cognitive Load",,little to no shade variation; straightforward; orange shapes; more time to understand; colors drew me in; pellet looking things look like money; clustering of the circles; circles; dotted lines; squares; blue squares; clustering of circles; sizes of the shape (circle); similarity of the colors; Legend too close to visualization; Unlabeled legend/data; Data is overlapping; makes it harder to evaluate,dense/cluttered shape; overlapping shapes/colors/lines; shape size; shapes and lines; squares; lack of/not enough axis labels/legend/annotations/context; too much legend; familiar representation; appealing colors; blue color; good color contrast/separation/segmentation; lack of color contrast / hard to distinguish colors; intuitive; more difficult to interpret/read/understand/differentiate; take longer to interpret,(-); (-); (+); (+); (+); (+); (+); (+) (-); (+); (+); (+); (+); (+); (+); (+); (+) (-); (+); (+),Visual Clutter & Overlap; Graphical Forms & Primitives; Annotations & Labels; Domain Familiarity; Color Palette & Contrast; Interpretive Difficulty; Processing Time & Effort,little; shade; variation; straightforward; orange; shape; time; understand; color; draw; pellet; look; thing; money; cluster; circle; dotted; line; square; blue; size; similarity; legend; close; visualization; unlabeled; datum; overlap; make; hard; evaluate,more time (quantity_reference); shade (perceptual_element); shape (mark); shape (perceptual_element); color (perceptual_element); circle (mark); line (mark); square (mark); size (perceptual_element); legend (chart_component); datum (data_element),more time (temporal); little (size_density); straightforward (complexity); time (temporal); hard (readability),shape (evaluative); understand (cognitive); legend (evaluative); overlap (spatial),"variation (unclustered); orange (rare, 3 images); draw (unclustered); pellet (rare, 1 image); look (filtered, 16 images); thing (unclustered); money (rare, 1 image); cluster (rare, 2 images); dotted (rare, 1 image); blue (unclustered); similarity (rare, 1 image); close (unclustered); visualization (unclustered); unlabeled (rare, 2 images); make (in vocab, excluded); evaluate (unclustered)",point (mark); shape (mark); line (mark); legend (furniture); color (property)
VisJ.1499.2.png,https://raw.githubusercontent.com/c109363/ExperimentImage/main/AllDataResize/VisJ.1499.2.png,Glyph,0.54,,image on the right is more visually clean.,Aesthetics Uncertainty,,visually clean,visual clarity/appealing,(-),Visual Disorganization,visually; clean,,clean (complexity); clean (aesthetics),,"visually (in vocab, excluded)",visualization (whole)
VASTC.123.3.png,https://raw.githubusercontent.com/c109363/ExperimentImage/main/AllDataResize/VASTC.123.3.png,Grid,0.54,,This one had less colors but a lot more images to look at and seemingly a lot of information to take in. It didn't look like charts I would be used to seeing,"Data Density / Image Clutter; Schema; Color, Symbol, and Texture Details",,a lot more images to look at; less colors; unfamiliar charts; a lot of information to take in,more detailed/things; unfamiliar concepts/patterns; inadequate/few coloring; information overload,(+); (+); (+); (+),Information Volume; Domain Familiarity; Color Palette & Contrast; Visual Clutter & Overlap,lot; image; look; color; unfamiliar; chart; information,a lot (quantity_reference); lot (quantity_reference); image (chart_type); color (perceptual_element); chart (chart_type); information (cognitive_element),a lot (quantity_descriptor); lot (quantity_descriptor); unfamiliar (familiarity),,"look (filtered, 16 images)",visualization (whole); color (property); data (content)
SciVisJ.807.5(2).png,https://raw.githubusercontent.com/c109363/ExperimentImage/main/AllDataResize/SciVisJ.807.5(2).png,Grid,0.54,,"A few squares in the left, which look easier to understand. In the left there are axis, and axis look easier to understand. Few colours in the left.","Visual Encoding Clarity; Semantics / Text Legibility; Color, Symbol, and Texture Details; Immediacy / Cognitive Load",,A few squares; axis; Few colors; look easier to understand,several elements; title/axis/label/descriptions; inadequate/few coloring; easier to interpret/read/understand,(-); (+) (-); (-); (-),Graphical Forms & Primitives; Annotations & Labels; Color Palette & Contrast; Interpretive Difficulty,square; axis; color; look; easy; understand,square (mark); axis (chart_component); color (perceptual_element),easy (readability),understand (cognitive),"look (filtered, 16 images)",shape (mark); axes (furniture); color (property)
VASTJ.120.3(6).png,https://raw.githubusercontent.com/c109363/ExperimentImage/main/AllDataResize/VASTJ.120.3(6).png,Grid,0.54,,just a colour scale,"Color, Symbol, and Texture Details",,color scale,color scale/scheme,(+) (-),Color Palette & Contrast,color; scale,color (perceptual_element); scale (chart_component); scale (quantity_reference),,,,color (property)
VASTC.121.5.png,https://raw.githubusercontent.com/c109363/ExperimentImage/main/AllDataResize/VASTC.121.5.png,Node-link,0.54,,It looks simpler yet more complex like an abstract painting. A unique way to display info unlike a traditional graph.,Schema,,abstract painting,abstract shapes or colors,(+),Abstraction Level,abstract; painting,,abstract (complexity); abstract (familiarity),,painting (unclustered),visualization (whole)
InfoVisJ.619.17.png,https://raw.githubusercontent.com/c109363/ExperimentImage/main/AllDataResize/InfoVisJ.619.17.png,Point; Cont.-ColorPatn,0.54,,this is visually complex because the dots are everywhere not in exact locations spread around seems cluttered; the other photo seems easier to figure out- but was tough to decide,Data Density / Image Clutter; Immediacy / Cognitive Load,,dots are everywhere; seems cluttered; spread around; easier to figure out,dense/cluttered data/info; more charts/points/lines/shapes/elements; much/more data/info/info spread; easier to interpret/read/understand,(+); (+); (+); (-),Visual Clutter & Overlap; Element Quantity; Information Volume; Interpretive Difficulty,dot; cluttered; spread; easy; figure,dot (mark); spread (data_element); spread (quantity_reference),cluttered (complexity); cluttered (aesthetics); spread (quantity_descriptor); easy (readability),spread (spatial),figure (unclustered),point (mark); layout (structure)
InfoVisJ.647.7(2).png,https://raw.githubusercontent.com/c109363/ExperimentImage/main/AllDataResize/InfoVisJ.647.7(2).png,Text,0.54,,the right one is more complex because it is not tidy like the other one,Aesthetics Uncertainty,,not tidy,looks random/messy/lack structure,(+),Visual Disorganization,tidy,,,,"tidy (rare, 1 image)",visualization (whole)
InfoVisJ.1137.1.png,https://raw.githubusercontent.com/c109363/ExperimentImage/main/AllDataResize/InfoVisJ.1137.1.png,Text,0.54,,here you can see words and thats a bit easier to understand,Semantics / Text Legibility; Immediacy / Cognitive Load,,can see words; bit easier to understand,clear title/axis/label; easy to understand,(+) (-); (-),Annotations & Labels; Interpretive Difficulty,word; bit; easy; understand,word (annotation); bit (quantity_reference),easy (readability),understand (cognitive),,label (text); visualization (whole)
whoK06_1.png,https://raw.githubusercontent.com/c109363/ExperimentImage/main/AllDataResize/whoK06_1.png,Area,0.55,,more to look at and analyse more colours,"Color, Symbol, and Texture Details; Immediacy / Cognitive Load",,more colors; more to look at and analyse,more to read/analyze/understand; color variety/arrangement/distribution,(+) (-); (+),Processing Time & Effort; Color Palette & Contrast,color; look; analyse,color (perceptual_element),,,"look (filtered, 16 images); analyse (rare, 1 image)",visualization (whole); color (property); data (content)
economist_daily_chart_4.png,https://raw.githubusercontent.com/c109363/ExperimentImage/main/AllDataResize/economist_daily_chart_4.png,Bar,0.55,,"there are more data and the variables go both ways, so it may need more detailed analysis.",Immediacy / Cognitive Load,,need detailed analysis,more effort/reading/detailed analysis,(+),Processing Time & Effort,need; detailed; analysis,,detailed (aesthetics); detailed (information_quality),need (evaluative),analysis (unclustered),visualization (whole)
InfoVisJ.2576.2.png,https://raw.githubusercontent.com/c109363/ExperimentImage/main/AllDataResize/InfoVisJ.2576.2.png,Glyph,0.55,,"I think the one on the left was less complex because: - the symbols are more easily recognizable - it had more labels that are clearer to me, - sectioned off areas that were clearly delineated",Semantics / Text Legibility; Schema; Aesthetics Uncertainty,,more labels; symbols more easily recognizable; clearly delineated,clear delineation; more title/axis/label; familiar representation,(-); (-); (-),Visual Disorganization; Annotations & Labels; Domain Familiarity,label; symbol; easily; recognizable; clearly; delineate,label (chart_component); symbol (annotation); symbol (quantity_reference),easily (readability); recognizable (familiarity); clearly (readability),label (semantic),"delineate (rare, 1 image)",label (text); symbol (mark); visualization (whole)
SciVisC.49.5.png,https://raw.githubusercontent.com/c109363/ExperimentImage/main/AllDataResize/SciVisC.49.5.png,Glyph,0.55,,Hard to understand; multiple figures with different volume; visually too much color or details in a condensed zone,Data Density / Image Clutter; Visual Encoding Clarity; Immediacy / Cognitive Load,,multiple figures; different volume; Hard to understand,multiple features/elements/graphs; element sizes; hard to interpret/read/understand,(+); (+); (+),Element Quantity; Graphical Forms & Primitives; Interpretive Difficulty,multiple; figure; different; volume; hard; understand,volume (quantity_reference),multiple (structure); different (structure); volume (quantity_descriptor); hard (readability),understand (cognitive),figure (unclustered),visualization (whole); size (property); layout (structure)
VASTC.24.5.png,https://raw.githubusercontent.com/c109363/ExperimentImage/main/AllDataResize/VASTC.24.5.png,Grid,0.55,,"The visual has a lot of confusing numbers, letters, and overall understandability. I find that it is hard to tell what it is trying to convey and what it even measures. There are too many colors, letters, and numbers.; There are differences between the three columns that I would need more time to realise.; A, B & C has different bars; Some values are in the middle and according to me it's complicated to look at; I did not choose the left one. It seems to imply something that is not clearly stated and is not easily understood by the majority of people.","Visual Encoding Clarity; Semantics / Text Legibility; Schema; Color, Symbol, and Texture Details; Aesthetics Uncertainty; Immediacy / Cognitive Load",,"not clearly stated; not easily understood; need more time to realize; too many numbers; confusing numbers, letters; too many letters; confusing overall understandability; hard to tell; different bars; some values in the middle; complicated to look at",too many numbers; several elements; unclear meaning; values in the middle; text hard to read; title/axis/label/descriptions; word rotation/small font size; color variety/arrangement/distribution; distracting/confusing/unclear; complicated to process; hard to see/tell/visualize; not easily understood; take longer to interpret,(+); (+); (+); (+); (+); (+); (+); (+); (+); (+); (+),Text Volume & Content; Graphical Forms & Primitives; Semantic Clarity; Typography & Readability; Annotations & Labels; Dimensionality & Structure; Color Palette & Contrast; Visual Disorganization; Interpretive Difficulty; Processing Time & Effort,clearly; state; easily; understand; need; time; realize; number; confusing; letter; confuse; overall; understandability; hard; tell; different; bar; value; middle; complicated; look,more time (quantity_reference); number (quantity_reference); letter (annotation); bar (mark); value (data_element); value (quantity_reference),more time (temporal); too many (quantity_descriptor); clearly (readability); easily (readability); time (temporal); confusing (readability); overall (information_quality); hard (readability); different (structure); complicated (complexity),understand (cognitive); need (evaluative); confuse (cognitive); tell (evaluative),"state (rare, 2 images); realize (rare, 1 image); understandability (rare, 1 image); middle (rare, 1 image); look (filtered, 16 images)",visualization (whole); bar (mark); number (content); label (text)
VisC.163.2.png,https://raw.githubusercontent.com/c109363/ExperimentImage/main/AllDataResize/VisC.163.2.png,Line,0.55,,there are no details to it; it is just some curved lines but no legend to describe what's going on which makes me confused,Data Density / Image Clutter; Visual Encoding Clarity; Semantics / Text Legibility; Immediacy / Cognitive Load,,curved lines; no detail; no legend; makes me confused,curved lines; no detail; lack of/not enough axis labels/legend/annotations/context; unclear meaning/confusing,(+); (+); (+); (+),Graphical Forms & Primitives; Information Volume; Annotations & Labels; Semantic Clarity,curve; line; detail; legend; make; confuse,no legend (quantity_reference); no detail (quantity_reference); line (mark); detail (cognitive_element); legend (chart_component),no detail (information_quality),legend (evaluative); confuse (cognitive),"curve (unclustered); make (in vocab, excluded)",line (mark); legend (furniture); visualization (whole)
InfoVisJ.1022.6.png,https://raw.githubusercontent.com/c109363/ExperimentImage/main/AllDataResize/InfoVisJ.1022.6.png,Line,0.55,,Table on the right is simple and clear,Visual Encoding Clarity; Schema; Immediacy / Cognitive Load,,Table; clear; simple,"clear indication; simple visual elements; domain-specific concepts (e.g., chemical, biology, map)",(-); (-); (-),Semantic Clarity; Graphical Forms & Primitives; Domain Familiarity,table; clear; simple,table (chart_component),clear (readability); simple (complexity),,,grid (structure); layout (structure)
wsj108.png,https://raw.githubusercontent.com/c109363/ExperimentImage/main/AllDataResize/wsj108.png,Line,0.55,,"nice and readable, good color choices.","Semantics / Text Legibility; Color, Symbol, and Texture Details",,nice and readable; good color choices,readability; color variety/arrangement/distribution,(-); (-),Typography & Readability; Color Palette & Contrast,nice; readable; good; color; choice,color (perceptual_element); choice (quantity_reference),readable (readability),,"nice (rare, 1 image); good (rare, 1 image)",visualization (whole); color (property); label (text)
visMost76.png,https://raw.githubusercontent.com/c109363/ExperimentImage/main/AllDataResize/visMost76.png,Node-link,0.55,,"difficult to follow, non familiar layout , overly colourfull; the non highlighted one was also brighter and cleaer in its image","Visual Encoding Clarity; Schema; Color, Symbol, and Texture Details; Immediacy / Cognitive Load",,non familiar layout; overly colorful; difficult to follow; brighter; clearer,clear colors/shapes; unfamiliar concepts/patterns; bright colors; too many colors; hard to focus/follow,(+); (+); (+); (-); (-),Encoding Interpretability; Domain Familiarity; Color Palette & Contrast; Interpretive Difficulty,non; familiar; layout; overly; colorful; difficult; follow; brighter; clear,layout (layout_component); layout (quantity_reference),familiar (familiarity); difficult (readability); clear (readability),follow (perceptual),"non (rare, 2 images); overly (rare, 1 image); colorful (unclustered); brighter (unclustered)",visualization (whole); color (property); layout (structure)
VisC.389.1(3).png,https://raw.githubusercontent.com/c109363/ExperimentImage/main/AllDataResize/VisC.389.1(3).png,Node-link,0.55,,The one on the left is less straightforward and has more details than the one on the right.,Data Density / Image Clutter; Immediacy / Cognitive Load,,more details; less straightforward,more detailed/things; less intuitive,(+); (+),Information Volume; Interpretive Difficulty,detail; straightforward,detail (cognitive_element),straightforward (complexity),,,visualization (whole); data (content)
economist_daily_chart_152.png,https://raw.githubusercontent.com/c109363/ExperimentImage/main/AllDataResize/economist_daily_chart_152.png,Point,0.55,,"The one in the right has more lines, more dots, more complexity. The one in the right has more items, more lines, more everything and I needed more time to understand it.; I choose the left image because it looked like it had more information; the one I choose looks like it would take a little more time to understand it",Data Density / Image Clutter; Immediacy / Cognitive Load,,more information; little more time to understand; more dots; more everything; more items; more lines; more time to understand,more charts/points/lines/shapes/elements; much/more data/info/info spread; take longer to interpret,(+); (+); (+); (+); (+); (+); (+),Element Quantity; Information Volume; Processing Time & Effort,information; little; time; understand; dot; item; line,more information (quantity_reference); more time (quantity_reference); information (cognitive_element); dot (mark); item (domain_object); item (quantity_reference); line (mark),more information (information_quality); more time (temporal); little (size_density); time (temporal),understand (cognitive),,point (mark); line (mark); data (content); visualization (whole)
VASTC.91.5.png,https://raw.githubusercontent.com/c109363/ExperimentImage/main/AllDataResize/VASTC.91.5.png,Text,0.55,,"the image has more colors, it also has shapes.","Visual Encoding Clarity; Color, Symbol, and Texture Details",,shapes; more colors,shapes; color variety/arrangement/distribution,(+) (-); (+) (-),Graphical Forms & Primitives; Color Palette & Contrast,shape; color,shape (mark); shape (perceptual_element); color (perceptual_element),,shape (evaluative),,shape (mark); color (property)
treasuryL03_2.png,https://raw.githubusercontent.com/c109363/ExperimentImage/main/AllDataResize/treasuryL03_2.png,Area,0.56,,"There is more information shown in the one I chose. It would take a longer amount of time to read, process and understand all of the information in the pie chart. I don't think everyone would understand what the pie chart is showing.",Data Density / Image Clutter; Schema; Immediacy / Cognitive Load,,"more information; pie chart.; longer time to read, process and understand",much/more data/info/info spread; a specific technique; take longer to interpret,(+); (+); (+),Information Volume; Domain Familiarity; Processing Time & Effort,information; pie; chart; long; time; read; process; understand,more information (quantity_reference); information (cognitive_element); chart (chart_type); process (quantity_reference),more information (information_quality); long (temporal); time (temporal),read (cognitive); understand (cognitive),pie (unclustered),visualization (whole); data (content); label (text)
VASTJ.1374.4.png,https://raw.githubusercontent.com/c109363/ExperimentImage/main/AllDataResize/VASTJ.1374.4.png,Bar,0.56,,I am used to work with the right type of graph,Schema,,used to work with,familiar representation,(-),Domain Familiarity,work,,,,"work (rare, 2 images)",visualization (whole)
SciVisJ.2305.5.png,https://raw.githubusercontent.com/c109363/ExperimentImage/main/AllDataResize/SciVisJ.2305.5.png,Cont.-ColorPatn,0.56,,"I did not know what data was trying to convey,",Immediacy / Cognitive Load,,did not know what data to convey,unclear what data conveys,(+),Semantic Clarity,know; datum; convey,datum (data_element),,know (cognitive); convey (semantic),,visualization (whole)
InfoVisJ.651.7.png,https://raw.githubusercontent.com/c109363/ExperimentImage/main/AllDataResize/InfoVisJ.651.7.png,Cont.-ColorPatn,0.56,,"Displays a wider variety of colors and gradients; lacks a clear form or structure, making it abstract and open to interpretation; has no discernible patterns or repetition; gives an illusion of depth or three-dimensionality due to blurring and color overlay.","Schema; Color, Symbol, and Texture Details; Immediacy / Cognitive Load",,illusion of depth or 3d; lacks a clear form or structure; blurring and color overlay; wide variety of colors and gradients; no discernible patterns,2D/3D; unclear structure; unfamiliar concepts/patterns; blurry colors/images; color variety/arrangement/distribution,(+); (+); (+); (+); (+),Dimensionality & Structure; Semantic Clarity; Domain Familiarity; Color Palette & Contrast,illusion; depth; lack; clear; form; structure; blur; color; overlay; wide; variety; gradient; discernible; pattern,structure (layout_component); color (perceptual_element); variety (quantity_reference); gradient (mark); pattern (layout_component); pattern (quantity_reference),clear (readability); variety (quantity_descriptor); discernible (readability); discernible (information_quality),lack (evaluative); structure (structural),"illusion (unclustered); depth (unclustered); form (rare, 2 images); blur (unclustered); overlay (rare, 1 image); wide (rare, 1 image)",visualization (whole); color (property); layout (structure)
SciVisJ.1043.12(5).png,https://raw.githubusercontent.com/c109363/ExperimentImage/main/AllDataResize/SciVisJ.1043.12(5).png,Cont.-ColorPatn,0.56,,lack of legends or any kind of text makes the figure difficult to understand,Semantics / Text Legibility; Immediacy / Cognitive Load,,lack of legends; lack of text; difficult to understand,lack of/not enough axis labels/legend/annotations/context; hard to interpret/read/understand,(+); (+); (+),Annotations & Labels; Interpretive Difficulty,lack; legend; text; difficult; understand,legend (chart_component); text (annotation),difficult (readability),lack (evaluative); legend (evaluative); understand (cognitive),,visualization (whole); legend (furniture); label (text)
InfoVisJ.2251.1(2).png,https://raw.githubusercontent.com/c109363/ExperimentImage/main/AllDataResize/InfoVisJ.2251.1(2).png,Glyph,0.56,,I chose the orange-framed image as being more novel and complex to me. I was drawn to the pattern of the image.,Schema,,novel pattern,unfamiliar concepts/patterns,(+),Domain Familiarity,novel; pattern,pattern (layout_component); pattern (quantity_reference),,,"novel (rare, 1 image)",visualization (whole)
VisC.255.4.png,https://raw.githubusercontent.com/c109363/ExperimentImage/main/AllDataResize/VisC.255.4.png,Line,0.56,,"Various lines representing different quantities, circles of varying size, different colors, intersection of lines","Data Density / Image Clutter; Visual Encoding Clarity; Color, Symbol, and Texture Details",,intersection of lines; Various lines representing different quantities; circles of varying size; different colors,overlapping shapes/colors/lines; line quantity representation; shape size variation; color variety/arrangement/distribution,(+); (+); (+); (+) (-),Visual Clutter & Overlap; Graphical Forms & Primitives; Color Palette & Contrast,intersection; line; represent; different; quantity; circle; vary; size; color,intersection (layout_component); intersection (quantity_reference); line (mark); quantity (data_element); quantity (quantity_reference); circle (mark); size (perceptual_element); color (perceptual_element),different (structure),represent (semantic),vary (unclustered),line (mark); point (mark); color (property)
wsj359.png,https://raw.githubusercontent.com/c109363/ExperimentImage/main/AllDataResize/wsj359.png,Line,0.56,,Highlighted image involved more color. Also it involves reading a graph that has points of increase and decrease.; harder to understand,"Visual Encoding Clarity; Color, Symbol, and Texture Details; Immediacy / Cognitive Load",,more color; points of increase and decrease; harder to understand,shape increase/decrease point; color variety/arrangement/distribution; more difficult to interpret/read/understand/differentiate,(+); (+); (+) (-),Graphical Forms & Primitives; Color Palette & Contrast; Interpretive Difficulty,color; point; increase; decrease; hard; understand,more color (quantity_reference); color (perceptual_element); point (mark),more color (color); hard (readability),understand (cognitive),increase (unclustered); decrease (unclustered),visualization (whole); color (property); point (mark)
InfoVisJ.349.1(2).png,https://raw.githubusercontent.com/c109363/ExperimentImage/main/AllDataResize/InfoVisJ.349.1(2).png,Node-link,0.56,,The other choice was more logical to read and was in black and white.,"Color, Symbol, and Texture Details; Immediacy / Cognitive Load",,black and white; logical to read,black-to-white/color gradient; intuitive,(+) (-); (-),Color Palette & Contrast; Interpretive Difficulty,black; white; logical; read,,black (color); white (color),read (cognitive),"logical (rare, 1 image)",visualization (whole); color (property)
InfoVisJ.1257.5.png,https://raw.githubusercontent.com/c109363/ExperimentImage/main/AllDataResize/InfoVisJ.1257.5.png,Node-link,0.56,,contains more information the layout of the image,Data Density / Image Clutter; Semantics / Text Legibility; Immediacy / Cognitive Load,,layout of the image; more information,dense/cluttered layout; much/more data/info/info spread; involves numbers; hard to interpret/read/understand,(+); (+),Visual Clutter & Overlap; Information Volume; Text Volume & Content; Interpretive Difficulty,layout; image; information,more information (quantity_reference); the image (quantity_reference); layout (layout_component); layout (quantity_reference); image (chart_type); information (cognitive_element),more information (information_quality),,,visualization (whole); data (content)
SciVisJ.645.3.png,https://raw.githubusercontent.com/c109363/ExperimentImage/main/AllDataResize/SciVisJ.645.3.png,Node-link,0.56,,fast readability reading it top to bottom not having to zoom in,Immediacy / Cognitive Load,,fast readability,fast readability,(-),Interpretive Difficulty,fast; readability,readability (quantity_reference),fast (readability); fast (temporal); readability (readability),,,visualization (whole)
InfoVisJ.1569.6.png,https://raw.githubusercontent.com/c109363/ExperimentImage/main/AllDataResize/InfoVisJ.1569.6.png,Point,0.56,,fast readability reading it top to bottom not having to zoom in context; The line allows for processing,Immediacy / Cognitive Load,,The line allows for processing; fast readability,fast readability; easier to process/visualize,(+); (-),Interpretive Difficulty,line; allow; processing; fast; readability,the line (quantity_reference); line (mark); readability (quantity_reference),fast (readability); fast (temporal); readability (readability),,allow (unclustered); processing (unclustered),line (mark); visualization (whole)
v485_n7399_9_f5.png,https://raw.githubusercontent.com/c109363/ExperimentImage/main/AllDataResize/v485_n7399_9_f5.png,Point,0.56,,"Despite the other image (the less complex one) having a legend with chemical compounds (which could be considered complex), the lines in the graph show a clear shape that can be interpreted in less than a second.",Visual Encoding Clarity; Semantics / Text Legibility; Schema; Immediacy / Cognitive Load,,clear shape; lines; legend; chemical compounds; interpreted in less than a second,"clear colors/shapes; lines; too much legend; domain-specific concepts (e.g., chemical, biology, map); easy to interpret/read/understand",(-); (+) (-); (+) (-); (-); (-),Encoding Interpretability; Graphical Forms & Primitives; Annotations & Labels; Domain Familiarity; Interpretive Difficulty,clear; shape; line; legend; chemical; compound; interpret; second,shape (mark); shape (perceptual_element); line (mark); legend (chart_component),clear (readability),shape (evaluative); legend (evaluative); interpret (cognitive),"chemical (unclustered); compound (rare, 1 image); second (rare, 2 images)",visualization (whole); line (mark); legend (furniture); label (text)
whoQ32_2.png,https://raw.githubusercontent.com/c109363/ExperimentImage/main/AllDataResize/whoQ32_2.png,Point,0.56,,The amount of elements in the second image is higher; Graphs take some time to understand; unique data points overlapping data points,Data Density / Image Clutter; Schema; Immediacy / Cognitive Load,,overlapping data points; unique data point; amount of elements higher; Graphs take some time to understand,more charts/points/lines/shapes/elements; overlapping shapes/colors/lines; unique data point; hard to interpret/read/understand/differentiate,(+); (+); (+); (+),Element Quantity; Visual Clutter & Overlap; Domain Familiarity; Interpretive Difficulty,overlap; data; point; unique; datum; element; high; graph; time; understand,data (data_element); point (mark); datum (data_element); element (domain_object); graph (chart_type),unique (familiarity); time (temporal),overlap (spatial); understand (cognitive),"high (in vocab, excluded)",point (mark); visualization (whole); element (mark)
InfoVisJ.349.10.png,https://raw.githubusercontent.com/c109363/ExperimentImage/main/AllDataResize/InfoVisJ.349.10.png,Point,0.56,,Too many shapes Too many colours Too many variables,"Data Density / Image Clutter; Color, Symbol, and Texture Details",,Too many shapes; Too many variables; Too many colors,more charts/points/lines/shapes/elements; more parameters/variables; amount of / too many colors,(+); (+); (+),Element Quantity; Information Volume; Color Palette & Contrast,shape; variable; color,shape (mark); shape (perceptual_element); variable (data_element); color (perceptual_element),too many (quantity_descriptor),shape (evaluative),,shape (mark); data (content); color (property)
InfoVisJ.1634.1.png,https://raw.githubusercontent.com/c109363/ExperimentImage/main/AllDataResize/InfoVisJ.1634.1.png,Area,0.57,,"This image has no description, I have no idea what this is.",Semantics / Text Legibility; Immediacy / Cognitive Load,,no description; no idea what this is,lack of/not enough axis labels/legend/annotations/context; unclear meaning/confusing,(+); (+),Annotations & Labels; Semantic Clarity,description; idea,no idea (quantity_reference); description (annotation); description (quantity_reference); idea (cognitive_element),no idea (information_quality),,,visualization (whole)
InfoVisJ.978.3.png,https://raw.githubusercontent.com/c109363/ExperimentImage/main/AllDataResize/InfoVisJ.978.3.png,Area,0.57,,It's not intuitive enough for me,Aesthetics Uncertainty,,not intuitive,not intuitive/simple data,(+),Visual Disorganization,intuitive,,intuitive (familiarity),,,visualization (whole)
v483_n7388_11_f2.png,https://raw.githubusercontent.com/c109363/ExperimentImage/main/AllDataResize/v483_n7388_11_f2.png,Bar,0.57,,"At first glance, there is more data (lots of bars). It's less visual and requires more interpretation. Text is written sideways",Immediacy / Cognitive Load,,requires more interpretation,more reading/interpretation/understanding,(+),Processing Time & Effort,require; interpretation,interpretation (cognitive_element),interpretation (cognitive),require (evaluative),,visualization (whole)
VisC.233.1.png,https://raw.githubusercontent.com/c109363/ExperimentImage/main/AllDataResize/VisC.233.1.png,Cont.-ColorPatn,0.57,,"-hard to extract info from it -no easy distinction between different colours (black, white, gray?); 1. Image size 2.Small details in the image. 3. Complexity. 4. Creating an image by grouping many shapes.",Data Density / Image Clutter; Visual Encoding Clarity; Immediacy / Cognitive Load,,no easy distinction between colors; hard to extract info; many shapes; small details; Image size,fine/layered details; more charts/points/lines/shapes/elements; image size; hard to distinguish colors; hard to identify/extract/find features,(+); (+); (+); (+); (+),Information Volume; Element Quantity; Graphical Forms & Primitives; Interpretive Difficulty,easy; distinction; color; hard; extract; info; shape; small; detail; image; size,color (perceptual_element); info (cognitive_element); info (quantity_reference); shape (mark); shape (perceptual_element); detail (cognitive_element); image (chart_type); size (perceptual_element),easy (readability); hard (readability); small (size_density),shape (evaluative),"distinction (rare, 1 image); extract (rare, 1 image)",visualization (whole); shape (mark); color (property); detail (content)
v484_n7392_13_f1(1).png,https://raw.githubusercontent.com/c109363/ExperimentImage/main/AllDataResize/v484_n7392_13_f1(1).png,Cont.-ColorPatn,0.57,,I think in the other option its pretty obvious that it is just a heatmap showing the results on an y axis,Semantics / Text Legibility; Schema,,heatmap; y axis,title/axis/label/descriptions; a specific technique,(-); (-),Annotations & Labels; Domain Familiarity,heatmap; axis,axis (chart_component),,,"heatmap (rare, 1 image)",visualization (whole); axes (furniture)
VisJ.1949.18(3).png,https://raw.githubusercontent.com/c109363/ExperimentImage/main/AllDataResize/VisJ.1949.18(3).png,Glyph; Cont.-ColorPatn,0.57,,"background white we see more clearly numbers and legend; Patterns, the image I chose was slightly mesmerizing as my brain wanted to find a pattern in it. More elements. The level of contrast. The colour intensity.","Data Density / Image Clutter; Semantics / Text Legibility; Schema; Color, Symbol, and Texture Details",,background white; numbers and legend; More elements.; wanted to find a pattern; color intensity.; level of contrast.,more charts/points/lines/shapes/elements; lack of/not enough axis labels/legend/annotations/context; unfamiliar concepts/patterns; color intensity; low color contrast/separation/segmentation; white/black background / other background,(+); (+); (+); (+); (+); (+),Element Quantity; Annotations & Labels; Domain Familiarity; Color Palette & Contrast,background; white; number; legend; element; want; find; pattern; color; intensity; level; contrast,number (quantity_reference); legend (chart_component); element (domain_object); pattern (layout_component); pattern (quantity_reference); color (perceptual_element); contrast (perceptual_element),white (color),legend (evaluative); contrast (structural),"background (unclustered); want (rare, 1 image); find (rare, 2 images); intensity (unclustered); level (unclustered)",background (structure); legend (furniture); number (content); data (content); color (property)
InfoVisJ.2251.1(3).png,https://raw.githubusercontent.com/c109363/ExperimentImage/main/AllDataResize/InfoVisJ.2251.1(3).png,Glyph,0.57,,"The right has an alphabetical ordered set of geometry, there are different shades and details on the geometry but it isn't enough to make it more complex than the left.; Information about what the visualisation is showing","Visual Encoding Clarity; Color, Symbol, and Texture Details; Immediacy / Cognitive Load",,alphabetical ordered; set of geometry; different shades; what visualization is showing,ordered; shapes; visualization meaning; color shading,(-); ?; (-); (+),"Position, Scale & Organization; Graphical Forms & Primitives; Semantic Clarity; Color Palette & Contrast",alphabetical; order; set; geometry; different; shade; visualization; show,order (quantity_reference); set (domain_object); set (quantity_reference); shade (perceptual_element),order (structure); different (structure),show (semantic),"alphabetical (rare, 1 image); geometry (unclustered); visualization (unclustered)",visualization (whole); label (text); color (property); shape (mark)
InfoVisJ.1558.11(3).png,https://raw.githubusercontent.com/c109363/ExperimentImage/main/AllDataResize/InfoVisJ.1558.11(3).png,Glyph,0.57,,"the other one i have no context to what its about; The swirling pattern of the dots, along with the colours, make it appear more complex.",Semantics / Text Legibility,,no context,lack of/not enough axis labels/legend/annotations/context,(+) (-),Annotations & Labels,context,no context (quantity_reference); context (cognitive_element); context (quantity_reference),no context (information_quality),,,visualization (whole)
InfoVisJ.946.6.png,https://raw.githubusercontent.com/c109363/ExperimentImage/main/AllDataResize/InfoVisJ.946.6.png,Grid,0.57,,#NAME?,Data Density / Image Clutter; Immediacy / Cognitive Load,,more information; need more time to understand,much/more data/info/info spread; take longer to interpret,(+); (+),Information Volume; Processing Time & Effort,information; need; time; understand,more information (quantity_reference); more time (quantity_reference); information (cognitive_element),more information (information_quality); more time (temporal); time (temporal),need (evaluative); understand (cognitive),,visualization (whole); data (content)
InfoVisJ.2072.12.png,https://raw.githubusercontent.com/c109363/ExperimentImage/main/AllDataResize/InfoVisJ.2072.12.png,Grid,0.57,,more colours and would take a few more moments to process.,"Color, Symbol, and Texture Details; Immediacy / Cognitive Load",,more colors; few more moments to process,color variety/arrangement/distribution; take longer to interpret,(+) (-); (+),Color Palette & Contrast; Processing Time & Effort,color; moment; process,color (perceptual_element); process (quantity_reference),,,"moment (rare, 1 image)",visualization (whole); color (property); element (mark)
VASTJ.31.12(3).png,https://raw.githubusercontent.com/c109363/ExperimentImage/main/AllDataResize/VASTJ.31.12(3).png,Grid,0.57,,Volume of information Time to evaluate context Spread of information on the image Data interpretation,Data Density / Image Clutter,,Spread of information; Volume of information,many/more data/info; much/more data/info/info spread,(+) (-); (+) (-),Element Quantity; Information Volume,spread; information; volume,spread (data_element); spread (quantity_reference); information (cognitive_element); volume (quantity_reference),spread (quantity_descriptor); volume (quantity_descriptor),spread (spatial),,visualization (whole); data (content)
InfoVisJ.967.6.png,https://raw.githubusercontent.com/c109363/ExperimentImage/main/AllDataResize/InfoVisJ.967.6.png,Grid,0.57,,Image 1 has no detail.,Data Density / Image Clutter,,no detail,no detail,(+),Information Volume,detail,no detail (quantity_reference); detail (cognitive_element),no detail (information_quality),,,visualization (whole)
InfoVisJ.2023.3.png,https://raw.githubusercontent.com/c109363/ExperimentImage/main/AllDataResize/InfoVisJ.2023.3.png,Grid,0.57,,It gave information in a technical way.,Schema,,information in technical way,technical encoding,(+),Domain Familiarity,information; technical; way,information (cognitive_element),,,"technical (rare, 1 image); way (filtered, 7 images)",visualization (whole)
SciVisJ.822.18.png,https://raw.githubusercontent.com/c109363/ExperimentImage/main/AllDataResize/SciVisJ.822.18.png,Grid,0.57,,,Semantics / Text Legibility; Immediacy / Cognitive Load,,Comprehensibility; Readability,readability; easy to interpret/read/understand,(-); (-),Typography & Readability; Interpretive Difficulty,comprehensibility; readability,readability (quantity_reference),readability (readability),,comprehensibility (unclustered),visualization (whole); label (text)
wsj603.png,https://raw.githubusercontent.com/c109363/ExperimentImage/main/AllDataResize/wsj603.png,Line,0.57,,had many small details like the small ups and downs. There are much more information; The one on the right seems like it's fairly easy to read; There were more colours in the image on the left. The shapes and lines were more complex; Comprehensibility Readability,"Data Density / Image Clutter; Visual Encoding Clarity; Color, Symbol, and Texture Details; Immediacy / Cognitive Load",,shapes and lines; more colors; fairly easy to read; many small details; much more information,fine/layered details; much/more data/info/info spread; shapes and lines; color variety/arrangement/distribution; easy to interpret/read/understand,(+); (+) (-); (-); (+); (+),Information Volume; Graphical Forms & Primitives; Color Palette & Contrast; Interpretive Difficulty,shape; line; color; fairly; easy; read; small; detail; information,more information (quantity_reference); shape (mark); shape (perceptual_element); line (mark); color (perceptual_element); detail (cognitive_element); information (cognitive_element),more information (information_quality); easy (readability); small (size_density),shape (evaluative); read (cognitive),"fairly (rare, 1 image)",line (mark); shape (mark); color (property); detail (content); data (content)
VisC.263.7.png,https://raw.githubusercontent.com/c109363/ExperimentImage/main/AllDataResize/VisC.263.7.png,Line,0.57,,"Pixeled picture, hard to understand meaning, bad choice of colors.",Aesthetics Uncertainty; Immediacy / Cognitive Load,,Pixeled picture; bad choice of colors; hard to understand,pixeled picture; unclear colors/contrast; hard to interpret/read/understand,(+); (+); (+),Visual Disorganization; Perceptual Ambiguity; Interpretive Difficulty,pixele; picture; bad; choice; color; hard; understand,picture (chart_type); choice (quantity_reference); color (perceptual_element),bad (aesthetics); hard (readability),understand (cognitive),"pixele (rare, 1 image)",visualization (whole); color (property); element (mark)
v490_n7419_13_f3.png,https://raw.githubusercontent.com/c109363/ExperimentImage/main/AllDataResize/v490_n7419_13_f3.png,Point,0.57,,The image on the right is easier to take in information and not as cluttered as the one on the left.,Schema; Immediacy / Cognitive Load,,not as cluttered; easier to take in information,organized/structured; easier to process/visualize,(-); (-),Dimensionality & Structure; Interpretive Difficulty,cluttered; easy; information,information (cognitive_element),cluttered (complexity); cluttered (aesthetics); easy (readability),,,visualization (whole); region (structure)
v488_n7412_8_f1.png,https://raw.githubusercontent.com/c109363/ExperimentImage/main/AllDataResize/v488_n7412_8_f1.png,Point,0.57,,"well on the right is a picture of the pacific ocean, its easily noticable and it has labels for islands. it is something i am familiar with.",Semantics / Text Legibility; Schema,,labels; familiar with; picture of pacific ocean,"title/axis/label/descriptions; domain-specific concepts (e.g., chemical, biology, map); familiar representation",(+) (-); (-); (-),Annotations & Labels; Domain Familiarity,label; familiar; picture; pacific; ocean,label (chart_component); picture (chart_type),familiar (familiarity),label (semantic),"pacific (rare, 1 image); ocean (rare, 1 image)",visualization (whole); label (text); region (structure)
visMost460.png,https://raw.githubusercontent.com/c109363/ExperimentImage/main/AllDataResize/visMost460.png,Point,0.57,,There are a lot more aspects to keep track of in the highlighted one. the other does that and more.,Data Density / Image Clutter,,a lot more aspects,more charts/points/lines/shapes/elements,(+),Element Quantity,lot; aspect,a lot (quantity_reference); lot (quantity_reference); aspect (cognitive_element); aspect (quantity_reference),a lot (quantity_descriptor); lot (quantity_descriptor),,,visualization (whole)
InfoVisJ.599.4.png,https://raw.githubusercontent.com/c109363/ExperimentImage/main/AllDataResize/InfoVisJ.599.4.png,Area,0.58,,Geographical maps are less complex to me,Schema; Immediacy / Cognitive Load,,Geographical maps; less complex to me,"domain-specific concepts (e.g., chemical, biology, map); easy to derive meaning",(-); (-),Domain Familiarity; Interpretive Difficulty,geographical; map; complex,map (chart_type),complex (complexity),,"geographical (rare, 1 image)",visualization (whole)
wsj226.png,https://raw.githubusercontent.com/c109363/ExperimentImage/main/AllDataResize/wsj226.png,Bar,0.58,,much more detailed. It shows me how much crop each country/region produces and how that changed over one year.,Visual Encoding Clarity,,how that changed over one year; shows crop each country/region produces,change over time; crop production shown,(+); (+),Graphical Forms & Primitives,change; year; show; crop; country; region; produce,country (domain_object); region (domain_object),,show (semantic),"change (unclustered); year (rare, 2 images); crop (rare, 1 image); produce (rare, 1 image)",visualization (whole); region (structure); category (content)
InfoVisC.57.4.png,https://raw.githubusercontent.com/c109363/ExperimentImage/main/AllDataResize/InfoVisC.57.4.png,Bar,0.58,,lots of colours close together; not sure what the circles in the middle are representing,"Color, Symbol, and Texture Details; Immediacy / Cognitive Load",,lots of colors close together; not sure what the circles are representing,unclear shape meaning; color variety/arrangement/distribution,(+); (+),Semantic Clarity; Color Palette & Contrast,lot; color; close; sure; circle; represent,lot (quantity_reference); color (perceptual_element); circle (mark),lot (quantity_descriptor),represent (semantic),"close (unclustered); sure (in vocab, excluded)",point (mark); color (property)
VisJ.1515.12.png,https://raw.githubusercontent.com/c109363/ExperimentImage/main/AllDataResize/VisJ.1515.12.png,Cont.-ColorPatn,0.58,,"it was harder for my eyes to focus on the colours in this picture making it harder to adjust and see the colours.; the contrast of the colors is really weird and it doesnt make sense; Colour coded for separating facts; more lines, making it more difficult to identify differences in the information presented; i have no idea what is going on. i cannot make sense of it; I didn't understand what the left image was demonstrating; i have more dificulty to read this image for me.i don't know what to say; really don't understand this one; Processing information is not possible on the selected image; no context; too dark; Hard measure; Hard to find exact feature; I was looking for images that made sense to me, in terms of how I would retrieve data, the orange highlighted one gave me no further information; the image is not as understandable in terms of shapes and what it resembles","Data Density / Image Clutter; Visual Encoding Clarity; Semantics / Text Legibility; Schema; Color, Symbol, and Texture Details; Aesthetics Uncertainty; Immediacy / Cognitive Load",,don't understand; didn't understand; in terms of shapes; what it resembles; not as understandable; Processing information is not possible; more lines; Color coded for separating facts; difficult to identify differences in information; no context; too dark; cannot make sense of it; contrast of the colors; color contrast really weird; colors; harder for my eyes to focus; gave no further information; don't know what to say; exact feature; measure; Hard measure; Hard to find exact feature,more charts/points/lines/shapes/elements; exact feature; no more information; representation; understand/read shapes; lack of/not enough axis labels/legend/annotations/context; unfamiliar concepts/patterns; low color contrast/separation/segmentation; unclear coloring; unclear colormaps; unclear colors/contrast; hard to compare/discern/distinguish; hard to identify/extract/find features; hard to measure/model; less understandable; more difficult to focus/follow; not interpretable/readable/understandable,(+); (+); (+); (+); (+); (+); (+); (+); (+); (+) (-); (+); (+); (+); (+); (+) (-); (+); (+); (+); (+); (+); (+); (+),Element Quantity; Graphical Forms & Primitives; Information Volume; Domain Familiarity; Encoding Interpretability; Annotations & Labels; Color Palette & Contrast; Perceptual Ambiguity; Interpretive Difficulty,understand; term; shape; resemble; understandable; process; information; possible; line; color; cod; separate; fact; difficult; identify; difference; context; dark; sense; contrast; weird; hard; eye; focus; give; know; exact; feature; measure; find,color contrast (perceptual_element); no context (quantity_reference); term (annotation); term (quantity_reference); shape (mark); shape (perceptual_element); process (quantity_reference); information (cognitive_element); line (mark); color (perceptual_element); difference (quantity_reference); context (cognitive_element); context (quantity_reference); sense (cognitive_element); contrast (perceptual_element); feature (domain_object),color contrast (color); no context (information_quality); understandable (readability); separate (structure); difficult (readability); dark (color); sense (cognitive); weird (familiarity); hard (readability); exact (information_quality),make sense (cognitive); understand (cognitive); shape (evaluative); separate (spatial); separate (structural); identify (semantic); identify (perceptual); contrast (structural); focus (structural); focus (perceptual); know (cognitive),"resemble (rare, 1 image); possible (rare, 1 image); cod (rare, 1 image); fact (unclustered); eye (unclustered); give (unclustered); measure (unclustered); find (rare, 2 images)",line (mark); shape (mark); color (property); legend (furniture); label (text); background (structure)
v490_n7420_13_f4.png,https://raw.githubusercontent.com/c109363/ExperimentImage/main/AllDataResize/v490_n7420_13_f4.png,Line,0.58,,"Can see the line movement easier, descriptions are eye catching because of color formats.","Visual Encoding Clarity; Semantics / Text Legibility; Color, Symbol, and Texture Details",,Can see line movement; descriptions are eye catching; color formats,line movement; eye-catching description; unclear colormaps,(+); (+); (+),Graphical Forms & Primitives; Annotations & Labels; Color Palette & Contrast,line; movement; description; eye; catch; color; format,line (mark); description (annotation); description (quantity_reference); color (perceptual_element),,,"movement (unclustered); eye (unclustered); catch (rare, 1 image); format (rare, 2 images)",line (mark); annotation (text); color (property)
SciVisJ.1025.10.png,https://raw.githubusercontent.com/c109363/ExperimentImage/main/AllDataResize/SciVisJ.1025.10.png,Line,0.58,,"I guess it has something to do with familiarity.
The one to the left where it's ranking things.; condensate readability simplicity confusion",Schema,,familiarity; ranking things,a specific technique; familiar representation,(-); (-),Domain Familiarity,familiarity; rank; thing,,,,familiarity (unclustered); rank (unclustered); thing (unclustered),visualization (whole); hierarchy (structure)
visMost92.png,https://raw.githubusercontent.com/c109363/ExperimentImage/main/AllDataResize/visMost92.png,Line,0.58,,"the image has more colors, it has text, a grid, and icons (the thunders); Number of levels and levels; misunderstanding of shapes.","Visual Encoding Clarity; Semantics / Text Legibility; Schema; Color, Symbol, and Texture Details",,text; icons; more colors; misunderstanding of shapes; number of levels,number of levels; understand/read shapes; word/text/sentence; color variety/arrangement/distribution; icons; shape misunderstanding,(+) (-); (+); (+) (-); (+); (+),Dimensionality & Structure; Encoding Interpretability; Text Volume & Content; Color Palette & Contrast; Symbols & Texture; Graphical Forms & Primitives,text; icon; color; misunderstanding; shape; number; level,text (annotation); color (perceptual_element); shape (mark); shape (perceptual_element); number (quantity_reference),,shape (evaluative),icon (unclustered); misunderstanding (unclustered); level (unclustered),label (text); symbol (mark); color (property); shape (mark); hierarchy (structure)
InfoVisJ.349.8(4).png,https://raw.githubusercontent.com/c109363/ExperimentImage/main/AllDataResize/InfoVisJ.349.8(4).png,Node-link,0.58,,overall visually complexed. No data entry for the chosen one hard to understand that what is defined in the picture.,Data Density / Image Clutter; Immediacy / Cognitive Load,,No data entry; hard to understand,little data/info; hard to interpret/read/understand,(+); (+),Information Volume; Interpretive Difficulty,data; entry; hard; understand,data (data_element),hard (readability),understand (cognitive),entry (unclustered),visualization (whole); region (structure)
InfoVisJ.2072.7.png,https://raw.githubusercontent.com/c109363/ExperimentImage/main/AllDataResize/InfoVisJ.2072.7.png,Node-link,0.58,,"I'm unsure what the second one is about, but it's tidier and cleaner. I also like the colours used.","Schema; Color, Symbol, and Texture Details; Immediacy / Cognitive Load",,cleaner; tidier; like the colors; unsure what the image is about,organized/structured; appealing colors; unclear meaning/confusing,(-); (-); (-); (-),Dimensionality & Structure; Color Palette & Contrast; Semantic Clarity,cleaner; tidier; color; unsure; image,the image (quantity_reference); color (perceptual_element); image (chart_type),,,"cleaner (rare, 1 image); tidier (unclustered); unsure (unclustered)",visualization (whole); color (property); layout (structure); label (text)
InfoVisJ.957.25.png,https://raw.githubusercontent.com/c109363/ExperimentImage/main/AllDataResize/InfoVisJ.957.25.png,Node-link,0.58,,It's easier to see the differences.,Immediacy / Cognitive Load,,easier to see the differences,easier to see/tell/visualize,(-),Interpretive Difficulty,easy; difference,difference (quantity_reference),easy (readability),,,visualization (whole)
whoK22.png,https://raw.githubusercontent.com/c109363/ExperimentImage/main/AllDataResize/whoK22.png,Point,0.58,,the lines are going in different directiopns and amounts. i think it's harder to follow the sense of the graphic as there's no images or information that instantly falls into your view,Visual Encoding Clarity; Immediacy / Cognitive Load,,lines going in different directiopns and amounts; harder to follow the sense of the graphic,indistinguishable/unintuitive lines; more difficult to focus/follow,(+); (+),Graphical Forms & Primitives; Interpretive Difficulty,line; different; directiopns; amount; hard; follow; sense; graphic,the graphic (quantity_reference); line (mark); amount (quantity_reference); sense (cognitive_element); graphic (chart_type); graphic (quantity_reference),different (structure); hard (readability); sense (cognitive); graphic (aesthetics),follow (perceptual),"directiopns (rare, 1 image)",line (mark); visualization (whole)
MorphableWordClouds21.png,https://raw.githubusercontent.com/c109363/ExperimentImage/main/AllDataResize/MorphableWordClouds21.png,Text,0.58,,"More colour, more text, more complex shape.","Visual Encoding Clarity; Semantics / Text Legibility; Color, Symbol, and Texture Details",,more complex shape; more text; more color,curves and shapes; more texts/words; color variety/arrangement/distribution,(+); (+); (+),Graphical Forms & Primitives; Text Volume & Content; Color Palette & Contrast,complex; shape; text; color,more color (quantity_reference); more text (quantity_reference); shape (mark); shape (perceptual_element); text (annotation); color (perceptual_element),more color (color); complex (complexity),shape (evaluative),,visualization (whole); label (text); shape (mark); color (property)
economist_daily_chart_493.png,https://raw.githubusercontent.com/c109363/ExperimentImage/main/AllDataResize/economist_daily_chart_493.png,Area,0.59,,"Amount of details, draw style, colors","Data Density / Image Clutter; Schema; Color, Symbol, and Texture Details",,Amount of details; colors; draw style,more detailed/things; drawing style; unclear colormaps,(+) (-); (+) (-); (+) (-),Information Volume; Domain Familiarity; Color Palette & Contrast,detail; color; draw; style,detail (cognitive_element); color (perceptual_element),,,draw (unclustered); style (unclustered),visualization (whole); data (content); color (property); encoding (property)
visMost147.png,https://raw.githubusercontent.com/c109363/ExperimentImage/main/AllDataResize/visMost147.png,Area; Cont.-ColorPatn,0.59,,"On the left side, relevant data is mostly focused on about 1/3 of the image, the rest can be ignored. It is based on a familiar representation (the world map), which reduces the effort necessary to comprehend the meaning of the data.; So many individual dots would feel as a tough job to identify all the small and sparse dots; I see the image highlighted in orange as more complex because: - the color aspect (grey map on dark background) - visually too much color or details in a condensed zone - small font for the text in the description","Data Density / Image Clutter; Semantics / Text Legibility; Schema; Color, Symbol, and Texture Details; Immediacy / Cognitive Load",,many individual dots; small and sparse dots; tough job to identify; mostly focused on about 1/3 of the image; familiar representation; the world map; reduces the effort to comprehend; too much details; too much color; small font in the description; map,"concentrated; more charts/points/lines/shapes/elements; too many details/divisions; word rotation/small font size; domain-specific concepts (e.g., chemical, biology, map); familiar representation; too many colors; easy to interpret/read/understand; hard to identify/extract/find features",(+); (+); (+); (-); (-); (-); (-); (+); (+); (+); (+) (-),Visual Clutter & Overlap; Element Quantity; Typography & Readability; Domain Familiarity; Color Palette & Contrast; Interpretive Difficulty,individual; dot; small; sparse; tough; job; identify; focus; image; familiar; representation; world; map; reduce; effort; comprehend; detail; color; font; description,world map (chart_type); the image (quantity_reference); dot (mark); image (chart_type); world (domain_object); map (chart_type); detail (cognitive_element); color (perceptual_element); font (annotation); description (annotation); description (quantity_reference),too much (quantity_descriptor); individual (structure); small (size_density); familiar (familiarity),identify (semantic); identify (perceptual); focus (structural); focus (perceptual); comprehend (cognitive),"sparse (rare, 1 image); tough (rare, 2 images); job (rare, 1 image); representation (rare, 1 image); reduce (rare, 1 image); effort (rare, 2 images)",visualization (whole); point (mark); color (property); label (text); region (structure)
economist_daily_chart_406.png,https://raw.githubusercontent.com/c109363/ExperimentImage/main/AllDataResize/economist_daily_chart_406.png,Area,0.59,,The map on the left is immediately recognizable; the labels on the left image are clear and easy to read; the title of the visualization and therefore the purpose of the visualization is clearer on the left.,Semantics / Text Legibility; Schema,,immediately recognizable; labels are clear and easy to read; title and purpose of the visualization is clearer,clear title/axis/label; familiar representation,(-); (-); (-),Annotations & Labels; Domain Familiarity,immediately; recognizable; label; clear; easy; read; title; purpose; visualization,label (chart_component); title (chart_component); purpose (cognitive_element),recognizable (familiarity); clear (readability); easy (readability); purpose (cognitive),label (semantic); read (cognitive),immediately (unclustered); visualization (unclustered),visualization (whole); label (text); title (text)
VASTC.107.8.png,https://raw.githubusercontent.com/c109363/ExperimentImage/main/AllDataResize/VASTC.107.8.png,Cont.-ColorPatn,0.59,,i found it hard to distinguish the colours in this picture. My eyes felt blurry when concentrating on the image.,"Color, Symbol, and Texture Details; Aesthetics Uncertainty",,hard to distinguish the colors; eyes felt blurry,lack of color contrast / hard to distinguish colors; distracting/confusing/unclear,(+); (+),Color Palette & Contrast; Visual Disorganization,hard; distinguish; color; eye; feel; blurry,color (perceptual_element),hard (readability),distinguish (structural); feel (perceptual),eye (unclustered); blurry (unclustered),color (property); visualization (whole)
SciVisJ.1819.4(5).png,https://raw.githubusercontent.com/c109363/ExperimentImage/main/AllDataResize/SciVisJ.1819.4(5).png,Cont.-ColorPatn,0.59,,The graphic at the bottom left corner. The difference between light and dark; The colours are harder to look at for me,"Color, Symbol, and Texture Details; Aesthetics Uncertainty",,light and dark; The colors are harder to look at for me,low color contrast/separation/segmentation; unclear colors/contrast,(+); (+),Color Palette & Contrast; Perceptual Ambiguity,light; dark; color; hard; look,color (perceptual_element),dark (color); hard (readability),,"light (unclustered); look (filtered, 16 images)",visualization (whole); color (property)
VisC.233.3(2).png,https://raw.githubusercontent.com/c109363/ExperimentImage/main/AllDataResize/VisC.233.3(2).png,Cont.-ColorPatn,0.59,,"There are many circles in the left image, with a non repeating pattern, meaning it all has a meaning, especially with how many times black changes into white","Data Density / Image Clutter; Color, Symbol, and Texture Details",,many circles; black changes into white,more charts/points/lines/shapes/elements; black-to-white/color gradient,(+); (+),Element Quantity; Color Palette & Contrast,circle; black; change; white,circle (mark),black (color); white (color),,change (unclustered),point (mark); color (property)
VisC.295.3.png,https://raw.githubusercontent.com/c109363/ExperimentImage/main/AllDataResize/VisC.295.3.png,Cont.-ColorPatn,0.59,,"very weird color, when im lookin for more than 5 seconds its so dificult to keep my eyes on",Aesthetics Uncertainty; Immediacy / Cognitive Load,,very weird color; difficult to keep my eyes on,unclear colors/contrast; hard to focus/follow,(+); (+),Perceptual Ambiguity; Interpretive Difficulty,weird; color; difficult; eye,color (perceptual_element),weird (familiarity); difficult (readability),,eye (unclustered),visualization (whole); color (property)
whoQ42_6.png,https://raw.githubusercontent.com/c109363/ExperimentImage/main/AllDataResize/whoQ42_6.png,Line,0.59,,The image I selected feels more visually complex due to the messiness of the graph and the lack of colour diversity. I have a hard time gleaning what it is trying to convey due to the bad design of the graph. This makes it more complex in my head as I need to think harder to get any useful information from it.,"Color, Symbol, and Texture Details; Aesthetics Uncertainty; Immediacy / Cognitive Load",,lack of color diversity; bad design of the graph; messiness of the graph; hard time gleaning what it convey; think harder to get useful information,color variety/arrangement/distribution; distracting/confusing/unclear; looks random/messy/lack structure; hard to interpret/read/understand/differentiate; more thinking,(+); (+); (+); (+); (+),Color Palette & Contrast; Visual Disorganization; Interpretive Difficulty; Processing Time & Effort,lack; color; diversity; bad; design; graph; messiness; hard; time; glean; convey; think; useful; information,the graph (quantity_reference); color (perceptual_element); design (quantity_reference); graph (chart_type); information (cognitive_element),bad (aesthetics); hard (readability); time (temporal),lack (evaluative); convey (semantic); think (cognitive),"diversity (rare, 1 image); messiness (unclustered); glean (unclustered); useful (rare, 1 image)",visualization (whole); color (property); layout (structure); data (content)
SciVisJ.867.6.png,https://raw.githubusercontent.com/c109363/ExperimentImage/main/AllDataResize/SciVisJ.867.6.png,Line,0.59,,"The data points  are closer together, making them harder to read and discern. It is the combination of circles and lines in the picture on the right that make it more complex.; There are many lines on the graph and I'm not familiar with them.",Data Density / Image Clutter; Visual Encoding Clarity; Schema; Immediacy / Cognitive Load,,many lines; unfamiliar; data points are closer; circles and lines; harder to read and discern,dense points/lines/shapes/elements; more charts/points/lines/shapes/elements; shapes and lines; unfamiliar concepts/patterns; more difficult to interpret/read/understand/differentiate,(+) (-); (+); (+); (+); (+),Element Quantity; Graphical Forms & Primitives; Domain Familiarity; Interpretive Difficulty,line; unfamiliar; data; point; close; circle; hard; read; discern,line (mark); data (data_element); point (mark); circle (mark),unfamiliar (familiarity); hard (readability),read (cognitive); discern (perceptual),close (unclustered),line (mark); point (mark); visualization (whole)
wsj533.png,https://raw.githubusercontent.com/c109363/ExperimentImage/main/AllDataResize/wsj533.png,Point,0.59,,The image to the left is clear and concise and easier to read,Semantics / Text Legibility; Aesthetics Uncertainty,,clear and concise; easier to read,clear and concise; easier to read,(-); (-),Visual Disorganization; Typography & Readability,clear; concise; easy; read,,clear (readability); easy (readability),read (cognitive),concise (unclustered),visualization (whole); label (text)
wsj294.png,https://raw.githubusercontent.com/c109363/ExperimentImage/main/AllDataResize/wsj294.png,Point,0.59,,"Excessive Data Points: When a chart contains too many data points, it can overwhelm the viewer and make it difficult to discern meaningful patterns or trends. Cluttered Labels and Annotations: If labels, titles, and annotations are excessively crowded or overlapping, it can make it challenging to identify specific elements within the chart. Poor Color Choices: Using too many colors or poorly contrasting colors can make it difficult to differentiate between different data series or categories. Data Overload: Including too much data in a single chart or diagram can make it difficult to focus on the most important information and can obscure key insights.; less visually appealing, harder to discern information- more going on","Data Density / Image Clutter; Semantics / Text Legibility; Color, Symbol, and Texture Details; Aesthetics Uncertainty; Immediacy / Cognitive Load",,"Cluttered Labels and Annotations; Excessive Data Points; excessively crowded or overlapping; too many data points; too much data; labels, titles, and annotations; Poor Color Choices; poorly contrasting colors; too many colors; more going on; less visually appealing; harder to discern information",dense points/lines/shapes/elements; dense/cluttered data/info; more detailed/things; too many points/lines/shapes/elements; too much data/info; cluttered labels/annotations; title/axis/label/descriptions; color variety/arrangement/distribution; too many colors; less attractive; more difficult to compare/discern/distinguish,(+); (+); (+); (+); (+); (+); (+); (+); (+); (+); (+); (+),Element Quantity; Visual Clutter & Overlap; Information Volume; Annotations & Labels; Color Palette & Contrast; Visual Disorganization; Interpretive Difficulty,cluttered; label; annotation; excessive; datum; point; excessively; crowded; overlapping; data; title; poor; color; choice; poorly; contrast; visually; appealing; hard; discern; information,label (chart_component); annotation (chart_component); annotation (annotation); annotation (quantity_reference); datum (data_element); point (mark); data (data_element); title (chart_component); color (perceptual_element); choice (quantity_reference); contrast (perceptual_element); information (cognitive_element),visually appealing (aesthetics); too many (quantity_descriptor); too much (quantity_descriptor); cluttered (complexity); cluttered (aesthetics); overlapping (structure); hard (readability),label (semantic); contrast (structural); discern (perceptual),"excessive (rare, 1 image); excessively (unclustered); crowded (unclustered); poor (rare, 1 image); poorly (rare, 1 image); visually (in vocab, excluded); appealing (unclustered)",point (mark); label (text); annotation (text); title (text); color (property); legend (furniture)
v488_n7413_12_f2.png,https://raw.githubusercontent.com/c109363/ExperimentImage/main/AllDataResize/v488_n7413_12_f2.png,Point,0.59,,The image with the orange box has many data points; ambiguous numbers; different shapes of data points; more words that take longer to decode,Data Density / Image Clutter; Visual Encoding Clarity; Semantics / Text Legibility; Immediacy / Cognitive Load,,many data points; different shapes of data points; ambiguous numbers; more words; take longer to decode,more charts/points/lines/shapes/elements; shape size variation; ambiguous numbers; more texts/words; take longer to interpret,(+); (+); (+); (+); (+),Element Quantity; Graphical Forms & Primitives; Text Volume & Content; Processing Time & Effort,data; point; different; shape; ambiguous; number; word; long; decode,data (data_element); point (mark); shape (mark); shape (perceptual_element); number (quantity_reference); word (annotation),different (structure); ambiguous (readability); ambiguous (information_quality); long (temporal),shape (evaluative),"decode (rare, 1 image)",point (mark); label (text); visualization (whole)
InfoVisJ.669.4.png,https://raw.githubusercontent.com/c109363/ExperimentImage/main/AllDataResize/InfoVisJ.669.4.png,Point,0.59,,More data points on second image. Labelled axis; #NAME?,Data Density / Image Clutter; Semantics / Text Legibility,,More data points; Labeled axis,more charts/points/lines/shapes/elements; labeled axis,(+); (+),Element Quantity; Annotations & Labels,datum; point; label; axis,datum (data_element); point (mark); label (chart_component); axis (chart_component),,label (semantic),,point (mark); axis_label (text)
InfoVisJ.2556.10(2).png,https://raw.githubusercontent.com/c109363/ExperimentImage/main/AllDataResize/InfoVisJ.2556.10(2).png,Text,0.59,,il.logic; The density of text - Hard to understand,Semantics / Text Legibility; Aesthetics Uncertainty; Immediacy / Cognitive Load,,illogical; density of text; Hard to understand,clear text arrangement/density; hard to interpret/read/understand; not intuitive/simple data,(-); (+); (+),Typography & Readability; Interpretive Difficulty; Visual Disorganization,illogical; density; text; hard; understand,density (data_element); density (quantity_reference); text (annotation),hard (readability),understand (cognitive),"illogical (rare, 1 image)",visualization (whole); label (text); layout (structure)
VisJ.1261.4.png,https://raw.githubusercontent.com/c109363/ExperimentImage/main/AllDataResize/VisJ.1261.4.png,Area,0.6,,"No numbers to identify anything, no chart with details, no bars, i don't know how to interpretate that image",Semantics / Text Legibility; Immediacy / Cognitive Load,,No numbers to identify anything; don't know how to interpretate,lack of/not enough axis labels/legend/annotations/context; not interpretable/readable/understandable,(+); (+),Annotations & Labels; Interpretive Difficulty,number; identify; know; interpretate,number (quantity_reference),,identify (semantic); identify (perceptual); know (cognitive),"interpretate (rare, 1 image)",visualization (whole); label (text); data (content)
v484_n7395_11_f1.png,https://raw.githubusercontent.com/c109363/ExperimentImage/main/AllDataResize/v484_n7395_11_f1.png,Area; Cont.-ColorPatn,0.6,,#NAME?,Immediacy / Cognitive Load,,color hard to identify; difficult to understand,hard to identify/extract/find features; hard to interpret/read/understand,(+); (+),Interpretive Difficulty,color; hard; identify; difficult; understand,color (perceptual_element),hard (readability); difficult (readability),identify (semantic); identify (perceptual); understand (cognitive),,visualization (whole); color (property); legend (furniture)
whoJ48_2.png,https://raw.githubusercontent.com/c109363/ExperimentImage/main/AllDataResize/whoJ48_2.png,Area,0.6,,It is very clear from the map what the colours represent,"Schema; Color, Symbol, and Texture Details",,colors; map,"domain-specific concepts (e.g., chemical, biology, map); unclear colormaps",(+) (-); (+) (-),Domain Familiarity; Color Palette & Contrast,color; map,color (perceptual_element); map (chart_type),,,,visualization (whole); color (property)
VisC.495.10(1).png,https://raw.githubusercontent.com/c109363/ExperimentImage/main/AllDataResize/VisC.495.10(1).png,Cont.-ColorPatn,0.6,,It's separating the value by colors,"Color, Symbol, and Texture Details",,separating value by colors,separate values by color to show differences,(+),Color Palette & Contrast,separate; value; color,value (data_element); value (quantity_reference); color (perceptual_element),separate (structure),separate (spatial); separate (structural),,visualization (whole); color (property); data (content)
InfoVisJ.1558.11(6).png,https://raw.githubusercontent.com/c109363/ExperimentImage/main/AllDataResize/InfoVisJ.1558.11(6).png,Glyph,0.6,,The elements in the first image are more evenly distributed but do not seem to present much interaction between them.; the other one only has dots,Visual Encoding Clarity; Semantics / Text Legibility; Schema,,more evenly distributed; not much interaction; only has dots,more uniform design; no interaction; shapes and lines,(-); (-); (-),Dimensionality & Structure; Annotations & Labels; Graphical Forms & Primitives,evenly; distribute; interaction; dot,dot (mark),,distribute (spatial),"evenly (rare, 1 image); interaction (rare, 1 image)",point (mark); data (content); link (structure)
VisJ.1949.13.png,https://raw.githubusercontent.com/c109363/ExperimentImage/main/AllDataResize/VisJ.1949.13.png,Glyph; Cont.-ColorPatn,0.6,,"It's too many dots and different color. Also, it's darker.","Data Density / Image Clutter; Color, Symbol, and Texture Details",,too many dots; darker; different color,more charts/points/lines/shapes/elements; color variety/arrangement/distribution; unclear coloring,(+); (+); (+),Element Quantity; Color Palette & Contrast,dot; darker; different; color,different color (quantity_reference); dot (mark); color (perceptual_element),different color (color); too many (quantity_descriptor); different (structure),,darker (unclustered),point (mark); color (property)
vis393.png,https://raw.githubusercontent.com/c109363/ExperimentImage/main/AllDataResize/vis393.png,Grid,0.6,,"There are multiple components to this graphic. At first glance, there looks like there is a lot more to understand than the one on the right.",Data Density / Image Clutter; Immediacy / Cognitive Load,,a lot more to understand; multiple components,more to read/analyze/understand; multiple features/elements/graphs,(+); (+),Processing Time & Effort; Element Quantity,lot; understand; multiple; component,a lot (quantity_reference); lot (quantity_reference),a lot (quantity_descriptor); lot (quantity_descriptor); multiple (structure),understand (cognitive),component (unclustered),visualization (whole); element (mark)
VASTJ.1448.5.png,https://raw.githubusercontent.com/c109363/ExperimentImage/main/AllDataResize/VASTJ.1448.5.png,Node-link,0.6,,"Num of objects/words, how objects spread over the whole picture",Data Density / Image Clutter; Semantics / Text Legibility,,Num of objects/words; how objects spread; words,more charts/points/lines/shapes/elements; much/more data/info/info spread; word/text/sentence,(+) (-); (+) (-); (+) (-),Element Quantity; Information Volume; Text Volume & Content,num; object; word; spread,object (domain_object); word (annotation); spread (data_element); spread (quantity_reference),spread (quantity_descriptor),spread (spatial),num (unclustered),label (text); layout (structure)
InfoVisJ.349.8.png,https://raw.githubusercontent.com/c109363/ExperimentImage/main/AllDataResize/InfoVisJ.349.8.png,Node-link,0.6,,not as sure on this one but at first glance the dots were hard to visualise. Having looked at it again i am not sure I would have selected same image but at time I thought that because there was not any text it would be hard to connect this.,Semantics / Text Legibility; Immediacy / Cognitive Load,,there was not any text; at first glance the dots were hard to visualise; i am not sure I would have selected same image; it would be hard to connect this; not as sure on this one,lack of/not enough axis labels/legend/annotations/context; hard to interpret/read/understand; hard to see/tell/visualize; unclear meaning/confusing,(+); (+); (+); (+); (+),Annotations & Labels; Interpretive Difficulty; Semantic Clarity,text; glance; dot; hard; visualise; sure; select; image; connect,first glance (quantity_reference); text (annotation); dot (mark); image (chart_type),hard (readability),connect (structural),"glance (in vocab, excluded); visualise (rare, 1 image); sure (in vocab, excluded); select (unclustered)",point (mark); label (text); visualization (whole)
InfoVisJ.621.8.png,https://raw.githubusercontent.com/c109363/ExperimentImage/main/AllDataResize/InfoVisJ.621.8.png,Text,0.6,,Words are easier to understand - Football is a topic I am more familiar with,Semantics / Text Legibility; Schema; Immediacy / Cognitive Load,,Words; Football; familiar with; Words are easier to understand,"word/text/sentence; domain-specific concepts (e.g., chemical, biology, map); familiar representation; easy to interpret/read/understand",(+) (-); (-); (-); (-),Text Volume & Content; Domain Familiarity; Interpretive Difficulty,word; football; familiar; easy; understand,word (annotation),familiar (familiarity); easy (readability),understand (cognitive),football (unclustered),label (text); domain (content)
InfoVisJ.621.3.png,https://raw.githubusercontent.com/c109363/ExperimentImage/main/AllDataResize/InfoVisJ.621.3.png,Text,0.6,,"I have chosen the image on the left to be more complex because of the amount of words in some columns, and the size of those words. Therefore, even if the one on the left is not extremely complex, it is more so than the one on the right.",Semantics / Text Legibility,,amount of words in columns; the size of those words,more texts/words; word rotation/small font size,(+); (+),Text Volume & Content; Typography & Readability,word; column; size,word (annotation); size (perceptual_element),,,column (unclustered),bar (mark); label (text)
visMost325.png,https://raw.githubusercontent.com/c109363/ExperimentImage/main/AllDataResize/visMost325.png,Area,0.61,,less information; 1. Great detail in colorization of continents. 2. Small table in bottom left corner. 3. Tiny writing in bottom right corner. 4. Far more detailed looking in general.; the image on the right is darker and harder to see but has more going on and is very complex; map graph,"Data Density / Image Clutter; Semantics / Text Legibility; Schema; Color, Symbol, and Texture Details; Immediacy / Cognitive Load",,map; more going on; darker; harder to see; Great detail; Small table; Tiny writing; map of continents,"more detailed/things; small and simple; word rotation/small font size; domain-specific concepts (e.g., chemical, biology, map); color details; unclear coloring; more difficult to interpret/read/understand/differentiate",(+) (-); (+); (+); (+); (+); (+); (+); (+),Information Volume; Typography & Readability; Domain Familiarity; Color Palette & Contrast; Interpretive Difficulty,map; darker; hard; great; detail; small; table; tiny; writing; continent,map (chart_type); detail (cognitive_element); table (chart_component); writing (annotation); writing (quantity_reference),hard (readability); small (size_density); tiny (size_density),,"darker (unclustered); great (rare, 1 image); continent (unclustered)",visualization (whole); region (structure); grid (structure); label (text)
InfoVisJ.1558.9(2).png,https://raw.githubusercontent.com/c109363/ExperimentImage/main/AllDataResize/InfoVisJ.1558.9(2).png,Glyph,0.61,,"Right one, as far as I can understand, lists variable data with spots of diferent shapes indicating how variable (or error prone) was the data. Irregularity of the spots adds extra challenge to read it.",Visual Encoding Clarity; Aesthetics Uncertainty; Immediacy / Cognitive Load,,spots of different shapes; Irregularity of the spots; adds extra challenge to read it,shape variety; irregular; more difficult to interpret/read/understand/differentiate,(+); (+); (+),Graphical Forms & Primitives; Visual Disorganization; Interpretive Difficulty,spot; different; shape; irregularity; add; extra; challenge; read,shape (mark); shape (perceptual_element),different (structure); extra (complexity); extra (information_quality),shape (evaluative); challenge (cognitive); read (cognitive),spot (unclustered); irregularity (unclustered); add (unclustered),point (mark); visualization (whole)
VisJ.1949.11(2).png,https://raw.githubusercontent.com/c109363/ExperimentImage/main/AllDataResize/VisJ.1949.11(2).png,Glyph,0.61,,the shapes and colors are abstract,Schema,,abstract,abstract shapes or colors,(+),Abstraction Level,abstract,,abstract (complexity); abstract (familiarity),,,visualization (whole)
VASTJ.1764.2.png,https://raw.githubusercontent.com/c109363/ExperimentImage/main/AllDataResize/VASTJ.1764.2.png,Grid,0.61,,I don't understand the graph and the half-shading compared to the second diagram.,"Color, Symbol, and Texture Details; Immediacy / Cognitive Load",,half-shading; don't understand,color shading; not interpretable/readable/understandable,(+); (+),Color Palette & Contrast; Interpretive Difficulty,half; shade; understand,shade (perceptual_element),,understand (cognitive),"half (rare, 1 image)",visualization (whole); opacity (property)
SciVisJ.1580.11(2).png,https://raw.githubusercontent.com/c109363/ExperimentImage/main/AllDataResize/SciVisJ.1580.11(2).png,Point; Cont.-ColorPatn,0.61,,"The left image was easy to decipher, showing a zoom in on a certain area with a simple bar to indicate the measurement. It is a clear image that would help at a glance if you knew the context.",Visual Encoding Clarity; Schema; Immediacy / Cognitive Load,,,organized/structured; bars as individual lines; easy to interpret/read/understand,,Dimensionality & Structure; Graphical Forms & Primitives; Interpretive Difficulty,,,,,,panel (structure); area (mark); bar (mark); visualization (whole)
InfoVisJ.2412.17(2).png,https://raw.githubusercontent.com/c109363/ExperimentImage/main/AllDataResize/InfoVisJ.2412.17(2).png,Text,0.61,,I have to read every single item to understand the relationship.,Immediacy / Cognitive Load,,read every item to understand,more reading/interpretation/understanding,(+),Processing Time & Effort,read; item; understand,item (domain_object); item (quantity_reference),,read (cognitive); understand (cognitive),,visualization (whole); label (text)
InfoVisJ.2556.8.png,https://raw.githubusercontent.com/c109363/ExperimentImage/main/AllDataResize/InfoVisJ.2556.8.png,Text,0.61,,I think the second image is not that complex because u can easily understand it; The one on the right seems like a simple map; many writings and squeezed writings.; the left one seemed more complex.,Data Density / Image Clutter; Semantics / Text Legibility; Schema; Immediacy / Cognitive Load,,many writings; squeezed writings; you can easily understand it; simple map,"cluttered labels/annotations; title/axis/label/descriptions; domain-specific concepts (e.g., chemical, biology, map); easy to interpret/read/understand",(+); (+); (-); (-),Visual Clutter & Overlap; Annotations & Labels; Domain Familiarity; Interpretive Difficulty,writing; squeeze; easily; understand; simple; map,writing (annotation); writing (quantity_reference); map (chart_type),easily (readability); simple (complexity),understand (cognitive),"squeeze (rare, 1 image)",visualization (whole); label (text); layout (structure)
VASTJ.220.1(2).png,https://raw.githubusercontent.com/c109363/ExperimentImage/main/AllDataResize/VASTJ.220.1(2).png,Text,0.61,,Letter size variation; Word meaning difference; Color difference; Ugly calligraphy,"Semantics / Text Legibility; Color, Symbol, and Texture Details; Aesthetics Uncertainty; Immediacy / Cognitive Load",,Letter size variation; Word meaning difference; Color difference; Ugly calligraphy,different font/word sizes/structure; different word meaning; color variety/arrangement/distribution; less attractive,(+); (+); (+); (+),Typography & Readability; Semantic Clarity; Color Palette & Contrast; Visual Disorganization,letter; size; variation; word; mean; difference; color; ugly; calligraphy,color difference (perceptual_element); letter (annotation); size (perceptual_element); word (annotation); difference (quantity_reference); color (perceptual_element),color difference (color),mean (semantic),"variation (unclustered); ugly (rare, 1 image); calligraphy (rare, 1 image)",label (text); font_style (property)
wsj299.png,https://raw.githubusercontent.com/c109363/ExperimentImage/main/AllDataResize/wsj299.png,Bar,0.62,,,"Color, Symbol, and Texture Details; Immediacy / Cognitive Load",,more detailed graphics; more statistics; more colours,more colors; more to read/analyze/understand,(+); (+); (+),Color Palette & Contrast; Processing Time & Effort,detailed; graphic; statistic; colour,graphic (chart_type); graphic (quantity_reference); colour (perceptual_element),detailed (aesthetics); detailed (information_quality); graphic (aesthetics),,"statistic (rare, 2 images)",visualization (whole); data (content); color (property)
v483_n7391_8_f5.png,https://raw.githubusercontent.com/c109363/ExperimentImage/main/AllDataResize/v483_n7391_8_f5.png,Cont.-ColorPatn,0.62,,"The graph is something I am unfamiliar with, it is harder to read and understand, and it is visually more striking.; as a coloured surface, which is harder to discern; contains more information; Too many similar colours, and axis; A lot of data; More colors; More numbers; The data in the chosen picture are more difficult to read. The graph itself seems conveying more data; The other image has an order; require a more specialized education to understand.; the left has more details and displayed via a bar chart - more simple. It is harder to read.; there are more colors, more information to look at, the lines are wavy and not straightforward; Much more data on the graph than just words.; The image in orange could be anything — an individual without specialized knowledge would be clueless as to what it is. Multiple data points in the image in orange. To the human eye it is more complex: whereas most graphs have two axes (as in the seismic graph), the orange image has four axes and is more difficult to understand based on the results presented.; I feel like the left seems pretty organized and easy to understand, also the colors on both side left are identical, which makes it less complex for me. It's structured.; four labelled axes; separate colour scale; Both have 3 variables; the right one representing one variable with a heat map makes it easier for me to understand at a glance. Curve lines limiting the heat map also helps.","Data Density / Image Clutter; Visual Encoding Clarity; Semantics / Text Legibility; Schema; Color, Symbol, and Texture Details; Aesthetics Uncertainty; Immediacy / Cognitive Load",,Curve lines; one variable; heat map; understand at a glance; conveying more data; difficult to read; colored surface; harder to discern; more data points; more axes; require specialized education to understand.; four labeled axes; separate color scale; organized; structured; colors on both side left are identical; easy to understand; ordered; more details; bar chart; harder to read; A lot of data; More colors; More numbers; more information; lines not straightforward; more colors; Multiple data points; four axes; seismic graph; clueless; more difficult to understand; Too many similar colors; axis; visually more striking; unfamiliar with; harder to read and understand; Much more data; words,"more charts/points/lines/shapes/elements; more detailed/things; much/more data/info/info spread; multiple features/elements/graphs; organized/structured; curved lines; indistinguishable/unintuitive lines; ordered; single variable; more axes; more numbers; title/axis/label/descriptions; word/text/sentence; a specific technique; a specific technique, e.g., bar, pie, circle; domain-specific concepts (e.g., chemical, biology, map); unfamiliar concepts/patterns; color variety/arrangement/distribution; colored surface; lack of color contrast / hard to distinguish colors; separate color scales; visually striking; easy to interpret/read/understand; hard to interpret/read/understand/differentiate; more difficult to compare/discern/distinguish; more difficult to interpret/read/understand/differentiate; not interpretable/readable/understandable; require specialized knowledge",(-); (-); (-); (-); (+); (+); (+); (+); (+); (+); (+); (+); (+); (+); (+); (+); (+) (-); (-); (+); (+); (+); (+); (+); (+); (+); (+); (+) (-); (+); (+); (+) (-); (+); (+); (+); (+) (-); (+); (+); (+); (+); (+) (-),"Element Quantity; Information Volume; Dimensionality & Structure; Graphical Forms & Primitives; Position, Scale & Organization; Text Volume & Content; Annotations & Labels; Domain Familiarity; Color Palette & Contrast; Visual Disorganization; Interpretive Difficulty; Processing Time & Effort",curve; line; variable; heat; map; understand; glance; convey; datum; difficult; read; color; surface; hard; discern; point; axis; require; specialized; education; label; separate; scale; organize; structure; left; identical; easy; order; detail; bar; chart; lot; number; information; straightforward; multiple; seismic; graph; clueless; similar; visually; striking; unfamiliar; word,more information (quantity_reference); a glance (quantity_reference); a lot (quantity_reference); line (mark); variable (data_element); map (chart_type); datum (data_element); color (perceptual_element); point (mark); axis (chart_component); label (chart_component); scale (chart_component); scale (quantity_reference); structure (layout_component); order (quantity_reference); detail (cognitive_element); bar (mark); chart (chart_type); lot (quantity_reference); number (quantity_reference); information (cognitive_element); graph (chart_type); word (annotation),more information (information_quality); too many (quantity_descriptor); a lot (quantity_descriptor); difficult (readability); hard (readability); separate (structure); easy (readability); order (structure); lot (quantity_descriptor); straightforward (complexity); multiple (structure); similar (structure); unfamiliar (familiarity),understand (cognitive); convey (semantic); read (cognitive); discern (perceptual); require (evaluative); label (semantic); separate (spatial); separate (structural); organize (structural); structure (structural),"curve (unclustered); heat (rare, 2 images); glance (in vocab, excluded); surface (rare, 1 image); specialized (rare, 1 image); education (rare, 2 images); left (rare, 1 image); identical (rare, 1 image); seismic (unclustered); clueless (unclustered); visually (in vocab, excluded); striking (rare, 1 image)",area (mark); color (property); axes (furniture); axis_label (text); point (mark); line (mark); label (text)
VisJ.1595.7.png,https://raw.githubusercontent.com/c109363/ExperimentImage/main/AllDataResize/VisJ.1595.7.png,Glyph,0.62,,"I'm unable to sort these as I can't understand them, it feels like the colours along with the shape it categorised in a certain way that I can't identify","Visual Encoding Clarity; Color, Symbol, and Texture Details; Aesthetics Uncertainty; Immediacy / Cognitive Load",,shapes categorized in a certain way; unable to sort; the colors; can't identify; can't understand them,categorized shapes; unable to sort; unclear colormaps; not interpretable/readable/understandable,(+); (+); (+); (+); (+),Graphical Forms & Primitives; Visual Disorganization; Color Palette & Contrast; Interpretive Difficulty,shape; categorize; certain; way; unable; sort; color; identify; understand,shape (mark); shape (perceptual_element); color (perceptual_element),,shape (evaluative); identify (semantic); identify (perceptual); understand (cognitive),"categorize (rare, 1 image); certain (rare, 2 images); way (filtered, 7 images); unable (rare, 1 image); sort (rare, 1 image)",shape (mark); color (property); category (content); legend (furniture)
VASTJ.1160.6.png,https://raw.githubusercontent.com/c109363/ExperimentImage/main/AllDataResize/VASTJ.1160.6.png,Grid,0.62,,"Mostly because of the contrast of colours and more densely packed shapes, plus all the text.","Data Density / Image Clutter; Semantics / Text Legibility; Color, Symbol, and Texture Details",,densely packed shapes; all the text; contrast of colors,dense points/lines/shapes/elements; amount of words/context/numbers; low color contrast/separation/segmentation,(+); (+); (+),Element Quantity; Text Volume & Content; Color Palette & Contrast,densely; pack; shape; text; contrast; color,shape (mark); shape (perceptual_element); text (annotation); contrast (perceptual_element); color (perceptual_element),,shape (evaluative); contrast (structural),densely (unclustered); pack (unclustered),shape (mark); label (text); color (property)
VASTJ.1139.4.png,https://raw.githubusercontent.com/c109363/ExperimentImage/main/AllDataResize/VASTJ.1139.4.png,Grid,0.62,,General messier look; More colors; Higher contrast; Less attractive to look at,"Data Density / Image Clutter; Color, Symbol, and Texture Details; Aesthetics Uncertainty",,messy; Higher contrast; More colors; Less attractive,messy/mixed up/noisy/intermingled elements; color variety/arrangement/distribution; distinguishable/full/highly contrast color uses; less attractive,(+); (+); (+); (+),Visual Clutter & Overlap; Color Palette & Contrast; Visual Disorganization,messy; high; contrast; color; attractive,contrast (perceptual_element); color (perceptual_element),,contrast (structural),"messy (unclustered); high (in vocab, excluded); attractive (rare, 1 image)",visualization (whole); color (property); layout (structure)
InfoVisJ.459.15.png,https://raw.githubusercontent.com/c109363/ExperimentImage/main/AllDataResize/InfoVisJ.459.15.png,Point,0.62,,1 I don't even understand what its talking about in 5 sec 2 this is bland not a lot of colour,"Color, Symbol, and Texture Details; Immediacy / Cognitive Load",,not a lot of color; don't understand what its talking about in 5 sec,inadequate/few coloring; not interpretable/readable/understandable,(+); (+),Color Palette & Contrast; Interpretive Difficulty,lot; color; understand; talk; sec,a lot (quantity_reference); lot (quantity_reference); color (perceptual_element),a lot (quantity_descriptor); lot (quantity_descriptor),understand (cognitive),"talk (unclustered); sec (rare, 1 image)",visualization (whole); color (property); label (text)
InfoVisJ.1169.5(2).png,https://raw.githubusercontent.com/c109363/ExperimentImage/main/AllDataResize/InfoVisJ.1169.5(2).png,Text,0.62,,"The right one has too many lines, you have to check from each word where every line goes.",Data Density / Image Clutter; Visual Encoding Clarity; Semantics / Text Legibility,,too many lines; word; where every line goes,more charts/points/lines/shapes/elements; indistinguishable/unintuitive lines; word/text/sentence,(+); (+) (-); (+),Element Quantity; Graphical Forms & Primitives; Text Volume & Content,line; word,line (mark); word (annotation),too many (quantity_descriptor),,,line (mark); label (text); visualization (whole)
VASTC.183.14(1).png,https://raw.githubusercontent.com/c109363/ExperimentImage/main/AllDataResize/VASTC.183.14(1).png,Text,0.62,,I can sort of understand Image 2 because it has words that I recognize.,Schema,,words that I recognize,recognizable objects,(-),Domain Familiarity,word; recognize,word (annotation),,recognize (perceptual),,label (text)
CiteRivers5(1).png,https://raw.githubusercontent.com/c109363/ExperimentImage/main/AllDataResize/CiteRivers5(1).png,Text,0.62,,"The left chart color separation helped to despite have more information, keep the visual simple.","Color, Symbol, and Texture Details",,color separation,low color contrast/separation/segmentation,(-),Color Palette & Contrast,color; separation,color (perceptual_element),,,"separation (rare, 1 image)",visualization (whole); color_segment (mark)
wsj21.png,https://raw.githubusercontent.com/c109363/ExperimentImage/main/AllDataResize/wsj21.png,Area,0.63,,The other image has visuals to make it easier for you to understand what the data is about. The other image also has different visual elements that allow you to analyze the data in the image.,Visual Encoding Clarity; Immediacy / Cognitive Load,,different visual elements; allow to analyze the data; easier to understand,several elements; easier to interpret/read/understand; easier to process/visualize,(-); (-); (-),Graphical Forms & Primitives; Interpretive Difficulty,different; visual; element; allow; analyze; datum; easy; understand,element (domain_object); datum (data_element),different (structure); visual (aesthetics); easy (readability),analyze (cognitive); understand (cognitive),allow (unclustered),visualization (whole); element (mark); data (content)
VASTC.107.10.png,https://raw.githubusercontent.com/c109363/ExperimentImage/main/AllDataResize/VASTC.107.10.png,Area,0.63,,"Amount of details, draw style, colors","Data Density / Image Clutter; Schema; Color, Symbol, and Texture Details",,Amount of details; colors; draw style,more detailed/things; drawing style; unclear colormaps,(+) (-); (+) (-); (+) (-),Information Volume; Domain Familiarity; Color Palette & Contrast,detail; color; draw; style,detail (cognitive_element); color (perceptual_element),,,draw (unclustered); style (unclustered),visualization (whole); data (content); color (property); element (mark)
InfoVisC.211.8.png,https://raw.githubusercontent.com/c109363/ExperimentImage/main/AllDataResize/InfoVisC.211.8.png,Area,0.63,,variety of very bright colors; segmentation of colors; text at the bottom; A map is more familiar - Explanatory legend,"Semantics / Text Legibility; Schema; Color, Symbol, and Texture Details",,explanatory legend; map is familiar; segmentation of colors; variety of bright colors; text at the bottom,"clear text arrangement/density; explanatory legend; domain-specific concepts (e.g., chemical, biology, map); bright colors; color variety/arrangement/distribution",(-); (-); (+); (+); (+),Typography & Readability; Annotations & Labels; Domain Familiarity; Color Palette & Contrast,explanatory; legend; map; familiar; segmentation; color; variety; bright; text,legend (chart_component); map (chart_type); color (perceptual_element); variety (quantity_reference); text (annotation),familiar (familiarity); variety (quantity_descriptor),legend (evaluative),explanatory (unclustered); segmentation (unclustered); bright (unclustered),legend (furniture); visualization (whole); color_segment (mark); label (text)
vis718.png,https://raw.githubusercontent.com/c109363/ExperimentImage/main/AllDataResize/vis718.png,Area,0.63,,dots,"Color, Symbol, and Texture Details",,dots,unclear colormaps,(+) (-),Color Palette & Contrast,dot,dot (mark),,,,point (mark)
VisC.433.1.png,https://raw.githubusercontent.com/c109363/ExperimentImage/main/AllDataResize/VisC.433.1.png,Cont.-ColorPatn,0.63,,#NAME?,"Data Density / Image Clutter; Color, Symbol, and Texture Details",,more informations; takes up more space; more colors; more pixels,more regions/space; much/more data/info/info spread; color variety/arrangement/distribution; more pixels,(+); (+); (+) (-); (+),Visual Clutter & Overlap; Information Volume; Color Palette & Contrast; Element Quantity,information; take; space; color; pixel,information (cognitive_element); space (layout_component); color (perceptual_element),,take (evaluative),pixel (unclustered),visualization (whole); color (property); data (content)
VisC.175.1(3).png,https://raw.githubusercontent.com/c109363/ExperimentImage/main/AllDataResize/VisC.175.1(3).png,Cont.-ColorPatn,0.63,,There are more colors in the picture circled in orange,"Color, Symbol, and Texture Details",,more colors,color variety/arrangement/distribution,(+) (-),Color Palette & Contrast,color,color (perceptual_element),,,,visualization (whole); color (property)
SciVisJ.975.7.png,https://raw.githubusercontent.com/c109363/ExperimentImage/main/AllDataResize/SciVisJ.975.7.png,Cont.-ColorPatn,0.63,,,Aesthetics Uncertainty,,meaningless; complexity; unknow,distracting/confusing/unclear,(+); (+); (+),Visual Disorganization,meaningless; complexity; unknow,complexity (quantity_reference),,,"meaningless (rare, 1 image); unknow (rare, 1 image)",visualization (whole); data (content)
VisJ.1949.18.png,https://raw.githubusercontent.com/c109363/ExperimentImage/main/AllDataResize/VisJ.1949.18.png,Glyph,0.63,,"it contains multiple figures that are slightly different in terms of 1) overall shape, 2) colour distribution and 3) location within the image.","Visual Encoding Clarity; Schema; Color, Symbol, and Texture Details",,location within the image; overall shape; color distribution,image location; overall shape; color variety/arrangement/distribution,(+); (+); (+),Dimensionality & Structure; Graphical Forms & Primitives; Color Palette & Contrast,location; image; overall; shape; color; distribution,color distribution (perceptual_element); the image (quantity_reference); image (chart_type); shape (mark); shape (perceptual_element); color (perceptual_element); distribution (data_element),color distribution (color); overall (information_quality),shape (evaluative),location (unclustered),visualization (whole); shape (mark); color (property)
InfoVisJ.349.1.png,https://raw.githubusercontent.com/c109363/ExperimentImage/main/AllDataResize/InfoVisJ.349.1.png,Node-link,0.63,,"has easy lines to follow second option has easily distinct shapes; The numerous intersections on the right chart made it confusing to read to me.; Proximity of items Colours involved Complexity of image; Amount of information to understand the data; Lack of label or explanation; visually more abstract and to me complex; random like shapes; random like ""movement"" of datapoints(?); monochrome colour appeared more complex to me","Data Density / Image Clutter; Visual Encoding Clarity; Semantics / Text Legibility; Color, Symbol, and Texture Details; Aesthetics Uncertainty; Immediacy / Cognitive Load",,distinct shapes; lines; easy lines to follow; numerous intersections; confusing to read; random like movement of datapoints; random like shapes; monochrome color; Proximity of items; Colors involved; Lack of label or explanation,dense points/lines/shapes/elements; overlapping shapes/colors/lines; lines; random-like movement; random-like shapes; shapes and lines; lack of/not enough axis labels/legend/annotations/context; text hard to read; monochrome; unclear colormaps; easy to focus/follow; unclear meaning/confusing,(-); (+) (-); (-); (+); (+); (+); (+); (+); (+) (-); (+) (-); (+),Element Quantity; Visual Clutter & Overlap; Graphical Forms & Primitives; Visual Disorganization; Annotations & Labels; Typography & Readability; Color Palette & Contrast; Interpretive Difficulty; Semantic Clarity,distinct; shape; line; easy; follow; numerous; intersection; confuse; read; random; movement; datapoint; monochrome; color; proximity; item; involve; lack; label; explanation,shape (mark); shape (perceptual_element); line (mark); intersection (layout_component); intersection (quantity_reference); color (perceptual_element); item (domain_object); item (quantity_reference); label (chart_component); explanation (annotation),distinct (structure); easy (readability); random (structure),shape (evaluative); follow (perceptual); confuse (cognitive); read (cognitive); involve (evaluative); lack (evaluative); label (semantic),"numerous (rare, 1 image); movement (unclustered); datapoint (unclustered); monochrome (unclustered); proximity (unclustered)",line (mark); data (content); shape (mark); color (property); label (text); link (structure)
VASTJ.1407.9.png,https://raw.githubusercontent.com/c109363/ExperimentImage/main/AllDataResize/VASTJ.1407.9.png,Node-link,0.63,,"The graphic on the left seems to have a simpler structure.; More line crossing each others which add complexity. Adding to the line, you have to look at the scale on the left and at the top; Too many lines. Too many different sections. The wording is on the chart itself, so it feels like it's all complied together onto one graph. The various shades of colour are similar yet somewhat different.","Data Density / Image Clutter; Visual Encoding Clarity; Semantics / Text Legibility; Color, Symbol, and Texture Details",,Too many lines; Too many sections; wording on chart; various shades of color; More line crossing each others; line and scale; simple structure,more charts/points/lines/shapes/elements; overlapping shapes/colors/lines; too many sections; lines and scales; small and simple; text; color shading,(+); (+); (+); (+); (+); (+); (-),Element Quantity; Visual Clutter & Overlap; Graphical Forms & Primitives; Typography & Readability; Text Volume & Content; Color Palette & Contrast,line; section; word; chart; shade; color; cross; scale; simple; structure,more line (quantity_reference); line (mark); word (annotation); chart (chart_type); shade (perceptual_element); color (perceptual_element); scale (chart_component); scale (quantity_reference); structure (layout_component),too many (quantity_descriptor); simple (complexity),cross (spatial); structure (structural),"section (rare, 1 image)",line (mark); region (structure); label (text); color (property); scale (furniture); visualization (whole)
vis639.png,https://raw.githubusercontent.com/c109363/ExperimentImage/main/AllDataResize/vis639.png,Point,0.63,,The one on the left has a random collection of multicoloured circles and I dont know what they mean.,"Color, Symbol, and Texture Details; Aesthetics Uncertainty; Immediacy / Cognitive Load",,multicolored; random collection of circles; don't know what they mean,unclear shape meaning; color variety/arrangement/distribution; looks random/messy/lack structure,(+); (+); (+),Semantic Clarity; Color Palette & Contrast; Visual Disorganization,multicolore; random; collection; circle; know; mean,collection (domain_object); collection (quantity_reference); circle (mark),random (structure),know (cognitive); mean (semantic),"multicolore (rare, 1 image)",point (mark); color (property); legend (furniture)
v485_n7396_14_f4.png,https://raw.githubusercontent.com/c109363/ExperimentImage/main/AllDataResize/v485_n7396_14_f4.png,Point,0.63,,"-The image on the left is more involved in terms of what would be required to interpret it. -There's a lot more happening, visually, in terms of the level of fine detail, in the image on the left. -The preciseness of the various aspects of the image on the left is more intricate than the one on the right.",Data Density / Image Clutter; Visual Encoding Clarity; Immediacy / Cognitive Load,,fine detail; preciseness of various aspects; a lot more involved; more intricate,fine/layered details; precision of aspect; more intricate; more to read/analyze/understand,(+); (+); (+); (+),Information Volume; Encoding Interpretability; Interpretive Difficulty; Processing Time & Effort,fine; detail; preciseness; aspect; lot; involved; intricate,a lot (quantity_reference); detail (cognitive_element); aspect (cognitive_element); aspect (quantity_reference); lot (quantity_reference),a lot (quantity_descriptor); fine (size_density); lot (quantity_descriptor); intricate (complexity); intricate (structure),,"preciseness (unclustered); involved (rare, 1 image)",visualization (whole); data (content); element (mark); annotation (text)
InfoVisJ.621.9.png,https://raw.githubusercontent.com/c109363/ExperimentImage/main/AllDataResize/InfoVisJ.621.9.png,Text,0.63,,"simple, bare and not much is going in there that you wouldn't understand in one read.",Data Density / Image Clutter,,not much is going in there,little data/info,(-),Information Volume,,,,,,visualization (whole)
InfoVisJ.2546.1.png,https://raw.githubusercontent.com/c109363/ExperimentImage/main/AllDataResize/InfoVisJ.2546.1.png,Text,0.63,,"A lot of words and letters, too many divisions, different sizes of font",Data Density / Image Clutter; Semantics / Text Legibility,,too many divisions; different sizes of font; lot of words and letters,too many details/divisions; different font/word sizes/structure; more texts/words,(+); (+); (+),Element Quantity; Typography & Readability; Text Volume & Content,division; different; size; font; lot; word; letter,size (perceptual_element); font (annotation); lot (quantity_reference); word (annotation); letter (annotation),too many (quantity_descriptor); different (structure); lot (quantity_descriptor),,"division (rare, 1 image)",visualization (whole); grid (structure); label (text); font_style (property)
visMost777.png,https://raw.githubusercontent.com/c109363/ExperimentImage/main/AllDataResize/visMost777.png,Area,0.64,,"The image changes over something but not sure what, the meanings of color are not well defined. and it seems like a physical dimension but not sure","Schema; Color, Symbol, and Texture Details",,not sure; physical dimension; meanings of color not well defined.,2D/3D; unfamiliar concepts/patterns; unclear color meaning,(+); (+); (+),Dimensionality & Structure; Domain Familiarity; Color Palette & Contrast,sure; physical; dimension; meaning; color; define,dimension (layout_component); dimension (quantity_reference); meaning (cognitive_element); color (perceptual_element),dimension (structure); meaning (cognitive),,"sure (in vocab, excluded); physical (unclustered); define (rare, 2 images)",visualization (whole); color (property); layout (structure)
VASTJ.91.6.png,https://raw.githubusercontent.com/c109363/ExperimentImage/main/AllDataResize/VASTJ.91.6.png,Area,0.64,,"although I do not know what the point of the left image is, I do see that it's just text that's repeating multiple times.",Semantics / Text Legibility; Immediacy / Cognitive Load,,text repeating multiple times; do not know the point,clear text/scale/information; unclear meaning/confusing,(+); (+),Annotations & Labels; Semantic Clarity,text; repeat; multiple; time; know; point,the point (quantity_reference); text (annotation); point (mark),multiple (structure); time (temporal),know (cognitive),"repeat (rare, 1 image)",label (text); visualization (whole)
vis230.png,https://raw.githubusercontent.com/c109363/ExperimentImage/main/AllDataResize/vis230.png,Bar,0.64,,I don't understand the graphics well,Immediacy / Cognitive Load,,don't understand,not interpretable/readable/understandable,(+),Interpretive Difficulty,understand,,,understand (cognitive),,visualization (whole)
SciVisJ.857.8(3).png,https://raw.githubusercontent.com/c109363/ExperimentImage/main/AllDataResize/SciVisJ.857.8(3).png,Cont.-ColorPatn,0.64,,just a map with colours,"Schema; Color, Symbol, and Texture Details",,map; colors,"domain-specific concepts (e.g., chemical, biology, map); unclear colormaps",(+) (-); (+) (-),Domain Familiarity; Color Palette & Contrast,map; color,map (chart_type); color (perceptual_element),,,,visualization (whole); color (property)
VisJ.1329.1(4).png,https://raw.githubusercontent.com/c109363/ExperimentImage/main/AllDataResize/VisJ.1329.1(4).png,Glyph,0.64,,2. I dont understand what the shapes represent. 3. Why is it moving like that.,Immediacy / Cognitive Load,,Why is it moving like that.; dont understand what the shapes represent.,unclear movement; unclear shape meaning,(+); (+),Semantic Clarity,move; understand; shape; represent,shape (mark); shape (perceptual_element),,understand (cognitive); shape (evaluative); represent (semantic),move (unclustered),shape (mark); encoding (property)
VisJ.1949.4(3).png,https://raw.githubusercontent.com/c109363/ExperimentImage/main/AllDataResize/VisJ.1949.4(3).png,Glyph,0.64,,"This image is more difficult to understand, it is complex, the message it wants to convey is not understood.",Immediacy / Cognitive Load,,more difficult to understand,more difficult to interpret/read/understand/differentiate,(+),Interpretive Difficulty,difficult; understand,,difficult (readability),understand (cognitive),,visualization (whole)
VisC.249.6.png,https://raw.githubusercontent.com/c109363/ExperimentImage/main/AllDataResize/VisC.249.6.png,Glyph,0.64,,there are too many spirale,Data Density / Image Clutter,,too many spirals,more charts/points/lines/shapes/elements,(+),Element Quantity,spiral,,too many (quantity_descriptor),,"spiral (rare, 1 image)",shape (mark)
VASTC.115.3.png,https://raw.githubusercontent.com/c109363/ExperimentImage/main/AllDataResize/VASTC.115.3.png,Grid,0.64,,more difficulty reading.,Immediacy / Cognitive Load,,more difficulty reading,more difficult to interpret/read/understand/differentiate,(+),Interpretive Difficulty,difficulty; read,,,read (cognitive),"difficulty (rare, 1 image)",visualization (whole)
InfoVisJ.522.15.png,https://raw.githubusercontent.com/c109363/ExperimentImage/main/AllDataResize/InfoVisJ.522.15.png,Grid,0.64,,appears to have a lot of data points; unclear what the differences are between the four different matrices and snippets; the quadrants appear to provide slightly more detailed information,Data Density / Image Clutter; Immediacy / Cognitive Load,,a lot of data points; unclear what the differences are,more charts/points/lines/shapes/elements; hard to interpret/read/understand,(+); (+),Element Quantity; Interpretive Difficulty,lot; datum; point; unclear; difference,a lot (quantity_reference); lot (quantity_reference); datum (data_element); point (mark); difference (quantity_reference),a lot (quantity_descriptor); lot (quantity_descriptor); unclear (readability); unclear (information_quality),,,point (mark); visualization (whole)
InfoVisJ.1677.10.png,https://raw.githubusercontent.com/c109363/ExperimentImage/main/AllDataResize/InfoVisJ.1677.10.png,Node-link,0.64,,I find the node-like graph difficult to comprehend and therefore more complex than the other graph. The colour distribution in the first chart appears more complex. The random-looking figure created by the data points in the first chart looks more complex. The lack of reference points such as axes makes the first image look more complex compared with the second chart.,Immediacy / Cognitive Load,,difficult to comprehend,hard to interpret/read/understand,(+),Interpretive Difficulty,difficult; comprehend,,difficult (readability),comprehend (cognitive),,visualization (whole)
InfoVisJ.349.1(3).png,https://raw.githubusercontent.com/c109363/ExperimentImage/main/AllDataResize/InfoVisJ.349.1(3).png,Node-link,0.64,,The other image had a more apparent flow and pattern.,Schema,,apparent flow; pattern,familiar representation,(-); (+) (-),Domain Familiarity,apparent; flow; pattern,pattern (layout_component); pattern (quantity_reference),,,apparent (unclustered); flow (unclustered),visualization (whole); pattern (structure)
VASTJ.422.7.png,https://raw.githubusercontent.com/c109363/ExperimentImage/main/AllDataResize/VASTJ.422.7.png,Point,0.64,,Larger dataset; Bigger key so more things to analyse; More colours,"Data Density / Image Clutter; Semantics / Text Legibility; Color, Symbol, and Texture Details",,Larger dataset; so more things; Bigger key; More colors,large dataset; more detailed/things; too much legend; color variety/arrangement/distribution,(+); (+); (+); (+),Information Volume; Annotations & Labels; Color Palette & Contrast,large; dataset; thing; big; key; color,key (chart_component); key (quantity_reference); color (perceptual_element),large (size_density); big (size_density); key (information_quality),,"dataset (rare, 1 image); thing (unclustered)",data (content); legend (furniture); color (property)
v490_n7419_7_f3.png,https://raw.githubusercontent.com/c109363/ExperimentImage/main/AllDataResize/v490_n7419_7_f3.png,Point,0.64,,"4 axes in one graph is too much no legends, two graphs",Data Density / Image Clutter; Semantics / Text Legibility,,two graph; 4 axes; no legends,multiple features/elements/graphs; lack of/not enough axis labels/legend/annotations/context; more title/axis/label,(+); (+); (+),Element Quantity; Annotations & Labels,graph; axis; legend,graph (chart_type); axis (chart_component); legend (chart_component),,legend (evaluative),,visualization (whole); axes (furniture); legend (furniture)
InfoVisJ.1190.8.png,https://raw.githubusercontent.com/c109363/ExperimentImage/main/AllDataResize/InfoVisJ.1190.8.png,Text,0.64,,There are a bunch of words mixed in there that makes so difficult to read each one of them with no color difference or font.; rotation of words different word sizes,"Semantics / Text Legibility; Color, Symbol, and Texture Details; Immediacy / Cognitive Load",,bunch of words mixed; no font; no color difference; difficult to read; different word sizes; rotation of words,different font/word sizes/structure; lack of/not enough axis labels/legend/annotations/context; more labels/context; word rotation/small font size; no color difference; hard to interpret/read/understand/differentiate,(+); (+); (+); (+); (+); (+),Typography & Readability; Annotations & Labels; Color Palette & Contrast; Interpretive Difficulty,bunch; word; mix; font; color; difference; difficult; read; different; size; rotation,color difference (perceptual_element); word (annotation); font (annotation); color (perceptual_element); difference (quantity_reference); size (perceptual_element),color difference (color); difficult (readability); different (structure),mix (structural); read (cognitive),bunch (unclustered); rotation (unclustered),visualization (whole); label (text); font_style (property); color (property)
InfoVisJ.1169.1.png,https://raw.githubusercontent.com/c109363/ExperimentImage/main/AllDataResize/InfoVisJ.1169.1.png,Text,0.64,,The amount of informations The size Reading,Data Density / Image Clutter; Visual Encoding Clarity,,amount of informations; The size,much/more data/info/info spread; element sizes,(+); (+),Information Volume; Graphical Forms & Primitives,information; size,information (cognitive_element); size (perceptual_element),,,,visualization (whole); data (content)
VASTJ.250.13.png,https://raw.githubusercontent.com/c109363/ExperimentImage/main/AllDataResize/VASTJ.250.13.png,Text,0.64,,more words,Semantics / Text Legibility,,more words,more texts/words,(+),Text Volume & Content,word,word (annotation),,,,label (text)
visMost457.png,https://raw.githubusercontent.com/c109363/ExperimentImage/main/AllDataResize/visMost457.png,Area,0.65,,The right image would take a lot more time to understand and has more details,Data Density / Image Clutter; Immediacy / Cognitive Load,,more details; take a lot more time to understand,more detailed/things; take longer to interpret,(+); (+),Information Volume; Processing Time & Effort,detail; lot; time; understand,more time (quantity_reference); a lot (quantity_reference); detail (cognitive_element); lot (quantity_reference),more time (temporal); a lot (quantity_descriptor); lot (quantity_descriptor); time (temporal),understand (cognitive),,visualization (whole); detail (content)
InfoVisJ.2072.16.png,https://raw.githubusercontent.com/c109363/ExperimentImage/main/AllDataResize/InfoVisJ.2072.16.png,Area,0.65,,1) Lots of boxes 2) lots of text 3) lots of colors,"Data Density / Image Clutter; Semantics / Text Legibility; Color, Symbol, and Texture Details",,Lots of boxes; lots of text; lots of colors,more charts/points/lines/shapes/elements; amount of words/context/numbers; color variety/arrangement/distribution,(+); (+); (+),Element Quantity; Text Volume & Content; Color Palette & Contrast,lot; box; text; color,lot (quantity_reference); box (chart_component); box (quantity_reference); text (annotation); color (perceptual_element),lot (quantity_descriptor),,,shape (mark); label (text); color (property)
economist_daily_chart_110.png,https://raw.githubusercontent.com/c109363/ExperimentImage/main/AllDataResize/economist_daily_chart_110.png,Area,0.65,,range of colours more physical content than the other image both text shapes and geography included red is a harsh colour compared to dark green,"Data Density / Image Clutter; Schema; Color, Symbol, and Texture Details",,more physical content; text shapes and geography; dark green; range of colors; red is a harsh color,"many/more data/info; domain-specific concepts (e.g., chemical, biology, map); color variety/arrangement/distribution; good color contrast/separation/segmentation; unclear coloring",(+); (+); (+) (-); (+); (+),Element Quantity; Domain Familiarity; Color Palette & Contrast,physical; content; text; shape; geography; dark; green; range; color; red; harsh,content (cognitive_element); text (annotation); shape (mark); shape (perceptual_element); range (data_element); range (quantity_reference); color (perceptual_element),dark (color); green (color); red (color),shape (evaluative),"physical (unclustered); geography (unclustered); harsh (rare, 1 image)",visualization (whole); label (text); region (structure); color (property)
vis678.png,https://raw.githubusercontent.com/c109363/ExperimentImage/main/AllDataResize/vis678.png,Bar,0.65,,"The image I chose would be more difficult to me to describe to someone. The reason I chose it must be the all the designs, color differences, data and concept.; The image I picked has a lot of charts at once, while also being mixed with a timeline. It is also confusing that there are two different charts and some bits of text.; its dense clutter of elements, varied and vibrant color usage indicating different data categories, a high degree of interconnectedness showcasing complex relationships. It was essentially harder to read.; Very busy, a lot going on, lots of details and images. A lot of intricacy.","Data Density / Image Clutter; Visual Encoding Clarity; Semantics / Text Legibility; Color, Symbol, and Texture Details; Aesthetics Uncertainty; Immediacy / Cognitive Load",,"dense clutter of elements; varied and vibrant color; harder to read; Very busy; lots of details; color differences; design, data and concept; difficult for me to describe; a lot of charts; mixed with a timeline; some text; confusing",dense/cluttered data/info; dense/cluttered layout; more charts/points/lines/shapes/elements; much/more data/info/info spread; design-data relationship; mixed timeline; title/axis/label/descriptions; color variety/arrangement/distribution; distracting/confusing/unclear; hard to describe; more difficult to interpret/read/understand/differentiate,(+); (+); (+); (+); (+); (+); (+); (+); (+); (+); (+); (+),Visual Clutter & Overlap; Element Quantity; Information Volume; Encoding Interpretability; Annotations & Labels; Color Palette & Contrast; Visual Disorganization; Interpretive Difficulty,dense; clutter; element; varied; vibrant; color; hard; read; busy; lot; detail; difference; design; datum; concept; difficult; describe; chart; mix; timeline; text; confuse,a lot (quantity_reference); element (domain_object); color (perceptual_element); lot (quantity_reference); detail (cognitive_element); difference (quantity_reference); design (quantity_reference); datum (data_element); chart (chart_type); text (annotation),a lot (quantity_descriptor); dense (size_density); varied (structure); hard (readability); busy (complexity); busy (aesthetics); lot (quantity_descriptor); difficult (readability),read (cognitive); describe (semantic); mix (structural); confuse (cognitive),"clutter (rare, 1 image); vibrant (rare, 1 image); concept (unclustered); timeline (rare, 1 image)",visualization (whole); axes (furniture); label (text); color (property); layout (structure)
InfoVisJ.2181.9.png,https://raw.githubusercontent.com/c109363/ExperimentImage/main/AllDataResize/InfoVisJ.2181.9.png,Cont.-ColorPatn,0.65,,The picture on the left includes four separate visual items to look at and discern. There are extra arrows and information included below the squares that also allude to meaning that needs to be understood.,Data Density / Image Clutter; Immediacy / Cognitive Load,,extra arrows and information; four separate visual items; needs to be understood,dense points/lines/shapes/elements; multiple features/elements/graphs; not easily understood,(+); (+); (+),Element Quantity; Interpretive Difficulty,extra; arrow; information; separate; visual; item; need; understand,arrow (mark); information (cognitive_element); item (domain_object); item (quantity_reference),extra (complexity); extra (information_quality); separate (structure); visual (aesthetics),separate (spatial); separate (structural); need (evaluative); understand (cognitive),,symbol (mark); data (content); element (mark)
SciVisJ.980.7(2).png,https://raw.githubusercontent.com/c109363/ExperimentImage/main/AllDataResize/SciVisJ.980.7(2).png,Glyph,0.65,,it is clearer what I can learn.,Immediacy / Cognitive Load,,it is clearer what I can learn,easy to interpret/read/understand,(-),Interpretive Difficulty,clear; learn,,clear (readability),,learn (unclustered),visualization (whole)
SciVisJ.797.11(3).png,https://raw.githubusercontent.com/c109363/ExperimentImage/main/AllDataResize/SciVisJ.797.11(3).png,Glyph,0.65,,The reason why the orange one was more complex was that the legend behind it was far more vague.,Semantics / Text Legibility,,legend far more vague,title/axis/label/descriptions,(+),Annotations & Labels,legend; far; vague,legend (chart_component),,legend (evaluative),"far (unclustered); vague (rare, 1 image)",legend (furniture)
InfoVisJ.1558.7.png,https://raw.githubusercontent.com/c109363/ExperimentImage/main/AllDataResize/InfoVisJ.1558.7.png,Glyph,0.65,,It is more complex than a simple line graph seen in the other data,Schema,,line graph,a specific technique,(+) (-),Domain Familiarity,line; graph,line (mark); graph (chart_type),,,,visualization (whole)
VASTJ.31.2.png,https://raw.githubusercontent.com/c109363/ExperimentImage/main/AllDataResize/VASTJ.31.2.png,Grid,0.65,,The picture has text. and the black color grabbed my attention suddenly. Black is discordant here.,"Semantics / Text Legibility; Color, Symbol, and Texture Details; Aesthetics Uncertainty",,has text.; black color grabbed attention; Black is discordant here.,word/text/sentence; black color; unclear colors/contrast,(+); (+); (+),Text Volume & Content; Color Palette & Contrast; Perceptual Ambiguity,text; black; color; grab; attention; discordant,text (annotation); color (perceptual_element),black (color),,"grab (rare, 1 image); attention (unclustered); discordant (rare, 1 image)",label (text); element (mark)
InfoVisJ.459.2.png,https://raw.githubusercontent.com/c109363/ExperimentImage/main/AllDataResize/InfoVisJ.459.2.png,Grid,0.65,,The complexity here is the way the image is shown and the need of focus it requires,Immediacy / Cognitive Load,,need of focus,attention/squinting to understand,(+),Processing Time & Effort,need; focus,,,need (evaluative); focus (structural); focus (perceptual),,visualization (whole)
np_11.png,https://raw.githubusercontent.com/c109363/ExperimentImage/main/AllDataResize/np_11.png,Node-link,0.65,,"There is a lot of information to understand, there information is divided in more group, there are multiple area of interests; Multiple elements, includes text and image, in different sizes, and different colours, lots of information; Num of objects/words, how objects spread over the whole picture; too many things; Sports; The one to the right where I know they are talking about the total value of Forbes 50 most valuable sports team in 20112.","Data Density / Image Clutter; Visual Encoding Clarity; Semantics / Text Legibility; Schema; Color, Symbol, and Texture Details",,Forbes companies; sports team; too many things; Multiple elements; lots of information; different sizes; text; different colors; Num of objects/words; how objects spread; words; a lot of information; more groups; multipe areas of interests,"many points/lines/shapes/elements; more charts/points/lines/shapes/elements; more detailed/things; much/more data/info/info spread; multiple features/elements/graphs; element sizes; word/text/sentence; domain-specific concepts (e.g., chemical, biology, map); color variety/arrangement/distribution",(-); (-); (+); (+); (+); (+); (+) (-); (+) (-); (+) (-); (+) (-); (+) (-); (+); (+); (+),Element Quantity; Information Volume; Graphical Forms & Primitives; Text Volume & Content; Domain Familiarity; Color Palette & Contrast,forbe; company; sport; team; thing; multiple; element; lot; information; different; size; text; color; num; object; word; spread; group; multipe; area; interest,a lot (quantity_reference); element (domain_object); lot (quantity_reference); information (cognitive_element); size (perceptual_element); text (annotation); color (perceptual_element); object (domain_object); word (annotation); spread (data_element); spread (quantity_reference); area (layout_component); interest (quantity_reference),too many (quantity_descriptor); a lot (quantity_descriptor); multiple (structure); lot (quantity_descriptor); different (structure); spread (quantity_descriptor),spread (spatial),"forbe (rare, 1 image); company (unclustered); sport (rare, 1 image); team (rare, 1 image); thing (unclustered); num (unclustered); group (unclustered); multipe (rare, 1 image)",visualization (whole); label (text); data (content); category (content); color (property)
v488_n7410_15_f3.png,https://raw.githubusercontent.com/c109363/ExperimentImage/main/AllDataResize/v488_n7410_15_f3.png,Node-link,0.65,,"1. There's a lot of words and information presented in a small space. 2. There's a lot of colors in it, all taking a lot of space, and they're all very different from each other, creating a sense of ""a lot is going on"". 3. The arrangement of the data feels a little bit busier than the other image. 4. Lots of lines coming out of other lines. Though I don't think any of those traits are really negative, just more complex.","Data Density / Image Clutter; Semantics / Text Legibility; Color, Symbol, and Texture Details",,Lots of lines out of other lines; a little bit busier; information in a small space; a lot of word; a lot of colors; all very different,dense/cluttered data/info; overlapping shapes/colors/lines; amount of words/context/numbers; color variety/arrangement/distribution; very different colors,(+); (+); (+); (+); (+); (+),Visual Clutter & Overlap; Text Volume & Content; Color Palette & Contrast,lot; line; little; bit; busy; information; small; space; word; color; different,a lot (quantity_reference); lot (quantity_reference); line (mark); bit (quantity_reference); information (cognitive_element); space (layout_component); word (annotation); color (perceptual_element),a lot (quantity_descriptor); lot (quantity_descriptor); little (size_density); busy (complexity); busy (aesthetics); small (size_density); different (structure),,,line (mark); label (text); color (property); area (mark); legend (furniture)
VASTJ.1763.6.png,https://raw.githubusercontent.com/c109363/ExperimentImage/main/AllDataResize/VASTJ.1763.6.png,Text,0.65,,"Colours variety, hard to read","Color, Symbol, and Texture Details; Immediacy / Cognitive Load",,hard to read; color variety,hard to read; color variety/arrangement/distribution,(+); (+),Interpretive Difficulty; Color Palette & Contrast,hard; read; color; variety,color (perceptual_element); variety (quantity_reference),hard (readability); variety (quantity_descriptor),read (cognitive),,visualization (whole); color (property); label (text)
v490_n7418_1_f2.png,https://raw.githubusercontent.com/c109363/ExperimentImage/main/AllDataResize/v490_n7418_1_f2.png,Bar,0.66,,more  confusing colours; a lot of little boxes.; the other one is just a straight line with colourful boxes,"Data Density / Image Clutter; Visual Encoding Clarity; Color, Symbol, and Texture Details",,a lot of little boxes; more confusing colors; boxes; straight line; colorful,more charts/points/lines/shapes/elements; shapes; straight lines; ambiguous/confusing colors; unclear colormaps,(+); (+); (+) (-); (-); (-),Element Quantity; Graphical Forms & Primitives; Color Palette & Contrast,lot; little; box; confusing; color; straight; line; colorful,straight line (quantity_reference); a lot (quantity_reference); lot (quantity_reference); box (chart_component); box (quantity_reference); color (perceptual_element); line (mark),a lot (quantity_descriptor); lot (quantity_descriptor); little (size_density); confusing (readability); straight (structure),,colorful (unclustered),shape (mark); line (mark); color (property)
SciVisJ.2926.3.png,https://raw.githubusercontent.com/c109363/ExperimentImage/main/AllDataResize/SciVisJ.2926.3.png,Cont.-ColorPatn,0.66,,the left image is just patterns the right image is more interesting,Schema; Immediacy / Cognitive Load,,just patterns,familiar representation; easy to interpret/read/understand,(-),Domain Familiarity; Interpretive Difficulty,pattern,pattern (layout_component); pattern (quantity_reference),,,,visualization (whole)
SciVisJ.801.15.png,https://raw.githubusercontent.com/c109363/ExperimentImage/main/AllDataResize/SciVisJ.801.15.png,Cont.-ColorPatn,0.66,,The presented stimulus was less visible/discernible. The images are very detailed,Data Density / Image Clutter; Aesthetics Uncertainty,,very detailed; stimulus less visible/discernible,more detailed/things; stimulus less visible,(+); (+),Information Volume; Visual Disorganization,detailed; stimulus; visible; discernible,,detailed (aesthetics); detailed (information_quality); visible (readability); discernible (readability); discernible (information_quality),,stimulus (unclustered),visualization (whole)
VASTJ.170.6.png,https://raw.githubusercontent.com/c109363/ExperimentImage/main/AllDataResize/VASTJ.170.6.png,Cont.-ColorPatn,0.66,,its clear its something oval shaped stretched out differently,"Data Density / Image Clutter; Visual Encoding Clarity; Color, Symbol, and Texture Details",,from circular to rectangular; less uniform shapes; less white; more colors,less uniform shapes; shape variety; color variety/arrangement/distribution; less negative space,(+); (+); (+); (+) (-),Graphical Forms & Primitives; Color Palette & Contrast; Visual Clutter & Overlap,circular; rectangular; uniform; shape; white; color,shape (mark); shape (perceptual_element); color (perceptual_element),white (color),shape (evaluative),"circular (rare, 1 image); rectangular (unclustered); uniform (unclustered)",shape (mark); color (property); background (structure)
SciVisJ.797.13(3).png,https://raw.githubusercontent.com/c109363/ExperimentImage/main/AllDataResize/SciVisJ.797.13(3).png,Glyph,0.66,,it has more details the ranking system is beyond my understanding images are difficult to make sense of,Data Density / Image Clutter; Visual Encoding Clarity; Immediacy / Cognitive Load,,more details; ranking system beyond understanding; images difficult to make sense of,more detailed/things; uninterpretable ranking; hard to interpret/read/understand/differentiate,(+); (+); (+),Information Volume; Graphical Forms & Primitives; Interpretive Difficulty,detail; rank; system; understand; image; difficult; sense,detail (cognitive_element); image (chart_type); sense (cognitive_element),difficult (readability); sense (cognitive),make sense (cognitive); understand (cognitive),"rank (unclustered); system (rare, 1 image)",visualization (whole); hierarchy (structure)
SciVisJ.995.10(3).png,https://raw.githubusercontent.com/c109363/ExperimentImage/main/AllDataResize/SciVisJ.995.10(3).png,Glyph,0.66,,Visual cues to make you understand what you're trying to analyze in the image.; random colours in random places; There is a more complex arrangement of shapes and colours; There are less visual items in this image; -Understanding of what I am looking at -Understanding the shapes -Understanding the information,"Data Density / Image Clutter; Visual Encoding Clarity; Color, Symbol, and Texture Details; Aesthetics Uncertainty; Immediacy / Cognitive Load",,arrangement of shapes; arrangement of colors; less visual items; visual cues; random places; random colors,little data/info; random-like movement; shape arrangement; ambiguous/confusing colors; color variety/arrangement/distribution; visual cues,(+); (+); (-); (+); (-); (-),Information Volume; Visual Disorganization; Graphical Forms & Primitives; Color Palette & Contrast; Semantic Clarity,arrangement; shape; color; visual; item; cue; random; place,arrangement (layout_component); arrangement (quantity_reference); shape (mark); shape (perceptual_element); color (perceptual_element); item (domain_object); item (quantity_reference),arrangement (structure); visual (aesthetics); random (structure),shape (evaluative),"cue (rare, 1 image); place (unclustered)",shape (mark); color (property); encoding (property); layout (structure)
v488_n7410_20_f4.png,https://raw.githubusercontent.com/c109363/ExperimentImage/main/AllDataResize/v488_n7410_20_f4.png,Point,0.66,,The image on the left is harder to undertand as again no metrics is provided making it harder to make sense,Semantics / Text Legibility; Immediacy / Cognitive Load,,no metrics; harder to understand,no measurement/metric/axis; more difficult to interpret/read/understand/differentiate,(+); (+) (-),Annotations & Labels; Interpretive Difficulty,metric; hard; understand,,hard (readability),understand (cognitive),metric (unclustered),visualization (whole); number (content)
v488_n7412_9_f1.png,https://raw.githubusercontent.com/c109363/ExperimentImage/main/AllDataResize/v488_n7412_9_f1.png,Area,0.67,,There are more images on the left image. Both were quite complex and it was hard to decide.,Data Density / Image Clutter,,more images,more detailed/things,(+),Information Volume,image,image (chart_type),,,,visualization (whole)
SciVisJ.603.12.png,https://raw.githubusercontent.com/c109363/ExperimentImage/main/AllDataResize/SciVisJ.603.12.png,Bar,0.67,,many graphs side by side and 2 distinct sections in each graph that vary in length. These unknown details make this feel more complex,Data Density / Image Clutter; Visual Encoding Clarity; Aesthetics Uncertainty,,many graphs side by side; vary in length; unknown details,multiple features/elements/graphs; length variation; looks random/messy/lack structure,(+); (+); (+),Element Quantity; Graphical Forms & Primitives; Visual Disorganization,graph; vary; length; unknown; detail,graph (chart_type); detail (cognitive_element),,,"vary (unclustered); length (unclustered); unknown (rare, 1 image)",visualization (whole); bar (mark); label (text)
VisC.249.5.png,https://raw.githubusercontent.com/c109363/ExperimentImage/main/AllDataResize/VisC.249.5.png,Glyph; Cont.-ColorPatn,0.67,,"The image on the left appears to have more undefinable criteria. it's a little confusing exactly what the picture is supposed to represent. the cross at the bottom, which I assume is showing where data intersects, still does not explain exactly. what relevant it has.",Visual Encoding Clarity; Schema; Immediacy / Cognitive Load,,cross at the bottom; undefinable criteria; where data intersects; a little confusing,data intersection; shapes; unclear meaning; unclear meaning/confusing,(+); (+); (+); (+),Dimensionality & Structure; Graphical Forms & Primitives; Semantic Clarity,cross; undefinable; criterion; datum; intersect; little; confusing,datum (data_element),little (size_density); confusing (readability),cross (spatial); intersect (spatial),"undefinable (rare, 1 image); criterion (rare, 1 image)",symbol (mark); point (mark); label (text); visualization (whole)
SciVisJ.980.7.png,https://raw.githubusercontent.com/c109363/ExperimentImage/main/AllDataResize/SciVisJ.980.7.png,Glyph,0.67,,"Odd shapes, several different colors, difficult to understand what it's trying to represent","Color, Symbol, and Texture Details; Immediacy / Cognitive Load",,Odd shapes; different colors; difficult to understand,unclear shape meaning; color variety/arrangement/distribution; hard to interpret/read/understand,(+); (+) (-); (+),Semantic Clarity; Color Palette & Contrast; Interpretive Difficulty,odd; shape; different; color; difficult; understand,shape (mark); shape (perceptual_element); color (perceptual_element),different (structure); difficult (readability),shape (evaluative); understand (cognitive),"odd (rare, 1 image)",shape (mark); color (property); visualization (whole)
VisC.248.3.png,https://raw.githubusercontent.com/c109363/ExperimentImage/main/AllDataResize/VisC.248.3.png,Glyph,0.67,,"The left image has an overall pleasing pattern which makes a holisitic understanding or comprehension more available than the image on the right.; The image on the left had more fine detail than the image on the right. A lot more was happening in the entirety of the space in the image on the left compared to the image on the right, which had more unused space. The preciseness of the lines (thickness, intensity, etc.) was more important to the diagram on the left than the one on the right.",Data Density / Image Clutter; Visual Encoding Clarity; Schema; Immediacy / Cognitive Load,,"more fine detail; preciseness of the lines (thickness, intensity); overall pleasing pattern; holisitic understanding or comprehension more available",more detailed/things; precision of lines; familiar representation; easy to interpret/read/understand,(+); (+); (-); (-),Information Volume; Graphical Forms & Primitives; Domain Familiarity; Interpretive Difficulty,fine; detail; preciseness; line; thickness; intensity; overall; pleasing; pattern; holisitic; understanding; comprehension; available,detail (cognitive_element); line (mark); pattern (layout_component); pattern (quantity_reference); understanding (cognitive_element),fine (size_density); overall (information_quality); understanding (cognitive),,"preciseness (unclustered); thickness (unclustered); intensity (unclustered); pleasing (unclustered); holisitic (rare, 1 image); comprehension (unclustered); available (rare, 1 image)",line (mark); pattern (structure); visualization (whole)
v484_n7392_9_f3.png,https://raw.githubusercontent.com/c109363/ExperimentImage/main/AllDataResize/v484_n7392_9_f3.png,Line,0.67,,"Many different results in the same chart, many numbers and lines of scale.",Data Density / Image Clutter; Semantics / Text Legibility,,Many results in chart; lines of scale; many numbers,many numbers; more charts/points/lines/shapes/elements,(+); (+); (+),Text Volume & Content; Element Quantity,result; chart; line; scale; number,chart (chart_type); line (mark); scale (chart_component); scale (quantity_reference); number (quantity_reference),,,"result (rare, 1 image)",visualization (whole); line (mark); number (content)
InfoVisJ.1063.13.png,https://raw.githubusercontent.com/c109363/ExperimentImage/main/AllDataResize/InfoVisJ.1063.13.png,Node-link,0.67,,"The second one is much easier to understand than the first. The second graph only has black.; Image on the right is simple, although at the end it has many lines it's visually more pleasing than the one on the left.","Data Density / Image Clutter; Color, Symbol, and Texture Details; Aesthetics Uncertainty; Immediacy / Cognitive Load",,many lines; more pleasing; only has black; easier to understand,more charts/points/lines/shapes/elements; black color; visual clarity/appealing; easier to interpret/read/understand,(+) (-); (-); (-); (-),Element Quantity; Color Palette & Contrast; Visual Disorganization; Interpretive Difficulty,line; pleasing; black; easy; understand,line (mark),black (color); easy (readability),understand (cognitive),pleasing (unclustered),line (mark); color (property); visualization (whole)
InfoVisJ.485.9.png,https://raw.githubusercontent.com/c109363/ExperimentImage/main/AllDataResize/InfoVisJ.485.9.png,Point,0.67,,"There are colours, a grid, numbers, and codes in the one I chose. It overall feels more complicated even though I haven't had a chance to truly analyze it.; detail is not fixed in one area. eyes would have to take in lots of separate charts of information. too much for eyes to remember as a whole image.; 1. Involves multiple graphics; 2. Involves colors; 3. Involves words/sentences.; The amount of overlapping lines Several scatter plots; 1.Image size. 2. Small details in the image. 3. The number of shapes in the image; Excessive Data Points: When a chart contains too many data points, it can overwhelm the viewer and make it difficult to discern meaningful patterns or trends. Cluttered Labels and Annotations: If labels, titles, and annotations are excessively crowded or overlapping, it can make it challenging to identify specific elements within the chart. Data Overload: Including too much data in a single chart or diagram can make it difficult to focus on the most important information and can obscure key insights.; Data is easier to compare on the left.; Mixing visual graphs and line data confusing. Unclear what is being measured. Data points not clearly marked or labelled. Very busy images, unsure where to start looking","Data Density / Image Clutter; Semantics / Text Legibility; Schema; Color, Symbol, and Texture Details; Immediacy / Cognitive Load",,"easier to compare; unsure where to start looking; multiple graphics; colors; words/sentences; lots of separate charts; too much to remember; too many data points; too much data; labels, titles, and annotations are excessively crowded or overlapping; challenging to identify; difficult to discern; difficult to focus on; codes; numbers; more complicated; Small details; number of shapes; overlapping lines; scatter plots",fine/layered details; more charts/points/lines/shapes/elements; multiple features/elements/graphs; overlapping shapes/colors/lines; too many points/lines/shapes/elements; too much data/info; amount of words/context/numbers; code/text; unclear relation between words; word/text/sentence; a specific technique; unclear colormaps; easier to compare/discern/distinguish; hard to compare/discern/distinguish; hard to focus/follow; hard to identify/extract/find features; hard to interpret/read/understand; more complicated; unable to remember,(-); (+); (+); (+) (-); (+); (+); (+); (+); (+); (+); (+); (+); (+); (+); (+) (-); (+); (+) (-); (+) (-); (+); (+),Information Volume; Element Quantity; Visual Clutter & Overlap; Text Volume & Content; Semantic Clarity; Domain Familiarity; Color Palette & Contrast; Interpretive Difficulty,easy; compare; unsure; start; look; multiple; graphic; color; word; sentence; lot; separate; chart; remember; data; point; datum; label; title; annotation; excessively; crowded; overlapping; challenge; identify; difficult; discern; focus; code; number; complicated; small; detail; shape; overlap; line; scatter; plot,graphic (chart_type); graphic (quantity_reference); color (perceptual_element); word (annotation); lot (quantity_reference); chart (chart_type); data (data_element); point (mark); datum (data_element); label (chart_component); title (chart_component); annotation (chart_component); annotation (annotation); annotation (quantity_reference); code (annotation); number (quantity_reference); detail (cognitive_element); shape (mark); shape (perceptual_element); line (mark),too many (quantity_descriptor); too much (quantity_descriptor); easy (readability); multiple (structure); graphic (aesthetics); lot (quantity_descriptor); separate (structure); overlapping (structure); difficult (readability); complicated (complexity); small (size_density),separate (spatial); separate (structural); label (semantic); challenge (cognitive); identify (semantic); identify (perceptual); discern (perceptual); focus (structural); focus (perceptual); shape (evaluative); overlap (spatial); scatter (spatial),"compare (unclustered); unsure (unclustered); start (rare, 1 image); look (filtered, 16 images); sentence (unclustered); remember (unclustered); excessively (unclustered); crowded (unclustered); plot (unclustered)",visualization (whole); line (mark); point (mark); label (text); color (property); number (content)
VASTJ.2012.9(2).png,https://raw.githubusercontent.com/c109363/ExperimentImage/main/AllDataResize/VASTJ.2012.9(2).png,Text,0.67,,"I picked complexity mostly for the amount of items displayed, how busy the charts were, the amount of information given and how hard it was to quickly understand them.; many different elements - less organization of elements - more variety of colors","Data Density / Image Clutter; Visual Encoding Clarity; Color, Symbol, and Texture Details; Immediacy / Cognitive Load",,many different elements; less organization of elements; more variety of colors; amount of items; how busy the charts were; the amount of information; how hard it was to quickly understand,dense/cluttered layout; more charts/points/lines/shapes/elements; much/more data/info/info spread; less organized elements; color variety/arrangement/distribution; more difficult to interpret/read/understand/differentiate,(+); (+); (+); (+); (+); (+); (+),"Visual Clutter & Overlap; Element Quantity; Information Volume; Position, Scale & Organization; Color Palette & Contrast; Interpretive Difficulty",different; element; organization; variety; color; item; busy; chart; information; hard; quickly; understand,element (domain_object); variety (quantity_reference); color (perceptual_element); item (domain_object); item (quantity_reference); chart (chart_type); information (cognitive_element),different (structure); variety (quantity_descriptor); busy (complexity); busy (aesthetics); hard (readability); quickly (readability); quickly (temporal),understand (cognitive),organization (unclustered),visualization (whole); color (property); data (content); layout (structure)
MorphableWordClouds13.png,https://raw.githubusercontent.com/c109363/ExperimentImage/main/AllDataResize/MorphableWordClouds13.png,Text,0.67,,"sizes of words, readability",Semantics / Text Legibility,,readability; sizes of words,readability; word rotation/small font size,(+) (-); (-),Typography & Readability,readability; size; word,readability (quantity_reference); size (perceptual_element); word (annotation),readability (readability),,,visualization (whole); label (text)
InfoVisC.173.7(1).png,https://raw.githubusercontent.com/c109363/ExperimentImage/main/AllDataResize/InfoVisC.173.7(1).png,Area,0.68,,I don't really understand where I'm supposed to look.,Immediacy / Cognitive Load,,don't understand where to look.,unclear where to look/what to see,(+),Semantic Clarity,understand; look,,,understand (cognitive),"look (filtered, 16 images)",visualization (whole)
VASTC.19.8.png,https://raw.githubusercontent.com/c109363/ExperimentImage/main/AllDataResize/VASTC.19.8.png,Cont.-ColorPatn,0.68,,"Two much color gradient; -The quality: the image is pretty blurry -The colours: dull and blended together -I have no idea what it represents, lacks clarity It felt like I had to squint my eyes to understand what I was looking at","Schema; Color, Symbol, and Texture Details; Aesthetics Uncertainty; Immediacy / Cognitive Load",,color gradient; no idea what it represents; colors dull and blended; the image is pretty blurry; lacks clarity; squint my eyes to understand,no context or reference; black-to-white/color gradient; blended colors; blurry colors/images; distracting/confusing/unclear; attention/squinting to understand,(+); (+); (+); (+); (+); (+),Domain Familiarity; Color Palette & Contrast; Visual Disorganization; Processing Time & Effort,color; gradient; idea; represent; dull; blend; image; pretty; blurry; lack; clarity; squint; eye; understand,the image (quantity_reference); no idea (quantity_reference); color (perceptual_element); gradient (mark); idea (cognitive_element); image (chart_type),no idea (information_quality),represent (semantic); lack (evaluative); understand (cognitive),"dull (rare, 1 image); blend (rare, 1 image); pretty (unclustered); blurry (unclustered); clarity (unclustered); squint (rare, 1 image); eye (unclustered)",visualization (whole); color (property); label (text)
SciVisJ.877.8(2).png,https://raw.githubusercontent.com/c109363/ExperimentImage/main/AllDataResize/SciVisJ.877.8(2).png,Glyph,0.68,,1. The other one looks like a wind map which I am familiar with.,Schema,,familiar with; wind map,"domain-specific concepts (e.g., chemical, biology, map); familiar representation",(-); (-),Domain Familiarity,familiar; wind; map,map (chart_type),familiar (familiarity),,"wind (rare, 1 image)",visualization (whole)
InfoVisJ.1933.13.png,https://raw.githubusercontent.com/c109363/ExperimentImage/main/AllDataResize/InfoVisJ.1933.13.png,Grid,0.68,,"The image just hurt my eyes to look at. They all looked the same yet different.; For this one, you need to read 15 figures separately. Therefore, I find it more complex.",Aesthetics Uncertainty; Immediacy / Cognitive Load,,hurt my eyes; need to read 15 figures separately,distracting/confusing/unclear; read/analyze many figures/items,(+); (+),Visual Disorganization; Processing Time & Effort,hurt; eye; need; read; figure; separately,,,need (evaluative); read (cognitive),"hurt (unclustered); eye (unclustered); figure (unclustered); separately (rare, 1 image)",layout (structure); panel (structure); encoding (property)
VASTJ.111.8.png,https://raw.githubusercontent.com/c109363/ExperimentImage/main/AllDataResize/VASTJ.111.8.png,Grid,0.68,,"1. axis labelling
2. color differences
3. the grid","Semantics / Text Legibility; Schema; Color, Symbol, and Texture Details",,axis labeling; color differences; grid,title/axis/label/descriptions; a specific technique; color variety/arrangement/distribution,(+); (+); (+),Annotations & Labels; Domain Familiarity; Color Palette & Contrast,axis; labeling; color; difference; grid,axis (chart_component); color (perceptual_element); difference (quantity_reference); grid (chart_component); grid (layout_component),,,"labeling (rare, 1 image)",axes (furniture); color (property); grid (structure)
vis666.png,https://raw.githubusercontent.com/c109363/ExperimentImage/main/AllDataResize/vis666.png,Node-link,0.68,,"interconnecting lines, different colors, many text boxes, assortment of bigger red boxes","Data Density / Image Clutter; Visual Encoding Clarity; Semantics / Text Legibility; Color, Symbol, and Texture Details",,assortment of bigger red boxes; interconnecting lines; many text boxes; different colors,more charts/points/lines/shapes/elements; intersecting lines; more text boxes; color variety/arrangement/distribution,(+); (+); (+); (+) (-),Element Quantity; Graphical Forms & Primitives; Text Volume & Content; Color Palette & Contrast,assortment; big; red; box; interconnect; line; text; different; color,box (chart_component); box (quantity_reference); line (mark); text (annotation); color (perceptual_element),big (size_density); red (color); different (structure),,"assortment (unclustered); interconnect (rare, 1 image)",panel (structure); line (mark); label (text); color (property)
VASTJ.1448.5(2).png,https://raw.githubusercontent.com/c109363/ExperimentImage/main/AllDataResize/VASTJ.1448.5(2).png,Node-link,0.68,,,Immediacy / Cognitive Load,,The inclusion of connections between different points in the image; jumped out to me as instantly making it more complex.,more complicated,(+); (+),Interpretive Difficulty,inclusion; connection; different; point; image; jump; instantly; make; complex,the image (quantity_reference); connection (quantity_reference); point (mark); image (chart_type),different (structure); complex (complexity),,"inclusion (rare, 1 image); jump (rare, 1 image); instantly (unclustered); make (in vocab, excluded)",point (mark); link (structure)
VASTC.107.7.png,https://raw.githubusercontent.com/c109363/ExperimentImage/main/AllDataResize/VASTC.107.7.png,Point,0.68,,"on the right, the x and y axes could represent geo coordinates (like in the left). i also thought each country in the map could be represented as a dot (of the capital or of the middle of the shape) without losing info so i assumed the country shapes weren't that much more complex than dots. in the end, i thought on the right there are more colors and there are more areas (circles) so it's a bit more complex. now that i think about it, on the right there is also no text which adds complexity since we have to guess a legend (it also makes it look more abstract).","Data Density / Image Clutter; Visual Encoding Clarity; Semantics / Text Legibility; Schema; Color, Symbol, and Texture Details",,more areas; circles; country shapes; dots; legend; no text; x and y axes; country; map; more colors,"more detailed/things; shapes; shapes and lines; lack of/not enough axis labels/legend/annotations/context; more title/axis/label; too much legend; domain-specific concepts (e.g., chemical, biology, map); color variety/arrangement/distribution",(+); (+) (-); (+) (-); (+) (-); (+) (-); (+); (+); (+) (-); (+) (-); (+) (-),Information Volume; Graphical Forms & Primitives; Annotations & Labels; Domain Familiarity; Color Palette & Contrast,area; circle; country; shape; dot; legend; text; axis; map; color,area (layout_component); circle (mark); country (domain_object); shape (mark); shape (perceptual_element); dot (mark); legend (chart_component); text (annotation); axis (chart_component); map (chart_type); color (perceptual_element),,shape (evaluative); legend (evaluative),,visualization (whole); shape (mark); point (mark); legend (furniture); axes (furniture)
VASTJ.1683.4(3).png,https://raw.githubusercontent.com/c109363/ExperimentImage/main/AllDataResize/VASTJ.1683.4(3).png,Point,0.68,,"I see the image on the left as being more in order, more capable of being understood, more likely able to establish something from it; I found them equally difficult.",Visual Encoding Clarity; Immediacy / Cognitive Load,,equally difficult; more in order; more capable of being understood,ordered; more difficult; more interpretable/readable/understandable,(-); (-); (-),"Position, Scale & Organization; Interpretive Difficulty",equally; difficult; order; capable; understand,order (quantity_reference),difficult (readability); order (structure),understand (cognitive),"equally (rare, 1 image); capable (rare, 1 image)",visualization (whole); layout (structure); data (content)
whoQ30_1.png,https://raw.githubusercontent.com/c109363/ExperimentImage/main/AllDataResize/whoQ30_1.png,Point,0.68,,#NAME?,Data Density / Image Clutter,,Lots of points,more charts/points/lines/shapes/elements,(+),Element Quantity,lot; point,lot (quantity_reference); point (mark),lot (quantity_descriptor),,,point (mark)
VASTJ.1612.1(3).png,https://raw.githubusercontent.com/c109363/ExperimentImage/main/AllDataResize/VASTJ.1612.1(3).png,Text,0.68,,The first image is kinda difficult to understand and has many elements intermingled,Data Density / Image Clutter; Immediacy / Cognitive Load,,many elements intermingled; difficult to understand,messy/mixed up/noisy/intermingled elements; hard to interpret/read/understand,(+); (+),Visual Clutter & Overlap; Interpretive Difficulty,element; intermingle; difficult; understand,element (domain_object),difficult (readability),understand (cognitive),"intermingle (rare, 1 image)",visualization (whole); data (content)
InfoVisJ.609.8.png,https://raw.githubusercontent.com/c109363/ExperimentImage/main/AllDataResize/InfoVisJ.609.8.png,Bar,0.69,,clearer what I can learn..,Immediacy / Cognitive Load,,clearer what I can learn,easy to understand,(-),Interpretive Difficulty,clear; learn,,clear (readability),,learn (unclustered),visualization (whole)
InfoVisJ.681.1.png,https://raw.githubusercontent.com/c109363/ExperimentImage/main/AllDataResize/InfoVisJ.681.1.png,Cont.-ColorPatn,0.69,,"the colors, upwards trend, the color scale at the top of the page and small box indicators; Colors, abstraction, many elements","Data Density / Image Clutter; Visual Encoding Clarity; Schema; Color, Symbol, and Texture Details",,many elements; Colors; abstraction; color scale; small box indicators; upwards trend,more charts/points/lines/shapes/elements; data trend; shape indicators; abstract shapes or colors; color scale/scheme; indicating symbols; unclear colormaps,(+); (+); (+); (+) (-); (+); (+),Element Quantity; Dimensionality & Structure; Graphical Forms & Primitives; Abstraction Level; Color Palette & Contrast; Symbols & Texture,element; color; abstraction; scale; small; box; indicator; upwards; trend,element (domain_object); color (perceptual_element); scale (chart_component); scale (quantity_reference); box (chart_component); box (quantity_reference),small (size_density),,"abstraction (unclustered); indicator (rare, 1 image); upwards (rare, 1 image); trend (rare, 1 image)",visualization (whole); data (content); color (property); panel (structure); line (mark)
VisJ.1499.8.png,https://raw.githubusercontent.com/c109363/ExperimentImage/main/AllDataResize/VisJ.1499.8.png,Glyph,0.69,,more information to actually think about; number of points/shapes,Data Density / Image Clutter; Schema,,more information to think about; number of points/shapes,much/more data/info/info spread; number of levels,(+); (-),Information Volume; Dimensionality & Structure,information; think; number; point; shape,more information (quantity_reference); information (cognitive_element); number (quantity_reference); point (mark); shape (mark); shape (perceptual_element),more information (information_quality),think (cognitive); shape (evaluative),,visualization (whole); point (mark); data (content)
wsj91.png,https://raw.githubusercontent.com/c109363/ExperimentImage/main/AllDataResize/wsj91.png,Node-link,0.69,,"the other is a full map. I think the map is way more complex then the squares. I chose the one which made less sense. While understanding the map, its hard to choose the map over the grid of squares",Schema; Immediacy / Cognitive Load,,full map; made less sense,"domain-specific concepts (e.g., chemical, biology, map); hard to interpret/read/understand",(+); (+),Domain Familiarity; Interpretive Difficulty,map; sense,map (chart_type); sense (cognitive_element),sense (cognitive),,,visualization (whole); region (structure)
VASTJ.1.5.png,https://raw.githubusercontent.com/c109363/ExperimentImage/main/AllDataResize/VASTJ.1.5.png,Node-link,0.69,,It just looks like a jumble of dots and colors spread randomly between 4 different center points.,"Data Density / Image Clutter; Visual Encoding Clarity; Color, Symbol, and Texture Details",,jumble of dots and colors; 4 different center points; dots; colors,messy/mixed up/noisy/intermingled elements; shape point of interest; shapes and lines; unclear colormaps,(+); (+); (+) (-); (+) (-),Visual Clutter & Overlap; Encoding Interpretability; Graphical Forms & Primitives; Color Palette & Contrast,jumble; dot; color; different; center; point,dot (mark); color (perceptual_element); point (mark),different (structure),,"jumble (unclustered); center (rare, 1 image)",point (mark); color (property)
VASTC.159.2.png,https://raw.githubusercontent.com/c109363/ExperimentImage/main/AllDataResize/VASTC.159.2.png,Text,0.69,,The image on the right is a lot more simple because there are only four highlighted words from a textbook that are also amplified so that they can be seen more clearly. Almost anything would be more complex than this image.,Semantics / Text Legibility,,four highlighted words,amount of words/context/numbers; highlighted words; more texts/words,(-),Text Volume & Content; Annotations & Labels,highlight; word,word (annotation),,,"highlight (rare, 2 images)",label (text)
v484_n7395_11_f2.png,https://raw.githubusercontent.com/c109363/ExperimentImage/main/AllDataResize/v484_n7395_11_f2.png,Area,0.7,,There is a multitude of differing information and colour keys related to the image. It is hard to ascertain the data without deep attention,"Data Density / Image Clutter; Color, Symbol, and Texture Details; Immediacy / Cognitive Load",,multitude of differing information; color keys; hard to ascertain,diverse information; color keys; hard to compare/discern/distinguish,(+); (+); (+),Information Volume; Color Palette & Contrast; Interpretive Difficulty,multitude; differ; information; color; key; hard; ascertain,multitude (quantity_reference); information (cognitive_element); color (perceptual_element); key (chart_component); key (quantity_reference),multitude (quantity_descriptor); key (information_quality); hard (readability),ascertain (perceptual),differ (unclustered),visualization (whole); color (property); data (content)
vis3.png,https://raw.githubusercontent.com/c109363/ExperimentImage/main/AllDataResize/vis3.png,Area,0.7,,Multiple colour schemes and shade variation. Differing font size. It's more challenging and takes longer to 'understand' what it is I'm looking at.,"Visual Encoding Clarity; Semantics / Text Legibility; Color, Symbol, and Texture Details; Immediacy / Cognitive Load",,shape varation; Multiple color schemes; Differing font size; takes longer to understand,shape variety; different font/word sizes/structure; color variety/arrangement/distribution; take longer to interpret,(+); (+); (+); (+),Graphical Forms & Primitives; Typography & Readability; Color Palette & Contrast; Processing Time & Effort,shape; varation; multiple; color; scheme; differ; font; size; take; long; understand,shape (mark); shape (perceptual_element); color (perceptual_element); font (annotation); size (perceptual_element),multiple (structure); long (temporal),shape (evaluative); take (evaluative); understand (cognitive),"varation (rare, 1 image); scheme (in vocab, excluded); differ (unclustered)",visualization (whole); element (mark); color (property); label (text)
InfoVisC.115.3.png,https://raw.githubusercontent.com/c109363/ExperimentImage/main/AllDataResize/InfoVisC.115.3.png,Area,0.7,,"It had more colours, the graph did not have a linear pattern.And I didn't understand what the different axis ment.","Semantics / Text Legibility; Schema; Color, Symbol, and Texture Details; Immediacy / Cognitive Load",,more colors; different axis; not a linear pattern.; I didn't understand,nonlinearity; title/axis/label/descriptions; color variety/arrangement/distribution; not interpretable/readable/understandable,(+) (-); (+); (+); (+),Domain Familiarity; Annotations & Labels; Color Palette & Contrast; Interpretive Difficulty,color; different; axis; linear; pattern; understand,color (perceptual_element); axis (chart_component); pattern (layout_component); pattern (quantity_reference),different (structure); linear (structure),understand (cognitive),,visualization (whole); color (property); axes (furniture); pattern (structure)
InfoVisJ.881.15.png,https://raw.githubusercontent.com/c109363/ExperimentImage/main/AllDataResize/InfoVisJ.881.15.png,Area,0.7,,I choose that because I recognised there is more data in the right side. Also there can be more variable thats why it came to me more complex.,Data Density / Image Clutter,,more data; more variables,more parameters/variables; much/more data/info/info spread,(+); (+),Information Volume,datum; variable,datum (data_element); variable (data_element),,,,visualization (whole); point (mark); data (content)
SciVisJ.1246.8.png,https://raw.githubusercontent.com/c109363/ExperimentImage/main/AllDataResize/SciVisJ.1246.8.png,Cont.-ColorPatn,0.7,,"The one on the left I don't even know what is being represented on it, but there are a lot of colors and shapes","Data Density / Image Clutter; Visual Encoding Clarity; Color, Symbol, and Texture Details; Immediacy / Cognitive Load",,a lot of shapes; a lot of colors; I don't know what is being represented,more charts/points/lines/shapes/elements; shapes and lines; color variety/arrangement/distribution; unclear meaning/confusing,(+); (+); (+),Element Quantity; Graphical Forms & Primitives; Color Palette & Contrast; Semantic Clarity,lot; shape; color; know; represent,a lot (quantity_reference); lot (quantity_reference); shape (mark); shape (perceptual_element); color (perceptual_element),a lot (quantity_descriptor); lot (quantity_descriptor),shape (evaluative); know (cognitive); represent (semantic),,shape (mark); color (property); visualization (whole)
VisJ.1197.5.png,https://raw.githubusercontent.com/c109363/ExperimentImage/main/AllDataResize/VisJ.1197.5.png,Glyph,0.7,,Proximity of items Colours involved Complexity of image,"Data Density / Image Clutter; Color, Symbol, and Texture Details",,Proximity of items; Colors involved,dense points/lines/shapes/elements; unclear colormaps,(+) (-); (+) (-),Element Quantity; Color Palette & Contrast,proximity; item; color; involve,item (domain_object); item (quantity_reference); color (perceptual_element),,involve (evaluative),proximity (unclustered),visualization (whole); data (content); color (property)
v487_n7406_7_f3.png,https://raw.githubusercontent.com/c109363/ExperimentImage/main/AllDataResize/v487_n7406_7_f3.png,Glyph,0.7,,There are more colors and more details all mixed up to scrutinize on the orange highlight image. Datas printed on orange highlight image seem more difficult to understand.,"Data Density / Image Clutter; Color, Symbol, and Texture Details; Immediacy / Cognitive Load",,mixed up; more details; more colors; more difficult to understand,messy/mixed up/noisy/intermingled elements; more detailed/things; color variety/arrangement/distribution; more difficult to interpret/read/understand/differentiate,(+); (+); (+) (-); (+),Visual Clutter & Overlap; Information Volume; Color Palette & Contrast; Interpretive Difficulty,mix; detail; color; difficult; understand,detail (cognitive_element); color (perceptual_element),difficult (readability),mix (structural); understand (cognitive),,visualization (whole); color (property); detail (content); layout (structure)
VisJ.1329.1.png,https://raw.githubusercontent.com/c109363/ExperimentImage/main/AllDataResize/VisJ.1329.1.png,Glyph,0.7,,Unclear. The image does not have enough color. Also what am I looking at in the left image.,"Color, Symbol, and Texture Details; Aesthetics Uncertainty",,not enough color.; Unclear.,inadequate/few coloring; distracting/confusing/unclear,(+); (+),Color Palette & Contrast; Visual Disorganization,color; unclear,color (perceptual_element),unclear (readability); unclear (information_quality),,,visualization (whole); color (property)
VisC.73.8(2).png,https://raw.githubusercontent.com/c109363/ExperimentImage/main/AllDataResize/VisC.73.8(2).png,Glyph,0.7,,"There appears to be a lot of data points. Uncertainty as to what the image is stating. Uncertainty on whether there was a gradient or not (what does black mean, what does green mean, what does yellow mean).","Data Density / Image Clutter; Color, Symbol, and Texture Details; Aesthetics Uncertainty",,a lot of data points; a gradient; black; green; yellow; uncertainty,more charts/points/lines/shapes/elements; black-to-white/color gradient; inadequate/few coloring; unclear color meaning; unclear coloring; looks random/messy/lack structure,(+); (+); (+); (+); (+); (+),Element Quantity; Color Palette & Contrast; Visual Disorganization,lot; datum; point; gradient; black; green; yellow; uncertainty,a lot (quantity_reference); lot (quantity_reference); datum (data_element); point (mark); gradient (mark),a lot (quantity_descriptor); lot (quantity_descriptor); black (color); green (color),,"yellow (rare, 1 image); uncertainty (unclustered)",point (mark); color (property); element (mark)
SciVisJ.1005.12.png,https://raw.githubusercontent.com/c109363/ExperimentImage/main/AllDataResize/SciVisJ.1005.12.png,Grid,0.7,,more unique contrasts more lines more words smaller details,"Data Density / Image Clutter; Semantics / Text Legibility; Color, Symbol, and Texture Details",,more lines; smaller details; more words; more unique contrasts,fine/layered details; more charts/points/lines/shapes/elements; more texts/words; more contrast,(+); (+); (+); (+),Information Volume; Element Quantity; Text Volume & Content; Color Palette & Contrast,line; small; detail; word; unique; contrast,line (mark); detail (cognitive_element); word (annotation); contrast (perceptual_element),small (size_density); unique (familiarity),contrast (structural),,line (mark); label (text); annotation (text); color (property)
InfoVisJ.464.11.png,https://raw.githubusercontent.com/c109363/ExperimentImage/main/AllDataResize/InfoVisJ.464.11.png,Grid,0.7,,Words Amount of subjects,Data Density / Image Clutter; Semantics / Text Legibility,,Amount of subjects; Words,too many subjects; word/text/sentence,(+); (+) (-),Element Quantity; Text Volume & Content,subject; word,word (annotation),,,subject (unclustered),visualization (whole); data (content); label (text)
VASTC.1.7.png,https://raw.githubusercontent.com/c109363/ExperimentImage/main/AllDataResize/VASTC.1.7.png,Node-link,0.7,,"No details color code Growth pattern; 1 - Abundance of individual objects 2 - Variation in Colours 3 - Number of vertical lines 4 - Contrasting patterns; Imaging seemed more arbitrary and complex in the orange one; the details in the orange one are finer and more intricate.; all of the dots seem like there more going on hard to make out what it means each box is significantly different; number of dots, color of dots; All of the dots make it seem like there's more going on; hard to make out what it means; each box is significantly different; clear color difference; i really dont understand that graphic. They look like stages of a process but it is not clear to me. intuitively I do not see it.; I have no experience with 'Wavelet Coefficients', therefore the coloured dots don't mean anything to me and is impossible to interpret; The way of connecting to its surroundings feels confusing and even though I somewhat understand it, it has created me confusion before; its more complex, at least for the viewer, as you first need to understand what each picture or image inside the columns tell you.","Data Density / Image Clutter; Visual Encoding Clarity; Schema; Color, Symbol, and Texture Details; Aesthetics Uncertainty; Immediacy / Cognitive Load",,hard to make out what it means; connection to surroundingsfeels confusing; feels confusing; Abundance of individual objects; Number of vertical lines; Contrasting patterns; Variation in Colors; details are finer and more intricate; Imaging seemed arbitrary; clear color difference; Wavelet Coefficients; colored dots; impossible to interpret; color code; no details; growth pattern; more going on; dots; each box is significantly different; stages of a process; not clear; dont understand; number of dots; color of dots,"fine/layered details; little data/info; more charts/points/lines/shapes/elements; more detailed/things; confusing connection; number of vertical lines; shape size variation; shapes and lines; a specific technique; domain-specific concepts (e.g., chemical, biology, map); familiar representation; clear color uses; color variety/arrangement/distribution; low color contrast/separation/segmentation; unclear colormaps; arbitrary imaging; distracting/confusing/unclear; hard to interpret/read/understand; hard to interpret/read/understand/differentiate; more complicated; not interpretable/readable/understandable; unclear meaning/confusing",(+); (+); (+); (+); (+); (+); (+); (+); (+); (-); (+); (+); (+); (+); (+); (+); (+); (+) (-); (+); (+); (+); (+); (+); (+),Information Volume; Element Quantity; Semantic Clarity; Graphical Forms & Primitives; Domain Familiarity; Color Palette & Contrast; Visual Disorganization; Interpretive Difficulty,hard; mean; connection; surroundingsfeel; confuse; feel; confusing; abundance; individual; object; number; vertical; line; contrast; pattern; variation; color; detail; fine; intricate; imaging; arbitrary; clear; difference; wavelet; coefficient; colored; dot; impossible; interpret; code; growth; box; significantly; different; stage; process; understand,color difference (perceptual_element); connection (quantity_reference); object (domain_object); number (quantity_reference); line (mark); contrast (perceptual_element); pattern (layout_component); pattern (quantity_reference); color (perceptual_element); detail (cognitive_element); difference (quantity_reference); dot (mark); code (annotation); box (chart_component); box (quantity_reference); process (quantity_reference),color difference (color); hard (readability); confusing (readability); individual (structure); fine (size_density); intricate (complexity); intricate (structure); arbitrary (familiarity); clear (readability); colored (color); different (structure),mean (semantic); confuse (cognitive); feel (perceptual); contrast (structural); interpret (cognitive); understand (cognitive),"surroundingsfeel (unclustered); abundance (unclustered); vertical (unclustered); variation (unclustered); imaging (unclustered); wavelet (rare, 1 image); coefficient (rare, 1 image); impossible (unclustered); growth (rare, 1 image); significantly (rare, 1 image); stage (unclustered)",point (mark); line (mark); shape (mark); legend (furniture); pattern (structure); data (content)
InfoVisJ.401.12.png,https://raw.githubusercontent.com/c109363/ExperimentImage/main/AllDataResize/InfoVisJ.401.12.png,Node-link,0.7,,More elements; the chosen image seems like there is a cluster of information that needs to be seen slowly one by one. It feels like the chosen visualization comes from a more scientific method than just showing information in text. Some kind of extra information would be needed to understand what these networks mean.,Data Density / Image Clutter; Semantics / Text Legibility; Schema,,More elements; a cluster of information; showing information in text; network; scientific method,"clustered data/info; more charts/points/lines/shapes/elements; clear text/scale/information; a specific technique; domain-specific concepts (e.g., chemical, biology, map)",(+); (+); (+); (+) (-); (+),Information Volume; Element Quantity; Annotations & Labels; Domain Familiarity,element; cluster; information; show; text; network; scientific; method,element (domain_object); information (cognitive_element); text (annotation); network (chart_type); network (quantity_reference),,show (semantic),"cluster (rare, 2 images); scientific (rare, 1 image); method (rare, 1 image)",link (structure); label (text); region (structure); node (mark)
v483_n7390_14_f3.png,https://raw.githubusercontent.com/c109363/ExperimentImage/main/AllDataResize/v483_n7390_14_f3.png,Node-link,0.7,,A phylogenetic tree involves a lot of different species being fit on the same tree and there is a lot of complexity in how lineages are tracked and how the evolutionary tree developed.,Data Density / Image Clutter; Schema,,a lot of different species; evolutionary tree; lineages; phylogenetic tree,"more charts/points/lines/shapes/elements; domain-specific concepts (e.g., chemical, biology, map)",(+); (+); (+); (+),Element Quantity; Domain Familiarity,lot; different; specie; evolutionary; tree; lineage; phylogenetic,a lot (quantity_reference); lot (quantity_reference),a lot (quantity_descriptor); lot (quantity_descriptor); different (structure),,"specie (rare, 1 image); evolutionary (rare, 1 image); tree (unclustered); lineage (unclustered); phylogenetic (rare, 1 image)",hierarchy (structure); label (text); link (structure)
visMost634.png,https://raw.githubusercontent.com/c109363/ExperimentImage/main/AllDataResize/visMost634.png,Point,0.7,,contrasting colours,"Color, Symbol, and Texture Details",,contrasting colors,good color contrast/separation/segmentation,(-),Color Palette & Contrast,contrast; color,contrast (perceptual_element); color (perceptual_element),,contrast (structural),,visualization (whole)
InfoVisC.24.3(2).png,https://raw.githubusercontent.com/c109363/ExperimentImage/main/AllDataResize/InfoVisC.24.3(2).png,Text,0.7,,just text on the (less complex) and code/text; In the image with orange highlight I'm seeing programming and for me it's more difficult.,Semantics / Text Legibility; Schema; Immediacy / Cognitive Load,,code/text; just text; programming; more difficult,code/text; word/text/sentence; a specific technique; more difficult,(-); (-); (+); (+),Text Volume & Content; Domain Familiarity; Interpretive Difficulty,code; text; programming; difficult,code (annotation); text (annotation),difficult (readability),,programming (unclustered),label (text); panel (structure)
vis853.png,https://raw.githubusercontent.com/c109363/ExperimentImage/main/AllDataResize/vis853.png,Area,0.71,,"The colour of the images. The writing on the left image is very small, compared to the text on the right. There are images on the left picture.","Semantics / Text Legibility; Color, Symbol, and Texture Details",,color of the images; writing very small,word rotation/small font size; unclear colormaps,(+); (+),Typography & Readability; Color Palette & Contrast,color; image; write; small,color (perceptual_element); image (chart_type),small (size_density),write (evaluative),,visualization (whole); label (text)
InfoVisC.115.4.png,https://raw.githubusercontent.com/c109363/ExperimentImage/main/AllDataResize/InfoVisC.115.4.png,Area,0.71,,the color and the number of different thing in the same area is so dificult to see whats about,"Data Density / Image Clutter; Color, Symbol, and Texture Details; Immediacy / Cognitive Load",,number of things in the same area; colors in the same area; dificult to see whats about,many points/lines/shapes/elements; color variety/arrangement/distribution; hard to see/tell/visualize,(+); (+); (+),Element Quantity; Color Palette & Contrast; Interpretive Difficulty,number; thing; area; color; dificult,number (quantity_reference); area (layout_component); color (perceptual_element),,,"thing (unclustered); dificult (rare, 2 images)",region (structure); color (property); visualization (whole)
SciVisJ.700.5.png,https://raw.githubusercontent.com/c109363/ExperimentImage/main/AllDataResize/SciVisJ.700.5.png,Area,0.71,,have more data,Data Density / Image Clutter,,have more data,much/more data/info/info spread,(+),Information Volume,datum,datum (data_element),,,,visualization (whole)
InfoVisJ.2639.8.png,https://raw.githubusercontent.com/c109363/ExperimentImage/main/AllDataResize/InfoVisJ.2639.8.png,Bar,0.71,,The color bar seems more complex and takes me longer to interpret.,"Color, Symbol, and Texture Details; Immediacy / Cognitive Load",,color bar; longer to interpret,color variety/arrangement/distribution; colored bars/charts; more complicated; more to read/analyze/understand; take longer to interpret; unclear meaning/confusing,(+); (+),Color Palette & Contrast; Interpretive Difficulty; Processing Time & Effort; Semantic Clarity,color; bar; long; interpret,color (perceptual_element); bar (mark),long (temporal),interpret (cognitive),,bar (mark); visualization (whole)
VisC.623.5.png,https://raw.githubusercontent.com/c109363/ExperimentImage/main/AllDataResize/VisC.623.5.png,Cont.-ColorPatn,0.71,,"I don't even register what the left one is supposed to be, so it seems more complex. More colors make it more complex.","Schema; Color, Symbol, and Texture Details",,I don't register what is supposed to be; More colors,unfamiliar concepts/patterns; color variety/arrangement/distribution,(+); (+),Domain Familiarity; Color Palette & Contrast,register; suppose; color,color (perceptual_element),,,"register (rare, 1 image); suppose (unclustered)",visualization (whole); color (property)
SciVisJ.1043.14.png,https://raw.githubusercontent.com/c109363/ExperimentImage/main/AllDataResize/SciVisJ.1043.14.png,Cont.-ColorPatn,0.71,,More colours,"Color, Symbol, and Texture Details",,More colors,color variety/arrangement/distribution,(+),Color Palette & Contrast,color,color (perceptual_element),,,,visualization (whole)
v490_n7420_13_f1.png,https://raw.githubusercontent.com/c109363/ExperimentImage/main/AllDataResize/v490_n7420_13_f1.png,Glyph,0.71,,The line and shape of the image is more complex,Visual Encoding Clarity,,line and shape,shapes and lines,(+),Graphical Forms & Primitives,line; shape,line (mark); shape (mark); shape (perceptual_element),,shape (evaluative),,line (mark); shape (mark)
VisJ.1595.9(2).png,https://raw.githubusercontent.com/c109363/ExperimentImage/main/AllDataResize/VisJ.1595.9(2).png,Glyph,0.71,,more graphic; no or few data; 3D; more white space,"Data Density / Image Clutter; Schema; Color, Symbol, and Texture Details",,more graphic; no or few data; white space; 3D,little data/info; more charts/points/lines/shapes/elements; 2D/3D; white/black background / other background,(+); (+); (+); (+),Information Volume; Element Quantity; Dimensionality & Structure; Color Palette & Contrast,graphic; datum; white; space,graphic (chart_type); graphic (quantity_reference); datum (data_element); space (layout_component),graphic (aesthetics); white (color),,,visualization (whole); element (mark); background (structure); point (mark)
VASTC.3.3.png,https://raw.githubusercontent.com/c109363/ExperimentImage/main/AllDataResize/VASTC.3.3.png,Grid,0.71,,The muted colors and similar size of the boxes makes it harder to distinguish what is going on.,"Visual Encoding Clarity; Color, Symbol, and Texture Details; Immediacy / Cognitive Load",,similar size of the boxes; muted colors; harder to distinguish,similar box sizes; soft/layered/overlapping colors; more difficult to compare/discern/distinguish,(+); (+); (+),Graphical Forms & Primitives; Color Palette & Contrast; Interpretive Difficulty,similar; size; box; mute; color; hard; distinguish,size (perceptual_element); box (chart_component); box (quantity_reference); color (perceptual_element),similar (structure); hard (readability),distinguish (structural),"mute (rare, 1 image)",shape (mark); color (property)
InfoVisJ.451.5.png,https://raw.githubusercontent.com/c109363/ExperimentImage/main/AllDataResize/InfoVisJ.451.5.png,Grid,0.71,,more details in terms of information more shapes of different size Thick and thinness,Visual Encoding Clarity,,Thick and thinness; more shapes of different size,line thickness variation; shape size variation,(+); (+),Graphical Forms & Primitives,thick; thinness; shape; different; size,different size (quantity_reference); shape (mark); shape (perceptual_element); size (perceptual_element),different size (size_density); different (structure),shape (evaluative),"thick (rare, 1 image); thinness (unclustered)",line (mark); shape (mark)
v483_n7387_5_f1.png,https://raw.githubusercontent.com/c109363/ExperimentImage/main/AllDataResize/v483_n7387_5_f1.png,Line,0.71,,"There are far more details to try and understand with a complex variety of data points. 1. A plethora of datapoints to try and figure out 2. Multiple colours and lines; Multiple different facts presented, more numeric features","Data Density / Image Clutter; Color, Symbol, and Texture Details; Immediacy / Cognitive Load",,Multiple facts; A plethora of datapoints; Multiple colors and lines; more to understand,more charts/points/lines/shapes/elements; much/more data/info/info spread; color variety/arrangement/distribution; take longer to interpret,(+); (+); (+); (+),Element Quantity; Information Volume; Color Palette & Contrast; Processing Time & Effort,multiple; fact; plethora; datapoint; color; line; understand,color (perceptual_element); line (mark),multiple (structure),understand (cognitive),"fact (unclustered); plethora (rare, 1 image); datapoint (unclustered)",point (mark); line (mark); color (property); annotation (text)
vis737.png,https://raw.githubusercontent.com/c109363/ExperimentImage/main/AllDataResize/vis737.png,Node-link,0.71,,1. Colors are in the same shade — hard to differentiate. 2. No labels on axes — not sure what itâ€™s talking about.,"Semantics / Text Legibility; Color, Symbol, and Texture Details; Immediacy / Cognitive Load",,Colors are in the same shade; No labels on axes; hard to differentiate; not sure what it's talking about,lack of/not enough axis labels/legend/annotations/context; similar colors; hard to interpret/read/understand/differentiate; unclear meaning/confusing,(+); (+); (+); (+),Annotations & Labels; Color Palette & Contrast; Interpretive Difficulty; Semantic Clarity,color; shade; label; axis; hard; differentiate; sure; talk,color (perceptual_element); shade (perceptual_element); label (chart_component); axis (chart_component),hard (readability),label (semantic); differentiate (structural),"sure (in vocab, excluded); talk (unclustered)",visualization (whole); color (property); axes (furniture); data (content)
SciVisJ.896.3.png,https://raw.githubusercontent.com/c109363/ExperimentImage/main/AllDataResize/SciVisJ.896.3.png,Node-link,0.71,,There are too many colors and it's not clear what they mean.,"Color, Symbol, and Texture Details; Immediacy / Cognitive Load",,too many colors; not clear what they mean,unclear meaning; too many colors,(+); (+),Semantic Clarity; Color Palette & Contrast,color; clear; mean,color (perceptual_element),too many (quantity_descriptor); clear (readability),mean (semantic),,color (property); legend (furniture)
InfoVisJ.2556.9.png,https://raw.githubusercontent.com/c109363/ExperimentImage/main/AllDataResize/InfoVisJ.2556.9.png,Text,0.71,,The map on the left is immediately recognizable; the labels on the left image are clear and easy to read; the title of the visualization and therefore the purpose of the visualization is clearer on the left.,Semantics / Text Legibility; Schema,,immediately recognizable; labels are clear; title and purpose is clearer,clear title/axis/label; familiar representation,(-); (-); (-),Annotations & Labels; Domain Familiarity,immediately; recognizable; label; clear; title; purpose,label (chart_component); title (chart_component); purpose (cognitive_element),recognizable (familiarity); clear (readability); purpose (cognitive),label (semantic),immediately (unclustered),visualization (whole); label (text); title (text)
VisJ.1197.5(4).png,https://raw.githubusercontent.com/c109363/ExperimentImage/main/AllDataResize/VisJ.1197.5(4).png,Glyph,0.72,,I can't tell what the image is about; blobs,Immediacy / Cognitive Load,,can't tell what the image is about,not interpretable/readable/understandable,(+),Interpretive Difficulty,tell; image,the image (quantity_reference); image (chart_type),,tell (evaluative),,visualization (whole)
SciVisJ.821.16.png,https://raw.githubusercontent.com/c109363/ExperimentImage/main/AllDataResize/SciVisJ.821.16.png,Glyph,0.72,,the colours used.,"Color, Symbol, and Texture Details",,colors used,unclear colormaps,(-),Color Palette & Contrast,color,color (perceptual_element),,,,visualization (whole)
SciVisJ.1236.10.png,https://raw.githubusercontent.com/c109363/ExperimentImage/main/AllDataResize/SciVisJ.1236.10.png,Grid,0.72,,"The amount of pixels and colors also with different patterns and partly mixed up seemed more intense on the right side. Also the text abpve the pixel add up to it being more complex to me.; Number of square. Variety of data in every square. convey much more data.; On the contrary the left image is clear, it shows everything by columns and rows which is easier to visualize.; The more complex image needs to be studied more intently to make sense of.; I have no idea what Image 1 is; it makes me curious what it means and the colors seem to have some sort of meaning.; I dont understand at all the image selected, neither the graphics nor the data. I have never seen something similar.; The image with the orange box has 1. different shapes and sizes of blurred purple and green boxes 2. labels are top are confusing to decode; The meaning of the code which i don't understand","Data Density / Image Clutter; Visual Encoding Clarity; Semantics / Text Legibility; Schema; Color, Symbol, and Texture Details; Immediacy / Cognitive Load",,needs to be studied more intently to make sense of; different shapes and sizes; blurred purple and green boxes; labels; meaning of the code; don't understand; not something similar.; dont understand at all; no idea what Image is; the colors seem to have meaning; Number of square; Variety of data in square; columns and rows; easier to visualize,"many/more data/info; more charts/points/lines/shapes/elements; shape size variation; unclear meaning; title/axis/label/descriptions; domain-specific concepts (e.g., chemical, biology, map); no context or reference; unfamiliar concepts/patterns; blurry colors/images; unclear meaning/confusing; easier to process/visualize; more effort/reading/detailed analysis; not interpretable/readable/understandable",(+); (+); (+); (+) (-); (+); (+); (+); (+); (+); (+); (+); (+); (-); (+) (-),Element Quantity; Graphical Forms & Primitives; Semantic Clarity; Annotations & Labels; Domain Familiarity; Color Palette & Contrast; Interpretive Difficulty; Processing Time & Effort,need; study; intently; sense; different; shape; size; blur; purple; green; box; label; meaning; code; understand; similar; idea; image; color; mean; number; square; variety; datum; column; row; easy; visualize,no idea (quantity_reference); sense (cognitive_element); shape (mark); shape (perceptual_element); size (perceptual_element); box (chart_component); box (quantity_reference); label (chart_component); meaning (cognitive_element); code (annotation); idea (cognitive_element); image (chart_type); color (perceptual_element); number (quantity_reference); square (mark); variety (quantity_reference); datum (data_element),no idea (information_quality); sense (cognitive); different (structure); green (color); meaning (cognitive); similar (structure); variety (quantity_descriptor); easy (readability),make sense (cognitive); need (evaluative); shape (evaluative); label (semantic); understand (cognitive); mean (semantic); visualize (perceptual),"study (rare, 1 image); intently (rare, 1 image); blur (unclustered); purple (rare, 1 image); column (unclustered); row (unclustered)",grid (structure); shape (mark); color (property); label (text)
VASTJ.1160.7.png,https://raw.githubusercontent.com/c109363/ExperimentImage/main/AllDataResize/VASTJ.1160.7.png,Grid,0.72,,"1. I do not understand the picture 2. It looks complex 3.Even if i try to understand it, i feel it will take me some time 4.So many details on the orange highlight",Data Density / Image Clutter; Immediacy / Cognitive Load,,So many details; I do not understand the picture,too many details/divisions; not interpretable/readable/understandable,(+); (+),Element Quantity; Interpretive Difficulty,detail; understand; picture,detail (cognitive_element); picture (chart_type),,understand (cognitive),,visualization (whole); detail (content)
SciVisJ.700.11.png,https://raw.githubusercontent.com/c109363/ExperimentImage/main/AllDataResize/SciVisJ.700.11.png,Grid,0.72,,multiple shades of blue used; a lot of text,"Semantics / Text Legibility; Color, Symbol, and Texture Details",,a lot of text; multiple shades of blue,amount of words/context/numbers; color shading,(+); (+),Text Volume & Content; Color Palette & Contrast,lot; text; multiple; shade; blue,a lot (quantity_reference); lot (quantity_reference); text (annotation); shade (perceptual_element),a lot (quantity_descriptor); lot (quantity_descriptor); multiple (structure),,blue (unclustered),label (text); color (property)
InfoVisC.8.7.png,https://raw.githubusercontent.com/c109363/ExperimentImage/main/AllDataResize/InfoVisC.8.7.png,Line,0.72,,There were a lot of intersections in the Circle  suggesting that there is a high amount of data to be extracted,Data Density / Image Clutter,,high amount of data; intersections in the Circle,much/more data/info/info spread; overlapping shapes/colors/lines,(+); (+),Information Volume; Visual Clutter & Overlap,high; datum; intersection; circle,the circle (quantity_reference); datum (data_element); intersection (layout_component); intersection (quantity_reference); circle (mark),,,"high (in vocab, excluded)",point (mark); link (structure)
InfoVisJ.2486.8.png,https://raw.githubusercontent.com/c109363/ExperimentImage/main/AllDataResize/InfoVisJ.2486.8.png,Node-link,0.72,,"lines, relationships;  both are complex; The other image has somewhat of a color scheme. I could see that the red lines are forming some sort of network between the blue dots in the other image. I have seen the other image in data visualizations before.","Visual Encoding Clarity; Schema; Color, Symbol, and Texture Details",,lines; relationships; data visualizations; network; color scheme; dots,"design-data relationship; lines; shapes and lines; a specific technique; a specific technique, e.g., bar, pie, circle; color scale/scheme",(+) (-); (-); (-); (+) (-); (-); (+) (-),Encoding Interpretability; Graphical Forms & Primitives; Domain Familiarity; Color Palette & Contrast,line; relationship; datum; visualization; network; color; scheme; dot,color scheme (perceptual_element); color scheme (quantity_reference); line (mark); datum (data_element); network (chart_type); network (quantity_reference); color (perceptual_element); dot (mark),color scheme (color),,"relationship (unclustered); visualization (unclustered); scheme (in vocab, excluded)",line (mark); link (structure); point (mark); color (property); data (content)
VisC.501.7(2).png,https://raw.githubusercontent.com/c109363/ExperimentImage/main/AllDataResize/VisC.501.7(2).png,Point,0.72,,"a lot of different colours, details, no clear sceme","Data Density / Image Clutter; Schema; Color, Symbol, and Texture Details",,a lot of different colors; details; no clear scheme,more detailed/things; unfamiliar concepts/patterns; color variety/arrangement/distribution; texture details,(+); (+); (+),Information Volume; Domain Familiarity; Color Palette & Contrast; Symbols & Texture,lot; different; color; detail; clear; scheme,a lot (quantity_reference); lot (quantity_reference); color (perceptual_element); detail (cognitive_element),a lot (quantity_descriptor); lot (quantity_descriptor); different (structure); clear (readability),,"scheme (in vocab, excluded)",visualization (whole); color (property); detail (content)
InfoVisJ.1009.9.png,https://raw.githubusercontent.com/c109363/ExperimentImage/main/AllDataResize/InfoVisJ.1009.9.png,Area,0.73,,There is no key for the data. The different colours are confusing. The shades of the colour change. There is less information on the picture,"Semantics / Text Legibility; Color, Symbol, and Texture Details",,no key for the data; different colors; different colors are confusing; shades of color change,lack of/not enough axis labels/legend/annotations/context; ambiguous/confusing colors; color shading; color variety/arrangement/distribution,(+); (+) (-); (+); (+),Annotations & Labels; Color Palette & Contrast,key; datum; different; color; confuse; shade; change,key (chart_component); key (quantity_reference); datum (data_element); color (perceptual_element); shade (perceptual_element),key (information_quality); different (structure),confuse (cognitive),change (unclustered),visualization (whole); legend (furniture); color (property)
visMost393.png,https://raw.githubusercontent.com/c109363/ExperimentImage/main/AllDataResize/visMost393.png,Area,0.73,,simple to understand.,Immediacy / Cognitive Load,,simple to understand,simple to interpret/read/understand,(-),Interpretive Difficulty,simple; understand,,simple (complexity),understand (cognitive),,visualization (whole)
SciVisJ.797.13.png,https://raw.githubusercontent.com/c109363/ExperimentImage/main/AllDataResize/SciVisJ.797.13.png,Glyph,0.73,,I guess I'm just not familiarized with this type of chart.,Schema,,not familiarized with,unfamiliar concepts/patterns,(+),Domain Familiarity,familiarize,,,,familiarize (unclustered),visualization (whole)
InfoVisJ.1073.1.png,https://raw.githubusercontent.com/c109363/ExperimentImage/main/AllDataResize/InfoVisJ.1073.1.png,Grid,0.73,,"I chose the first one because it has stuff all over the place which makes it very complex. Also, there's a lot of graphs jumbled up.",Data Density / Image Clutter,,graphs jumbled up; stuff all over the place,messy/mixed up/noisy/intermingled elements; too many details/divisions,(+); (+),Visual Clutter & Overlap; Element Quantity,graph; jumble; stuff; place,graph (chart_type); stuff (quantity_reference),,,jumble (unclustered); place (unclustered),visualization (whole); element (mark)
VASTC.187.3(2).png,https://raw.githubusercontent.com/c109363/ExperimentImage/main/AllDataResize/VASTC.187.3(2).png,Grid,0.73,,there is a lot of information to take in,Data Density / Image Clutter,,a lot of information to take in,information overload,(+),Visual Clutter & Overlap,lot; information,a lot (quantity_reference); lot (quantity_reference); information (cognitive_element),a lot (quantity_descriptor); lot (quantity_descriptor),,,visualization (whole)
VASTC.1.8.png,https://raw.githubusercontent.com/c109363/ExperimentImage/main/AllDataResize/VASTC.1.8.png,Grid,0.73,,"The one on the right has a lot of information, text, boxes and colors","Data Density / Image Clutter; Visual Encoding Clarity; Semantics / Text Legibility; Color, Symbol, and Texture Details",,a lot of information; text; boxes; colors,much/more data/info/info spread; shapes; word/text/sentence; unclear colormaps,(+); (+) (-); (+) (-); (+) (-),Information Volume; Graphical Forms & Primitives; Text Volume & Content; Color Palette & Contrast,lot; information; text; box; color,a lot (quantity_reference); lot (quantity_reference); information (cognitive_element); text (annotation); box (chart_component); box (quantity_reference); color (perceptual_element),a lot (quantity_descriptor); lot (quantity_descriptor),,,visualization (whole); label (text); shape (mark); color (property)
v490_n7418_12_f3.png,https://raw.githubusercontent.com/c109363/ExperimentImage/main/AllDataResize/v490_n7418_12_f3.png,Line,0.73,,number of points / shapes; complexity in shapes; colour variation; information represented,"Data Density / Image Clutter; Visual Encoding Clarity; Color, Symbol, and Texture Details",,number of points / shapes; complexity in shapes; color variation,more charts/points/lines/shapes/elements; curves and shapes; color variety/arrangement/distribution,(+); (+); (+),Element Quantity; Graphical Forms & Primitives; Color Palette & Contrast,number; point; shape; complexity; color; variation,number (quantity_reference); point (mark); shape (mark); shape (perceptual_element); complexity (quantity_reference); color (perceptual_element),,shape (evaluative),variation (unclustered),point (mark); shape (mark); color (property)
v488_n7409_12_f4.png,https://raw.githubusercontent.com/c109363/ExperimentImage/main/AllDataResize/v488_n7409_12_f4.png,Node-link,0.73,,It is more complex have more data,Data Density / Image Clutter,,more data,much/more data/info/info spread,(+),Information Volume,datum,datum (data_element),,,,visualization (whole); point (mark)
economist_daily_chart_208.png,https://raw.githubusercontent.com/c109363/ExperimentImage/main/AllDataResize/economist_daily_chart_208.png,Point,0.73,,"The image I chose had more colors, shapes, text, and data (numbers, etc.).","Visual Encoding Clarity; Semantics / Text Legibility; Color, Symbol, and Texture Details",,shapes; numbers; text; more colors,shapes; amount of words/context/numbers; word/text/sentence; color variety/arrangement/distribution,(+) (-); (+) (-); (+) (-); (+) (-),Graphical Forms & Primitives; Text Volume & Content; Color Palette & Contrast,shape; number; text; color,shape (mark); shape (perceptual_element); number (quantity_reference); text (annotation); color (perceptual_element),,shape (evaluative),,visualization (whole); number (content); label (text); color (property)
InfoVisJ.1161.6.png,https://raw.githubusercontent.com/c109363/ExperimentImage/main/AllDataResize/InfoVisJ.1161.6.png,Point,0.73,,The one with 2 dimensions.,Schema,,2 dimensions,2D/3D,(-),Dimensionality & Structure,dimension,dimension (layout_component); dimension (quantity_reference),dimension (structure),,,visualization (whole)
InfoVisJ.599.10(2).png,https://raw.githubusercontent.com/c109363/ExperimentImage/main/AllDataResize/InfoVisJ.599.10(2).png,Point,0.73,,,"Color, Symbol, and Texture Details",,Number of elements; Number of parameters; Number of colours; General complexity,amount of / too many colors,(+); (+); (+); (+),Color Palette & Contrast,number; element; parameter; colour; general; complexity,number (quantity_reference); element (domain_object); parameter (data_element); parameter (quantity_reference); colour (perceptual_element); complexity (quantity_reference),,,"general (rare, 1 image)",visualization (whole); data (content); color (property)
wsj200.png,https://raw.githubusercontent.com/c109363/ExperimentImage/main/AllDataResize/wsj200.png,Point,0.73,,,Immediacy / Cognitive Load,,Volume of information; Spread of information on the image; Data interpretation; Time to evaluate context,more reading/interpretation/understanding; more to read/analyze/understand; take longer to interpret,(+); (+); (+); (+),Processing Time & Effort,volume; information; spread; image; data; interpretation; time; evaluate; context,the image (quantity_reference); volume (quantity_reference); information (cognitive_element); spread (data_element); spread (quantity_reference); image (chart_type); data (data_element); interpretation (cognitive_element); context (cognitive_element); context (quantity_reference),volume (quantity_descriptor); spread (quantity_descriptor); interpretation (cognitive); time (temporal),spread (spatial),evaluate (unclustered),visualization (whole); data (content); axes (furniture); label (text); legend (furniture)
SciVisJ.921.6.png,https://raw.githubusercontent.com/c109363/ExperimentImage/main/AllDataResize/SciVisJ.921.6.png,Schematic,0.73,,I didn't understand what was going on in this image. It wasn't lined up nicely for me to be able to see what is really happening like in the chart next to it.,Schema; Aesthetics Uncertainty; Immediacy / Cognitive Load,,I didn't understand what was going on in this image.; It wasn't lined up nicely for me to be able to see what is really happening like in the chart next to it.,misaligned; distracting/confusing/unclear; not interpretable/readable/understandable,(+); (+),Dimensionality & Structure; Visual Disorganization; Interpretive Difficulty,understand; image; line; nicely; able; happen; chart,image (chart_type); line (mark); chart (chart_type),,understand (cognitive),"nicely (rare, 1 image); able (unclustered); happen (rare, 1 image)",
InfoVisJ.2082.7.png,https://raw.githubusercontent.com/c109363/ExperimentImage/main/AllDataResize/InfoVisJ.2082.7.png,Table,0.73,,is not clear no difference at all between scales,Aesthetics Uncertainty; Immediacy / Cognitive Load,,is not clear; no difference at all between scales,no clear indication; distracting/confusing/unclear,(+); (+),Semantic Clarity; Visual Disorganization,clear; difference; scale,difference (quantity_reference); scale (chart_component); scale (quantity_reference),clear (readability),,,
VASTJ.1763.9.png,https://raw.githubusercontent.com/c109363/ExperimentImage/main/AllDataResize/VASTJ.1763.9.png,Area,0.74,,"Values - Graphic and vales have logic (left one is more complex) Graphs generation - how the graph is generated, size, length, points (left one is more complex)",Visual Encoding Clarity; Schema,,"Values - Graphic and values have logic; size, length, points",length; value and graphic alignment,(+); (+),Graphical Forms & Primitives; Dimensionality & Structure,value; graphic; logic; size; length; point,value (data_element); value (quantity_reference); graphic (chart_type); graphic (quantity_reference); logic (cognitive_element); size (perceptual_element); point (mark),graphic (aesthetics); logic (cognitive),,length (unclustered),
InfoVisJ.631.1(2).png,https://raw.githubusercontent.com/c109363/ExperimentImage/main/AllDataResize/InfoVisJ.631.1(2).png,Bar,0.74,,Densely packed information; Unclear of relations between words; Words are not all orientated the same; Unclear on colour values,Data Density / Image Clutter; Semantics / Text Legibility; Aesthetics Uncertainty; Immediacy / Cognitive Load,,Densely packed information; Unclear of relations between words; Words are not oriented the same; Unclear on color values,dense points/lines/shapes/elements; unclear relation between words; word misoriented; unclear colors/contrast,(+); (+); (+); (+),Element Quantity; Semantic Clarity; Typography & Readability; Perceptual Ambiguity,densely; pack; information; unclear; relation; word; orient; color; value,information (cognitive_element); word (annotation); color (perceptual_element); value (data_element); value (quantity_reference),unclear (readability); unclear (information_quality),,"densely (unclustered); pack (unclustered); relation (unclustered); orient (rare, 1 image)",visualization (whole); label (text); color (property)
VASTJ.101.1.png,https://raw.githubusercontent.com/c109363/ExperimentImage/main/AllDataResize/VASTJ.101.1.png,Bar,0.74,,More colours and more complex shapes,"Visual Encoding Clarity; Color, Symbol, and Texture Details",,complex shapes; more colors,curves and shapes; color variety/arrangement/distribution,(+); (+) (-),Graphical Forms & Primitives; Color Palette & Contrast,complex; shape; color,shape (mark); shape (perceptual_element); color (perceptual_element),complex (complexity),shape (evaluative),,visualization (whole); color (property)
SciVisJ.2926.1.png,https://raw.githubusercontent.com/c109363/ExperimentImage/main/AllDataResize/SciVisJ.2926.1.png,Cont.-ColorPatn,0.74,,I don't know what it presents. So it starts with some level of complexity.,Immediacy / Cognitive Load,,don't know what it presents.,unclear meaning/confusing,(+),Semantic Clarity,know; present,,,know (cognitive); present (semantic),,visualization (whole)
VisC.647.8.png,https://raw.githubusercontent.com/c109363/ExperimentImage/main/AllDataResize/VisC.647.8.png,Glyph,0.74,,Absolutely nothing is understood.; the little grey and white peaces simply more.; No explanation of the data hence more dificult to understand,Semantics / Text Legibility; Immediacy / Cognitive Load,,nothing is understood.; No explanation of data; more dificult to understand,lack of legend; more difficult to interpret/read/understand/differentiate; not interpretable/readable/understandable,(+); (+); (+),Annotations & Labels; Interpretive Difficulty,understand; explanation; datum; dificult,explanation (annotation); datum (data_element),,understand (cognitive),"dificult (rare, 2 images)",visualization (whole); data (content); label (text)
VisJ.1499.5.png,https://raw.githubusercontent.com/c109363/ExperimentImage/main/AllDataResize/VisJ.1499.5.png,Glyph,0.74,,The image not selected is easier to see,Immediacy / Cognitive Load,,easier to see,easier to see/tell/visualize,(-),Interpretive Difficulty,easy,,easy (readability),,,visualization (whole)
SciVisJ.2664.2.png,https://raw.githubusercontent.com/c109363/ExperimentImage/main/AllDataResize/SciVisJ.2664.2.png,Glyph,0.74,,,"Color, Symbol, and Texture Details; Immediacy / Cognitive Load",,"Human interpretability; Able to imagine a meaning; Range of colours, presumably conveying meaning.",not enough knowledge to tell; color represents groups,(-); (-); (-),Processing Time & Effort; Color Palette & Contrast,human; interpretability; able; imagine; meaning; range; colour; presumably; convey,meaning (cognitive_element); range (data_element); range (quantity_reference); colour (perceptual_element),meaning (cognitive),convey (semantic),"human (rare, 1 image); interpretability (rare, 1 image); able (unclustered); imagine (rare, 1 image); presumably (rare, 1 image)",visualization (whole); color (property); domain (content)
VisC.375.5.png,https://raw.githubusercontent.com/c109363/ExperimentImage/main/AllDataResize/VisC.375.5.png,Line,0.74,,"I found them equally difficult. I went with number 1 because although it technically explained which colour meant what, I still don't have a clue on what it is about. In some cases the lines cannot be distinguished either, so I struggled to read it.",Visual Encoding Clarity; Immediacy / Cognitive Load,,lines cannot be distinguished; I struggled to read it; no clue on what it is about,indistinguishable/unintuitive lines; struggled to read; unclear meaning/confusing,(+); (+); (+),Graphical Forms & Primitives; Interpretive Difficulty; Semantic Clarity,line; distinguish; struggle; read; clue,line (mark),,distinguish (structural); read (cognitive),"struggle (rare, 1 image); clue (rare, 2 images)",line (mark); visualization (whole); label (text)
VASTJ.160.2.png,https://raw.githubusercontent.com/c109363/ExperimentImage/main/AllDataResize/VASTJ.160.2.png,Node-link,0.74,,"A lot of lines, which at first look very confusing. In the right there are a lot of numbers, which is difficult to understand. In the right not (no axes). A lot of colours in the right.; looks more messy, more colours, less clear information","Data Density / Image Clutter; Semantics / Text Legibility; Color, Symbol, and Texture Details; Immediacy / Cognitive Load",,A lot of lines; a lot of numbers; no axes; A lot of colors; difficult to understand; more messy; more colors; less clear information,messy/mixed up/noisy/intermingled elements; more charts/points/lines/shapes/elements; unclear meaning; amount of words/context/numbers; no measurement/metric/axis; color variety/arrangement/distribution; hard to interpret/read/understand,(+); (+); (+); (+); (+); (+); (+) (-); (+),Visual Clutter & Overlap; Element Quantity; Semantic Clarity; Text Volume & Content; Annotations & Labels; Color Palette & Contrast; Interpretive Difficulty,lot; line; number; axis; color; difficult; understand; messy; clear; information,a lot (quantity_reference); lot (quantity_reference); line (mark); number (quantity_reference); axis (chart_component); color (perceptual_element); information (cognitive_element),a lot (quantity_descriptor); lot (quantity_descriptor); difficult (readability); clear (readability),understand (cognitive),messy (unclustered),line (mark); number (content); axes (furniture); color (property); layout (structure)
np_48.png,https://raw.githubusercontent.com/c109363/ExperimentImage/main/AllDataResize/np_48.png,Node-link,0.74,,"Significantly more information is processed in the image, making it more difficult to capture",Data Density / Image Clutter; Immediacy / Cognitive Load,,,much/more data/info/info spread; more difficult to interpret/read/understand/differentiate,,Information Volume; Interpretive Difficulty,,,,,,visualization (whole); data (content)
v487_n7407_14_f4.png,https://raw.githubusercontent.com/c109363/ExperimentImage/main/AllDataResize/v487_n7407_14_f4.png,Point,0.74,,"In the other image, even if it is still complex, we can clearly see what the graph is about, what each axis is measuring, and the shapes and colors can be distinguished.","Visual Encoding Clarity; Semantics / Text Legibility; Color, Symbol, and Texture Details",,the shapes; what each axis is measuring; colors,shapes; axis meaning; unclear colormaps,(-); (-); (+) (-),Graphical Forms & Primitives; Annotations & Labels; Color Palette & Contrast,shape; axis; measure; color,shape (mark); shape (perceptual_element); axis (chart_component); color (perceptual_element),,shape (evaluative),measure (unclustered),visualization (whole); shape (mark); axes (furniture); color (property)
v487_n7406_13_f2.png,https://raw.githubusercontent.com/c109363/ExperimentImage/main/AllDataResize/v487_n7406_13_f2.png,Point,0.74,,"To be honest they are both complex, The chosen image has more detail and more information to consume; 3 Dimensional elements; Lack of legend; Graph mixing numbers, colors, animal shapes, abstract shapes, dots, lines, numbers","Data Density / Image Clutter; Visual Encoding Clarity; Semantics / Text Legibility; Schema; Color, Symbol, and Texture Details",,more detail; more information; 3 Dimensional elements; abstract shapes; dots; lines; Lack of legend; colors; animal shapes,"much/more data/info/info spread; 2D/3D; abstract shapes or colors; lines; shapes and lines; lack of/not enough axis labels/legend/annotations/context; domain-specific concepts (e.g., chemical, biology, map); unclear colormaps",(+); (+); (+); (+); (+) (-); (+) (-); (+); (+) (-); (+),Information Volume; Dimensionality & Structure; Abstraction Level; Graphical Forms & Primitives; Annotations & Labels; Domain Familiarity; Color Palette & Contrast,detail; information; dimensional; element; abstract; shape; dot; line; lack; legend; color; animal,more information (quantity_reference); more detail (quantity_reference); detail (cognitive_element); information (cognitive_element); element (domain_object); shape (mark); shape (perceptual_element); dot (mark); line (mark); legend (chart_component); color (perceptual_element),more information (information_quality); abstract (complexity); abstract (familiarity),shape (evaluative); lack (evaluative); legend (evaluative),"dimensional (rare, 1 image); animal (unclustered)",element (mark); shape (mark); point (mark); line (mark); legend (furniture); color (property)
VASTC.91.5(1).png,https://raw.githubusercontent.com/c109363/ExperimentImage/main/AllDataResize/VASTC.91.5(1).png,Text,0.74,,"Lots of information to go through while keeping track of colour and position.; The words selected, the color scheme of the wording and the structure of the letters. Compared to the map graph, it look more like a heat graph to me.","Data Density / Image Clutter; Visual Encoding Clarity; Semantics / Text Legibility; Schema; Color, Symbol, and Texture Details; Immediacy / Cognitive Load",,structure of the letters; words selected; color scheme of wording; heat graph; map graph; Lots of information; position; color,"much/more data/info/info spread; shape position; different font/word sizes/structure; lack of meaning; a specific technique; domain-specific concepts (e.g., chemical, biology, map); unclear colormaps",(+); (+); (+); (+); (+); (+); (+); (+) (-),"Information Volume; Position, Scale & Organization; Typography & Readability; Semantic Clarity; Domain Familiarity; Color Palette & Contrast",structure; letter; word; select; color; scheme; wording; heat; graph; map; lot; information; position,color scheme (perceptual_element); color scheme (quantity_reference); structure (layout_component); letter (annotation); word (annotation); color (perceptual_element); graph (chart_type); map (chart_type); lot (quantity_reference); information (cognitive_element); position (layout_component),color scheme (color); lot (quantity_descriptor),structure (structural); position (spatial),"select (unclustered); scheme (in vocab, excluded); wording (unclustered); heat (rare, 2 images)",visualization (whole); label (text); color (property); layout (structure)
VisJ.1413.7.png,https://raw.githubusercontent.com/c109363/ExperimentImage/main/AllDataResize/VisJ.1413.7.png,Cont.-ColorPatn,0.75,,it's a variation of various different colours and graphics that all seem to different to each other with no clear indication about what is going on.,"Color, Symbol, and Texture Details; Immediacy / Cognitive Load",,various colors and graphics; no clear indication about what is going on,no clear indication; color variety/arrangement/distribution,(+); (+),Semantic Clarity; Color Palette & Contrast,color; graphic; clear; indication,color (perceptual_element); graphic (chart_type); graphic (quantity_reference),graphic (aesthetics); clear (readability),,indication (unclustered),visualization (whole); color (property); legend (furniture)
SciVisJ.259.14.png,https://raw.githubusercontent.com/c109363/ExperimentImage/main/AllDataResize/SciVisJ.259.14.png,Cont.-ColorPatn,0.75,,"In this instance the image on the right felt like a weather map, which is easily recognisable to me, even though this particular map is less recognisable it ""felt"" familiar and therefore I made the selection as I did.; even tough i dont know what is supposed to show me because the x-axis is not labeled it seems to be more detailed.",Semantics / Text Legibility; Schema,,x-axis is not labeled; easily recognizable; weather map,"x-axis unlabeled; domain-specific concepts (e.g., chemical, biology, map); familiar representation",(+); (-); (-),Annotations & Labels; Domain Familiarity,axis; label; easily; recognizable; weather; map,axis (chart_component); label (chart_component); map (chart_type),easily (readability); recognizable (familiarity),label (semantic),"weather (rare, 1 image)",axes (furniture); visualization (whole)
SciVisJ.259.7.png,https://raw.githubusercontent.com/c109363/ExperimentImage/main/AllDataResize/SciVisJ.259.7.png,Cont.-ColorPatn,0.75,,"details, quantities, colors; several elements that make you go back and evaluate","Data Density / Image Clutter; Visual Encoding Clarity; Color, Symbol, and Texture Details",,colors; details; quantity; several elements,more charts/points/lines/shapes/elements; more detailed/things; several elements; unclear colormaps,(+) (-); (+); (+); (+),Element Quantity; Information Volume; Graphical Forms & Primitives; Color Palette & Contrast,color; detail; quantity; element,color (perceptual_element); detail (cognitive_element); quantity (data_element); quantity (quantity_reference); element (domain_object),,,,visualization (whole); color (property); data (content); detail (content)
VisJ.1329.4(2).png,https://raw.githubusercontent.com/c109363/ExperimentImage/main/AllDataResize/VisJ.1329.4(2).png,Glyph; Cont.-ColorPatn,0.75,,"It looks more like a picture than data, and it's colored in a certain shape.",Visual Encoding Clarity; Schema,,more like a picture; colored in a certain shape,a specific technique; colored shape,(+); (+),Domain Familiarity; Graphical Forms & Primitives,picture; color; certain; shape,picture (chart_type); color (perceptual_element); shape (mark); shape (perceptual_element),,shape (evaluative),"certain (rare, 2 images)",visualization (whole); shape (mark); color (property)
VASTC.43.2.png,https://raw.githubusercontent.com/c109363/ExperimentImage/main/AllDataResize/VASTC.43.2.png,Glyph; Cont.-ColorPatn,0.75,,It seems to have more elements that provide information. Those elements seem to be less ordered so it transmits a sensation os caos.,Data Density / Image Clutter; Visual Encoding Clarity,,more elements; elements less ordered,more charts/points/lines/shapes/elements; less organized elements,(+); (+),"Element Quantity; Position, Scale & Organization",element; order,element (domain_object); order (quantity_reference),order (structure),,,visualization (whole); layout (structure)
v488_n7409_19_f1.png,https://raw.githubusercontent.com/c109363/ExperimentImage/main/AllDataResize/v488_n7409_19_f1.png,Grid,0.75,,"It was very hard to understand what is going on. The first one has lots of different colors. It was difficult to understand what is happening because of the small font used in the letters.; The image I chose as more more complex had more colours in comparison to the other image and more variables.; Many more factors to consider; Way more colors and points of the graph; Bigger graph; A lot more parameters. Color to take into account to understand the graph.; I didn't understand the image as much as I did the other one. It was visually complex in the sense that it wasn't intuitive to the average person to interpret. The key in the image I selected is quite expansive and contains a lot of terms I do not know. There are many more different visual components at work in the image I selected: colors, shapes, tables, texts, as well as implied data points/patterns.; there is more detail on the right. there are lots more isolated squares, and just appear more random. There are more unique colours.; there is more colors and more points and axis of parameters.; the first one look more important because there is a lot of stuff writting; - Colors are more appealing; More words more squares than dots multiple axes; A lot of colors are used. All of the colors and squares are scattered all over. Really small writing and labels. Ineligible for the size of the chart.; A lot of colors are used. All of the colors and squares are scattered all over. Lots of small writing and labels. Ineligible for the size of the chart.","Data Density / Image Clutter; Visual Encoding Clarity; Semantics / Text Legibility; Color, Symbol, and Texture Details; Aesthetics Uncertainty; Immediacy / Cognitive Load",,more squares than dots; More words; multiple axes; more points; axis of parameters; more colors; a lot of stuff writting; more factors to consider; lots of colors; small font; difficult to understand; Colors more appealing; squares scattered all over.; Ineligible; labels; small writing; A lot of colors; more detail; isolated squares; more unique colors; more variables; squares scattered all over; ineligible; small writing and labels; A lot more parameters; Color to take into account; a lot of terms; many more different visual components; shapes; key in the image; texts; colors; didn't understand; wasn't intuitive,"more charts/points/lines/shapes/elements; more parameters/variables; much/more data/info/info spread; multiple features/elements/graphs; more squares than shapes; scattered shapes (e.g., dots, squares, pictures); shapes; amount of words/context/numbers; more texts/words; more title/axis/label; title/axis/label/descriptions; too much legend; unclear relation between words; unreadable; word rotation/small font size; word/text/sentence; clear color uses; color details; color dimension; color variety/arrangement/distribution; unclear colormaps; convoluted composition; visual clarity/appealing; attention/squinting to understand; easy to interpret/read/understand; hard to interpret/read/understand; not interpretable/readable/understandable; not intuitive/simple data; read/analyze many figures/items; take longer to interpret",(+); (+); (+); (+); (+); (+) (-); (+); (+); (+); (+); (+); (-); (+); (+); (+) (-); (+); (+); (+); (+); (+); (+); (+); (+); (+); (+); (+); (+); (+); (+) (-); (+); (+); (+) (-); (+); (+),Element Quantity; Information Volume; Graphical Forms & Primitives; Text Volume & Content; Annotations & Labels; Semantic Clarity; Interpretive Difficulty; Typography & Readability; Color Palette & Contrast; Visual Clutter & Overlap; Visual Disorganization; Processing Time & Effort,square; dot; word; multiple; axis; point; parameter; color; lot; stuff; writting; factor; consider; small; font; difficult; understand; appealing; scatter; ineligible; label; writing; detail; isolate; unique; variable; account; term; different; visual; component; shape; key; image; text; intuitive,more detail (quantity_reference); the image (quantity_reference); a lot (quantity_reference); square (mark); dot (mark); word (annotation); axis (chart_component); point (mark); parameter (data_element); parameter (quantity_reference); color (perceptual_element); lot (quantity_reference); stuff (quantity_reference); font (annotation); label (chart_component); writing (annotation); writing (quantity_reference); detail (cognitive_element); variable (data_element); term (annotation); term (quantity_reference); shape (mark); shape (perceptual_element); key (chart_component); key (quantity_reference); image (chart_type); text (annotation),a lot (quantity_descriptor); multiple (structure); lot (quantity_descriptor); small (size_density); difficult (readability); unique (familiarity); different (structure); visual (aesthetics); key (information_quality); intuitive (familiarity),understand (cognitive); scatter (spatial); label (semantic); shape (evaluative),"writting (rare, 1 image); factor (unclustered); consider (unclustered); appealing (unclustered); ineligible (unclustered); isolate (rare, 1 image); account (unclustered); component (unclustered)",shape (mark); point (mark); axes (furniture); label (text); legend (furniture); color (property)
visMost38.png,https://raw.githubusercontent.com/c109363/ExperimentImage/main/AllDataResize/visMost38.png,Node-link,0.75,,seemed very complex with overlapping lines - showing lots of information,Data Density / Image Clutter,,lots of information; overlapping lines,much/more data/info/info spread; overlapping shapes/colors/lines,(+); (+),Information Volume; Visual Clutter & Overlap,lot; information; overlap; line,lot (quantity_reference); information (cognitive_element); line (mark),lot (quantity_descriptor),overlap (spatial),,visualization (whole); line (mark)
v485_n7397_5_f1.png,https://raw.githubusercontent.com/c109363/ExperimentImage/main/AllDataResize/v485_n7397_5_f1.png,Point,0.75,,"Items in the graphic are not as clear and smaller, nor do they show some kind of pattern, contrary to the other graphic.",Semantics / Text Legibility; Schema; Aesthetics Uncertainty,,smaller; not as clear; no pattern,small; unfamiliar concepts/patterns; distracting/confusing/unclear,(+); (+); (+),Typography & Readability; Domain Familiarity; Visual Disorganization,small; clear; pattern,pattern (layout_component); pattern (quantity_reference),small (size_density); clear (readability),,,visualization (whole); data (content); pattern (structure)
InfoVisJ.2546.10.png,https://raw.githubusercontent.com/c109363/ExperimentImage/main/AllDataResize/InfoVisJ.2546.10.png,Text,0.75,,,Semantics / Text Legibility; Immediacy / Cognitive Load,,How easily I could understand the information presented.; How quickly I realised what the information was showing.; How much I had to read.,amount of words/context/numbers; easier to interpret/read/understand; easy to interpret/read/understand; more reading/interpretation/understanding,(-); (-); (+),Text Volume & Content; Interpretive Difficulty; Processing Time & Effort,easily; understand; information; present; quickly; realise; show; read,the information (quantity_reference); information (cognitive_element),easily (readability); quickly (readability); quickly (temporal),understand (cognitive); present (semantic); show (semantic); read (cognitive),realise (unclustered),visualization (whole); label (text); region (structure)
VisC.27.5.png,https://raw.githubusercontent.com/c109363/ExperimentImage/main/AllDataResize/VisC.27.5.png,Glyph,0.76,,theres a lot going on on the left and i do not know what. there is no title etc,Data Density / Image Clutter; Semantics / Text Legibility; Immediacy / Cognitive Load,,a lot going on; no title; do not know what,more detailed/things; lack of/not enough axis labels/legend/annotations/context; unclear meaning/confusing,(+) (-); (+); (+),Information Volume; Annotations & Labels; Semantic Clarity,lot; title; know,a lot (quantity_reference); lot (quantity_reference); title (chart_component),a lot (quantity_descriptor); lot (quantity_descriptor),know (cognitive),,visualization (whole); title (text); element (mark)
VisJ.1329.5(3).png,https://raw.githubusercontent.com/c109363/ExperimentImage/main/AllDataResize/VisJ.1329.5(3).png,Glyph,0.76,,I cannot understand the pattern. It's not defined which shape or color means,"Visual Encoding Clarity; Schema; Color, Symbol, and Texture Details",,undefined shape; cannot understand the pattern; undefined color,unclear shape; unfamiliar concepts/patterns; unclear color meaning,(+); (+); (+),Graphical Forms & Primitives; Domain Familiarity; Color Palette & Contrast,undefined; shape; understand; pattern; color,shape (mark); shape (perceptual_element); pattern (layout_component); pattern (quantity_reference); color (perceptual_element),,shape (evaluative); understand (cognitive),undefined (unclustered),visualization (whole); shape (mark); color (property); pattern (structure)
VisJ.1197.5(3).png,https://raw.githubusercontent.com/c109363/ExperimentImage/main/AllDataResize/VisJ.1197.5(3).png,Glyph,0.76,,"There are a lot of layers of shapes/details. This complexity of texture is stimulating. Quantity of items in the image.; so many cube -> difficult to visualize; the image on the right I see no context whatsoever.; The one on the right has 3 dimensions, so it looks like it's showing more data and more complexity.","Data Density / Image Clutter; Visual Encoding Clarity; Schema; Color, Symbol, and Texture Details; Immediacy / Cognitive Load",,so many cube; difficult to visualize; Quantity of items; layers of shapes/details; shapes; texture is stimulating; no context,fine/layered details; more charts/points/lines/shapes/elements; shapes; no context or reference; visually stimulating  texture/colors; hard to see/tell/visualize,(+); (+); (+); (+); (+) (-); (+); (+) (-),Information Volume; Element Quantity; Graphical Forms & Primitives; Domain Familiarity; Symbols & Texture; Interpretive Difficulty,cube; difficult; visualize; quantity; item; layer; shape; detail; texture; stimulate; context,no context (quantity_reference); quantity (data_element); quantity (quantity_reference); item (domain_object); item (quantity_reference); shape (mark); shape (perceptual_element); detail (cognitive_element); context (cognitive_element); context (quantity_reference),no context (information_quality); difficult (readability),visualize (perceptual); shape (evaluative),"cube (rare, 1 image); layer (unclustered); texture (unclustered); stimulate (rare, 2 images)",shape (mark); layout (structure); texture (property); domain (content)
InfoVisJ.1149.8(2).png,https://raw.githubusercontent.com/c109363/ExperimentImage/main/AllDataResize/InfoVisJ.1149.8(2).png,Grid,0.76,,"This image have more items in it. The image is too tiny, I can't describe what I can't see.; Immense amount of detail. Vast use of colorization. Virtually impossible to decipher to layman. Tiny layout of individual images.","Data Density / Image Clutter; Color, Symbol, and Texture Details; Immediacy / Cognitive Load",,image is too tiny; more items; I can't describe what I can't see; Immense amount of detail; tiny layout of images; Vast use of colorization; Virtually impossible to decipher to layman,dense/cluttered layout; more charts/points/lines/shapes/elements; more detailed/things; amount of / too many colors; hard to describe; hard to interpret/read/understand/differentiate,(+); (+); (+); (+); (+); (+); (+),Visual Clutter & Overlap; Element Quantity; Information Volume; Color Palette & Contrast; Interpretive Difficulty,image; tiny; item; describe; immense; detail; layout; vast; use; colorization; virtually; impossible; decipher; layman,image (chart_type); item (domain_object); item (quantity_reference); detail (cognitive_element); layout (layout_component); layout (quantity_reference); use (quantity_reference),tiny (size_density),describe (semantic),"immense (rare, 1 image); vast (unclustered); colorization (unclustered); virtually (rare, 1 image); impossible (unclustered); decipher (unclustered); layman (unclustered)",visualization (whole); data (content); color (property); label (text); layout (structure)
InfoVisC.27.6.png,https://raw.githubusercontent.com/c109363/ExperimentImage/main/AllDataResize/InfoVisC.27.6.png,Node-link,0.76,,contains more information mix several colors the layout of the image,"Schema; Color, Symbol, and Texture Details",,mix several colors; layout of the image,image layout; color variety/arrangement/distribution,(+); (+),Dimensionality & Structure; Color Palette & Contrast,mix; color; layout; image,the image (quantity_reference); color (perceptual_element); layout (layout_component); layout (quantity_reference); image (chart_type),,mix (structural),,visualization (whole); color (property); layout (structure)
InfoVisJ.2699.12.png,https://raw.githubusercontent.com/c109363/ExperimentImage/main/AllDataResize/InfoVisJ.2699.12.png,Node-link,0.76,,"less white space; red colours amongst lots of black overlapping lines; straight lines, dots, colour and shapes used","Data Density / Image Clutter; Visual Encoding Clarity; Color, Symbol, and Texture Details",,less white space; lots of overlapping lines; dots; shapes; straight lines; red colors,less empty space; overlapping shapes/colors/lines; shapes; shapes and lines; straight lines; unclear colormaps,(+); (+); (+) (-); (+) (-); (+) (-); (+),Visual Clutter & Overlap; Graphical Forms & Primitives; Color Palette & Contrast,white; space; lot; overlap; line; dot; shape; straight; red; color,space (layout_component); lot (quantity_reference); line (mark); dot (mark); shape (mark); shape (perceptual_element); color (perceptual_element),white (color); lot (quantity_descriptor); straight (structure); red (color),overlap (spatial); shape (evaluative),,background (structure); line (mark); point (mark); shape (mark); color (property)
InfoVisC.219.8.png,https://raw.githubusercontent.com/c109363/ExperimentImage/main/AllDataResize/InfoVisC.219.8.png,Node-link,0.76,,#NAME?,"Data Density / Image Clutter; Visual Encoding Clarity; Color, Symbol, and Texture Details",,number of details; element size; shapes and contrasts,more detailed/things; element sizes; shapes and contrasts,(+) (-); (+) (-); (+) (-),Information Volume; Graphical Forms & Primitives; Color Palette & Contrast,number; detail; element; size; shape; contrast,number (quantity_reference); detail (cognitive_element); element (domain_object); size (perceptual_element); shape (mark); shape (perceptual_element); contrast (perceptual_element),,shape (evaluative); contrast (structural),,visualization (whole); data (content); shape (mark)
VisC.375.2.png,https://raw.githubusercontent.com/c109363/ExperimentImage/main/AllDataResize/VisC.375.2.png,Point,0.76,,"1. The image has many points plotted, indicating a rich and dense data set. 2. It shows a wide range of information with different colors and shapes representing various data subsets. 3. The y-axis is non-linear, which makes it more complex to interpret. 4. The legend adds another layer of complexity to the understanding of the graph.","Data Density / Image Clutter; Visual Encoding Clarity; Semantics / Text Legibility; Schema; Color, Symbol, and Texture Details; Immediacy / Cognitive Load",,dense data set; many points; shapes representing data subsets; legend adds complexity; y-axis is non-linear; different colors; more complex to interpret,dense/cluttered data/info; more charts/points/lines/shapes/elements; shape subset representation; nonlinear measurement/metric/axis; too much legend; color variety/arrangement/distribution; more difficult to interpret/read/understand/differentiate,(+); (+); (+); (+); (+); (+) (-); (+),Visual Clutter & Overlap; Element Quantity; Graphical Forms & Primitives; Domain Familiarity; Annotations & Labels; Color Palette & Contrast; Interpretive Difficulty,dense; datum; set; point; shape; represent; data; subset; legend; add; complexity; axis; non; linear; different; color; complex; interpret,datum (data_element); set (domain_object); set (quantity_reference); point (mark); shape (mark); shape (perceptual_element); data (data_element); legend (chart_component); complexity (quantity_reference); axis (chart_component); color (perceptual_element),dense (size_density); linear (structure); different (structure); complex (complexity),shape (evaluative); represent (semantic); legend (evaluative); interpret (cognitive),"subset (rare, 1 image); add (unclustered); non (rare, 2 images)",point (mark); legend (furniture); axes (furniture); color (property); encoding (property)
InfoVisJ.1229.6.png,https://raw.githubusercontent.com/c109363/ExperimentImage/main/AllDataResize/InfoVisJ.1229.6.png,Point,0.76,,Less visually familiar,Schema,,Less visually familiar,unfamiliar concepts/patterns,(+),Domain Familiarity,visually; familiar,,familiar (familiarity),,"visually (in vocab, excluded)",visualization (whole)
visMost573.png,https://raw.githubusercontent.com/c109363/ExperimentImage/main/AllDataResize/visMost573.png,Area,0.77,,"The circles on the right side might also be a lot, but I can clearly link it to the image legend.; To many colours. Text is to small. Its not straight to the point; To many colours Text is to small Its not straight to the point; The initial understanding of what's shown to me made me think the orange image was more complex, as it was harder to decipher. The colour superposition also means more complexity. Finally, the amount of information as well as its disposition.; I assessed the images on how complicated they looked at first glance and whether I could glean any information from them instantly. If one image hurt my eyes or looked confusing I judged that to be more complex.cluttered as the one on the left.; density of information, number of colors, number of items on the legend, overlap of circle areas; It is more complex as I find it more difficult in terms of image layout; The orange image is much less clear, much more packed with information in a visually intricate way. The use of color is much more layered in the orange image than in the other one.; multiple features overlapping features several more colours large key; multiple features; overlapping features; several more colours; large key; Intense colors, multiple figures, smaller icons, hard to understand; number of items on the legend, overlap of different colors; Lots of colours, Different size of circles, Overlapping, The explanation text and the legend on the left side of the page; More overlapping colors; More colors; Background color; More text; Lots of colours; Different size of circles; Overlapping; The explanation text and the legend on the left side of the page; Too many circles in the orange highlighted one. Everything (circles and colours) are mixed together making it difficult to discern information. Use of ambiguous colours on the left.; Too many circles in the orange highlighted one Everything (circles and colours) are mixed together making it difficult to discern information Use of ambiguous colours; The image looks as if it might be easier to decipher.; complexity vague in general difficult to read; complex data sets , appealing colours , easier to visualize; I have the feeling I don't need to do this in the right image.; The visualization on the right looks more like an abstract painting.; However, the second image, even with info, it's quite difficult for me. By the way, another thing I realized was that, sometimes the image is apparently not complex, but it is to me. For example, with these images about black holes or similar to black holes.; At first, I thought that the image on the right was more difficult. But, after looking at it for a long time, I stared to understand what it meant.; 1. Visuals that tell the story 2. Labels are clear 3. Key is easy to understand 4. Description easy to read; The small text in the upper left kept distracting me every time I saw this image. The text is too small to read and because of that I felt this was less accessible and comprehensible. It became more familiar every time I saw it; however, I did feel that it was overly complex.; The image uses circles of various sizes and colors to represent sounds throughout Jerusalem. It conveys information in a complex way using these circles and text labels, though the visual elements themselves are relatively simple.; first reason is how quick i can understand the image, and because i saw the second multiple times, i guess it played a huge role on that; Sur l'image la plus simple il y a une lÃ©gende et des couleurs aidant Ã  la comprÃ©hension.","Data Density / Image Clutter; Visual Encoding Clarity; Semantics / Text Legibility; Schema; Color, Symbol, and Texture Details; Aesthetics Uncertainty; Immediacy / Cognitive Load",,circles; clearly link to legend; image legend; multiple figures; Intense colors; smaller icons; hard to understand; stared to understand; overlapping colors; More text; Background color; More overlapping colors; Overlapping circles; size of circles; explanation text; legend; Lots of colors; Description easy to read; Key is easy to understand; Labels are clear; overlap of different colors; number of items on the legend; different colors; many colors; Text is small; not straight to the point; Too many circles; circles and colors mixed together; Use of ambiguous colors; difficult to discern; multiple features; overlapping features; large key; several more colors; To many colors; Text is to small; easier to visualize; cluttered; looked confusing; complicated at first glance; glean information instantly; more colors; ambiguous colors; image layout; more difficult; saw it multiple times; images about black holes; quite difficult for me; density of information; overlap of circle areas; number of colors; text is too small; less accessible and comprehensible; amount of information; disposition; color superposition; harder to decipher; difficult to read; abstract painting; circles of various sizes; visual elements relatively simple; text labels; colors to represent sounds; Jerusalem; more packed with information; color more layered; much less clear; Overlapping; Different size of circles; easier to decipher,"dense/cluttered data/info; dense/cluttered layout; disposition; many/more data/info; more charts/points/lines/shapes/elements; much/more data/info/info spread; multiple features/elements/graphs; overlapping shapes/colors/lines; shape-color mix; clear connection; shape size; shape size variation; shapes and lines; simple visual elements; -; clear title/axis/label; description easy to read; explanation text; legend easy to understand; more texts/words; number of legend items; title/axis/label/descriptions; too much legend; word rotation/small font size; abstract shapes or colors; domain-specific concepts (e.g., chemical, biology, map); familiar representation; no context or reference; ambiguous/confusing colors; color represents sounds; color superposition/layer; color variety/arrangement/distribution; distinguishable color variety/arrangement/distribution; indicating symbols; intense/too many colors; more colors; soft/layered/overlapping colors; too many colors; white/black background / other background; distracting/confusing/unclear; complicated to process; easier to interpret/read/understand; easier to process/visualize; easy to interpret/read/understand; hard to compare/discern/distinguish; hard to interpret/read/understand; hard to interpret/read/understand/differentiate; more difficult; more difficult to interpret/read/understand/differentiate; not intuitive/simple data",(+) (-); (-); (-); (+); (+); (+); (+); (-); (+); (+); (+); (+); (+); (+); (+); (+) (-); (+); (+) (-); (+) (-); (+) (-); (+); (+) (-); (+) (-); (+); (+); (+); (+); (+); (+); (+); (+); (+); (+); (+); (+); (+); (+) (-); (+); (+); (+); (+); (+) (-); (+); (+); (+); (-); (+); (+); (+) (-); (+); (+) (-); (+); (+); (+); (+); (+); (+); (+); (+); (+); (+); (+); (+); (+); (+); (+); (+); (+); (+); (-),Visual Clutter & Overlap; Dimensionality & Structure; Element Quantity; Information Volume; Graphical Forms & Primitives; Visual Disorganization; Annotations & Labels; Interpretive Difficulty; Typography & Readability; Text Volume & Content; Abstraction Level; Domain Familiarity; Color Palette & Contrast; Symbols & Texture,circle; clearly; link; legend; image; multiple; figure; intense; color; small; icon; hard; understand; star; overlap; text; background; overlapping; size; explanation; lot; description; easy; read; key; label; clear; different; number; item; straight; point; mix; use; ambiguous; difficult; discern; feature; large; visualize; cluttered; look; confusing; complicated; glance; glean; information; instantly; layout; see; time; black; hole; density; area; accessible; comprehensible; disposition; superposition; decipher; abstract; painting; visual; element; relatively; simple; represent; sound; jerusalem; packed; layer,different size (quantity_reference); first glance (quantity_reference); the legend (quantity_reference); more text (quantity_reference); the point (quantity_reference); circle (mark); legend (chart_component); image (chart_type); color (perceptual_element); text (annotation); size (perceptual_element); explanation (annotation); lot (quantity_reference); description (annotation); description (quantity_reference); key (chart_component); key (quantity_reference); label (chart_component); number (quantity_reference); item (domain_object); item (quantity_reference); point (mark); use (quantity_reference); feature (domain_object); information (cognitive_element); layout (layout_component); layout (quantity_reference); density (data_element); density (quantity_reference); area (layout_component); element (domain_object),different size (size_density); too many (quantity_descriptor); clearly (readability); multiple (structure); small (size_density); hard (readability); overlapping (structure); lot (quantity_descriptor); easy (readability); key (information_quality); clear (readability); different (structure); straight (structure); ambiguous (readability); ambiguous (information_quality); difficult (readability); large (size_density); cluttered (complexity); cluttered (aesthetics); confusing (readability); complicated (complexity); time (temporal); black (color); abstract (complexity); abstract (familiarity); visual (aesthetics); simple (complexity),legend (evaluative); understand (cognitive); overlap (spatial); read (cognitive); label (semantic); mix (structural); discern (perceptual); visualize (perceptual); see (perceptual); represent (semantic),"link (unclustered); figure (unclustered); intense (rare, 1 image); icon (unclustered); star (rare, 1 image); background (unclustered); look (filtered, 16 images); glance (in vocab, excluded); glean (unclustered); instantly (unclustered); hole (rare, 1 image); accessible (rare, 1 image); comprehensible (rare, 1 image); disposition (unclustered); superposition (rare, 1 image); decipher (unclustered); painting (unclustered); relatively (rare, 1 image); sound (unclustered); jerusalem (unclustered); packed (rare, 1 image); layer (unclustered)",point (mark); legend (furniture); label (text); color (property); background (structure)
InfoVisJ.459.8.png,https://raw.githubusercontent.com/c109363/ExperimentImage/main/AllDataResize/InfoVisJ.459.8.png,Bar,0.77,,"even though I didn't understand the purpose, it looks clearer",Visual Encoding Clarity; Immediacy / Cognitive Load,,clearer; evne though didn't understand the purpose,clear colors/shapes; unclear meaning/confusing,(-); (-),Encoding Interpretability; Semantic Clarity,clear; evne; understand; purpose,purpose (cognitive_element),clear (readability); purpose (cognitive),understand (cognitive),"evne (rare, 1 image)",visualization (whole); label (text)
VisJ.1541.1(2).png,https://raw.githubusercontent.com/c109363/ExperimentImage/main/AllDataResize/VisJ.1541.1(2).png,Cont.-ColorPatn,0.77,,"There seems to be far more noise in the image, I had to take a lot longer to try and process and think about what the image portrayed. 1. Noise 2. Understanding of what the image is; The image in the left has some contect with color hues","Data Density / Image Clutter; Schema; Color, Symbol, and Texture Details; Immediacy / Cognitive Load",,far more noise; what the image portrayed; longer to process; color hues; context,messy/mixed up/noisy/intermingled elements; image portrayal; context; color hues; take longer to interpret,(+); (+); (+); (-); (-),Visual Clutter & Overlap; Dimensionality & Structure; Domain Familiarity; Color Palette & Contrast; Processing Time & Effort,far; noise; image; portray; long; process; color; hue; context,the image (quantity_reference); noise (quantity_reference); image (chart_type); process (quantity_reference); color (perceptual_element); context (cognitive_element); context (quantity_reference),long (temporal),,"far (unclustered); portray (rare, 1 image); hue (rare, 1 image)",visualization (whole); data (content); color (property); domain (content)
SciVisJ.980.12(2).png,https://raw.githubusercontent.com/c109363/ExperimentImage/main/AllDataResize/SciVisJ.980.12(2).png,Glyph,0.77,,"The most important is to understand the topic, what I am looking at. Then the quality of the picture has to be reasonably good, with distinct colours and clear text.","Semantics / Text Legibility; Color, Symbol, and Texture Details",,clear text; distinct colors,clear title/axis/label; color variety/arrangement/distribution,(+) (-); (+) (-),Annotations & Labels; Color Palette & Contrast,clear; text; distinct; color,text (annotation); color (perceptual_element),clear (readability); distinct (structure),,,label (text); color (property)
SciVisJ.822.12.png,https://raw.githubusercontent.com/c109363/ExperimentImage/main/AllDataResize/SciVisJ.822.12.png,Grid,0.77,,blue coloured other picture,"Color, Symbol, and Texture Details",,blue colored,blue color,(-),Color Palette & Contrast,blue; color,color (perceptual_element),,,blue (unclustered),visualization (whole)
InfoVisJ.2102.16.png,https://raw.githubusercontent.com/c109363/ExperimentImage/main/AllDataResize/InfoVisJ.2102.16.png,Grid,0.77,,There is too much data.It is not clear what the filled bars mean.; -Uneven shape -Higher contrast -Less organic shapes -Text and imagery,"Data Density / Image Clutter; Visual Encoding Clarity; Semantics / Text Legibility; Color, Symbol, and Texture Details; Immediacy / Cognitive Load",,too much data; unclear filled bars; Less organic shapes; Uneven shape; Text and imagery; Higher contrast,too much data/info; less organic shapes; unclear filled bars; uneven shape; text and imagery; distinguishable/full/highly contrast color uses,(+); (+); (+); (+); (+); (+),Information Volume; Graphical Forms & Primitives; Semantic Clarity; Text Volume & Content; Color Palette & Contrast,datum; unclear; fill; bar; organic; shape; uneven; text; imagery; high; contrast,datum (data_element); bar (mark); shape (mark); shape (perceptual_element); text (annotation); contrast (perceptual_element),too much (quantity_descriptor); unclear (readability); unclear (information_quality),shape (evaluative); contrast (structural),"fill (rare, 1 image); organic (rare, 1 image); uneven (rare, 1 image); imagery (unclustered); high (in vocab, excluded)",bar (mark); data (content); shape (mark); label (text); visualization (whole); color (property)
SciVisC.25.4.png,https://raw.githubusercontent.com/c109363/ExperimentImage/main/AllDataResize/SciVisC.25.4.png,Grid,0.77,,More nuances; More details that don't seem to be easily decipherable,Data Density / Image Clutter; Immediacy / Cognitive Load,,More details; More nuances; not easily decipherable,more detailed/things; more nuance information; hard to interpret/read/understand/differentiate,(+); (+); (+),Information Volume; Interpretive Difficulty,detail; nuance; easily; decipherable,detail (cognitive_element),easily (readability),,"nuance (unclustered); decipherable (rare, 1 image)",visualization (whole); data (content); detail (content)
InfoVisJ.2466.7.png,https://raw.githubusercontent.com/c109363/ExperimentImage/main/AllDataResize/InfoVisJ.2466.7.png,Node-link,0.77,,The chosen image is more complex because overall it looks messy. The letters and tittles are so small you can not read them. Too many titles and small arrows.,Immediacy / Cognitive Load,,can not read them,hard to interpret/read/understand/differentiate,(+),Interpretive Difficulty,read,,,read (cognitive),,label (text)
InfoVisC.157.1.png,https://raw.githubusercontent.com/c109363/ExperimentImage/main/AllDataResize/InfoVisC.157.1.png,Point,0.77,,"too many subplots, small fonts, lack of describing information of the elements; the image on the right I find that I will unlikely be able to interpret; It wasn't clear as to what is going on in the chart.",Data Density / Image Clutter; Semantics / Text Legibility; Immediacy / Cognitive Load,,too many subplots; lack of describing information; small fonts; wasn't clear what is going on; unlikely be able to interpret,too many subplots; lack of legend; word rotation/small font size; hard to interpret/read/understand,(+); (+); (+); (+); (+),Element Quantity; Annotations & Labels; Typography & Readability; Interpretive Difficulty,subplot; lack; describe; information; small; font; clear; unlikely; able; interpret,information (cognitive_element); font (annotation),too many (quantity_descriptor); small (size_density); clear (readability),lack (evaluative); describe (semantic); interpret (cognitive),"subplot (rare, 1 image); unlikely (rare, 1 image); able (unclustered)",panel (structure); font_style (property); label (text); visualization (whole)
VASTJ.2012.4.png,https://raw.githubusercontent.com/c109363/ExperimentImage/main/AllDataResize/VASTJ.2012.4.png,Text,0.77,,"Word amount Lines Extra detail on the edge; Various geometrical shapes integrated into one graph (circles, longitudinal graph, dates...). Too many colors raise visual complexity — the more complex picture features many colors. The more complex picture uses different fonts in one ""slide"", which is confusing. Magnification effects are used here, forcing a ""mental leap"" and making it hard to intuitively ascertain the quantitative relation between normal and magnified levels.","Data Density / Image Clutter; Visual Encoding Clarity; Semantics / Text Legibility; Schema; Color, Symbol, and Texture Details; Aesthetics Uncertainty; Immediacy / Cognitive Load",,Lines; Word amount; Extra detail on the edge; Magnification effects; Various geometrical shapes; circles; quantitative relation; dates; different fonts; Too many colors; confusing; longitudinal graph; hard to intuitively ascertain,more detailed/things; design-data relationship; lines; scale difference; shape variety; shapes and lines; dates; different font/word sizes/structure; more texts/words; a specific technique; amount of / too many colors; distracting/confusing/unclear; hard to interpret/read/understand,(+); (+); (+); (+); (+); (+) (-); (+); (+); (+); (+); (+); (+); (+),"Information Volume; Encoding Interpretability; Graphical Forms & Primitives; Position, Scale & Organization; Annotations & Labels; Typography & Readability; Text Volume & Content; Domain Familiarity; Color Palette & Contrast; Visual Disorganization; Interpretive Difficulty",line; word; extra; detail; edge; magnification; effect; geometrical; shape; circle; quantitative; relation; date; different; font; color; confuse; longitudinal; graph; hard; intuitively; ascertain,line (mark); word (annotation); detail (cognitive_element); shape (mark); shape (perceptual_element); circle (mark); font (annotation); color (perceptual_element); graph (chart_type),too many (quantity_descriptor); extra (complexity); extra (information_quality); different (structure); hard (readability),shape (evaluative); confuse (cognitive); ascertain (perceptual),"edge (rare, 1 image); magnification (rare, 1 image); effect (rare, 1 image); geometrical (rare, 1 image); quantitative (rare, 1 image); relation (unclustered); date (rare, 1 image); longitudinal (rare, 1 image); intuitively (rare, 1 image)",line (mark); label (text); link (structure); panel (structure); shape (mark); point (mark); color (property); axes (furniture)
InfoVisC.173.9(1).png,https://raw.githubusercontent.com/c109363/ExperimentImage/main/AllDataResize/InfoVisC.173.9(1).png,Area,0.78,,"From far away, all you see is a mix of color which is frightening at first glance","Color, Symbol, and Texture Details; Aesthetics Uncertainty",,mix of color; frightening at first glance,color variety/arrangement/distribution; looks random/messy/lack structure,(+); (+),Color Palette & Contrast; Visual Disorganization,mix; color; frightening; glance,first glance (quantity_reference); color (perceptual_element),,mix (structural),"frightening (rare, 1 image); glance (in vocab, excluded)",visualization (whole); color (property)
InfoVisJ.2082.3.png,https://raw.githubusercontent.com/c109363/ExperimentImage/main/AllDataResize/InfoVisJ.2082.3.png,Grid,0.78,,"No colors, more factors to consider; This image just appears to have more variables. It appears to have a lot of fine detail with corresponding data that is rather complex.; Both of these images are a bit complex. The chosen one shows way more information at first look — the information is divided and there seem to be many elements to consider.; I believe that the image on the right is more complex because it includes more ink on the page, more writing, less color, and it is more organized.; the right side is a simple histogram like figure with labels and it is understandable by readin it; more informative, easy to understand","Data Density / Image Clutter; Semantics / Text Legibility; Schema; Color, Symbol, and Texture Details; Immediacy / Cognitive Load",,easy to understand; labels; histogram like figure; more organized; more ink on the page; more writing; less color; many elements; way more information; a lot of fine detail; more variables; No colors; more factors to consider,fine/layered details; more charts/points/lines/shapes/elements; more parameters/variables; much/more data/info/info spread; organized/structured; more texts/words; title/axis/label/descriptions; a specific technique; inadequate/few coloring; no color; easy to interpret/read/understand; read/analyze many figures/items,(+) (-); (+) (-); (-); (+); (+); (+); (+); (+); (+); (+); (+); (+); (+),Information Volume; Element Quantity; Dimensionality & Structure; Text Volume & Content; Annotations & Labels; Domain Familiarity; Color Palette & Contrast; Interpretive Difficulty; Processing Time & Effort,easy; understand; label; histogram; figure; organized; ink; page; writing; color; element; way; information; lot; fine; detail; variable; factor; consider,more information (quantity_reference); a lot (quantity_reference); label (chart_component); writing (annotation); writing (quantity_reference); color (perceptual_element); element (domain_object); information (cognitive_element); lot (quantity_reference); detail (cognitive_element); variable (data_element),more information (information_quality); a lot (quantity_descriptor); easy (readability); lot (quantity_descriptor); fine (size_density),understand (cognitive); label (semantic),"histogram (unclustered); figure (unclustered); organized (rare, 1 image); ink (rare, 1 image); page (rare, 1 image); way (filtered, 7 images); factor (unclustered); consider (unclustered)",visualization (whole); label (text); element (mark); data (content); color (property)
VASTJ.270.11.png,https://raw.githubusercontent.com/c109363/ExperimentImage/main/AllDataResize/VASTJ.270.11.png,Grid,0.78,,#NAME?,"Data Density / Image Clutter; Color, Symbol, and Texture Details",,number of information; color contrast,much/more data/info/info spread; low color contrast/separation/segmentation,(+) (-); (+) (-),Information Volume; Color Palette & Contrast,number; information; color; contrast,color contrast (perceptual_element); number (quantity_reference); information (cognitive_element); color (perceptual_element); contrast (perceptual_element),color contrast (color),contrast (structural),,visualization (whole); color (property)
v484_n7392_1_f4.png,https://raw.githubusercontent.com/c109363/ExperimentImage/main/AllDataResize/v484_n7392_1_f4.png,Line,0.78,,Too much information. Plotted points looks complex as well.,Data Density / Image Clutter,,Plotted points; Too much information,more charts/points/lines/shapes/elements; too much data/info,(+); (+),Element Quantity; Information Volume,plot; point; information,point (mark); information (cognitive_element),too much (quantity_descriptor),,plot (unclustered),point (mark); visualization (whole)
InfoVisJ.2709.1.png,https://raw.githubusercontent.com/c109363/ExperimentImage/main/AllDataResize/InfoVisJ.2709.1.png,Node-link,0.78,,"left one is a mess. Left one has more different types of info. (picture, graph, words etc)",Data Density / Image Clutter; Semantics / Text Legibility; Aesthetics Uncertainty,,a mess; more types of info; words; left one is a mess,messy/mixed up/noisy/intermingled elements; much/more data/info/info spread; word/text/sentence; looks random/messy/lack structure,(+); (+); (+) (-); (+),Visual Clutter & Overlap; Information Volume; Text Volume & Content; Visual Disorganization,mess; type; info; word; leave,info (cognitive_element); info (quantity_reference); word (annotation),,,"mess (unclustered); type (rare, 4 images); leave (rare, 1 image)",visualization (whole); label (text); data (content)
VASTJ.200.8.png,https://raw.githubusercontent.com/c109363/ExperimentImage/main/AllDataResize/VASTJ.200.8.png,Node-link,0.78,,It is more difficult to follow the lines. There is no color guide and the names are too small to read. Also there is no order.,"Visual Encoding Clarity; Semantics / Text Legibility; Color, Symbol, and Texture Details; Immediacy / Cognitive Load",,no color guide; names too small to read; lines; no order; more difficult to follow the lines,less organized elements; lines; word rotation/small font size; unclear color meaning; more difficult to focus/follow,(+); (+); (+) (-); (+); (+),"Position, Scale & Organization; Graphical Forms & Primitives; Typography & Readability; Color Palette & Contrast; Interpretive Difficulty",color; guide; name; small; read; line; order; difficult; follow,color (perceptual_element); name (annotation); name (quantity_reference); line (mark); order (quantity_reference),small (size_density); order (structure); difficult (readability),name (semantic); read (cognitive); follow (perceptual),"guide (rare, 1 image)",line (mark); label (text); legend (furniture); layout (structure)
vis216.png,https://raw.githubusercontent.com/c109363/ExperimentImage/main/AllDataResize/vis216.png,Node-link,0.78,,,Semantics / Text Legibility,,Mix of images and words; The level of information,text and imagery,(+); (+),Text Volume & Content,mix; image; word; level; information,image (chart_type); word (annotation); information (cognitive_element),,mix (structural),level (unclustered),visualization (whole); label (text); data (content)
VASTC.51.10.png,https://raw.githubusercontent.com/c109363/ExperimentImage/main/AllDataResize/VASTC.51.10.png,Text,0.78,,contains a lot of information the size of the graphics,Data Density / Image Clutter; Visual Encoding Clarity,,a lot of information; size of the graphics,much/more data/info/info spread; element sizes,(+); (+),Information Volume; Graphical Forms & Primitives,lot; information; size; graphic,a lot (quantity_reference); lot (quantity_reference); information (cognitive_element); size (perceptual_element); graphic (chart_type); graphic (quantity_reference),a lot (quantity_descriptor); lot (quantity_descriptor); graphic (aesthetics),,,visualization (whole)
visMost54.png,https://raw.githubusercontent.com/c109363/ExperimentImage/main/AllDataResize/visMost54.png,Bar,0.79,,there have a lot of lines and words and it iskinda about universe,Data Density / Image Clutter; Semantics / Text Legibility,,a lot of lines; lot of words,more charts/points/lines/shapes/elements; amount of words/context/numbers,(+); (+),Element Quantity; Text Volume & Content,lot; line; word,a lot (quantity_reference); lot (quantity_reference); line (mark); word (annotation),a lot (quantity_descriptor); lot (quantity_descriptor),,,line (mark); label (text)
VisC.11.12(2).png,https://raw.githubusercontent.com/c109363/ExperimentImage/main/AllDataResize/VisC.11.12(2).png,Node-link,0.79,,"In the orange highlighted image, there are a multitude of paths or routes between different points. These paths overlap, intersect, diverge, creating a visually intricate network The crossing and overlapping of the lines make it challenging to distinguish between individual routes or connections, requiring careful examination and interpretation to unravel the underlying structure of the network. It contain layered information, with different sets of lines representing various types of relationships or networks It makes it difficult to focus on the image for long; More intersecting lines, vast interpretations, less writing",Data Density / Image Clutter; Semantics / Text Legibility; Schema; Immediacy / Cognitive Load,,"intersecting lines; less writing; vast interpretations; crossing and overlapping of the lines; multitude of paths or routes between different points; paths overlap, intersect, diverge, creating a visually intricate network; challenging to distinguish; difficult to focus on the image for long; require careful examination and interpretation",overlapping shapes/colors/lines; network representation; little/less text/numbers/context; hard to compare/discern/distinguish; hard to focus/follow; more reading/interpretation/understanding; multiple interpretation,(+); (+); (+); (+); (+); (+); (+); (+); (+),Visual Clutter & Overlap; Domain Familiarity; Text Volume & Content; Interpretive Difficulty; Processing Time & Effort,intersect; line; writing; vast; interpretation; cross; overlapping; multitude; path; route; different; point; overlap; diverge; create; visually; intricate; network; challenge; distinguish; difficult; focus; image; long; require; careful; examination,the image (quantity_reference); line (mark); writing (annotation); writing (quantity_reference); interpretation (cognitive_element); multitude (quantity_reference); path (mark); path (quantity_reference); point (mark); network (chart_type); network (quantity_reference); image (chart_type),interpretation (cognitive); overlapping (structure); multitude (quantity_descriptor); different (structure); intricate (complexity); intricate (structure); difficult (readability); long (temporal),intersect (spatial); cross (spatial); overlap (spatial); challenge (cognitive); distinguish (structural); focus (structural); focus (perceptual); require (evaluative),"vast (unclustered); route (unclustered); diverge (rare, 1 image); create (rare, 1 image); visually (in vocab, excluded); careful (rare, 1 image); examination (rare, 1 image)",line (mark); link (structure); label (text)
vis673.png,https://raw.githubusercontent.com/c109363/ExperimentImage/main/AllDataResize/vis673.png,Node-link,0.79,,,Immediacy / Cognitive Load,,Initial (intuitive) attractiveness to actually delve into the image and analyze it; Expected time and cognitive load to understand the logic of presentation; Expected time and cognitive load to understand the key takeaway of/ key patterns suggested by the image (separating information from noise); Expected time and cognitive load to understand the majority of information in the image (separating information from noise),intuitive,(-); (+); (+); (+),Interpretive Difficulty,initial; intuitive; attractiveness; actually; delve; image; analyze; expect; time; cognitive; load; understand; logic; presentation; key; takeaway; of/; pattern; suggest; separate; information; noise; majority,cognitive load (quantity_reference); the image (quantity_reference); image (chart_type); load (quantity_reference); logic (cognitive_element); key (chart_component); key (quantity_reference); pattern (layout_component); pattern (quantity_reference); information (cognitive_element); noise (quantity_reference),cognitive load (complexity); cognitive load (cognitive); intuitive (familiarity); time (temporal); cognitive (cognitive); logic (cognitive); key (information_quality); separate (structure),analyze (cognitive); expect (evaluative); understand (cognitive); separate (spatial); separate (structural),initial (unclustered); attractiveness (unclustered); actually (unclustered); delve (unclustered); presentation (unclustered); takeaway (unclustered); of/ (unclustered); suggest (unclustered); majority (unclustered),visualization (whole); region (structure); layout (structure); pattern (structure); data (content)
np_21.png,https://raw.githubusercontent.com/c109363/ExperimentImage/main/AllDataResize/np_21.png,Point,0.79,,"there has a lot of pictures and words and also picture of world; More text More individual elements Harder to understand hierarchy at first glance More variety in shapes; Small text; Different sections; Image of Earth with lines; more context, has text and information to read and understand the visualisation better.",Data Density / Image Clutter; Visual Encoding Clarity; Semantics / Text Legibility; Schema; Immediacy / Cognitive Load,,Small text; Image of Earth with lines; More individual elements; More text; More variety in shapes; Harder to understand hierarchy; a lot of pictures and words; words; picture of world; more context; text and information,"more charts/points/lines/shapes/elements; shape variation; clear text/scale/information; more labels/context; more texts/words; word rotation/small font size; word/text/sentence; a specific domain; domain-specific concepts (e.g., chemical, biology, map); more difficult to interpret/read/understand/differentiate",(+); (+); (+); (+); (+); (+); (+); (+) (-); (+); (-); (-),Element Quantity; Graphical Forms & Primitives; Annotations & Labels; Text Volume & Content; Typography & Readability; Domain Familiarity; Interpretive Difficulty,small; text; image; earth; line; individual; element; variety; shape; hard; understand; hierarchy; lot; picture; word; world; context; information,small text (quantity_reference); more text (quantity_reference); a lot (quantity_reference); text (annotation); image (chart_type); line (mark); element (domain_object); variety (quantity_reference); shape (mark); shape (perceptual_element); lot (quantity_reference); picture (chart_type); word (annotation); world (domain_object); context (cognitive_element); context (quantity_reference); information (cognitive_element),small text (size_density); a lot (quantity_descriptor); small (size_density); individual (structure); variety (quantity_descriptor); hard (readability); lot (quantity_descriptor),shape (evaluative); understand (cognitive),earth (unclustered); hierarchy (unclustered),visualization (whole); line (mark); label (text); shape (mark); hierarchy (structure); legend (furniture)
SciVisJ.561.7.png,https://raw.githubusercontent.com/c109363/ExperimentImage/main/AllDataResize/SciVisJ.561.7.png,Point,0.79,,"Unfamiliar design Cluttered ""zoom""",Data Density / Image Clutter; Schema,,Cluttered; Unfamiliar design,dense/cluttered data/info; unfamiliar concepts/patterns,(+); (+),Visual Clutter & Overlap; Domain Familiarity,cluttered; unfamiliar; design,design (quantity_reference),cluttered (complexity); cluttered (aesthetics); unfamiliar (familiarity),,,visualization (whole); layout (structure)
VASTJ.1683.4(2).png,https://raw.githubusercontent.com/c109363/ExperimentImage/main/AllDataResize/VASTJ.1683.4(2).png,Point,0.79,,There is no titles that point what exactly we are looking at.,Semantics / Text Legibility,,no titles,lack of/not enough axis labels/legend/annotations/context,(+),Annotations & Labels,title,title (chart_component),,,,visualization (whole)
InfoVisJ.2556.7(2).png,https://raw.githubusercontent.com/c109363/ExperimentImage/main/AllDataResize/InfoVisJ.2556.7(2).png,Text,0.79,,The image looks more difficult to comprehend at first glance.,Immediacy / Cognitive Load,,difficult to comprehend at first glance,hard to interpret/read/understand,(+),Interpretive Difficulty,difficult; comprehend; glance,first glance (quantity_reference),difficult (readability),comprehend (cognitive),"glance (in vocab, excluded)",visualization (whole)
SciVisJ.821.4.png,https://raw.githubusercontent.com/c109363/ExperimentImage/main/AllDataResize/SciVisJ.821.4.png,Cont.-ColorPatn,0.8,,I d'ont have any idea of what it's supposed to mean.,Immediacy / Cognitive Load,,no idea what it's supposed to mean,unclear meaning/confusing,(+),Semantic Clarity,idea; suppose; mean,no idea (quantity_reference); idea (cognitive_element),no idea (information_quality),mean (semantic),suppose (unclustered),visualization (whole)
VASTJ.320.9.png,https://raw.githubusercontent.com/c109363/ExperimentImage/main/AllDataResize/VASTJ.320.9.png,Grid,0.8,,I didn't understand what all the colours represent.,"Color, Symbol, and Texture Details",,didn't understand what the colors represent,unclear color meaning,(+),Color Palette & Contrast,understand; color; represent,color (perceptual_element),,understand (cognitive); represent (semantic),,visualization (whole); color (property)
v487_n7405_7_f1.png,https://raw.githubusercontent.com/c109363/ExperimentImage/main/AllDataResize/v487_n7405_7_f1.png,Line,0.8,,"1. Text that I'd need to read
2. Error bars, up and down",Visual Encoding Clarity; Semantics / Text Legibility,,"Error bars, up and down; Text to read",error bars; readability,(+); (+),Graphical Forms & Primitives; Typography & Readability,error; bar; text; read,bar (mark); text (annotation),,read (cognitive),"error (rare, 1 image)",bar (mark); label (text)
VisJ.1431.19.png,https://raw.githubusercontent.com/c109363/ExperimentImage/main/AllDataResize/VisJ.1431.19.png,Point,0.8,,"The image I selected looked a lot less neater and more scattered than the other image. There's a lot more going on. There's different shapes, it's hard to make sense of why the dots are scattered the way they are. It's hard to see what kind of story the image I selected is trying to tell. I am unfamiliar with the kind of image I selected. I have never seen a piece of art of data visualization that looks like the image I selected.",Data Density / Image Clutter; Visual Encoding Clarity; Schema; Immediacy / Cognitive Load,,more scattered; different shapes; dots are scattered; never seen visualization; unfamiliar with the image; hard to make sense; hard to see story,"scattered shapes (e.g., dots, squares, pictures); shape size variation; unfamiliar concepts/patterns; hard to interpret/read/understand/differentiate; hard to see/tell/visualize",(+); (+); (+); (+); (+); (+); (+),Element Quantity; Graphical Forms & Primitives; Domain Familiarity; Interpretive Difficulty,scattered; different; shape; dot; scatter; see; visualization; unfamiliar; image; hard; sense; story,the image (quantity_reference); shape (mark); shape (perceptual_element); dot (mark); image (chart_type); sense (cognitive_element),different (structure); unfamiliar (familiarity); hard (readability); sense (cognitive),make sense (cognitive); scattered (spatial); shape (evaluative); scatter (spatial); see (perceptual),visualization (unclustered); story (unclustered),point (mark); shape (mark); visualization (whole); layout (structure)
InfoVisJ.413.3.png,https://raw.githubusercontent.com/c109363/ExperimentImage/main/AllDataResize/InfoVisJ.413.3.png,Cont.-ColorPatn,0.81,,amount of colors; both are complex,"Color, Symbol, and Texture Details",,amount of colors,amount of / too many colors,(+),Color Palette & Contrast,color,color (perceptual_element),,,,visualization (whole); color (property)
VisJ.1949.16(2).png,https://raw.githubusercontent.com/c109363/ExperimentImage/main/AllDataResize/VisJ.1949.16(2).png,Glyph,0.81,,I have chosen the left image to be more complex because of the following features: the amount of shapes in the image; the size of the shapes; no information about what the squares are highlighting; almost all the shapes are the same color.,"Data Density / Image Clutter; Visual Encoding Clarity; Color, Symbol, and Texture Details; Immediacy / Cognitive Load",,amount of shapes; no information about the squares; size of shapes; same color,more charts/points/lines/shapes/elements; no square information; shape size; same colors,(+); (+); (+); (+),Element Quantity; Semantic Clarity; Graphical Forms & Primitives; Color Palette & Contrast,shape; information; square; size; color,shape (mark); shape (perceptual_element); information (cognitive_element); square (mark); size (perceptual_element); color (perceptual_element),,shape (evaluative),,shape (mark); color (property); legend (furniture); annotation (text)
VASTC.123.1.png,https://raw.githubusercontent.com/c109363/ExperimentImage/main/AllDataResize/VASTC.123.1.png,Grid,0.81,,"noisy, white color gives an illusion of a negative space","Data Density / Image Clutter; Color, Symbol, and Texture Details",,noisy; illusion of a negative space; white color,messy/mixed up/noisy/intermingled elements; negative space; white color on black background,(+); (+); (+),Visual Clutter & Overlap; Color Palette & Contrast,noisy; illusion; negative; space; white; color,space (layout_component); color (perceptual_element),white (color),,"noisy (rare, 1 image); illusion (unclustered); negative (rare, 1 image)",visualization (whole); background (structure); color (property)
vis796.png,https://raw.githubusercontent.com/c109363/ExperimentImage/main/AllDataResize/vis796.png,Node-link,0.81,,"Can't tell what the graph is trying to say, too many lines and similar colors","Data Density / Image Clutter; Color, Symbol, and Texture Details; Immediacy / Cognitive Load",,too many lines; similar colors; Can't tell what the graph is trying to say,more charts/points/lines/shapes/elements; lack of color contrast / hard to distinguish colors; hard to interpret/read/understand/differentiate,(+); (+); (+),Element Quantity; Color Palette & Contrast; Interpretive Difficulty,line; similar; color; tell; graph; try,the graph (quantity_reference); line (mark); color (perceptual_element); graph (chart_type),too many (quantity_descriptor); similar (structure),tell (evaluative),"try (rare, 1 image)",line (mark); color (property); visualization (whole)
InfoVisJ.1063.13(3).png,https://raw.githubusercontent.com/c109363/ExperimentImage/main/AllDataResize/InfoVisJ.1063.13(3).png,Node-link,0.81,,No legends at all and a lot of colours,"Semantics / Text Legibility; Color, Symbol, and Texture Details",,No legends; a lot of colors,lack of/not enough axis labels/legend/annotations/context; color variety/arrangement/distribution,(+); (+),Annotations & Labels; Color Palette & Contrast,legend; lot; color,a lot (quantity_reference); legend (chart_component); lot (quantity_reference); color (perceptual_element),a lot (quantity_descriptor); lot (quantity_descriptor),legend (evaluative),,visualization (whole); legend (furniture); color (property)
VASTJ.1612.1(4).png,https://raw.githubusercontent.com/c109363/ExperimentImage/main/AllDataResize/VASTJ.1612.1(4).png,Text,0.81,,,"Semantics / Text Legibility; Color, Symbol, and Texture Details; Immediacy / Cognitive Load",,the meaning of the colors is unclear;; It's more difficult to read the words because they are small;; the graphic is vertical.,word rotation/small font size; unclear color meaning; hard to interpret/read/understand; less intuitive,(+); (+); (+),Typography & Readability; Color Palette & Contrast; Interpretive Difficulty,meaning; color; unclear; difficult; read; word; small; graphic; vertical,the graphic (quantity_reference); meaning (cognitive_element); color (perceptual_element); word (annotation); graphic (chart_type); graphic (quantity_reference),meaning (cognitive); unclear (readability); unclear (information_quality); difficult (readability); small (size_density); graphic (aesthetics),read (cognitive),vertical (unclustered),visualization (whole); color (property); label (text); layout (structure)
SciVisJ.765.11.png,https://raw.githubusercontent.com/c109363/ExperimentImage/main/AllDataResize/SciVisJ.765.11.png,Cont.-ColorPatn,0.82,,amount of colours used; variety of shapes; axis data is measured on; the fact that the (more) complex image suggests there may be more data points or that it's depicting one frame out of a video; it's fairly complex compared to just text,"Data Density / Image Clutter; Visual Encoding Clarity; Semantics / Text Legibility; Color, Symbol, and Texture Details",,more data points; variety of shapes; axis data; amount of colors,more charts/points/lines/shapes/elements; shape variety; title/axis/label/descriptions; amount of / too many colors,(+); (+); (+); (+),Element Quantity; Graphical Forms & Primitives; Annotations & Labels; Color Palette & Contrast,datum; point; variety; shape; axis; color,datum (data_element); point (mark); variety (quantity_reference); shape (mark); shape (perceptual_element); axis (chart_component); color (perceptual_element),variety (quantity_descriptor),shape (evaluative),,point (mark); shape (mark); axes (furniture); color (property)
VASTC.115.2.png,https://raw.githubusercontent.com/c109363/ExperimentImage/main/AllDataResize/VASTC.115.2.png,Grid,0.82,,#NAME?,"Data Density / Image Clutter; Semantics / Text Legibility; Color, Symbol, and Texture Details",,various points of data; different color codes; titles,more charts/points/lines/shapes/elements; title/axis/label/descriptions; unclear colormaps,(+); (+); (+),Element Quantity; Annotations & Labels; Color Palette & Contrast,point; datum; different; color; code; title,different color (quantity_reference); point (mark); datum (data_element); color (perceptual_element); code (annotation); title (chart_component),different color (color); different (structure),,,point (mark); color (property); title (text)
v485_n7400_14_f2.png,https://raw.githubusercontent.com/c109363/ExperimentImage/main/AllDataResize/v485_n7400_14_f2.png,Point,0.82,,#NAME?,Data Density / Image Clutter; Semantics / Text Legibility,,too many elements; too many shapes; small text,more charts/points/lines/shapes/elements; too many points/lines/shapes/elements; word rotation/small font size,(+); (+); (+),Element Quantity; Typography & Readability,element; shape; small; text,small text (quantity_reference); element (domain_object); shape (mark); shape (perceptual_element); text (annotation),small text (size_density); too many (quantity_descriptor); small (size_density),shape (evaluative),,visualization (whole); shape (mark); label (text)
InfoVisJ.2402.12.png,https://raw.githubusercontent.com/c109363/ExperimentImage/main/AllDataResize/InfoVisJ.2402.12.png,Area,0.83,,"I chose it based on colours, scale, number of shapes/details presented and readability. It had different colours, the shapes were varied, there was a significant difference in scale, and readability (meaning understanding what the picture represents) was more complex.; colors distribution their actions and use their size growing small as they go down","Data Density / Image Clutter; Visual Encoding Clarity; Semantics / Text Legibility; Color, Symbol, and Texture Details",,number of shapes/details presented; shapes were varied; significant difference in scale; readability; different colors; size growing small; colors distribution,more charts/points/lines/shapes/elements; scale difference; shapes varied; size decreasing; readability; color variety/arrangement/distribution,(+); (+); (+); (+) (-); (+) (-); (+) (-); (+) (-),"Element Quantity; Position, Scale & Organization; Graphical Forms & Primitives; Typography & Readability; Color Palette & Contrast",number; shape; detail; present; varied; significant; difference; scale; readability; different; color; size; grow; small; distribution,number (quantity_reference); shape (mark); shape (perceptual_element); detail (cognitive_element); difference (quantity_reference); scale (chart_component); scale (quantity_reference); readability (quantity_reference); color (perceptual_element); size (perceptual_element); distribution (data_element),varied (structure); readability (readability); different (structure); small (size_density),shape (evaluative); present (semantic),"significant (rare, 1 image); grow (unclustered)",shape (mark); color (property); scale (furniture); label (text)
VASTJ.1.7.png,https://raw.githubusercontent.com/c109363/ExperimentImage/main/AllDataResize/VASTJ.1.7.png,Node-link,0.83,,"1. Pictures are more scattered, which takes more time to look at.",Data Density / Image Clutter; Immediacy / Cognitive Load,,Pictures are more scattered; takes more time to look at,"scattered shapes (e.g., dots, squares, pictures); take longer to interpret",(+); (+),Element Quantity; Processing Time & Effort,picture; scattered; take; time; look,more time (quantity_reference); picture (chart_type),more time (temporal); time (temporal),scattered (spatial); take (evaluative),"look (filtered, 16 images)",point (mark); visualization (whole)
SciVisJ.867.7.png,https://raw.githubusercontent.com/c109363/ExperimentImage/main/AllDataResize/SciVisJ.867.7.png,Glyph,0.84,,,Semantics / Text Legibility; Immediacy / Cognitive Load,,How easily I could understand the information presented.; How quickly I realised what the information was showing.; How much I had to read.,amount of words/context/numbers; easier to interpret/read/understand; easy to interpret/read/understand; more reading/interpretation/understanding,(-); (-); (+),Text Volume & Content; Interpretive Difficulty; Processing Time & Effort,easily; understand; information; present; quickly; realise; show; read,the information (quantity_reference); information (cognitive_element),easily (readability); quickly (readability); quickly (temporal),understand (cognitive); present (semantic); show (semantic); read (cognitive),realise (unclustered),visualization (whole); label (text); data (content)
VASTC.41.5.png,https://raw.githubusercontent.com/c109363/ExperimentImage/main/AllDataResize/VASTC.41.5.png,Grid,0.84,,"A lot of different colors and shapes, it took me a long time to understand what I was looking at and how to look at it.","Data Density / Image Clutter; Color, Symbol, and Texture Details; Immediacy / Cognitive Load",,A lot of shapes; different colors; took a long time to understand,more charts/points/lines/shapes/elements; color variety/arrangement/distribution; take longer to interpret,(+); (+) (-); (+),Element Quantity; Color Palette & Contrast; Processing Time & Effort,lot; shape; different; color; take; long; time; understand,a lot (quantity_reference); lot (quantity_reference); shape (mark); shape (perceptual_element); color (perceptual_element),a lot (quantity_descriptor); lot (quantity_descriptor); different (structure); long (temporal); time (temporal),shape (evaluative); take (evaluative); understand (cognitive),,shape (mark); color (property); visualization (whole)
vis734.png,https://raw.githubusercontent.com/c109363/ExperimentImage/main/AllDataResize/vis734.png,Grid,0.84,,too many points;  black background,"Data Density / Image Clutter; Color, Symbol, and Texture Details",,too many points; black background,more charts/points/lines/shapes/elements; white/black background / other background,(+); (+),Element Quantity; Color Palette & Contrast,point; black; background,point (mark),too many (quantity_descriptor); black (color),,background (unclustered),point (mark); background (structure)
VASTJ.1.10.png,https://raw.githubusercontent.com/c109363/ExperimentImage/main/AllDataResize/VASTJ.1.10.png,Node-link,0.84,,The information in the highlighted one is too detailed to effectively make out information in comparison to the other.,Data Density / Image Clutter; Immediacy / Cognitive Load,,too detailed; too detailed to make out information,too many details/divisions; hard to interpret/read/understand,(+); (+),Element Quantity; Interpretive Difficulty,detailed; information,information (cognitive_element),detailed (aesthetics); detailed (information_quality),,,visualization (whole); data (content)
VASTC.59.11(2).png,https://raw.githubusercontent.com/c109363/ExperimentImage/main/AllDataResize/VASTC.59.11(2).png,Text,0.84,,wording too small and unreadable,Semantics / Text Legibility; Immediacy / Cognitive Load,,unreadable; wording too small,unreadable; word rotation/small font size,(+); (+),Interpretive Difficulty; Typography & Readability,unreadable; word; small,word (annotation),small (size_density),,"unreadable (rare, 1 image)",label (text); visualization (whole)
VisC.389.7.png,https://raw.githubusercontent.com/c109363/ExperimentImage/main/AllDataResize/VisC.389.7.png,Glyph,0.85,,The left has no written information; the left has nothing to go on.,Semantics / Text Legibility; Aesthetics Uncertainty; Immediacy / Cognitive Load,,no written information,lack of/not enough axis labels/legend/annotations/context; distracting/confusing/unclear; complicated to process; not interpretable/readable/understandable,(+),Annotations & Labels; Visual Disorganization; Interpretive Difficulty,write; information,information (cognitive_element),,write (evaluative),,visualization (whole)
v487_n7407_7_f2.png,https://raw.githubusercontent.com/c109363/ExperimentImage/main/AllDataResize/v487_n7407_7_f2.png,Grid,0.85,,"Right one is at least organized in a table; The right has a chart with labels and a key indicating what the colours represent, so even though there is a lot going on you can break down what it all means.",Data Density / Image Clutter; Semantics / Text Legibility; Schema; Immediacy / Cognitive Load,,a lot going on; a key; labels; chart with labels; break down what it means; organized in a table,"more detailed/things; title/axis/label/descriptions; too much legend; a specific technique, e.g., bar, pie, circle; domain-specific concepts (e.g., chemical, biology, map); easy to interpret/read/understand",(+) (-); (-); (+) (-); (-); (-); (-),Information Volume; Annotations & Labels; Domain Familiarity; Interpretive Difficulty,lot; key; label; chart; break; mean; organize; table,a lot (quantity_reference); lot (quantity_reference); key (chart_component); key (quantity_reference); label (chart_component); chart (chart_type); table (chart_component),a lot (quantity_descriptor); lot (quantity_descriptor); key (information_quality),label (semantic); mean (semantic); organize (structural),"break (rare, 1 image)",visualization (whole); legend (furniture); label (text); grid (structure)
vis278.png,https://raw.githubusercontent.com/c109363/ExperimentImage/main/AllDataResize/vis278.png,Area,0.87,,clean lines,Visual Encoding Clarity,,clean lines,shapes and lines,(-),Graphical Forms & Primitives,clean; line,line (mark),clean (complexity); clean (aesthetics),,,visualization (whole)
InfoVisC.24.8.png,https://raw.githubusercontent.com/c109363/ExperimentImage/main/AllDataResize/InfoVisC.24.8.png,Area,0.87,,"Looks more ""chaotic"" Less structured More data?",Data Density / Image Clutter; Aesthetics Uncertainty,,More data; Less structured; chaotic,much/more data/info/info spread; looks random/messy/lack structure,(+); (+); (+),Information Volume; Visual Disorganization,datum; structured; chaotic,datum (data_element),,,"structured (rare, 1 image); chaotic (rare, 1 image)",visualization (whole); data (content); layout (structure)
SciVisJ.1005.1.png,https://raw.githubusercontent.com/c109363/ExperimentImage/main/AllDataResize/SciVisJ.1005.1.png,Grid,0.87,,Too dark Nothing visible to check. No data or indication of what we are checking.,"Data Density / Image Clutter; Color, Symbol, and Texture Details; Aesthetics Uncertainty",,no data; nothing visible; Too dark,no data; nothing visible; unclear coloring,(+); (+); (+),Information Volume; Visual Disorganization; Color Palette & Contrast,datum; visible; dark,datum (data_element),visible (readability); dark (color),,,visualization (whole); data (content); background (structure)
InfoVisJ.2402.12(1).png,https://raw.githubusercontent.com/c109363/ExperimentImage/main/AllDataResize/InfoVisJ.2402.12(1).png,Area,0.88,,1. i felt like this cotains a multitude of observations 2. differnent sizes/figures 3. different colors; the left side looks like a complex image generated by some sort of light detection or graphing software that i am not familiar with.; their actions and use their size growing small as they go down,"Data Density / Image Clutter; Visual Encoding Clarity; Schema; Color, Symbol, and Texture Details",,size growing small; colors distribution; not familiar with; a multitude of observations; differnent sizes/figures; different colors,more charts/points/lines/shapes/elements; shape size variation; size decreasing; unfamiliar concepts/patterns; color variety/arrangement/distribution,(+) (-); (+) (-); (+); (+); (+); (+) (-),Element Quantity; Graphical Forms & Primitives; Domain Familiarity; Color Palette & Contrast,size; grow; small; color; distribution; familiar; multitude; observation; differnent; figure; different,size (perceptual_element); color (perceptual_element); distribution (data_element); multitude (quantity_reference),small (size_density); familiar (familiarity); multitude (quantity_descriptor); different (structure),,"grow (unclustered); observation (unclustered); differnent (rare, 1 image); figure (unclustered)",point (mark); encoding (property); color (property); visualization (whole)
VASTC.13.9.png,https://raw.githubusercontent.com/c109363/ExperimentImage/main/AllDataResize/VASTC.13.9.png,Text,0.88,,"More details, complex graph design, varied colors; Both were quite complex and it was hard to decide.; Comprehension - what the values or words define the graphic (right one is more complex). both are complex.","Data Density / Image Clutter; Semantics / Text Legibility; Schema; Color, Symbol, and Texture Details",,what values or words define; varied colors; More details; complex graph design,more detailed/things; label meaning; a specific technique; color variety/arrangement/distribution,(-); (+); (+); (+),Information Volume; Annotations & Labels; Domain Familiarity; Color Palette & Contrast,value; word; define; varied; color; detail; complex; graph; design,value (data_element); value (quantity_reference); word (annotation); color (perceptual_element); detail (cognitive_element); graph (chart_type); design (quantity_reference),varied (structure); complex (complexity),,"define (rare, 2 images)",visualization (whole); color (property); label (text); data (content)
InfoVisC.65.6(2).png,https://raw.githubusercontent.com/c109363/ExperimentImage/main/AllDataResize/InfoVisC.65.6(2).png,Node-link,0.89,,"The one on the right looks like a lot of different bits of data interacting, so it seems more complex and a bit harder to understand.",Data Density / Image Clutter; Immediacy / Cognitive Load,,a lot of different bits of data interacting; a bit harder to understand,multiple interacting elements; more difficult to interpret/read/understand/differentiate,(+); (+),Element Quantity; Interpretive Difficulty,lot; different; bit; datum; interact; hard; understand,a lot (quantity_reference); lot (quantity_reference); bit (quantity_reference); datum (data_element),a lot (quantity_descriptor); lot (quantity_descriptor); different (structure); hard (readability),understand (cognitive),interact (unclustered),visualization (whole); data (content)
SciVisJ.891.13.png,https://raw.githubusercontent.com/c109363/ExperimentImage/main/AllDataResize/SciVisJ.891.13.png,Glyph,0.91,,"Image 2 looks like a computer home screen and, while there is a lot going on there.",Data Density / Image Clutter; Schema,,a lot going on; computer screen,more detailed/things; familiar representation,(+) (-); (-),Information Volume; Domain Familiarity,lot; computer; screen,a lot (quantity_reference); lot (quantity_reference),a lot (quantity_descriptor); lot (quantity_descriptor),,"computer (rare, 1 image); screen (unclustered)",visualization (whole); panel (structure)
InfoVisC.173.9.png,https://raw.githubusercontent.com/c109363/ExperimentImage/main/AllDataResize/InfoVisC.173.9.png,Grid,0.91,,"variety and boldness of colours; Even if I don't understand the image on the right, I still can think it's about hearthquake or something similar. Maybe the fact that there is a title helped a little.","Data Density / Image Clutter; Schema; Color, Symbol, and Texture Details",,variety and boldness of colors; there is little; about earthquake,"little data/info; domain-specific concepts (e.g., chemical, biology, map); color variety/arrangement/distribution",(+); (-); (-),Information Volume; Domain Familiarity; Color Palette & Contrast,variety; boldness; color; little; earthquake,variety (quantity_reference); color (perceptual_element),variety (quantity_descriptor); little (size_density),,boldness (unclustered); earthquake (unclustered),visualization (whole); color (property); data (content); domain (content)
VASTC.115.5.png,https://raw.githubusercontent.com/c109363/ExperimentImage/main/AllDataResize/VASTC.115.5.png,Grid,0.91,,"Multiple images, shapes, colours, global, macro",Data Density / Image Clutter,,Multiple images; Multiple shapes,multiple features/elements/graphs; multiple points/lines/shapes/elements,(+); (+),Element Quantity,multiple; image; shape,image (chart_type); shape (mark); shape (perceptual_element),multiple (structure),shape (evaluative),,visualization (whole); shape (mark)
visMost533.png,https://raw.githubusercontent.com/c109363/ExperimentImage/main/AllDataResize/visMost533.png,Bar,0.92,,"many elements, colors, size, names; very complex to process; Image 1 requires more understanding; it seems to contain data but lacks context, so I'm curious what it represents.","Data Density / Image Clutter; Visual Encoding Clarity; Semantics / Text Legibility; Color, Symbol, and Texture Details; Immediacy / Cognitive Load",,lacks context; requires more understanding; many elements; size; names; colors; very complex to process,more charts/points/lines/shapes/elements; size; lack of/not enough axis labels/legend/annotations/context; more title/axis/label; unclear colormaps; complicated to process; more reading/interpretation/understanding,(+); (+); (+); (+); (+); (+) (-); (+),Element Quantity; Graphical Forms & Primitives; Annotations & Labels; Color Palette & Contrast; Interpretive Difficulty; Processing Time & Effort,lack; context; require; understanding; element; size; name; color; complex; process,context (cognitive_element); context (quantity_reference); understanding (cognitive_element); element (domain_object); size (perceptual_element); name (annotation); name (quantity_reference); color (perceptual_element); process (quantity_reference),understanding (cognitive); complex (complexity),lack (evaluative); require (evaluative); name (semantic),,visualization (whole); element (mark); label (text); color (property); domain (content)
VisC.73.8.png,https://raw.githubusercontent.com/c109363/ExperimentImage/main/AllDataResize/VisC.73.8.png,Glyph,0.92,,"A variety of colours, with the different lines difficult to ascertain.",Immediacy / Cognitive Load,,difficult to ascertain,hard to compare/discern/distinguish,(+),Interpretive Difficulty,difficult; ascertain,,difficult (readability),ascertain (perceptual),,visualization (whole)
InfoVisC.65.5(2).png,https://raw.githubusercontent.com/c109363/ExperimentImage/main/AllDataResize/InfoVisC.65.5(2).png,Node-link,0.92,,"This image has a lot of lines, only one colour, and everything is quite diffuse, nothing is clear in the picture.; chosen one has lots of hard to discern meeting points which add to the complexity.; I think the info it's very important here and the nature of this info, because if you don't know anything about it, it could be difficult as well.","Data Density / Image Clutter; Visual Encoding Clarity; Schema; Color, Symbol, and Texture Details; Immediacy / Cognitive Load",,nature of this info; could be difficult; a lot of lines; only one color; everything is quite diffuse; lines; nothing is clear; lots of meeting points; hard to discern,more charts/points/lines/shapes/elements; overlapping shapes/colors/lines; lines; nothing clear; a specific domain; monochrome; complicated to process; hard to compare/discern/distinguish; hard to interpret/read/understand,(+); (+); (+); (+); (+); (+) (-); (+); (+); (+),Element Quantity; Visual Clutter & Overlap; Graphical Forms & Primitives; Interpretive Difficulty; Domain Familiarity; Color Palette & Contrast,nature; info; difficult; lot; line; color; diffuse; clear; meeting; point; hard; discern,a lot (quantity_reference); info (cognitive_element); info (quantity_reference); lot (quantity_reference); line (mark); color (perceptual_element); point (mark),a lot (quantity_descriptor); difficult (readability); lot (quantity_descriptor); clear (readability); hard (readability),discern (perceptual),"nature (unclustered); diffuse (rare, 1 image); meeting (rare, 1 image)",line (mark); point (mark); color (property); layout (structure)
VisC.383.7.png,https://raw.githubusercontent.com/c109363/ExperimentImage/main/AllDataResize/VisC.383.7.png,Node-link,0.92,,"It was hard to decide between the 2 images, as both are very complex but, the image chosen contained a darker/denser area and also showed a receeding horizon point. I was more drawn to its pattern.","Schema; Color, Symbol, and Texture Details",,darker/denser area; pattern; receeding horizon point,2D/3D; familiar representation; unclear coloring,(+); (+) (-); (+),Dimensionality & Structure; Domain Familiarity; Color Palette & Contrast,darker; denser; area; pattern; receede; horizon; point,area (layout_component); pattern (layout_component); pattern (quantity_reference); point (mark),,,"darker (unclustered); denser (rare, 1 image); receede (rare, 1 image); horizon (rare, 1 image)",region (structure); pattern (structure); point (mark)
vis567.png,https://raw.githubusercontent.com/c109363/ExperimentImage/main/AllDataResize/vis567.png,Node-link,0.93,,I don't understand anything about the picture at all. It is all new to me and it doesn't seem to be something I can use my common sense to understand,Schema; Immediacy / Cognitive Load,,all new to me; not common sense; don't understand,unfamiliar concepts/patterns; not interpretable/readable/understandable,(+); (+); (+),Domain Familiarity; Interpretive Difficulty,new; common; sense; understand,sense (cognitive_element),sense (cognitive),understand (cognitive),"new (rare, 1 image); common (unclustered)",visualization (whole); encoding (property)
VASTJ.1612.1.png,https://raw.githubusercontent.com/c109363/ExperimentImage/main/AllDataResize/VASTJ.1612.1.png,Text,0.93,,The words are very difficult to see and it has two different colors.,"Color, Symbol, and Texture Details; Immediacy / Cognitive Load",,words are difficult to see; two different colors; difficult to see,unclear relation between words; two colors; hard to see/tell/visualize,(+); (+); (+),Semantic Clarity; Color Palette & Contrast; Interpretive Difficulty,word; difficult; different; color,word (annotation); color (perceptual_element),difficult (readability); different (structure),,,label (text); color (property)
InfoVisC.24.8(1).png,https://raw.githubusercontent.com/c109363/ExperimentImage/main/AllDataResize/InfoVisC.24.8(1).png,Area,0.94,,"Values - Graphic and vales have logic (left one is more complex at least the right can see words). Graphs generation - how the graph is generated, size, length, points (left one is more complex).both are complex.",Semantics / Text Legibility; Schema,,Values - Graphic and vales have logic; can see words,value representation; clear title/axis/label,(+); (+) (-),Dimensionality & Structure; Annotations & Labels,value; graphic; vale; logic; word,value (data_element); value (quantity_reference); graphic (chart_type); graphic (quantity_reference); logic (cognitive_element); word (annotation),graphic (aesthetics); logic (cognitive),,vale (unclustered),visualization (whole); number (content); label (text)
InfoVisJ.449.8.png,https://raw.githubusercontent.com/c109363/ExperimentImage/main/AllDataResize/InfoVisJ.449.8.png,Grid,0.94,,Way more information provided. The images are smaller making it feel more full of stuff which can lead to it feeling confusing and complex to understand. The variety of colors is more than the other image.,"Data Density / Image Clutter; Color, Symbol, and Texture Details; Immediacy / Cognitive Load",,Way more information; more full of stuff; variety of colors; confusing and complex to understand,more detailed/things; much/more data/info/info spread; color variety/arrangement/distribution; unclear meaning/confusing,(+); (+); (+); (+),Information Volume; Color Palette & Contrast; Semantic Clarity,way; information; stuff; variety; color; confusing; complex; understand,more information (quantity_reference); information (cognitive_element); stuff (quantity_reference); variety (quantity_reference); color (perceptual_element),more information (information_quality); variety (quantity_descriptor); confusing (readability); complex (complexity),understand (cognitive),"way (filtered, 7 images)",visualization (whole); data (content); color (property)
InfoVisJ.1149.6(1).png,https://raw.githubusercontent.com/c109363/ExperimentImage/main/AllDataResize/InfoVisJ.1149.6(1).png,Grid,0.95,,"It contains a high information density. As a result, interpreting the map requires parsing through a large amount of textual data, which can be visually overwhelming and mentally taxing. Navigating through this hierarchical text requires understanding the relative importance of different labels and how they contribute to the overall information conveyed by the map. Interpreting a map with many small writings requires not only reading and understanding individual labels but also synthesizing information from multiple sources to gain a comprehensive understanding of the depicted area.",Data Density / Image Clutter; Semantics / Text Legibility; Aesthetics Uncertainty; Immediacy / Cognitive Load,,high information density; large amount of textual data; different labels; hierarchical text; many small writings; visually overwhelming; mentally taxing,dense/cluttered data/info; much/more data/info/info spread; different labels; hierarchical text; more texts/words; title/axis/label/descriptions; visually overwhelming; more reading/interpretation/understanding,(+); (+); (+); (+); (+); (+); (+),Visual Clutter & Overlap; Annotations & Labels; Typography & Readability; Text Volume & Content; Visual Disorganization; Processing Time & Effort,high; information; density; large; textual; datum; different; label; hierarchical; text; small; writing; visually; overwhelming; mentally; tax,information (cognitive_element); density (data_element); density (quantity_reference); datum (data_element); label (chart_component); text (annotation); writing (annotation); writing (quantity_reference),large (size_density); different (structure); small (size_density),label (semantic),"high (in vocab, excluded); textual (rare, 1 image); hierarchical (rare, 1 image); visually (in vocab, excluded); overwhelming (rare, 1 image); mentally (rare, 1 image); tax (rare, 1 image)",visualization (whole); label (text); hierarchy (structure)
VASTJ.1698.5(4).png,https://raw.githubusercontent.com/c109363/ExperimentImage/main/AllDataResize/VASTJ.1698.5(4).png,Node-link,0.95,,"this image is strange and difficult to analyze that why i found it complex; lines crossing; information depicted more granularly; I don't know how to read this, it's understandable; they were both complex but the depth and intersecting lines of the one one the right made it more complex for me",Data Density / Image Clutter; Visual Encoding Clarity; Schema; Aesthetics Uncertainty; Immediacy / Cognitive Load,,lines crossing; information depicted more granularly; don't know how to read this; depth; intersecting lines; strange; difficult to analyze,overlapping shapes/colors/lines; 2D/3D; information nuance expressed; intersecting lines; feeling strange; hard to interpret/read/understand; not interpretable/readable/understandable,(+); (+); (+); (+); (+); (+); (+),Visual Clutter & Overlap; Dimensionality & Structure; Domain Familiarity; Graphical Forms & Primitives; Visual Disorganization; Interpretive Difficulty,line; cross; information; depict; granularly; know; read; depth; intersect; strange; difficult; analyze,line (mark); information (cognitive_element),difficult (readability),cross (spatial); know (cognitive); read (cognitive); intersect (spatial); analyze (cognitive),"depict (rare, 1 image); granularly (rare, 1 image); depth (unclustered); strange (rare, 1 image)",line (mark); link (structure); visualization (whole); encoding (property)
