section,subcategory,term,n_images
visual_attributes,annotation,almost_no_explanation,1
visual_attributes,annotation,dense_word_content,1
visual_attributes,annotation,excessive_annotations,1
visual_attributes,annotation,eye_catching_descriptions,1
visual_attributes,annotation,high_school_education_context,1
visual_attributes,annotation,mathematical_formulae_present,1
visual_attributes,annotation,missing_explanatory_labels,1
visual_attributes,annotation,more_to_understand,1
visual_attributes,annotation,multiple_facts_conveyed,1
visual_attributes,annotation,precise_aspect_labeling,1
visual_attributes,area,conveys_more_data,1
visual_attributes,area,dense_information_small_space,1
visual_attributes,area,difficult_to_read,1
visual_attributes,area,easy_to_understand,1
visual_attributes,area,harder_to_discern,1
visual_attributes,area,more_difficult_to_understand,1
visual_attributes,area,organized_structured_layout,1
visual_attributes,area,requires_specialized_education,1
visual_attributes,area,understand_at_a_glance,1
visual_attributes,area,unfamiliar_chart_type,1
visual_attributes,area,visually_striking_surface,1
visual_attributes,area,zoomed_in_region,1
visual_attributes,axes,standard_axis_present,2
visual_attributes,axes,additional_y_dimension,1
visual_attributes,axes,axes_absent,1
visual_attributes,axes,axis_absent,1
visual_attributes,axes,axis_aids_orientation,1
visual_attributes,axes,axis_data_present,1
visual_attributes,axes,axis_measurements_clear,1
visual_attributes,axes,axis_numbers_present,1
visual_attributes,axes,axis_present,1
visual_attributes,axes,complex_axis_labeling,1
visual_attributes,axes,different_axis_types,1
visual_attributes,axes,dual_axis_present,1
visual_attributes,axes,easy_to_interpret,1
visual_attributes,axes,easy_to_read_axis,1
visual_attributes,axes,fewer_axes_present,1
visual_attributes,axes,four_axes_present,1
visual_attributes,axes,four_labeled_axes,1
visual_attributes,axes,harder_to_interpret_axis,1
visual_attributes,axes,longitudinal_graph_structure,1
visual_attributes,axes,many_parameters_on_axes,1
visual_attributes,axes,missing_axis_label,1
visual_attributes,axes,mixed_with_charts,1
visual_attributes,axes,more_axes_present,1
visual_attributes,axes,more_variables_represented,1
visual_attributes,axes,multiple_axes,1
visual_attributes,axes,multiple_axes_four_or_five,1
visual_attributes,axes,multiple_axes_present,1
visual_attributes,axes,multiple_different_axes,1
visual_attributes,axes,no_axis_labels,1
visual_attributes,axes,no_graph_metrics_given,1
visual_attributes,axes,non_linear_scale,1
visual_attributes,axes,present_axes_titles,1
visual_attributes,axes,provides_clear_labels,1
visual_attributes,axes,quantitative_relations_encoded,1
visual_attributes,axes,straightforward_x_axis,1
visual_attributes,axes,time_scale_present,1
visual_attributes,axes,two_axes_only,1
visual_attributes,axes,two_axes_present,1
visual_attributes,axes,variable_hard_to_interpret,1
visual_attributes,axes,x_and_y_axes_present,1
visual_attributes,axes,x_and_y_axis_present,1
visual_attributes,axes,x_position_encoding,1
visual_attributes,axes,y_position_encoding,1
visual_attributes,axis_label,contains_letters_and_numbers,1
visual_attributes,axis_label,labeled_axes_present,1
visual_attributes,axis_label,large_numeric_values,1
visual_attributes,axis_label,more_numbers_present,1
visual_attributes,axis_label,precise_axis_naming,1
visual_attributes,axis_label,unfamiliar_label_names,1
visual_attributes,axis_label,words_aid_reading,1
visual_attributes,axis_label,x_and_y_scales_present,1
visual_attributes,background,reduced_white_space,2
visual_attributes,background,background_color_adds_complexity,1
visual_attributes,background,black_background_color,1
visual_attributes,background,creates_depth_illusion,1
visual_attributes,background,excessive_white_space,1
visual_attributes,background,excessively_dark,1
visual_attributes,background,irregular_empty_spaces,1
visual_attributes,background,too_dark,1
visual_attributes,background,white_background_present,1
visual_attributes,bar,adds_visual_complexity,1
visual_attributes,bar,bidirectional_error_bars,1
visual_attributes,bar,extends_horizontally,1
visual_attributes,bar,grouped_by_color,1
visual_attributes,bar,hard_to_distinguish,1
visual_attributes,bar,high_bar_count,1
visual_attributes,bar,multiple_different_bars,1
visual_attributes,bar,multiple_stick_elements,1
visual_attributes,bar,rendered_as_individual_lines,1
visual_attributes,bar,simple_measurement_indicator,1
visual_attributes,bar,straightforward_encoding,1
visual_attributes,bar,vary_in_length,1
visual_attributes,bar,visually_unclear_encoding,1
visual_attributes,category,cannot_identify_categories,1
visual_attributes,category,more_groups_present,1
visual_attributes,category,multiple_crop_categories,1
visual_attributes,category,one_year_change_shown,1
visual_attributes,color,multiple_colors_used,19
visual_attributes,color,multiple_colors_present,17
visual_attributes,color,high_color_variety,7
visual_attributes,color,different_colors_used,5
visual_attributes,color,more_colors_used,5
visual_attributes,color,high_color_contrast,4
visual_attributes,color,many_colors_used,4
visual_attributes,color,multiple_different_colors,4
visual_attributes,color,too_many_colors,4
visual_attributes,color,black_and_white_only,3
visual_attributes,color,different_colors_present,3
visual_attributes,color,many_colors_present,3
visual_attributes,color,color_coding_present,2
visual_attributes,color,limited_color_range,2
visual_attributes,color,many_different_colors,2
visual_attributes,color,more_colors_present,2
visual_attributes,color,multiple_distinct_colors,2
visual_attributes,color,only_two_colors_used,2
visual_attributes,color,poor_color_choices,2
visual_attributes,color,adds_visual_complexity,1
visual_attributes,color,aids_readability,1
visual_attributes,color,all_colors_very_different,1
visual_attributes,color,ambiguous_colors_used,1
visual_attributes,color,appealing_color_choices,1
visual_attributes,color,bad_contrast_color_choice,1
visual_attributes,color,black_to_white_transition,1
visual_attributes,color,blurring_applied,1
visual_attributes,color,bold_color_usage,1
visual_attributes,color,bold_colors_used,1
visual_attributes,color,boring_color_choice,1
visual_attributes,color,bright_vivid_colors,1
visual_attributes,color,brighter_colors,1
visual_attributes,color,challenging_to_identify,1
visual_attributes,color,clear_color_differentiation,1
visual_attributes,color,clearer_distinct_colors,1
visual_attributes,color,color_adds_complexity,1
visual_attributes,color,color_adds_factor_to_consider,1
visual_attributes,color,color_choice_complex,1
visual_attributes,color,color_coded_separation,1
visual_attributes,color,color_encoding_used,1
visual_attributes,color,color_meaning_unclear,1
visual_attributes,color,color_meaning_undefined,1
visual_attributes,color,color_scale_encoding,1
visual_attributes,color,color_shades_vary,1
visual_attributes,color,colored_graphic_chart,1
visual_attributes,color,colored_within_shape,1
visual_attributes,color,colorful_appearance,1
visual_attributes,color,colors_aid_recognition,1
visual_attributes,color,colors_carry_meaning,1
visual_attributes,color,colors_carry_no_meaning,1
visual_attributes,color,colors_convey_meaning,1
visual_attributes,color,colors_densely_clustered,1
visual_attributes,color,colors_draw_attention,1
visual_attributes,color,colors_hard_to_distinguish,1
visual_attributes,color,colors_harder_to_look_at,1
visual_attributes,color,colors_involved,1
visual_attributes,color,colors_more_appealing,1
visual_attributes,color,colors_represent_groups,1
visual_attributes,color,colors_too_similar,1
visual_attributes,color,colors_unclear_meaning,1
visual_attributes,color,complex_color_arrangement,1
visual_attributes,color,complex_color_scheme,1
visual_attributes,color,confusing_color_variety,1
visual_attributes,color,contributes_to_complexity,1
visual_attributes,color,dark_green_color_used,1
visual_attributes,color,darker_tone,1
visual_attributes,color,different_colors_confusing,1
visual_attributes,color,different_colors_distinguishable,1
visual_attributes,color,different_shades_of_orange,1
visual_attributes,color,different_shades_used,1
visual_attributes,color,difficult_to_tell_apart,1
visual_attributes,color,difficult_to_understand,1
visual_attributes,color,distinct_color_hues,1
visual_attributes,color,distinct_color_variety,1
visual_attributes,color,distinct_colors_used,1
visual_attributes,color,distinguished_distinctive_colors,1
visual_attributes,color,dull_and_blended_colors,1
visual_attributes,color,encodes_data_collection,1
visual_attributes,color,excessive_color_count,1
visual_attributes,color,eye_straining_palette,1
visual_attributes,color,few_colors_used,1
visual_attributes,color,fully_saturated_palette,1
visual_attributes,color,good_color_choices,1
visual_attributes,color,gradient_color_encoding,1
visual_attributes,color,gradient_color_transition,1
visual_attributes,color,hard_to_differentiate,1
visual_attributes,color,hard_to_focus_eyes,1
visual_attributes,color,hard_to_identify_colors,1
visual_attributes,color,high_color_intensity,1
visual_attributes,color,high_color_saturation,1
visual_attributes,color,high_color_variability,1
visual_attributes,color,high_color_variation,1
visual_attributes,color,high_contrast_coloring,1
visual_attributes,color,high_contrast_level,1
visual_attributes,color,high_number_of_colors,1
visual_attributes,color,higher_contrast_colors,1
visual_attributes,color,identical_colors_both_sides,1
visual_attributes,color,increased_color_variety,1
visual_attributes,color,insufficient_color_variety,1
visual_attributes,color,insufficient_contrast,1
visual_attributes,color,intense_colors,1
visual_attributes,color,introduces_visual_uncertainty,1
visual_attributes,color,less_color_variety,1
visual_attributes,color,light_and_dark_contrast,1
visual_attributes,color,limited_color_count,1
visual_attributes,color,limited_color_variety,1
visual_attributes,color,little_shade_variation,1
visual_attributes,color,little_to_no_numbers,1
visual_attributes,color,low_color_contrast,1
visual_attributes,color,low_color_distinguishability,1
visual_attributes,color,low_color_diversity,1
visual_attributes,color,many_distinct_colors,1
visual_attributes,color,many_unique_colors,1
visual_attributes,color,meaning_unclear_to_viewer,1
visual_attributes,color,mixed_color_variety,1
visual_attributes,color,mixes_several_colors,1
visual_attributes,color,monochrome_color_used,1
visual_attributes,color,monochrome_palette,1
visual_attributes,color,multicolored_encoding,1
visual_attributes,color,multiple_blue_shades,1
visual_attributes,color,multiple_color_codes,1
visual_attributes,color,multiple_color_differences,1
visual_attributes,color,multiple_color_keys_present,1
visual_attributes,color,multiple_color_schemes,1
visual_attributes,color,multiple_color_shades,1
visual_attributes,color,multiple_color_variations,1
visual_attributes,color,multiple_colors_distributed,1
visual_attributes,color,multiple_colors_mixed,1
visual_attributes,color,multiple_colors_same_area,1
visual_attributes,color,multiple_unique_colors,1
visual_attributes,color,multiple_unique_contrasts,1
visual_attributes,color,muted_colors_used,1
visual_attributes,color,no_clear_color_scheme,1
visual_attributes,color,no_color_difference,1
visual_attributes,color,no_colors_used,1
visual_attributes,color,no_easy_color_distinction,1
visual_attributes,color,no_more_than_three_colors,1
visual_attributes,color,no_semantic_meaning,1
visual_attributes,color,no_white_space,1
visual_attributes,color,nonlinear_color_scale,1
visual_attributes,color,not_intuitive,1
visual_attributes,color,not_simple_color_wise,1
visual_attributes,color,notable_color_differences,1
visual_attributes,color,number_of_colors,1
visual_attributes,color,number_of_colors_manageable,1
visual_attributes,color,numerous_colors_used,1
visual_attributes,color,only_black_color,1
visual_attributes,color,only_two_main_colors,1
visual_attributes,color,orange_color_complex,1
visual_attributes,color,overlapping_color_superposition,1
visual_attributes,color,overly_colorful,1
visual_attributes,color,poor_color_choice,1
visual_attributes,color,poorly_contrasting_colors,1
visual_attributes,color,poorly_defined_color_legend,1
visual_attributes,color,prominent_colors_present,1
visual_attributes,color,prominent_red_coloring,1
visual_attributes,color,purple_and_green_hues,1
visual_attributes,color,random_color_usage,1
visual_attributes,color,range_and_contrast_of_colors,1
visual_attributes,color,range_of_colors_present,1
visual_attributes,color,red_green_meaning_unclear,1
visual_attributes,color,same_color_used,1
visual_attributes,color,same_shade_colors,1
visual_attributes,color,separate_color_scale,1
visual_attributes,color,shading_increases_complexity,1
visual_attributes,color,shading_present,1
visual_attributes,color,similar_color_palette,1
visual_attributes,color,similar_colors,1
visual_attributes,color,similar_colors_used,1
visual_attributes,color,similar_looking_colors,1
visual_attributes,color,simple_coloring,1
visual_attributes,color,single_color_only,1
visual_attributes,color,single_color_used,1
visual_attributes,color,soft_appealing_colors,1
visual_attributes,color,soft_color_tones,1
visual_attributes,color,strong_color_contrast,1
visual_attributes,color,strongly_contrasting_colors,1
visual_attributes,color,too_many_similar_colors,1
visual_attributes,color,too_much_color,1
visual_attributes,color,totally_arbitrary_color_application,1
visual_attributes,color,two_color_dimensions,1
visual_attributes,color,two_distinct_colors,1
visual_attributes,color,unclear_color_differentiation,1
visual_attributes,color,unclear_color_meaning,1
visual_attributes,color,unclear_color_representation,1
visual_attributes,color,unclear_color_value_meaning,1
visual_attributes,color,undefined_color,1
visual_attributes,color,uneven_color_distribution,1
visual_attributes,color,use_of_color_aids_clarity,1
visual_attributes,color,variation_in_color_shades,1
visual_attributes,color,variations_of_shade,1
visual_attributes,color,varied_color_distribution,1
visual_attributes,color,varied_color_formats,1
visual_attributes,color,varied_color_usage,1
visual_attributes,color,varied_color_wording,1
visual_attributes,color,varied_colors_present,1
visual_attributes,color,varied_vibrant_colors,1
visual_attributes,color,variety_of_colors,1
visual_attributes,color,various_color_shades,1
visual_attributes,color,various_colors_present,1
visual_attributes,color,vast_colorization_use,1
visual_attributes,color,very_weird_color,1
visual_attributes,color,visually_appealing,1
visual_attributes,color,visually_harsh_colors,1
visual_attributes,color,visually_pleasant_appearance,1
visual_attributes,color,weird_color_contrast,1
visual_attributes,color,weird_color_palette,1
visual_attributes,color,wide_color_range,1
visual_attributes,color,wide_variety_of_colors,1
visual_attributes,color_segment,distinct_color_separation,1
visual_attributes,color_segment,limited_color_segments,1
visual_attributes,color_segment,segmented_color_regions,1
visual_attributes,color_segment,variety_of_bright_colors,1
visual_attributes,data,high_information_volume,16
visual_attributes,data,high_data_volume,4
visual_attributes,data,high_detail_density,2
visual_attributes,data,large_element_size,2
visual_attributes,data,lots_of_variables,2
visual_attributes,data,too_many_variables,2
visual_attributes,data,additional_information_added,1
visual_attributes,data,clear_information_presentation,1
visual_attributes,data,close_proximity_of_items,1
visual_attributes,data,cluttered_data_elements,1
visual_attributes,data,common_knowledge_domain,1
visual_attributes,data,content_hard_to_see,1
visual_attributes,data,data_easier_to_see,1
visual_attributes,data,dense_information_content,1
visual_attributes,data,densely_packed_content,1
visual_attributes,data,different_sizes,1
visual_attributes,data,domain_specific_chemicals,1
visual_attributes,data,domain_specific_terminology,1
visual_attributes,data,easily_understood,1
visual_attributes,data,easy_to_compare,1
visual_attributes,data,easy_to_read,1
visual_attributes,data,encodes_word_frequency,1
visual_attributes,data,evenly_distributed_layout,1
visual_attributes,data,excessive_data_volume,1
visual_attributes,data,fairly_easy_to_read,1
visual_attributes,data,familiar_visualization_type,1
visual_attributes,data,few_or_no_data_points,1
visual_attributes,data,fine_detail_present,1
visual_attributes,data,frequency_directly_readable,1
visual_attributes,data,hard_to_differentiate,1
visual_attributes,data,hard_to_quickly_understand,1
visual_attributes,data,high_amount_of_details,1
visual_attributes,data,high_amount_of_items,1
visual_attributes,data,high_element_count,1
visual_attributes,data,high_element_quantity,1
visual_attributes,data,high_entity_count,1
visual_attributes,data,high_information_processing_effort,1
visual_attributes,data,high_item_count,1
visual_attributes,data,high_object_count,1
visual_attributes,data,high_pixel_density,1
visual_attributes,data,high_subject_count,1
visual_attributes,data,high_visual_contrast,1
visual_attributes,data,high_visual_noise,1
visual_attributes,data,high_volume_of_details,1
visual_attributes,data,imaging_seems_arbitrary,1
visual_attributes,data,immense_detail_present,1
visual_attributes,data,impossible_to_interpret,1
visual_attributes,data,information_hard_to_extract,1
visual_attributes,data,information_spread_across_image,1
visual_attributes,data,intuitive_graph_understanding,1
visual_attributes,data,items_in_close_proximity,1
visual_attributes,data,large_information_volume,1
visual_attributes,data,large_number_of_items,1
visual_attributes,data,larger_dataset_size,1
visual_attributes,data,limited_to_two_points,1
visual_attributes,data,lot_of_details,1
visual_attributes,data,manageable_information_volume,1
visual_attributes,data,manageable_object_count,1
visual_attributes,data,many_data_items,1
visual_attributes,data,many_different_elements,1
visual_attributes,data,many_elements_intermingled,1
visual_attributes,data,many_elements_present,1
visual_attributes,data,many_visual_elements,1
visual_attributes,data,more_data_points,1
visual_attributes,data,more_details_included,1
visual_attributes,data,more_details_present,1
visual_attributes,data,more_elements_present,1
visual_attributes,data,more_factors_to_consider,1
visual_attributes,data,more_visual_elements,1
visual_attributes,data,multiple_copies_present,1
visual_attributes,data,multiple_entity_types,1
visual_attributes,data,multiple_info_types,1
visual_attributes,data,multiple_interacting_data_bits,1
visual_attributes,data,multiple_parameters_present,1
visual_attributes,data,multiple_precise_components,1
visual_attributes,data,multiple_statistics_present,1
visual_attributes,data,multiple_variables,1
visual_attributes,data,multiple_variables_present,1
visual_attributes,data,multitude_of_differing_information,1
visual_attributes,data,needs_interpretation,1
visual_attributes,data,no_clear_visual_cutoff_points,1
visual_attributes,data,no_data_explanation,1
visual_attributes,data,no_data_present,1
visual_attributes,data,nothing_visible,1
visual_attributes,data,nuanced_data_content,1
visual_attributes,data,nuanced_visual_features,1
visual_attributes,data,numerous_data_points,1
visual_attributes,data,numerous_figures_present,1
visual_attributes,data,objects_spread_across_space,1
visual_attributes,data,pattern_search_required,1
visual_attributes,data,provides_more_data_information,1
visual_attributes,data,provokes_thought_and_understanding,1
visual_attributes,data,random_like_movement,1
visual_attributes,data,requires_extended_analysis,1
visual_attributes,data,requires_extra_cognitive_effort,1
visual_attributes,data,requires_more_thinking,1
visual_attributes,data,rich_information_presented,1
visual_attributes,data,signal_noise_separation_hard,1
visual_attributes,data,simple_information,1
visual_attributes,data,sparse_data_elements,1
visual_attributes,data,spread_of_values_shown,1
visual_attributes,data,supports_data_analysis,1
visual_attributes,data,too_dense_to_read,1
visual_attributes,data,unclear_encoding,1
visual_attributes,data,understandable_content,1
visual_attributes,data,unidentifiable_elements,1
visual_attributes,data,unknown_data_meaning,1
visual_attributes,data,values_separated_by_color,1
visual_attributes,data,very_high_entry_count,1
visual_attributes,description,captions_aid_comprehension,1
visual_attributes,description,descriptive_annotations_present,1
visual_attributes,description,easy_to_read,1
visual_attributes,description,explanatory_description_present,1
visual_attributes,description,provides_necessary_context,1
visual_attributes,detail,high_detail_density,5
visual_attributes,detail,high_detail_volume,1
visual_attributes,detail,less_details_present,1
visual_attributes,detail,many_small_details,1
visual_attributes,detail,obscured_underlying_data,1
visual_attributes,detail,rich_visual_details,1
visual_attributes,detail,small_detail_elements,1
visual_attributes,detail,small_fine_details,1
visual_attributes,domain,absence_aids_simplicity,1
visual_attributes,domain,dense_field_information,1
visual_attributes,domain,domain_knowledge_required,1
visual_attributes,domain,domain_specific_biology,1
visual_attributes,domain,familiar_domain_context,1
visual_attributes,domain,familiar_earthquake_topic,1
visual_attributes,domain,football_theme_recognizable,1
visual_attributes,domain,imaginable_meaning,1
visual_attributes,domain,no_context_provided,1
visual_attributes,domain,provides_interpretive_context,1
visual_attributes,domain,requires_longer_processing,1
visual_attributes,domain,unclear_portrayed_subject,1
visual_attributes,domain,unfamiliar_concepts,1
visual_attributes,element,many_visual_elements,2
visual_attributes,element,appears_less_important,1
visual_attributes,element,black_color_present,1
visual_attributes,element,complex_draw_style,1
visual_attributes,element,complex_visual_designs,1
visual_attributes,element,discordant_color_choice,1
visual_attributes,element,encodes_data_collection,1
visual_attributes,element,fine_detail_present,1
visual_attributes,element,four_separate_components,1
visual_attributes,element,grabs_visual_attention,1
visual_attributes,element,green_color_present,1
visual_attributes,element,high_element_count,1
visual_attributes,element,high_ink_density,1
visual_attributes,element,high_number_of_elements,1
visual_attributes,element,increased_cognitive_load,1
visual_attributes,element,intricate_visual_structure,1
visual_attributes,element,many_elements_present,1
visual_attributes,element,meaning_not_interpretable,1
visual_attributes,element,more_forms_present,1
visual_attributes,element,more_graphic_content,1
visual_attributes,element,multiple_distinct_components,1
visual_attributes,element,pixelated_appearance,1
visual_attributes,element,requires_extra_processing_time,1
visual_attributes,element,requires_interpretation_effort,1
visual_attributes,element,scattered_all_over,1
visual_attributes,element,single_visual_element,1
visual_attributes,element,three_dimensional_structure,1
visual_attributes,element,too_many_moving_parts,1
visual_attributes,element,varied_element_sizes,1
visual_attributes,element,varied_shape_types,1
visual_attributes,element,varied_visual_encoding,1
visual_attributes,element,yellow_color_present,1
visual_attributes,encoding,complex_draw_style,1
visual_attributes,encoding,confusing_movement_pattern,1
visual_attributes,encoding,different_sizes_and_figures,1
visual_attributes,encoding,difficult_to_interpret,1
visual_attributes,encoding,granular_information_depth,1
visual_attributes,encoding,high_depth_of_data,1
visual_attributes,encoding,high_visual_strain,1
visual_attributes,encoding,metric_meaning_unclear,1
visual_attributes,encoding,multiple_visual_cues_present,1
visual_attributes,encoding,nasa_like_complexity,1
visual_attributes,encoding,shapes_represent_subsets,1
visual_attributes,encoding,size_varies_small_to_large,1
visual_attributes,encoding,strains_vision,1
visual_attributes,encoding,unexplained_animation_behavior,1
visual_attributes,font_style,changing_fonts_present,1
visual_attributes,font_style,font_adds_complexity,1
visual_attributes,font_style,no_font_differentiation,1
visual_attributes,font_style,single_font_used,1
visual_attributes,font_style,small_font_size,1
visual_attributes,font_style,ugly_irregular_calligraphy,1
visual_attributes,font_style,varying_font_sizes,1
visual_attributes,grid,structured_layout,2
visual_attributes,grid,absent_grid_lines,1
visual_attributes,grid,clear_organization,1
visual_attributes,grid,complex_grid_layout,1
visual_attributes,grid,four_dimension_matrix,1
visual_attributes,grid,grid_adds_visual_clutter,1
visual_attributes,grid,less_elements_overall,1
visual_attributes,grid,needs_intense_study,1
visual_attributes,grid,organized_structure,1
visual_attributes,grid,recognizable_pattern_structure,1
visual_attributes,grid,requires_domain_knowledge,1
visual_attributes,grid,round_shape,1
visual_attributes,grid,small_table_size,1
visual_attributes,grid,tabular_structure,1
visual_attributes,grid,too_many_divisions,1
visual_attributes,grid,unfamiliar_visualization_type,1
visual_attributes,hierarchy,beyond_comprehension,1
visual_attributes,hierarchy,evolutionary_tree_structure,1
visual_attributes,hierarchy,hierarchical_text_organization,1
visual_attributes,hierarchy,hierarchy_hard_to_parse,1
visual_attributes,hierarchy,multiple_lineages_present,1
visual_attributes,hierarchy,numerous_hierarchy_levels,1
visual_attributes,hierarchy,ranked_ordering_present,1
visual_attributes,hierarchy,requires_domain_knowledge,1
visual_attributes,label,high_word_count,7
visual_attributes,label,high_text_volume,4
visual_attributes,label,high_reading_demand,3
visual_attributes,label,high_text_density,3
visual_attributes,label,small_text_size,3
visual_attributes,label,abundant_text_present,2
visual_attributes,label,aids_interpretation,2
visual_attributes,label,clear_and_legible,2
visual_attributes,label,difficult_to_read,2
visual_attributes,label,hard_to_read,2
visual_attributes,label,harder_to_read,2
visual_attributes,label,high_text_quantity,2
visual_attributes,label,lots_of_words,2
visual_attributes,label,many_different_labels,2
visual_attributes,label,more_text_present,2
visual_attributes,label,small_font_size,2
visual_attributes,label,text_aids_interpretation,2
visual_attributes,label,text_present,2
visual_attributes,label,absent_or_insufficient,1
visual_attributes,label,absent_text_elements,1
visual_attributes,label,alphabetically_ordered,1
visual_attributes,label,ambiguous_label_meaning,1
visual_attributes,label,ambiguous_numeric_values,1
visual_attributes,label,amount_of_descriptive_text,1
visual_attributes,label,clarifies_content,1
visual_attributes,label,clear_and_easy_to_read,1
visual_attributes,label,clear_labeling,1
visual_attributes,label,clear_text,1
visual_attributes,label,cluttered_labels,1
visual_attributes,label,color_variation_present,1
visual_attributes,label,complex_letter_structure,1
visual_attributes,label,contains_words,1
visual_attributes,label,country_names_labeled,1
visual_attributes,label,country_related_context,1
visual_attributes,label,dense_bottom_text,1
visual_attributes,label,dense_chart_wording,1
visual_attributes,label,dense_date_annotations,1
visual_attributes,label,dense_writing,1
visual_attributes,label,description_easy_to_read,1
visual_attributes,label,detailed_annotations,1
visual_attributes,label,different_font_sizes,1
visual_attributes,label,different_fonts_used,1
visual_attributes,label,differing_font_sizes,1
visual_attributes,label,differing_word_meanings,1
visual_attributes,label,difficult_to_read_words,1
visual_attributes,label,easy_to_read,1
visual_attributes,label,excessively_crowded_labels,1
visual_attributes,label,familiar_domain_labels,1
visual_attributes,label,familiar_format,1
visual_attributes,label,familiar_recognizable_words,1
visual_attributes,label,few_readable_words,1
visual_attributes,label,few_words_present,1
visual_attributes,label,hard_to_find_features,1
visual_attributes,label,high_density_writing,1
visual_attributes,label,high_label_density,1
visual_attributes,label,high_letter_count,1
visual_attributes,label,high_volume_of_text,1
visual_attributes,label,high_volume_of_writing,1
visual_attributes,label,high_word_and_letter_count,1
visual_attributes,label,illegible_at_small_size,1
visual_attributes,label,illegible_small_writing,1
visual_attributes,label,illegible_unreadable_text,1
visual_attributes,label,inconsistent_text_arrangement,1
visual_attributes,label,information_shown_in_text,1
visual_attributes,label,insufficient_contextual_cues,1
visual_attributes,label,insufficient_text_present,1
visual_attributes,label,involves_words_sentences,1
visual_attributes,label,just_text_present,1
visual_attributes,label,labels_aid_understanding,1
visual_attributes,label,labels_are_clear,1
visual_attributes,label,lack_of_labels_explanation,1
visual_attributes,label,lacks_describing_information,1
visual_attributes,label,large_amount_of_text,1
visual_attributes,label,large_word_size,1
visual_attributes,label,larger_size_encodes_higher_frequency,1
visual_attributes,label,less_clear_writing,1
visual_attributes,label,less_writing_present,1
visual_attributes,label,lot_of_terms,1
visual_attributes,label,lots_of_inscriptions,1
visual_attributes,label,low_legibility,1
visual_attributes,label,low_object_count,1
visual_attributes,label,low_readability,1
visual_attributes,label,many_different_species,1
visual_attributes,label,many_lines_of_text,1
visual_attributes,label,many_more_words,1
visual_attributes,label,many_small_writings,1
visual_attributes,label,many_text_boxes_present,1
visual_attributes,label,many_text_elements,1
visual_attributes,label,many_words_present,1
visual_attributes,label,many_words_selected,1
visual_attributes,label,measure_not_clear,1
visual_attributes,label,mixed_text_and_imagery,1
visual_attributes,label,mixed_text_orientations,1
visual_attributes,label,mixed_text_sizes,1
visual_attributes,label,moderate_text_density,1
visual_attributes,label,more_information_labeled,1
visual_attributes,label,more_labels_present,1
visual_attributes,label,more_legible,1
visual_attributes,label,more_writing_on_page,1
visual_attributes,label,multiple_countries_labeled,1
visual_attributes,label,multiple_words_present,1
visual_attributes,label,names_too_small_to_read,1
visual_attributes,label,needs_much_reading,1
visual_attributes,label,no_numeric_labels,1
visual_attributes,label,non_linear_word_order,1
visual_attributes,label,not_easily_readable,1
visual_attributes,label,not_immediately_interpretable,1
visual_attributes,label,not_straight_to_point,1
visual_attributes,label,numbers_increase_complexity,1
visual_attributes,label,numbers_on_entities,1
visual_attributes,label,numerical_details_present,1
visual_attributes,label,numerous_names_present,1
visual_attributes,label,numerous_text_elements,1
visual_attributes,label,numerous_words_present,1
visual_attributes,label,only_four_highlighted,1
visual_attributes,label,overlapping_annotations,1
visual_attributes,label,overlapping_text,1
visual_attributes,label,poor_readability,1
visual_attributes,label,primarily_text_based,1
visual_attributes,label,provides_context,1
visual_attributes,label,provides_contextual_information,1
visual_attributes,label,random_letter_labels,1
visual_attributes,label,readable_labels_present,1
visual_attributes,label,readable_text,1
visual_attributes,label,readable_text_elements,1
visual_attributes,label,reduced_readability,1
visual_attributes,label,repeated_multiple_times,1
visual_attributes,label,requires_extended_reading,1
visual_attributes,label,requires_reading,1
visual_attributes,label,requires_reading_each_item,1
visual_attributes,label,requires_reading_effort,1
visual_attributes,label,short_cryptic_labels,1
visual_attributes,label,small_font_sizes,1
visual_attributes,label,smaller_size_encodes_lower_frequency,1
visual_attributes,label,some_text_present,1
visual_attributes,label,sparse_text_present,1
visual_attributes,label,squeezed_dense_writing,1
visual_attributes,label,structured_and_labeled,1
visual_attributes,label,subject_domain_unclear,1
visual_attributes,label,text_and_numbers_present,1
visual_attributes,label,text_arrangement_complex,1
visual_attributes,label,text_is_too_small,1
visual_attributes,label,text_overlaid_on_geography,1
visual_attributes,label,text_requires_processing,1
visual_attributes,label,text_word_present,1
visual_attributes,label,tiny_writing,1
visual_attributes,label,too_many_letters,1
visual_attributes,label,unclear_defining_values,1
visual_attributes,label,unclear_inter_word_relations,1
visual_attributes,label,unclear_semantic_purpose,1
visual_attributes,label,unclear_subject_matter,1
visual_attributes,label,undefinable_criteria,1
visual_attributes,label,unfamiliar_brand_names,1
visual_attributes,label,unfamiliar_domain_terms,1
visual_attributes,label,unknown_details,1
visual_attributes,label,unreadable_text,1
visual_attributes,label,variable_letter_size,1
visual_attributes,label,varied_word_sizes,1
visual_attributes,label,varying_word_sizes,1
visual_attributes,label,very_small_writing,1
visual_attributes,label,word_elements_present,1
visual_attributes,label,wording_too_small,1
visual_attributes,label,words_aid_readability,1
visual_attributes,label,words_clearly_visible,1
visual_attributes,label,words_difficult_to_see,1
visual_attributes,label,words_easier_to_understand,1
visual_attributes,label,words_present,1
visual_attributes,label,words_sentences_present,1
visual_attributes,label,words_visible,1
visual_attributes,label,written_information_dense,1
visual_attributes,layout,complex_presentation_logic,2
visual_attributes,layout,high_cognitive_load_to_decode,2
visual_attributes,layout,asymmetrical_layout,1
visual_attributes,layout,busier_layout,1
visual_attributes,layout,cluttered_appearance,1
visual_attributes,layout,complex_design_and_concept,1
visual_attributes,layout,complex_domain_info,1
visual_attributes,layout,complex_element_positioning,1
visual_attributes,layout,complex_spatial_arrangement,1
visual_attributes,layout,composition_more_convoluted,1
visual_attributes,layout,dense_element_clutter,1
visual_attributes,layout,difficult_to_interpret,1
visual_attributes,layout,disordered_arrangement,1
visual_attributes,layout,easier_to_figure_out,1
visual_attributes,layout,easily_understandable,1
visual_attributes,layout,explanations_provided,1
visual_attributes,layout,fifteen_separate_figures,1
visual_attributes,layout,hard_to_see_story,1
visual_attributes,layout,hard_to_understand,1
visual_attributes,layout,illogical_organization,1
visual_attributes,layout,lacks_clear_form_structure,1
visual_attributes,layout,lacks_clear_organization,1
visual_attributes,layout,layered_shapes_and_details,1
visual_attributes,layout,less_blank_space,1
visual_attributes,layout,less_clear_information,1
visual_attributes,layout,less_intuitive_overall,1
visual_attributes,layout,less_time_consuming,1
visual_attributes,layout,messy_and_confusing,1
visual_attributes,layout,messy_arrangement,1
visual_attributes,layout,messy_disorganized_layout,1
visual_attributes,layout,messy_overall_layout,1
visual_attributes,layout,messy_visual_layout,1
visual_attributes,layout,mixed_up_arrangement,1
visual_attributes,layout,more_unrelated_data_elements,1
visual_attributes,layout,no_ordering_structure,1
visual_attributes,layout,no_regularity_in_design,1
visual_attributes,layout,non_familiar_layout,1
visual_attributes,layout,non_linear_arrangement,1
visual_attributes,layout,not_recognizable_form,1
visual_attributes,layout,nothing_clearly_interpretable,1
visual_attributes,layout,nothing_clearly_readable,1
visual_attributes,layout,ordered_arrangement,1
visual_attributes,layout,overall_confusing,1
visual_attributes,layout,overlapping_shape_complexity,1
visual_attributes,layout,physical_dimension_present,1
visual_attributes,layout,poor_element_organization,1
visual_attributes,layout,randomly_placed_elements,1
visual_attributes,layout,simple_design,1
visual_attributes,layout,spread_out_distribution,1
visual_attributes,layout,tidy_organized_layout,1
visual_attributes,layout,tiny_image_layout,1
visual_attributes,layout,too_cramped,1
visual_attributes,layout,unfamiliar_design,1
visual_attributes,layout,vertical_orientation,1
visual_attributes,layout,very_busy_layout,1
visual_attributes,layout,very_confusing_appearance,1
visual_attributes,layout,visually_painful_to_view,1
visual_attributes,legend,legend_absent,5
visual_attributes,legend,legend_adds_complexity,3
visual_attributes,legend,aids_interpretation,2
visual_attributes,legend,easy_to_understand,2
visual_attributes,legend,additional_key_required,1
visual_attributes,legend,adds_visual_complexity,1
visual_attributes,legend,bigger_key_size,1
visual_attributes,legend,cannot_understand_encoding,1
visual_attributes,legend,clear_and_concise_key,1
visual_attributes,legend,clear_color_difference,1
visual_attributes,legend,clearly_links_to_data,1
visual_attributes,legend,color_variation_present,1
visual_attributes,legend,explanatory_and_clear,1
visual_attributes,legend,few_legend_items,1
visual_attributes,legend,gives_no_further_information,1
visual_attributes,legend,graphic_legend_missing,1
visual_attributes,legend,increases_perceived_complexity,1
visual_attributes,legend,key_positioned_at_top,1
visual_attributes,legend,key_present_in_image,1
visual_attributes,legend,labels_aid_reading,1
visual_attributes,legend,large_key_present,1
visual_attributes,legend,legend_adds_elements,1
visual_attributes,legend,legend_present,1
visual_attributes,legend,less_visually_appealing,1
visual_attributes,legend,many_individual_elements,1
visual_attributes,legend,many_legend_categories,1
visual_attributes,legend,missing_data_key,1
visual_attributes,legend,no_color_guide_present,1
visual_attributes,legend,no_information_about_squares,1
visual_attributes,legend,no_legend_provided,1
visual_attributes,legend,number_of_items_manageable,1
visual_attributes,legend,positioned_close_to_data,1
visual_attributes,legend,present_and_complex,1
visual_attributes,legend,provides_no_context,1
visual_attributes,legend,summarizes_at_glance,1
visual_attributes,legend,too_close_to_visualization,1
visual_attributes,legend,unclear_meaning,1
visual_attributes,legend,unclear_semantic_meaning,1
visual_attributes,legend,unlabeled_legend_data,1
visual_attributes,legend,unlabeled_legend_entries,1
visual_attributes,legend,vague_and_unclear,1
visual_attributes,line,multiple_lines_present,12
visual_attributes,line,high_line_quantity,3
visual_attributes,line,excessive_line_count,2
visual_attributes,line,few_lines_present,2
visual_attributes,line,high_line_count,2
visual_attributes,line,overlapping_lines_present,2
visual_attributes,line,visually_cluttered_overlap,2
visual_attributes,line,branching_nested_lines,1
visual_attributes,line,crossing_multiple_times,1
visual_attributes,line,curve_lines_simple,1
visual_attributes,line,curve_seems_complex,1
visual_attributes,line,curved_line_marks,1
visual_attributes,line,dashed_line_present,1
visual_attributes,line,difficult_to_differentiate,1
visual_attributes,line,difficult_to_discern,1
visual_attributes,line,difficult_to_follow,1
visual_attributes,line,difficult_to_trace_paths,1
visual_attributes,line,diffuse_distribution,1
visual_attributes,line,dotted_line_marks,1
visual_attributes,line,easy_to_follow,1
visual_attributes,line,enables_visual_processing,1
visual_attributes,line,familiar_waveform_encoding,1
visual_attributes,line,few_lines_joined,1
visual_attributes,line,fine_detail_present,1
visual_attributes,line,hard_to_discern,1
visual_attributes,line,high_overlap_density,1
visual_attributes,line,indistinguishable_from_each_other,1
visual_attributes,line,intersecting_and_crossing,1
visual_attributes,line,intersecting_lines_present,1
visual_attributes,line,lines_cross_each_other,1
visual_attributes,line,lines_crossing_each_other,1
visual_attributes,line,lines_not_straightforward,1
visual_attributes,line,many_lines_present,1
visual_attributes,line,more_variability_shown,1
visual_attributes,line,multiple_data_series,1
visual_attributes,line,multiple_directions,1
visual_attributes,line,multiple_horizontal_lines,1
visual_attributes,line,multiple_interconnecting_lines,1
visual_attributes,line,multiple_lines_intersecting,1
visual_attributes,line,multiple_overlapping_lines,1
visual_attributes,line,multiple_scale_lines,1
visual_attributes,line,numerous_connecting_lines,1
visual_attributes,line,numerous_lines_present,1
visual_attributes,line,numerous_vertical_lines,1
visual_attributes,line,overall_more_complex_to_understand,1
visual_attributes,line,overlapping_lines,1
visual_attributes,line,precise_line_intensity,1
visual_attributes,line,precise_line_thickness,1
visual_attributes,line,present_in_chart,1
visual_attributes,line,represent_different_quantities,1
visual_attributes,line,simple_straight_line,1
visual_attributes,line,small_fine_details,1
visual_attributes,line,smooth_continuous_curves,1
visual_attributes,line,stacked_on_each_other,1
visual_attributes,line,straight_line_encoding,1
visual_attributes,line,straight_line_paths,1
visual_attributes,line,straightforward_line_paths,1
visual_attributes,line,too_many_lines,1
visual_attributes,line,two_lines_present,1
visual_attributes,line,two_separate_lines,1
visual_attributes,line,unclear_encoding,1
visual_attributes,line,upwards_trend_visible,1
visual_attributes,line,varying_amounts,1
visual_attributes,line,varying_line_thickness,1
visual_attributes,line,visible_line_movement,1
visual_attributes,line,visually_busy_layout,1
visual_attributes,line,visually_confusing_lines,1
visual_attributes,line,wavy_irregular_shape,1
visual_attributes,link,arbitrary_irregular_links,1
visual_attributes,link,challenging_to_distinguish,1
visual_attributes,link,clear_path_to_follow,1
visual_attributes,link,complex_branching_pattern,1
visual_attributes,link,complex_network_structure,1
visual_attributes,link,difficult_to_focus_long,1
visual_attributes,link,extra_peripheral_detail,1
visual_attributes,link,high_connection_count,1
visual_attributes,link,instantly_increases_complexity,1
visual_attributes,link,links_between_points,1
visual_attributes,link,minimal_interactions,1
visual_attributes,link,multiple_connecting_edges,1
visual_attributes,link,multiple_crossing_lines,1
visual_attributes,link,multiple_links_present,1
visual_attributes,link,multitude_of_routes,1
visual_attributes,link,network_structure_present,1
visual_attributes,link,numerous_intersections,1
visual_attributes,link,paths_diverge_and_overlap,1
visual_attributes,link,readable_relationships,1
visual_attributes,link,requires_domain_knowledge,1
visual_attributes,link,sequential_process_structure,1
visual_attributes,link,single_link_present,1
visual_attributes,link,vast_interpretations_possible,1
visual_attributes,link,visually_intricate_network,1
visual_attributes,node,limited_node_count,1
visual_attributes,node,many_nodes_present,1
visual_attributes,number,no_measurements_present,2
visual_attributes,number,numeric_labels_present,2
visual_attributes,number,codes_and_numbers_present,1
visual_attributes,number,contains_numbers,1
visual_attributes,number,dense_numerical_labels,1
visual_attributes,number,distributed_numeric_labels,1
visual_attributes,number,high_number_density,1
visual_attributes,number,high_numeric_density,1
visual_attributes,number,incomprehensible_numeric_values,1
visual_attributes,number,involves_numbers,1
visual_attributes,number,large_numbers_present,1
visual_attributes,number,logically_structured_values,1
visual_attributes,number,lots_of_numbers,1
visual_attributes,number,many_numeric_labels,1
visual_attributes,number,more_time_to_understand,1
visual_attributes,number,no_metrics_present,1
visual_attributes,number,no_numbers_present,1
visual_attributes,number,no_semantic_meaning,1
visual_attributes,number,numbers_do_not_make_sense,1
visual_attributes,number,numbers_lack_meaning,1
visual_attributes,number,numeric_content_only,1
visual_attributes,number,numerous_numeric_values,1
visual_attributes,number,ratio_information_present,1
visual_attributes,number,several_measurements_shown,1
visual_attributes,number,small_numbers_present,1
visual_attributes,number,too_many_numbers,1
visual_attributes,number,unfamiliar_numbers_displayed,1
visual_attributes,number,values_placed_in_middle,1
visual_attributes,opacity,difficult_to_interpret,1
visual_attributes,opacity,unusual_shading_technique,1
visual_attributes,panel,assortment_of_bigger_boxes,1
visual_attributes,panel,blue_colored_box,1
visual_attributes,panel,dashed_box_present,1
visual_attributes,panel,easy_to_decipher,1
visual_attributes,panel,excessive_subplot_count,1
visual_attributes,panel,familiar_display_context,1
visual_attributes,panel,increases_interpretive_difficulty,1
visual_attributes,panel,magnification_effect_present,1
visual_attributes,panel,programming_syntax_present,1
visual_attributes,panel,provides_value_reference,1
visual_attributes,panel,red_colored_boxes,1
visual_attributes,panel,requires_individual_reading,1
visual_attributes,panel,small_box_indicators,1
visual_attributes,panel,visually_confusing_layout,1
visual_attributes,pattern,apparent_flow_present,1
visual_attributes,pattern,cascading_visual_flow,1
visual_attributes,pattern,complex_pattern,1
visual_attributes,pattern,contrasting_patterns,1
visual_attributes,pattern,difficult_signal_noise_separation,1
visual_attributes,pattern,difficult_to_extract_takeaway,1
visual_attributes,pattern,growth_pattern_implied,1
visual_attributes,pattern,no_clear_pattern,1
visual_attributes,pattern,no_discernible_pattern,1
visual_attributes,pattern,non_linear_pattern,1
visual_attributes,pattern,not_overly_complicated,1
visual_attributes,pattern,overall_pleasing_pattern,1
visual_attributes,pattern,pattern_interpretation_uncertain,1
visual_attributes,pattern,pattern_not_understandable,1
visual_attributes,pattern,recognizable_pattern_present,1
visual_attributes,pattern,striped_background_texture,1
visual_attributes,pattern,visible_repeating_pattern,1
visual_attributes,point,high_data_volume,4
visual_attributes,point,high_quantity_of_points,3
visual_attributes,point,hard_to_distinguish_points,2
visual_attributes,point,high_data_point_count,2
visual_attributes,point,high_dot_quantity,2
visual_attributes,point,high_point_count,2
visual_attributes,point,multiple_data_points,2
visual_attributes,point,scattered_distribution,2
visual_attributes,point,simple_dot_marks,2
visual_attributes,point,abstract_painting_appearance,1
visual_attributes,point,all_dots_interconnected,1
visual_attributes,point,ambiguous_data_intersection,1
visual_attributes,point,ambiguous_visual_encoding,1
visual_attributes,point,arranged_in_single_line,1
visual_attributes,point,boundaries_visually_unclear,1
visual_attributes,point,circles_of_various_sizes,1
visual_attributes,point,circular_mark_present,1
visual_attributes,point,circular_marks_present,1
visual_attributes,point,clearly_visible,1
visual_attributes,point,clustered_together,1
visual_attributes,point,confusing_data_encoding,1
visual_attributes,point,crowded_overlapping_elements,1
visual_attributes,point,data_points_closely_spaced,1
visual_attributes,point,dense_data_set,1
visual_attributes,point,different_size_circles,1
visual_attributes,point,difficult_to_discern,1
visual_attributes,point,dots_present,1
visual_attributes,point,dots_scattered_widely,1
visual_attributes,point,exact_values_unreadable,1
visual_attributes,point,excessive_data_points,1
visual_attributes,point,excessive_point_count,1
visual_attributes,point,few_data_items,1
visual_attributes,point,few_or_no_data,1
visual_attributes,point,fewer_data_points,1
visual_attributes,point,four_distinct_centers,1
visual_attributes,point,hard_to_discern_individually,1
visual_attributes,point,hard_to_visualise,1
visual_attributes,point,high_dot_count,1
visual_attributes,point,high_point_density,1
visual_attributes,point,increase_decrease_points,1
visual_attributes,point,irregular_form,1
visual_attributes,point,jumbled_visual_arrangement,1
visual_attributes,point,large_quantity_of_circles,1
visual_attributes,point,limited_data_volume,1
visual_attributes,point,linear_arrangement,1
visual_attributes,point,low_number_of_points,1
visual_attributes,point,many_data_points,1
visual_attributes,point,many_data_points_present,1
visual_attributes,point,many_individual_dots,1
visual_attributes,point,meaning_unclear,1
visual_attributes,point,more_details_present,1
visual_attributes,point,more_points_present,1
visual_attributes,point,much_more_data,1
visual_attributes,point,multiple_circles_present,1
visual_attributes,point,multiple_different_shapes,1
visual_attributes,point,multiple_distinct_shapes,1
visual_attributes,point,multiple_features_present,1
visual_attributes,point,multiple_information_points,1
visual_attributes,point,multiple_points_of_interest,1
visual_attributes,point,multitude_of_observations,1
visual_attributes,point,not_simple_data,1
visual_attributes,point,numerous_intersections,1
visual_attributes,point,only_dots_present,1
visual_attributes,point,only_four_data_points,1
visual_attributes,point,overlapping_circle_areas,1
visual_attributes,point,overlapping_data_elements,1
visual_attributes,point,overlapping_data_points,1
visual_attributes,point,pellet_money_appearance,1
visual_attributes,point,plethora_of_datapoints,1
visual_attributes,point,random_collection_layout,1
visual_attributes,point,receding_perspective_point,1
visual_attributes,point,scattered_everywhere,1
visual_attributes,point,simple_mark_type,1
visual_attributes,point,simple_node_markers,1
visual_attributes,point,simple_point_markers,1
visual_attributes,point,simple_point_marks,1
visual_attributes,point,size_mismatches_values,1
visual_attributes,point,small_and_sparse,1
visual_attributes,point,small_collection_three_dots,1
visual_attributes,point,small_detail_elements,1
visual_attributes,point,smaller_icons_present,1
visual_attributes,point,sparse_dot_count,1
visual_attributes,point,spread_around,1
visual_attributes,point,straightforward_shape,1
visual_attributes,point,too_many_circles,1
visual_attributes,point,too_many_data_points,1
visual_attributes,point,too_much_data,1
visual_attributes,point,tough_to_identify,1
visual_attributes,point,unclear_representation,1
visual_attributes,point,unique_data_point_present,1
visual_attributes,point,varied_dot_colors,1
visual_attributes,point,varied_number_of_shapes,1
visual_attributes,point,varied_point_positions,1
visual_attributes,point,various_data_points,1
visual_attributes,point,varying_circle_sizes,1
visual_attributes,point,varying_sizes,1
visual_attributes,point,very_few_data_points,1
visual_attributes,point,visual_elements_relatively_simple,1
visual_attributes,point,visually_ambiguous_marks,1
visual_attributes,point,visually_cluttered_marks,1
visual_attributes,region,complex_geographic_shapes,1
visual_attributes,region,concentrated_in_one_third,1
visual_attributes,region,continent_with_countries,1
visual_attributes,region,country_shapes_familiar,1
visual_attributes,region,dark_and_black_coloring,1
visual_attributes,region,dark_green_color,1
visual_attributes,region,darker_denser_area,1
visual_attributes,region,dense_cluster_of_elements,1
visual_attributes,region,difficult_to_interpret_content,1
visual_attributes,region,distinct_regions_shown,1
visual_attributes,region,familiar_geographic_region,1
visual_attributes,region,geographic_domain_context,1
visual_attributes,region,harsh_red_color,1
visual_attributes,region,high_visual_clutter,1
visual_attributes,region,lots_of_regions,1
visual_attributes,region,many_similar_instances,1
visual_attributes,region,multiple_continents_shown,1
visual_attributes,region,multiple_countries_regions,1
visual_attributes,region,multiple_countries_shown,1
visual_attributes,region,no_data_present,1
visual_attributes,region,quickly_interpretable,1
visual_attributes,region,spatially_complex_layout,1
visual_attributes,region,too_many_sections,1
visual_attributes,region,uncluttered_layout,1
visual_attributes,region,unrecognized_countries,1
visual_attributes,region,visually_busy_layout,1
visual_attributes,scale,aids_data_interpretation,1
visual_attributes,scale,scale_adds_complexity,1
visual_attributes,scale,scaled_by_numbers,1
visual_attributes,scale,significant_scale_difference,1
visual_attributes,shape,multiple_shape_types,3
visual_attributes,shape,ambiguous_shape_encoding,2
visual_attributes,shape,complex_shape_variety,2
visual_attributes,shape,high_contrast_marks,2
visual_attributes,shape,varied_shape_types,2
visual_attributes,shape,varied_shapes_present,2
visual_attributes,shape,variety_of_shapes,2
visual_attributes,shape,2d_geometric_forms,1
visual_attributes,shape,abstract_visual_forms,1
visual_attributes,shape,animal_shaped_marks,1
visual_attributes,shape,arranged_in_grid,1
visual_attributes,shape,blue_colored_squares,1
visual_attributes,shape,blurred_appearance,1
visual_attributes,shape,categorized_in_unclear_way,1
visual_attributes,shape,complex_arrangement_of_shapes,1
visual_attributes,shape,complex_graphical_form,1
visual_attributes,shape,complex_irregular_shape,1
visual_attributes,shape,complex_overall_shape,1
visual_attributes,shape,densely_packed_arrangement,1
visual_attributes,shape,different_shapes_and_sizes,1
visual_attributes,shape,difficult_to_visualize,1
visual_attributes,shape,discernible_pattern,1
visual_attributes,shape,distinct_defined_shape,1
visual_attributes,shape,distinct_recognizable_shapes,1
visual_attributes,shape,each_box_significantly_different,1
visual_attributes,shape,easy_to_understand,1
visual_attributes,shape,excessive_shape_variety,1
visual_attributes,shape,few_square_elements,1
visual_attributes,shape,fewer_visual_items,1
visual_attributes,shape,finer_intricate_details,1
visual_attributes,shape,geometry_set_unclear,1
visual_attributes,shape,hard_to_intuitively_ascertain,1
visual_attributes,shape,hard_to_read_shape,1
visual_attributes,shape,harder_to_distinguish,1
visual_attributes,shape,high_detail_content,1
visual_attributes,shape,high_item_quantity,1
visual_attributes,shape,high_number_of_details,1
visual_attributes,shape,high_number_of_shapes,1
visual_attributes,shape,high_quantity_boxes,1
visual_attributes,shape,high_quantity_of_shapes,1
visual_attributes,shape,high_quantity_of_squares,1
visual_attributes,shape,high_shape_quantity,1
visual_attributes,shape,high_shape_variety,1
visual_attributes,shape,large_amount_of_shapes,1
visual_attributes,shape,large_quantity_of_cubes,1
visual_attributes,shape,less_uniform_shapes,1
visual_attributes,shape,many_box_elements,1
visual_attributes,shape,many_shapes_present,1
visual_attributes,shape,many_visual_components,1
visual_attributes,shape,more_colors_used,1
visual_attributes,shape,multiple_box_elements,1
visual_attributes,shape,multiple_boxes_present,1
visual_attributes,shape,multiple_different_shapes,1
visual_attributes,shape,multiple_different_sizes,1
visual_attributes,shape,multiple_distinct_shapes,1
visual_attributes,shape,multiple_shapes_present,1
visual_attributes,shape,multiple_unique_shapes,1
visual_attributes,shape,non_organic_geometric_forms,1
visual_attributes,shape,numerous_isolated_marks,1
visual_attributes,shape,numerous_small_boxes,1
visual_attributes,shape,objects_spread_over_area,1
visual_attributes,shape,odd_irregular_shapes,1
visual_attributes,shape,orange_colored_shapes,1
visual_attributes,shape,outnumber_dots,1
visual_attributes,shape,oval_shaped_form,1
visual_attributes,shape,present_in_chart,1
visual_attributes,shape,random_like_shapes,1
visual_attributes,shape,recognizable_country_shapes,1
visual_attributes,shape,scattered_all_over,1
visual_attributes,shape,shape_variety_aids_reading,1
visual_attributes,shape,shapes_aid_interpretation,1
visual_attributes,shape,shapes_more_complex,1
visual_attributes,shape,similar_box_sizes,1
visual_attributes,shape,single_shape_type,1
visual_attributes,shape,size_grows_small,1
visual_attributes,shape,stretched_differently,1
visual_attributes,shape,too_many_shapes,1
visual_attributes,shape,too_many_spirals,1
visual_attributes,shape,transitioning_to_rectangular,1
visual_attributes,shape,unable_to_sort_elements,1
visual_attributes,shape,unclear_resemblance,1
visual_attributes,shape,unclear_shape_meaning,1
visual_attributes,shape,undefined_shape,1
visual_attributes,shape,uneven_irregular_shape,1
visual_attributes,shape,unrecognizable_visual_encoding,1
visual_attributes,shape,varied_shape_marks,1
visual_attributes,shape,variety_of_data_within,1
visual_attributes,shape,various_geometrical_shapes,1
visual_attributes,shape,various_shape_types,1
visual_attributes,shape,varying_size_of_shapes,1
visual_attributes,shape,visually_more_details,1
visual_attributes,size,different_volume_encodings,1
visual_attributes,symbol,easily_recognizable_symbols,2
visual_attributes,symbol,clear_indications_present,1
visual_attributes,symbol,complicated_formulas_symbols,1
visual_attributes,symbol,cross_at_bottom,1
visual_attributes,symbol,difficult_to_read,1
visual_attributes,symbol,extra_arrows_present,1
visual_attributes,symbol,multiple_icons_present,1
visual_attributes,symbol,no_apparent_directional_flow,1
visual_attributes,symbol,pointing_in_different_directions,1
visual_attributes,symbol,simple_symbol_variety,1
visual_attributes,symbol,small_size,1
visual_attributes,symbol,varied_symbol_types,1
visual_attributes,texture,visually_stimulating_texture,1
visual_attributes,title,title_present,2
visual_attributes,title,aids_quick_interpretation,1
visual_attributes,title,clear_informative_title,1
visual_attributes,title,missing_title,1
visual_attributes,title,purpose_clearly_communicated,1
visual_attributes,title,purpose_clearly_stated,1
visual_attributes,title,title_clarifies_content,1
visual_attributes,title,titles_present,1
visual_attributes,visualization,difficult_to_interpret,15
visual_attributes,visualization,difficult_to_understand,11
visual_attributes,visualization,easy_to_understand,7
visual_attributes,visualization,high_information_volume,7
visual_attributes,visualization,familiar_chart_type,6
visual_attributes,visualization,familiar_map_format,6
visual_attributes,visualization,hard_to_understand,6
visual_attributes,visualization,easier_to_understand,4
visual_attributes,visualization,high_information_density,4
visual_attributes,visualization,unclear_subject_matter,4
visual_attributes,visualization,difficult_to_follow,3
visual_attributes,visualization,difficult_to_read,3
visual_attributes,visualization,easy_to_read,3
visual_attributes,visualization,high_interpretive_difficulty,3
visual_attributes,visualization,lacks_contextual_information,3
visual_attributes,visualization,requires_domain_knowledge,3
visual_attributes,visualization,three_dimensional_structure,3
visual_attributes,visualization,clear_interpretive_message,2
visual_attributes,visualization,difficult_to_comprehend,2
visual_attributes,visualization,difficult_to_focus_on,2
visual_attributes,visualization,easier_to_process,2
visual_attributes,visualization,easier_to_read,2
visual_attributes,visualization,easily_interpretable,2
visual_attributes,visualization,easily_understandable_information,2
visual_attributes,visualization,easy_to_interpret,2
visual_attributes,visualization,fast_readability,2
visual_attributes,visualization,high_cognitive_load,2
visual_attributes,visualization,high_detail_level,2
visual_attributes,visualization,high_visual_busyness,2
visual_attributes,visualization,immediately_recognizable_form,2
visual_attributes,visualization,initially_visually_attractive,2
visual_attributes,visualization,invites_deeper_analysis,2
visual_attributes,visualization,lacks_visual_clarity,2
visual_attributes,visualization,line_graph_format,2
visual_attributes,visualization,lots_of_information,2
visual_attributes,visualization,low_cognitive_load,2
visual_attributes,visualization,low_detail_count,2
visual_attributes,visualization,low_readability,2
visual_attributes,visualization,many_elements_present,2
visual_attributes,visualization,requires_extended_interpretation_time,2
visual_attributes,visualization,requires_extended_processing_time,2
visual_attributes,visualization,requires_longer_interpretation,2
visual_attributes,visualization,requires_specialized_knowledge,2
visual_attributes,visualization,simple_to_digest,2
visual_attributes,visualization,simple_to_understand,2
visual_attributes,visualization,too_many_elements,2
visual_attributes,visualization,too_much_information,2
visual_attributes,visualization,unclear_meaning,2
visual_attributes,visualization,unclear_representation,2
visual_attributes,visualization,unclear_semantic_meaning,2
visual_attributes,visualization,unfamiliar_chart_type,2
visual_attributes,visualization,visually_clear_layout,2
visual_attributes,visualization,visually_overwhelming_layout,2
visual_attributes,visualization,absent_text_labels,1
visual_attributes,visualization,abstract_representation,1
visual_attributes,visualization,accurate_interpretation_challenging,1
visual_attributes,visualization,africa_map_recognized,1
visual_attributes,visualization,alignment_ambiguous,1
visual_attributes,visualization,ambiguous_complexity_level,1
visual_attributes,visualization,ambiguous_encoding,1
visual_attributes,visualization,ambiguous_spatial_location,1
visual_attributes,visualization,ambiguous_without_context,1
visual_attributes,visualization,arranged_side_by_side,1
visual_attributes,visualization,basic_simple_structure,1
visual_attributes,visualization,blank_content,1
visual_attributes,visualization,blue_colored,1
visual_attributes,visualization,can_be_confusing,1
visual_attributes,visualization,causes_confusion,1
visual_attributes,visualization,causes_viewer_confusion,1
visual_attributes,visualization,causes_visual_blur,1
visual_attributes,visualization,chaotic_visual_appearance,1
visual_attributes,visualization,circular_chart_form,1
visual_attributes,visualization,clean_lines,1
visual_attributes,visualization,clean_visual_appearance,1
visual_attributes,visualization,clear_and_clean_layout,1
visual_attributes,visualization,clear_and_concise_layout,1
visual_attributes,visualization,clear_at_a_glance,1
visual_attributes,visualization,clear_layout,1
visual_attributes,visualization,clear_recognizable_shape,1
visual_attributes,visualization,clearer_presentation,1
visual_attributes,visualization,clearly_delineated_regions,1
visual_attributes,visualization,clearly_visible_at_glance,1
visual_attributes,visualization,cluttered_and_disordered,1
visual_attributes,visualization,cluttered_screen_layout,1
visual_attributes,visualization,cohesive_whole,1
visual_attributes,visualization,colors_aid_interpretation,1
visual_attributes,visualization,comfortable_visual_appearance,1
visual_attributes,visualization,complex_geometric_shapes,1
visual_attributes,visualization,complex_graph_design,1
visual_attributes,visualization,complex_grid_structure,1
visual_attributes,visualization,complex_layout_structure,1
visual_attributes,visualization,complicated_to_look_at,1
visual_attributes,visualization,confusing_and_complex,1
visual_attributes,visualization,confusing_layout,1
visual_attributes,visualization,confusing_overall_understandability,1
visual_attributes,visualization,contains_factual_information,1
visual_attributes,visualization,contains_more_information,1
visual_attributes,visualization,contrasting_color_scheme,1
visual_attributes,visualization,crude_informal_appearance,1
visual_attributes,visualization,dark_coloring,1
visual_attributes,visualization,data_clearly_visible,1
visual_attributes,visualization,data_in_different_format,1
visual_attributes,visualization,dense_data_encoding,1
visual_attributes,visualization,dense_word_mixture,1
visual_attributes,visualization,densely_packed_information,1
visual_attributes,visualization,differences_easily_visible,1
visual_attributes,visualization,differences_unclear,1
visual_attributes,visualization,difficult_cross_element_comparison,1
visual_attributes,visualization,difficult_data_interpretation,1
visual_attributes,visualization,difficult_to_analyze,1
visual_attributes,visualization,difficult_to_ascertain,1
visual_attributes,visualization,difficult_to_capture,1
visual_attributes,visualization,difficult_to_describe,1
visual_attributes,visualization,difficult_to_model,1
visual_attributes,visualization,difficult_to_parse,1
visual_attributes,visualization,disorganised_layout,1
visual_attributes,visualization,earthquake_measurement_context,1
visual_attributes,visualization,easier_to_compare,1
visual_attributes,visualization,easier_to_discern,1
visual_attributes,visualization,easier_to_read_than_chart,1
visual_attributes,visualization,easily_deducible_content,1
visual_attributes,visualization,easily_readable_content,1
visual_attributes,visualization,easily_recognizable,1
visual_attributes,visualization,easily_recognizable_form,1
visual_attributes,visualization,easily_understandable,1
visual_attributes,visualization,easy_information_intake,1
visual_attributes,visualization,easy_to_comprehend,1
visual_attributes,visualization,easy_to_decipher,1
visual_attributes,visualization,easy_to_evaluate,1
visual_attributes,visualization,easy_to_follow,1
visual_attributes,visualization,easy_to_identify_elements,1
visual_attributes,visualization,easy_to_read_glance,1
visual_attributes,visualization,elements_do_not_make_sense,1
visual_attributes,visualization,equally_difficult_to_parse,1
visual_attributes,visualization,exact_values_displayed,1
visual_attributes,visualization,excessive_information_volume,1
visual_attributes,visualization,excessively_detailed,1
visual_attributes,visualization,extra_challenge_to_read,1
visual_attributes,visualization,familiar_chart_format,1
visual_attributes,visualization,familiar_circular_form,1
visual_attributes,visualization,familiar_domain_knowledge,1
visual_attributes,visualization,familiar_geographic_shape,1
visual_attributes,visualization,familiar_representation,1
visual_attributes,visualization,familiar_spatial_form,1
visual_attributes,visualization,familiar_structure,1
visual_attributes,visualization,fast_content_comprehension,1
visual_attributes,visualization,few_data_points,1
visual_attributes,visualization,forbes_companies_context,1
visual_attributes,visualization,full_map_coverage,1
visual_attributes,visualization,generally_complex_layout,1
visual_attributes,visualization,generally_comprehensible,1
visual_attributes,visualization,generally_understandable,1
visual_attributes,visualization,geo_map_format,1
visual_attributes,visualization,graph_adds_complexity,1
visual_attributes,visualization,graphic_like_appearance,1
visual_attributes,visualization,hard_to_ascertain_meaning,1
visual_attributes,visualization,hard_to_extract_info,1
visual_attributes,visualization,hard_to_interpret,1
visual_attributes,visualization,hard_to_make_sense,1
visual_attributes,visualization,harder_to_read,1
visual_attributes,visualization,harder_to_read_discern,1
visual_attributes,visualization,harder_to_see,1
visual_attributes,visualization,harder_to_understand,1
visual_attributes,visualization,has_internal_logic,1
visual_attributes,visualization,high_abstraction_level,1
visual_attributes,visualization,high_cognitive_effort_required,1
visual_attributes,visualization,high_cognitive_strain,1
visual_attributes,visualization,high_data_variation,1
visual_attributes,visualization,high_data_volume,1
visual_attributes,visualization,high_detail_density,1
visual_attributes,visualization,high_element_count,1
visual_attributes,visualization,high_image_count,1
visual_attributes,visualization,high_initial_cognitive_load,1
visual_attributes,visualization,high_interpretive_demand,1
visual_attributes,visualization,high_physical_content,1
visual_attributes,visualization,high_visual_activity,1
visual_attributes,visualization,high_visual_clutter,1
visual_attributes,visualization,high_visual_contrast,1
visual_attributes,visualization,high_visual_detail,1
visual_attributes,visualization,high_visual_impact,1
visual_attributes,visualization,high_volume_of_information,1
visual_attributes,visualization,highly_confusing_content,1
visual_attributes,visualization,highly_involved_composition,1
visual_attributes,visualization,histogram_like_structure,1
visual_attributes,visualization,holistic_comprehension_available,1
visual_attributes,visualization,human_interpretable_layout,1
visual_attributes,visualization,illusion_of_depth_3d,1
visual_attributes,visualization,image_is_blurry,1
visual_attributes,visualization,increased_processing_demand,1
visual_attributes,visualization,increases_visual_complexity,1
visual_attributes,visualization,information_over_many_years,1
visual_attributes,visualization,instantly_interpretable,1
visual_attributes,visualization,interpretive_uncertainty_present,1
visual_attributes,visualization,jumbled_arrangement,1
visual_attributes,visualization,lacks_detail,1
visual_attributes,visualization,lacks_informational_detail,1
visual_attributes,visualization,lacks_interpretive_context,1
visual_attributes,visualization,large_data_volume,1
visual_attributes,visualization,large_graphic_size,1
visual_attributes,visualization,large_image_size,1
visual_attributes,visualization,large_overall_size,1
visual_attributes,visualization,large_spatial_footprint,1
visual_attributes,visualization,layered_structure,1
visual_attributes,visualization,less_attractive_appearance,1
visual_attributes,visualization,less_clear_at_glance,1
visual_attributes,visualization,less_information_present,1
visual_attributes,visualization,less_simple_overall,1
visual_attributes,visualization,less_structural_organization,1
visual_attributes,visualization,logical_to_read,1
visual_attributes,visualization,longer_to_understand,1
visual_attributes,visualization,lots_of_details,1
visual_attributes,visualization,low_cognitive_effort,1
visual_attributes,visualization,low_detail_overall,1
visual_attributes,visualization,low_discernibility,1
visual_attributes,visualization,low_information_density,1
visual_attributes,visualization,low_perceived_complexity,1
visual_attributes,visualization,low_visual_activity,1
visual_attributes,visualization,low_visual_clutter,1
visual_attributes,visualization,low_visual_demand,1
visual_attributes,visualization,many_data_aspects_present,1
visual_attributes,visualization,many_elements_same_area,1
visual_attributes,visualization,many_graphs_present,1
visual_attributes,visualization,many_results_displayed,1
visual_attributes,visualization,meaning_not_apparent,1
visual_attributes,visualization,meaningless_presentation,1
visual_attributes,visualization,mentally_taxing_to_interpret,1
visual_attributes,visualization,minimal_attention_needed,1
visual_attributes,visualization,missing_title,1
visual_attributes,visualization,more_cluttered_layout,1
visual_attributes,visualization,more_complicated_overall,1
visual_attributes,visualization,more_distinct_areas,1
visual_attributes,visualization,more_information_present,1
visual_attributes,visualization,more_visually_pleasing,1
visual_attributes,visualization,much_more_detailed,1
visual_attributes,visualization,multiple_areas_of_interest,1
visual_attributes,visualization,multiple_charts_present,1
visual_attributes,visualization,multiple_colors_present,1
visual_attributes,visualization,multiple_colors_used,1
visual_attributes,visualization,multiple_figures_present,1
visual_attributes,visualization,multiple_graphic_elements,1
visual_attributes,visualization,multiple_graphs_present,1
visual_attributes,visualization,multiple_image_panels,1
visual_attributes,visualization,multiple_images_present,1
visual_attributes,visualization,multiple_information_types,1
visual_attributes,visualization,multiple_plots_present,1
visual_attributes,visualization,multiple_separate_charts,1
visual_attributes,visualization,multiple_shape_types,1
visual_attributes,visualization,multiple_variables_present,1
visual_attributes,visualization,multiple_visual_elements,1
visual_attributes,visualization,multiple_words_present,1
visual_attributes,visualization,multivariate_data_representation,1
visual_attributes,visualization,never_seen_before,1
visual_attributes,visualization,no_clear_indication_of_content,1
visual_attributes,visualization,no_complex_elements,1
visual_attributes,visualization,no_descriptive_text,1
visual_attributes,visualization,no_discernible_patterns,1
visual_attributes,visualization,no_graph_metrics_present,1
visual_attributes,visualization,no_text_labels,1
visual_attributes,visualization,no_written_information,1
visual_attributes,visualization,non_intuitive_representation,1
visual_attributes,visualization,not_clearly_stated,1
visual_attributes,visualization,not_easily_decipherable,1
visual_attributes,visualization,not_easily_understood,1
visual_attributes,visualization,not_familiar_to_some,1
visual_attributes,visualization,not_immediately_interpretable,1
visual_attributes,visualization,not_intuitive_to_interpret,1
visual_attributes,visualization,not_understandable_at_all,1
visual_attributes,visualization,nothing_is_understood,1
visual_attributes,visualization,novel_visual_pattern,1
visual_attributes,visualization,one_of_two_panels,1
visual_attributes,visualization,only_for_trained_eyes,1
visual_attributes,visualization,only_two_elements,1
visual_attributes,visualization,organized_layout,1
visual_attributes,visualization,overall_confusing_layout,1
visual_attributes,visualization,overall_easier_to_understand,1
visual_attributes,visualization,overall_more_complicated,1
visual_attributes,visualization,overwhelming_first_impression,1
visual_attributes,visualization,pictorial_world_element,1
visual_attributes,visualization,poor_visual_design,1
visual_attributes,visualization,pretty_self_explanatory,1
visual_attributes,visualization,purpose_unclear,1
visual_attributes,visualization,quicker_easier_to_process,1
visual_attributes,visualization,quickly_interpretable_content,1
visual_attributes,visualization,quickly_interpreted_meaning,1
visual_attributes,visualization,rapidly_interpretable_message,1
visual_attributes,visualization,reading_data_more_difficult,1
visual_attributes,visualization,recognizable_visual_schema,1
visual_attributes,visualization,recognizable_wind_map,1
visual_attributes,visualization,reduced_readability,1
visual_attributes,visualization,reduces_comprehension_effort,1
visual_attributes,visualization,relatively_clear_layout,1
visual_attributes,visualization,requires_analysis_to_interpret,1
visual_attributes,visualization,requires_concentration,1
visual_attributes,visualization,requires_contextual_evaluation,1
visual_attributes,visualization,requires_detailed_analysis,1
visual_attributes,visualization,requires_domain_understanding,1
visual_attributes,visualization,requires_extended_decoding,1
visual_attributes,visualization,requires_extended_viewing,1
visual_attributes,visualization,requires_external_knowledge,1
visual_attributes,visualization,requires_extra_effort,1
visual_attributes,visualization,requires_focused_attention,1
visual_attributes,visualization,requires_focused_interpretation,1
visual_attributes,visualization,requires_geographic_knowledge,1
visual_attributes,visualization,requires_graphical_inference,1
visual_attributes,visualization,requires_long_interpretation_time,1
visual_attributes,visualization,requires_longer_assimilation,1
visual_attributes,visualization,requires_more_interpretation,1
visual_attributes,visualization,requires_more_processing_time,1
visual_attributes,visualization,requires_prior_context,1
visual_attributes,visualization,requires_squinting_to_understand,1
visual_attributes,visualization,requires_time_to_understand,1
visual_attributes,visualization,resembles_abstract_painting,1
visual_attributes,visualization,resembles_picture_not_chart,1
visual_attributes,visualization,rotated_word_orientations,1
visual_attributes,visualization,seemed_more_complicated,1
visual_attributes,visualization,seismic_graph_type,1
visual_attributes,visualization,self_explanatory_layout,1
visual_attributes,visualization,several_visual_elements,1
visual_attributes,visualization,shows_word_frequency,1
visual_attributes,visualization,simple_chart_type,1
visual_attributes,visualization,simple_circular_form,1
visual_attributes,visualization,simple_map_structure,1
visual_attributes,visualization,simple_overall_design,1
visual_attributes,visualization,simple_overall_structure,1
visual_attributes,visualization,simple_repeating_patterns,1
visual_attributes,visualization,simple_to_grasp,1
visual_attributes,visualization,simplifies_structure,1
visual_attributes,visualization,simplistic_design,1
visual_attributes,visualization,size_variations_present,1
visual_attributes,visualization,slow_to_process,1
visual_attributes,visualization,small_visual_size,1
visual_attributes,visualization,spatial_complexity,1
visual_attributes,visualization,spatial_organization_complex,1
visual_attributes,visualization,sports_team_context,1
visual_attributes,visualization,spread_of_information,1
visual_attributes,visualization,straightforward_and_concise,1
visual_attributes,visualization,straightforward_spatial_encoding,1
visual_attributes,visualization,straightforward_to_interpret,1
visual_attributes,visualization,straightforward_to_process,1
visual_attributes,visualization,strange_unfamiliar_form,1
visual_attributes,visualization,takes_longer_to_understand,1
visual_attributes,visualization,takes_more_time_to_understand,1
visual_attributes,visualization,technical_presentation_style,1
visual_attributes,visualization,temporal_comparison_required,1
visual_attributes,visualization,three_aspects_present,1
visual_attributes,visualization,too_much_to_remember,1
visual_attributes,visualization,too_tiny_to_read,1
visual_attributes,visualization,took_longer_to_understand,1
visual_attributes,visualization,traditional_statistics_reporting,1
visual_attributes,visualization,two_dimensional_layout,1
visual_attributes,visualization,two_dimensional_structure,1
visual_attributes,visualization,uncertain_image_selection,1
visual_attributes,visualization,unclear_content_meaning,1
visual_attributes,visualization,unclear_conveyed_message,1
visual_attributes,visualization,unclear_data_message,1
visual_attributes,visualization,unclear_design_purpose,1
visual_attributes,visualization,unclear_focal_point,1
visual_attributes,visualization,unclear_message,1
visual_attributes,visualization,unclear_overall_interpretation,1
visual_attributes,visualization,unclear_purpose,1
visual_attributes,visualization,unclear_purpose_or_use,1
visual_attributes,visualization,unclear_visual_content,1
visual_attributes,visualization,unclear_visual_presentation,1
visual_attributes,visualization,unclear_visual_purpose,1
visual_attributes,visualization,unclear_visualization_purpose,1
visual_attributes,visualization,unclear_what_displayed,1
visual_attributes,visualization,understand_easily_what_about,1
visual_attributes,visualization,understandable_visual,1
visual_attributes,visualization,unfamiliar_chart_form,1
visual_attributes,visualization,unfamiliar_chart_forms,1
visual_attributes,visualization,unfamiliar_domain_knowledge_required,1
visual_attributes,visualization,unfamiliar_geographic_schema,1
visual_attributes,visualization,unfamiliar_graphic_design,1
visual_attributes,visualization,unfamiliar_to_viewer,1
visual_attributes,visualization,unfamiliar_visual_form,1
visual_attributes,visualization,unfamiliar_visualization_type,1
visual_attributes,visualization,uniform_visual_design,1
visual_attributes,visualization,unique_visual_form,1
visual_attributes,visualization,universally_familiar_format,1
visual_attributes,visualization,unknown_how_to_read,1
visual_attributes,visualization,unlikely_to_interpret,1
visual_attributes,visualization,unsure_where_to_start,1
visual_attributes,visualization,untidy_disorganized_layout,1
visual_attributes,visualization,varied_color_usage,1
visual_attributes,visualization,very_complex_to_process,1
visual_attributes,visualization,very_low_complexity,1
visual_attributes,visualization,virtually_impossible_to_decipher,1
visual_attributes,visualization,visual_image_elements_present,1
visual_attributes,visualization,visually_busy,1
visual_attributes,visualization,visually_clean_layout,1
visual_attributes,visualization,visually_cluttered,1
visual_attributes,visualization,visually_complex_overall,1
visual_attributes,visualization,visually_dense_overall,1
visual_attributes,visualization,visually_messy_layout,1
visual_attributes,visualization,visually_noisy,1
visual_attributes,visualization,visually_stimulating,1
visual_attributes,visualization,well_spread_information,1
visual_objects,content,data,98
visual_objects,content,number,23
visual_objects,content,detail,11
visual_objects,content,domain,9
visual_objects,content,category,3
visual_objects,furniture,legend,49
visual_objects,furniture,axes,37
visual_objects,furniture,scale,4
visual_objects,mark,point,74
visual_objects,mark,shape,64
visual_objects,mark,line,61
visual_objects,mark,element,24
visual_objects,mark,bar,12
visual_objects,mark,symbol,10
visual_objects,mark,area,3
visual_objects,mark,color_segment,3
visual_objects,mark,node,2
visual_objects,property,color,201
visual_objects,property,encoding,10
visual_objects,property,font_style,7
visual_objects,property,opacity,1
visual_objects,property,size,1
visual_objects,property,texture,1
visual_objects,structure,layout,40
visual_objects,structure,region,24
visual_objects,structure,pattern,14
visual_objects,structure,grid,13
visual_objects,structure,link,13
visual_objects,structure,background,11
visual_objects,structure,panel,11
visual_objects,structure,hierarchy,6
visual_objects,text,label,142
visual_objects,text,title,11
visual_objects,text,annotation,10
visual_objects,text,axis_label,6
visual_objects,text,description,4
visual_objects,whole,visualization,374
visual_relationships,relationship,color --increases_clutter_in--> visualization,6
visual_relationships,relationship,point --increases_clutter_in--> visualization,6
visual_relationships,relationship,shape --encoded_with--> color,6
visual_relationships,relationship,color --contributes_to--> visualization,5
visual_relationships,relationship,line --increases_clutter_in--> visualization,5
visual_relationships,relationship,data --contributes_to_clutter_in--> visualization,4
visual_relationships,relationship,label --adds_cognitive_load_to--> visualization,4
visual_relationships,relationship,line --contributes_to_confusion_in--> visualization,4
visual_relationships,relationship,data --contributes_to--> visualization,3
visual_relationships,relationship,data --increases_clutter_in--> visualization,3
visual_relationships,relationship,data --reduces_clutter_in--> visualization,3
visual_relationships,relationship,label --contributes_to--> visualization,3
visual_relationships,relationship,legend --absent_from--> visualization,3
visual_relationships,relationship,legend --missing_from--> visualization,3
visual_relationships,relationship,axes --paired_with--> axes,2
visual_relationships,relationship,color --adds_visual_complexity_to--> visualization,2
visual_relationships,relationship,color --applied_to--> label,2
visual_relationships,relationship,color --contributes_to_clutter_in--> visualization,2
visual_relationships,relationship,color --differentiates--> line,2
visual_relationships,relationship,color --differentiates--> region,2
visual_relationships,relationship,color --increases_clutter_of--> visualization,2
visual_relationships,relationship,color --increases_cognitive_difficulty_of--> visualization,2
visual_relationships,relationship,color --reduces_cognitive_load_of--> visualization,2
visual_relationships,relationship,data --contributes_clutter_to--> visualization,2
visual_relationships,relationship,data --increases_cognitive_demand_of--> visualization,2
visual_relationships,relationship,data --overwhelms--> visualization,2
visual_relationships,relationship,element --contributes_to_clutter_in--> visualization,2
visual_relationships,relationship,font_style --reduces_legibility_of--> label,2
visual_relationships,relationship,label --accompanies--> number,2
visual_relationships,relationship,label --contributes_to_ambiguity_of--> visualization,2
visual_relationships,relationship,label --contributes_to_clutter_in--> visualization,2
visual_relationships,relationship,label --contributes_to_difficulty_of--> visualization,2
visual_relationships,relationship,label --increases_clutter_in--> visualization,2
visual_relationships,relationship,label --reduces_ambiguity_of--> visualization,2
visual_relationships,relationship,label --reduces_legibility_within--> visualization,2
visual_relationships,relationship,line --combined_with--> shape,2
visual_relationships,relationship,line --increases_clutter_in--> color,2
visual_relationships,relationship,line --intersects_with--> line,2
visual_relationships,relationship,link --increases_clutter_in--> visualization,2
visual_relationships,relationship,point --encoded_with--> color,2
visual_relationships,relationship,point --encoded_with--> shape,2
visual_relationships,relationship,region --provides_familiar_context_for--> visualization,2
visual_relationships,relationship,shape --contributes_to--> pattern,2
visual_relationships,relationship,shape --contributes_to_clutter_in--> visualization,2
visual_relationships,relationship,shape --encoded_by--> color,2
visual_relationships,relationship,visualization --combined_with--> visualization,2
visual_relationships,relationship,visualization --contributes_to--> layout,2
visual_relationships,relationship,visualization --requires_extended_time_to_understand--> layout,2
visual_relationships,relationship,annotation --accompanies--> line,1
visual_relationships,relationship,annotation --adds_precision_detail_to--> visualization,1
visual_relationships,relationship,annotation --contributes_to_clutter_with--> label,1
visual_relationships,relationship,annotation --increases_information_load_of--> visualization,1
visual_relationships,relationship,annotation --insufficient_context_for--> visualization,1
visual_relationships,relationship,area --annotated_by--> bar,1
visual_relationships,relationship,area --bounded_by--> axes,1
visual_relationships,relationship,area --contains--> point,1
visual_relationships,relationship,area --encoded_with--> color,1
visual_relationships,relationship,area --overlaid_with--> line,1
visual_relationships,relationship,axes --absence_increases_confusion_in--> layout,1
visual_relationships,relationship,axes --absent_from--> visualization,1
visual_relationships,relationship,axes --adds_structure_to--> visualization,1
visual_relationships,relationship,axes --aids_easy_following_of--> visualization,1
visual_relationships,relationship,axes --annotated_with--> number,1
visual_relationships,relationship,axes --combined_with--> color,1
visual_relationships,relationship,axes --complicates_interpretation_of--> pattern,1
visual_relationships,relationship,axes --complicates_reading_of--> point,1
visual_relationships,relationship,axes --contextualizes--> point,1
visual_relationships,relationship,axes --differs_from--> axes,1
visual_relationships,relationship,axes --increases_cognitive_load_via--> axes,1
visual_relationships,relationship,axes --increases_cognitive_load_with--> axes,1
visual_relationships,relationship,axes --labeled_with--> axis_label,1
visual_relationships,relationship,axes --labeled_with--> scale,1
visual_relationships,relationship,axes --lacks_label_on--> visualization,1
visual_relationships,relationship,axes --reduces_ambiguity_in--> visualization,1
visual_relationships,relationship,axes --reduces_clutter_in--> visualization,1
visual_relationships,relationship,axes --spans_across--> visualization,1
visual_relationships,relationship,axis_label --combines_alphanumeric_encoding_with--> point,1
visual_relationships,relationship,axis_label --contains_confusing_names_in--> visualization,1
visual_relationships,relationship,axis_label --displays_large_numbers_on--> axes,1
visual_relationships,relationship,background --contributes_to_irregularity_of--> layout,1
visual_relationships,relationship,background --dominates--> point,1
visual_relationships,relationship,background --increases_clutter_in--> visualization,1
visual_relationships,relationship,background --increases_visual_strain_on--> color,1
visual_relationships,relationship,background --obscures--> data,1
visual_relationships,relationship,bar --adds_visual_clutter_to--> label,1
visual_relationships,relationship,bar --combined_with--> shape,1
visual_relationships,relationship,bar --contributes_to_clutter_in--> data,1
visual_relationships,relationship,bar --contributes_to_clutter_in--> visualization,1
visual_relationships,relationship,bar --encoded_with--> color,1
visual_relationships,relationship,bar --extends_along--> axes,1
visual_relationships,relationship,bar --increases_clutter_in--> visualization,1
visual_relationships,relationship,bar --requires_interpretation_of--> label,1
visual_relationships,relationship,category --lacks_interpretable_structure--> shape,1
visual_relationships,relationship,color --adds_encoding_complexity_to--> visualization,1
visual_relationships,relationship,color --adds_interpretive_difficulty_to--> visualization,1
visual_relationships,relationship,color --adds_visual_complexity_to--> data,1
visual_relationships,relationship,color --adds_visual_complexity_to--> element,1
visual_relationships,relationship,color --adds_visual_complexity_to--> shape,1
visual_relationships,relationship,color --aids_differentiation_in--> visualization,1
visual_relationships,relationship,color --aids_differentiation_of--> data,1
visual_relationships,relationship,color --aids_differentiation_of--> encoding,1
visual_relationships,relationship,color --ambiguously_encodes--> label,1
visual_relationships,relationship,color --amplifies_visual_complexity_of--> shape,1
visual_relationships,relationship,color --applied_across--> point,1
visual_relationships,relationship,color --applied_across--> visualization,1
visual_relationships,relationship,color --applied_to--> point,1
visual_relationships,relationship,color --applied_to--> region,1
visual_relationships,relationship,color --applied_to--> visualization,1
visual_relationships,relationship,color --are_similar_making_hard_to_distinguish_in--> line,1
visual_relationships,relationship,color --causes_difficulty_identifying--> line,1
visual_relationships,relationship,color --causes_visual_discomfort_in--> visualization,1
visual_relationships,relationship,color --clutters--> region,1
visual_relationships,relationship,color --complicates_encoding_of--> element,1
visual_relationships,relationship,color --complicates_interpretation_of--> data,1
visual_relationships,relationship,color --complicates_interpretation_of--> legend,1
visual_relationships,relationship,color --complicates_interpretation_of--> point,1
visual_relationships,relationship,color --compounds_confusion_with--> shape,1
visual_relationships,relationship,color --contributes_to--> data,1
visual_relationships,relationship,color --contributes_to--> layout,1
visual_relationships,relationship,color --contributes_to--> pattern,1
visual_relationships,relationship,color --contributes_to_ambiguity_in--> visualization,1
visual_relationships,relationship,color --contributes_to_complexity--> visualization,1
visual_relationships,relationship,color --contributes_to_confusion_in--> visualization,1
visual_relationships,relationship,color --contributes_to_difficulty_of--> label,1
visual_relationships,relationship,color --contributes_to_pleasant_feel_of--> visualization,1
visual_relationships,relationship,color --contributes_to_poor_design_of--> visualization,1
visual_relationships,relationship,color --contributes_to_unclarity_of--> visualization,1
visual_relationships,relationship,color --differentiates--> data,1
visual_relationships,relationship,color --differentiates--> label,1
visual_relationships,relationship,color --differentiates--> link,1
visual_relationships,relationship,color --differentiates--> point,1
visual_relationships,relationship,color --differentiates--> visualization,1
visual_relationships,relationship,color --differentiates_elements_in--> visualization,1
visual_relationships,relationship,color --does_not_encode--> data,1
visual_relationships,relationship,color --draws_attention_to--> line,1
visual_relationships,relationship,color --encodes--> region,1
visual_relationships,relationship,color --encodes--> shape,1
visual_relationships,relationship,color --encodes_across--> visualization,1
visual_relationships,relationship,color --encodes_data_across--> region,1
visual_relationships,relationship,color --encodes_data_in--> point,1
visual_relationships,relationship,color --encodes_data_on--> region,1
visual_relationships,relationship,color --encodes_data_on--> visualization,1
visual_relationships,relationship,color --encodes_data_within--> visualization,1
visual_relationships,relationship,color --encodes_dense_information_in--> visualization,1
visual_relationships,relationship,color --encodes_multiple--> data,1
visual_relationships,relationship,color --encodes_multiple_parameters_of--> data,1
visual_relationships,relationship,color --encodes_unclear_meaning_in--> shape,1
visual_relationships,relationship,color --encodes_variation_in--> data,1
visual_relationships,relationship,color --encodes_variation_in--> point,1
visual_relationships,relationship,color --encodes_via--> data,1
visual_relationships,relationship,color --enhances_readability_of--> visualization,1
visual_relationships,relationship,color --fails_to_clarify--> category,1
visual_relationships,relationship,color --fills--> shape,1
visual_relationships,relationship,color --impedes_distinction_of--> data,1
visual_relationships,relationship,color --increases_ambiguity_in--> visualization,1
visual_relationships,relationship,color --increases_clutter_alongside--> symbol,1
visual_relationships,relationship,color --increases_clutter_around--> point,1
visual_relationships,relationship,color --increases_clutter_in--> area,1
visual_relationships,relationship,color --increases_clutter_of--> area,1
visual_relationships,relationship,color --increases_clutter_of--> layout,1
visual_relationships,relationship,color --increases_cognitive_load_due_to--> legend,1
visual_relationships,relationship,color --increases_cognitive_load_in--> layout,1
visual_relationships,relationship,color --increases_confusion_in--> layout,1
visual_relationships,relationship,color --increases_confusion_in--> visualization,1
visual_relationships,relationship,color --increases_visual_load_of--> visualization,1
visual_relationships,relationship,color --lacks_contrast_within--> color,1
visual_relationships,relationship,color --lacks_explanatory--> legend,1
visual_relationships,relationship,color --lacks_legend_for--> visualization,1
visual_relationships,relationship,color --layered_causing_clutter_in--> line,1
visual_relationships,relationship,color --makes_harder_to_distinguish--> shape,1
visual_relationships,relationship,color --makes_harder_to_read--> label,1
visual_relationships,relationship,color --makes_harder_to_read--> point,1
visual_relationships,relationship,color --obscures_meaning_in--> visualization,1
visual_relationships,relationship,color --overlaid_with--> color,1
visual_relationships,relationship,color --partially_clarifies--> data,1
visual_relationships,relationship,color --positively_received_within--> visualization,1
visual_relationships,relationship,color --produces_illusion_of--> background,1
visual_relationships,relationship,color --raises_cognitive_load_of--> visualization,1
visual_relationships,relationship,color --reduces_ambiguity_of--> shape,1
visual_relationships,relationship,color --reduces_clarity_of--> point,1
visual_relationships,relationship,color --reduces_clutter_in--> line,1
visual_relationships,relationship,color --reduces_clutter_in--> visualization,1
visual_relationships,relationship,color --reduces_contrast_with--> background,1
visual_relationships,relationship,color --reduces_differentiation_in--> line,1
visual_relationships,relationship,color --reduces_difficulty_of--> visualization,1
visual_relationships,relationship,color --reduces_distinguishability_in--> label,1
visual_relationships,relationship,color --reduces_distinguishability_in--> visualization,1
visual_relationships,relationship,color --requires_graphical_gauging_from--> legend,1
visual_relationships,relationship,color --similarity_hinders_distinction_of--> shape,1
visual_relationships,relationship,color --spans_colors_including--> element,1
visual_relationships,relationship,color --visually_dominates--> line,1
visual_relationships,relationship,color_segment --increases_clutter_in--> visualization,1
visual_relationships,relationship,color_segment --reduces_clutter_in--> visualization,1
visual_relationships,relationship,data --adds_analytical_burden_to--> visualization,1
visual_relationships,relationship,data --adds_cognitive_load_to--> element,1
visual_relationships,relationship,data --adds_cognitive_load_to--> visualization,1
visual_relationships,relationship,data --adds_interpretive_demand_to--> visualization,1
visual_relationships,relationship,data --adds_nuance_to--> visualization,1
visual_relationships,relationship,data --clustered_near--> data,1
visual_relationships,relationship,data --contributes_detail_to--> visualization,1
visual_relationships,relationship,data --contributes_to_ambiguity_in--> visualization,1
visual_relationships,relationship,data --contributes_to_clutter--> visualization,1
visual_relationships,relationship,data --contributes_to_difficulty_of--> visualization,1
visual_relationships,relationship,data --contributes_to_intricacy_of--> visualization,1
visual_relationships,relationship,data --demands_effort_to_extract_from--> pattern,1
visual_relationships,relationship,data --densifies--> visualization,1
visual_relationships,relationship,data --distinguished_from--> data,1
visual_relationships,relationship,data --distributed_across--> visualization,1
visual_relationships,relationship,data --encoded_by--> color,1
visual_relationships,relationship,data --encoded_with--> color,1
visual_relationships,relationship,data --encoded_with--> shape,1
visual_relationships,relationship,data --facilitates_interpretation_of--> visualization,1
visual_relationships,relationship,data --grouped_by--> color,1
visual_relationships,relationship,data --increases_clutter_via--> color,1
visual_relationships,relationship,data --increases_clutter_via--> label,1
visual_relationships,relationship,data --increases_cognitive_effort_in--> region,1
visual_relationships,relationship,data --increases_entries_in--> legend,1
visual_relationships,relationship,data --increases_information_in--> shape,1
visual_relationships,relationship,data --increases_information_volume_in--> visualization,1
visual_relationships,relationship,data --lacks_clear_boundaries_within--> layout,1
visual_relationships,relationship,data --makes_sense_to--> visualization,1
visual_relationships,relationship,data --overwhelms_readability_of--> label,1
visual_relationships,relationship,data --plotted_across--> axes,1
visual_relationships,relationship,data --plotted_on--> axes,1
visual_relationships,relationship,data --prolongs_interpretation_of--> visualization,1
visual_relationships,relationship,data --proximity_reduces_clutter--> visualization,1
visual_relationships,relationship,data --raises_cognitive_load--> shape,1
visual_relationships,relationship,data --raises_cognitive_load_of--> visualization,1
visual_relationships,relationship,data --reduces_clutter_via--> color,1
visual_relationships,relationship,data --rendered_with_reduced--> visualization,1
visual_relationships,relationship,data --requires_interpretation_of--> label,1
visual_relationships,relationship,data --requires_minimal_cognitive_load--> visualization,1
visual_relationships,relationship,data --requires_pattern_finding_in--> color,1
visual_relationships,relationship,data --shares_time_axis_with--> data,1
visual_relationships,relationship,data --spread_across--> visualization,1
visual_relationships,relationship,data --supports_evaluation_of--> visualization,1
visual_relationships,relationship,data --supports_quick_interpretation_of--> visualization,1
visual_relationships,relationship,data --varies_in_size_within--> visualization,1
visual_relationships,relationship,description --supplements_encoding_of--> color_segment,1
visual_relationships,relationship,detail --adds_clutter_to--> visualization,1
visual_relationships,relationship,detail --contributes_to--> data,1
visual_relationships,relationship,detail --contributes_to_difficulty_of--> visualization,1
visual_relationships,relationship,detail --increases_cognitive_effort_in--> shape,1
visual_relationships,relationship,detail --increases_uncertainty_in--> visualization,1
visual_relationships,relationship,detail --overwhelms--> visualization,1
visual_relationships,relationship,detail --raises_cognitive_load_of--> visualization,1
visual_relationships,relationship,domain --absent_from--> visualization,1
visual_relationships,relationship,domain --lowers_cognitive_load_of--> visualization,1
visual_relationships,relationship,domain --overwhelms--> layout,1
visual_relationships,relationship,domain --reduces_complexity_via--> label,1
visual_relationships,relationship,element --contributes_clutter_to--> visualization,1
visual_relationships,relationship,element --contributes_more_information_than--> point,1
visual_relationships,relationship,element --contributes_to--> visualization,1
visual_relationships,relationship,element --contributes_to_confusion_in--> visualization,1
visual_relationships,relationship,element --demands_extra_interpretation_from--> visualization,1
visual_relationships,relationship,element --facilitates_interpretation_of--> data,1
visual_relationships,relationship,element --increases_clutter_in--> label,1
visual_relationships,relationship,element --increases_clutter_in--> visualization,1
visual_relationships,relationship,element --increases_visual_clutter--> visualization,1
visual_relationships,relationship,element --increases_visual_clutter_in--> visualization,1
visual_relationships,relationship,element --interact_with_each_other--> symbol,1
visual_relationships,relationship,element --overwhelms--> visualization,1
visual_relationships,relationship,element --raises_cognitive_load_of--> visualization,1
visual_relationships,relationship,element --represents--> color,1
visual_relationships,relationship,element --requires_careful_interpretation_in--> visualization,1
visual_relationships,relationship,element --requires_understanding_of--> data,1
visual_relationships,relationship,encoding --contributes_to_difficulty_of--> visualization,1
visual_relationships,relationship,encoding --encodes_variation_via--> color,1
visual_relationships,relationship,encoding --increases_confusion_of--> shape,1
visual_relationships,relationship,encoding --lacks_common_sense_mapping--> visualization,1
visual_relationships,relationship,encoding --raises_cognitive_load_of--> visualization,1
visual_relationships,relationship,font_style --affects_legibility_of--> label,1
visual_relationships,relationship,font_style --contributes_to_clutter_in--> visualization,1
visual_relationships,relationship,font_style --increases_clutter_in--> label,1
visual_relationships,relationship,font_style --reinforces--> visualization,1
visual_relationships,relationship,grid --absence_impedes_reading--> point,1
visual_relationships,relationship,grid --composed_of--> shape,1
visual_relationships,relationship,grid --contains--> symbol,1
visual_relationships,relationship,grid --contains_high_volume_of--> detail,1
visual_relationships,relationship,grid --increases_clutter_via--> label,1
visual_relationships,relationship,grid --makes_easier_to_visualize--> grid,1
visual_relationships,relationship,grid --overlaps_with--> color,1
visual_relationships,relationship,grid --reduces--> layout,1
visual_relationships,relationship,hierarchy --compounds_complexity_with--> label,1
visual_relationships,relationship,hierarchy --contains--> hierarchy,1
visual_relationships,relationship,hierarchy --increases_structural_complexity_of--> visualization,1
visual_relationships,relationship,hierarchy --labeled_by--> label,1
visual_relationships,relationship,hierarchy --reduces_cognitive_load_of--> visualization,1
visual_relationships,relationship,hierarchy --represented_by--> link,1
visual_relationships,relationship,label --absent_from--> shape,1
visual_relationships,relationship,label --accompanies--> visualization,1
visual_relationships,relationship,label --adds_cognitive_load_to--> link,1
visual_relationships,relationship,label --adds_cognitive_load_with--> annotation,1
visual_relationships,relationship,label --adds_density_to--> axes,1
visual_relationships,relationship,label --adds_density_to--> point,1
visual_relationships,relationship,label --adds_information_density_to--> visualization,1
visual_relationships,relationship,label --adds_information_elements_to--> visualization,1
visual_relationships,relationship,label --adds_reading_burden_to--> visualization,1
visual_relationships,relationship,label --affects_readability_of--> visualization,1
visual_relationships,relationship,label --arranged_in_complex_order--> visualization,1
visual_relationships,relationship,label --associated_with--> domain,1
visual_relationships,relationship,label --associated_with--> point,1
visual_relationships,relationship,label --clarifies_content_of--> visualization,1
visual_relationships,relationship,label --clutters--> shape,1
visual_relationships,relationship,label --clutters--> visualization,1
visual_relationships,relationship,label --combined_with--> color,1
visual_relationships,relationship,label --combined_with--> number,1
visual_relationships,relationship,label --combined_with--> visualization,1
visual_relationships,relationship,label --complicates_reading_of--> axes,1
visual_relationships,relationship,label --contributes_to--> color,1
visual_relationships,relationship,label --contributes_to_ambiguity_in--> visualization,1
visual_relationships,relationship,label --contributes_to_clarity_of--> visualization,1
visual_relationships,relationship,label --contributes_to_difference_in_clarity_of--> layout,1
visual_relationships,relationship,label --crowds--> area,1
visual_relationships,relationship,label --crowds_around--> point,1
visual_relationships,relationship,label --densely_packed_in--> bar,1
visual_relationships,relationship,label --differ_semantically_within--> label,1
visual_relationships,relationship,label --difficult_to_read_within--> grid,1
visual_relationships,relationship,label --encodes_higher_frequency_than--> label,1
visual_relationships,relationship,label --facilitates_interpretation_of--> visualization,1
visual_relationships,relationship,label --fails_to_clarify--> data,1
visual_relationships,relationship,label --fails_to_clarify--> visualization,1
visual_relationships,relationship,label --fills--> shape,1
visual_relationships,relationship,label --hinders_comprehension_of--> visualization,1
visual_relationships,relationship,label --increases_clutter_of--> visualization,1
visual_relationships,relationship,label --increases_clutter_on--> visualization,1
visual_relationships,relationship,label --increases_cognitive_effort_of--> visualization,1
visual_relationships,relationship,label --increases_cognitive_load_alongside--> shape,1
visual_relationships,relationship,label --increases_cognitive_load_in--> visualization,1
visual_relationships,relationship,label --increases_cognitive_load_with--> color,1
visual_relationships,relationship,label --increases_data_density--> label,1
visual_relationships,relationship,label --increases_load_alongside--> color,1
visual_relationships,relationship,label --increases_reading_load_of--> visualization,1
visual_relationships,relationship,label --labels_multiple--> axes,1
visual_relationships,relationship,label --lacks_consistency_with--> shape,1
visual_relationships,relationship,label --lacks_context_in--> visualization,1
visual_relationships,relationship,label --lacks_numeric_identifiers_on--> data,1
visual_relationships,relationship,label --missing_from--> visualization,1
visual_relationships,relationship,label --overlaid_on--> background,1
visual_relationships,relationship,label --overlaps_with--> annotation,1
visual_relationships,relationship,label --overlaps_with--> region,1
visual_relationships,relationship,label --packed_into--> visualization,1
visual_relationships,relationship,label --partially_clarifies--> shape,1
visual_relationships,relationship,label --partially_offset_by_clarity_of--> legend,1
visual_relationships,relationship,label --prolongs_decoding_of--> visualization,1
visual_relationships,relationship,label --provides_information_for--> hierarchy,1
visual_relationships,relationship,label --reduces_interpretability_of--> visualization,1
visual_relationships,relationship,label --reduces_legibility_of--> visualization,1
visual_relationships,relationship,label --reduces_visual_clutter--> panel,1
visual_relationships,relationship,label --rendered_in--> font_style,1
visual_relationships,relationship,label --requires_extended_processing_in--> visualization,1
visual_relationships,relationship,label --spread_across--> layout,1
visual_relationships,relationship,label --supports_interpretation_of--> visualization,1
visual_relationships,relationship,label --too_small_to_identify--> line,1
visual_relationships,relationship,label --varies_in_size_across--> label,1
visual_relationships,relationship,layout --absence_of--> number,1
visual_relationships,relationship,layout --adds_structural_complexity_to--> visualization,1
visual_relationships,relationship,layout --appears_mixed_up_within--> visualization,1
visual_relationships,relationship,layout --composed_of_many--> panel,1
visual_relationships,relationship,layout --contributes_disorder_to--> visualization,1
visual_relationships,relationship,layout --contributes_to--> texture,1
visual_relationships,relationship,layout --contributes_to_clutter_of--> label,1
visual_relationships,relationship,layout --contributes_to_clutter_of--> visualization,1
visual_relationships,relationship,layout --contributes_to_cognitive_load_of--> visualization,1
visual_relationships,relationship,layout --facilitates_comprehension_of--> data,1
visual_relationships,relationship,layout --hinders_visibility_of--> data,1
visual_relationships,relationship,layout --increases_difficulty_interpreting--> data,1
visual_relationships,relationship,layout --increases_difficulty_tracing--> line,1
visual_relationships,relationship,layout --makes_harder_to_read--> label,1
visual_relationships,relationship,layout --reduces_cognitive_load_of--> visualization,1
visual_relationships,relationship,layout --reduces_perceived_clutter_of--> visualization,1
visual_relationships,relationship,layout --supports_quick_interpretation_of--> data,1
visual_relationships,relationship,layout --undermines_clarity_of--> visualization,1
visual_relationships,relationship,legend --absent_making_harder_to_decode--> line,1
visual_relationships,relationship,legend --absent_making_harder_to_interpret--> color,1
visual_relationships,relationship,legend --adds_complexity_relative_to--> title,1
visual_relationships,relationship,legend --adds_interpretive_burden_to--> axes,1
visual_relationships,relationship,legend --adds_text_to--> area,1
visual_relationships,relationship,legend --breaks_down_meaning_of--> visualization,1
visual_relationships,relationship,legend --clarifies--> color,1
visual_relationships,relationship,legend --encodes_colors_of--> shape,1
visual_relationships,relationship,legend --encodes_via--> color,1
visual_relationships,relationship,legend --explains--> color,1
visual_relationships,relationship,legend --fails_to_clarify--> data,1
visual_relationships,relationship,legend --fails_to_clarify--> point,1
visual_relationships,relationship,legend --fails_to_clarify--> shape,1
visual_relationships,relationship,legend --lacks_labels_for--> point,1
visual_relationships,relationship,legend --lacks_labels_for--> visualization,1
visual_relationships,relationship,legend --positioned_too_close_to--> point,1
visual_relationships,relationship,legend --reflects_few_colors_in--> color,1
visual_relationships,relationship,legend --required_to_decode--> encoding,1
visual_relationships,relationship,legend --requires_reference_to--> line,1
visual_relationships,relationship,legend --summarizes--> visualization,1
visual_relationships,relationship,legend --too_close_to--> visualization,1
visual_relationships,relationship,line --adds_clutter_to--> shape,1
visual_relationships,relationship,line --adds_clutter_to--> visualization,1
visual_relationships,relationship,line --adds_visual_complexity_to--> visualization,1
visual_relationships,relationship,line --annotated_with--> label,1
visual_relationships,relationship,line --branches_into--> line,1
visual_relationships,relationship,line --causes_confusion_in--> visualization,1
visual_relationships,relationship,line --combined_with--> scale,1
visual_relationships,relationship,line --connects--> label,1
visual_relationships,relationship,line --connects--> shape,1
visual_relationships,relationship,line --contributes_fine_detail_to--> pattern,1
visual_relationships,relationship,line --contributes_to--> visualization,1
visual_relationships,relationship,line --contributes_to_clutter_in--> visualization,1
visual_relationships,relationship,line --contributes_to_clutter_with--> color,1
visual_relationships,relationship,line --contributes_to_clutter_with--> point,1
visual_relationships,relationship,line --contributes_to_clutter_with--> shape,1
visual_relationships,relationship,line --contributes_to_processing_of--> visualization,1
visual_relationships,relationship,line --converge_at--> point,1
visual_relationships,relationship,line --difficult_to_decipher_while--> visualization,1
visual_relationships,relationship,line --easy_to_follow--> visualization,1
visual_relationships,relationship,line --encoded_with--> color,1
visual_relationships,relationship,line --encodes_differences_via--> color,1
visual_relationships,relationship,line --follows_pattern_with--> point,1
visual_relationships,relationship,line --increases_clutter_alongside--> label,1
visual_relationships,relationship,line --increases_clutter_in--> link,1
visual_relationships,relationship,line --increases_clutter_of--> visualization,1
visual_relationships,relationship,line --increases_clutter_with--> point,1
visual_relationships,relationship,line --increases_clutter_with--> shape,1
visual_relationships,relationship,line --increases_interpretive_effort--> visualization,1
visual_relationships,relationship,line --obscured_by--> color,1
visual_relationships,relationship,line --obscures_destination_of--> visualization,1
visual_relationships,relationship,line --overlap_making_hard_to_read--> label,1
visual_relationships,relationship,line --overlaps_with--> line,1
visual_relationships,relationship,line --overwhelms--> visualization,1
visual_relationships,relationship,line --packed_within--> area,1
visual_relationships,relationship,line --plotted_on--> axes,1
visual_relationships,relationship,line --plotted_on--> axis_label,1
visual_relationships,relationship,line --plotted_on--> grid,1
visual_relationships,relationship,line --plotted_within--> axes,1
visual_relationships,relationship,line --reduces_complexity_relative_to--> shape,1
visual_relationships,relationship,line --rendered_as--> visualization,1
visual_relationships,relationship,line --requires_interpretation_within--> visualization,1
visual_relationships,relationship,link --clarified_within--> data,1
visual_relationships,relationship,link --connects_between--> point,1
visual_relationships,relationship,link --contributes_to--> visualization,1
visual_relationships,relationship,link --increases_visual_complexity_in--> point,1
visual_relationships,relationship,link --intersect_and_diverge_within--> link,1
visual_relationships,relationship,link --makes_confusing_to_read--> line,1
visual_relationships,relationship,link --provides_structure_to--> visualization,1
visual_relationships,relationship,link --requires_careful_examination_of--> link,1
visual_relationships,relationship,link --requires_scientific_interpretation--> region,1
visual_relationships,relationship,node --connected_by--> link,1
visual_relationships,relationship,node --has_clear_connection_via--> line,1
visual_relationships,relationship,number --absence_increases_difficulty_of--> visualization,1
visual_relationships,relationship,number --absence_raises_cognitive_load_of--> visualization,1
visual_relationships,relationship,number --absent_from--> visualization,1
visual_relationships,relationship,number --adds_cognitive_load_to--> layout,1
visual_relationships,relationship,number --adds_cognitive_load_to--> number,1
visual_relationships,relationship,number --adds_cognitive_load_to--> visualization,1
visual_relationships,relationship,number --adds_density_to--> layout,1
visual_relationships,relationship,number --adds_detail_to--> data,1
visual_relationships,relationship,number --combined_with--> label,1
visual_relationships,relationship,number --combined_with--> legend,1
visual_relationships,relationship,number --confounds_interpretation_due_to--> label,1
visual_relationships,relationship,number --contributes_to_clutter_in--> number,1
visual_relationships,relationship,number --contributes_to_confusion_in--> visualization,1
visual_relationships,relationship,number --contributes_to_high_density_of--> visualization,1
visual_relationships,relationship,number --contributes_to_readability_of--> visualization,1
visual_relationships,relationship,number --embedded_within--> bar,1
visual_relationships,relationship,number --increases_cognitive_load_alongside--> color,1
visual_relationships,relationship,opacity --causes_confusion_in--> visualization,1
visual_relationships,relationship,panel --clutters--> label,1
visual_relationships,relationship,panel --contains--> area,1
visual_relationships,relationship,panel --contributes_to_clutter_in--> visualization,1
visual_relationships,relationship,panel --increases_clutter_in--> visualization,1
visual_relationships,relationship,panel --increases_clutter_of--> line,1
visual_relationships,relationship,panel --part_of--> pattern,1
visual_relationships,relationship,pattern --contributes_to_disorder_of--> visualization,1
visual_relationships,relationship,pattern --facilitates_understanding_of--> visualization,1
visual_relationships,relationship,pattern --increases_complexity_through--> visualization,1
visual_relationships,relationship,pattern --increases_confusion_in--> shape,1
visual_relationships,relationship,pattern --raises_cognitive_load_of--> visualization,1
visual_relationships,relationship,pattern --reduces_cognitive_load_via--> visualization,1
visual_relationships,relationship,point --adds_detail_to--> visualization,1
visual_relationships,relationship,point --adds_visual_complexity_to--> visualization,1
visual_relationships,relationship,point --arranged_along--> axes,1
visual_relationships,relationship,point --causes_difficulty_discerning--> label,1
visual_relationships,relationship,point --causes_visual_clutter_in--> visualization,1
visual_relationships,relationship,point --clustered_around--> point,1
visual_relationships,relationship,point --clusters_increase_difficulty--> legend,1
visual_relationships,relationship,point --clutters--> background,1
visual_relationships,relationship,point --co_occurs_with--> line,1
visual_relationships,relationship,point --combined_with--> line,1
visual_relationships,relationship,point --connected_by--> line,1
visual_relationships,relationship,point --contributes_clutter_to--> visualization,1
visual_relationships,relationship,point --contributes_to--> layout,1
visual_relationships,relationship,point --contributes_to--> shape,1
visual_relationships,relationship,point --contributes_to_abundance_of--> shape,1
visual_relationships,relationship,point --contributes_to_clutter_in--> visualization,1
visual_relationships,relationship,point --contributes_to_confusion_in--> visualization,1
visual_relationships,relationship,point --creates_clutter_within--> point,1
visual_relationships,relationship,point --creates_depth_in--> pattern,1
visual_relationships,relationship,point --creates_interpretive_uncertainty--> color,1
visual_relationships,relationship,point --differentiated_by--> color,1
visual_relationships,relationship,point --difficult_to_connect_to_meaning--> visualization,1
visual_relationships,relationship,point --does_not_proportionally_encode--> label,1
visual_relationships,relationship,point --encoded_by--> color,1
visual_relationships,relationship,point --exhibits_few--> link,1
visual_relationships,relationship,point --fails_to_convey_meaning_in--> visualization,1
visual_relationships,relationship,point --increases_clutter_in--> region,1
visual_relationships,relationship,point --increases_clutter_relative_to--> axis_label,1
visual_relationships,relationship,point --increases_clutter_via--> color,1
visual_relationships,relationship,point --increases_cognitive_load_via--> annotation,1
visual_relationships,relationship,point --lacks_clear_spatial_structure--> point,1
visual_relationships,relationship,point --lacks_precise_readability_on--> axis_label,1
visual_relationships,relationship,point --limited_quantity_reduces_clutter_in--> visualization,1
visual_relationships,relationship,point --makes_cluttered--> background,1
visual_relationships,relationship,point --makes_harder_to_read--> legend,1
visual_relationships,relationship,point --minimally_populates--> visualization,1
visual_relationships,relationship,point --overlaid_on--> shape,1
visual_relationships,relationship,point --overlaid_on--> visualization,1
visual_relationships,relationship,point --overlaps_obscuring--> point,1
visual_relationships,relationship,point --overlaps_with--> color,1
visual_relationships,relationship,point --overlaps_with--> shape,1
visual_relationships,relationship,point --plotted_along--> axes,1
visual_relationships,relationship,point --plotted_on--> grid,1
visual_relationships,relationship,point --reduces_clutter_in--> data,1
visual_relationships,relationship,point --rendered_with--> encoding,1
visual_relationships,relationship,point --requires_interpretation_effort--> color,1
visual_relationships,relationship,point --simpler_than--> point,1
visual_relationships,relationship,point --spread_across--> data,1
visual_relationships,relationship,point --supports_easy_interpretation_of--> visualization,1
visual_relationships,relationship,region --causes_confusion_on--> visualization,1
visual_relationships,relationship,region --causes_visual_strain_in--> visualization,1
visual_relationships,relationship,region --conceals--> detail,1
visual_relationships,relationship,region --contributes_to--> pattern,1
visual_relationships,relationship,region --contributes_to--> visualization,1
visual_relationships,relationship,region --displayed_on--> visualization,1
visual_relationships,relationship,region --increases_visual_clutter--> link,1
visual_relationships,relationship,region --limits_spread_of--> point,1
visual_relationships,relationship,region --mapped_to--> category,1
visual_relationships,relationship,region --obscures--> pattern,1
visual_relationships,relationship,region --partitions--> visualization,1
visual_relationships,relationship,region --reduces_cognitive_load_of--> visualization,1
visual_relationships,relationship,region --rendered_in--> visualization,1
visual_relationships,relationship,region --supports_quick_understanding_of--> visualization,1
visual_relationships,relationship,scale --affects_legibility_of--> label,1
visual_relationships,relationship,shape --adds_visual_complexity_alongside--> shape,1
visual_relationships,relationship,shape --adds_visual_complexity_to--> visualization,1
visual_relationships,relationship,shape --arranged_in--> layout,1
visual_relationships,relationship,shape --combined_with--> line,1
visual_relationships,relationship,shape --contains--> label,1
visual_relationships,relationship,shape --contributes_to--> layout,1
visual_relationships,relationship,shape --contributes_to_clutter_in--> grid,1
visual_relationships,relationship,shape --contributes_to_clutter_with--> color,1
visual_relationships,relationship,shape --contributes_to_complexity_of--> visualization,1
visual_relationships,relationship,shape --contributes_to_density_of--> visualization,1
visual_relationships,relationship,shape --contributes_to_difficulty_of--> visualization,1
visual_relationships,relationship,shape --creates_visual_clutter_with--> color,1
visual_relationships,relationship,shape --differentiated_by--> color,1
visual_relationships,relationship,shape --distributed_across--> layout,1
visual_relationships,relationship,shape --has_no_associated--> legend,1
visual_relationships,relationship,shape --increases_clutter_in--> visualization,1
visual_relationships,relationship,shape --increases_clutter_over--> point,1
visual_relationships,relationship,shape --increases_clutter_via--> color,1
visual_relationships,relationship,shape --increases_clutter_with--> panel,1
visual_relationships,relationship,shape --increases_encoding_complexity_in--> visualization,1
visual_relationships,relationship,shape --increases_encoding_complexity_of--> visualization,1
visual_relationships,relationship,shape --increases_visual_clutter--> color,1
visual_relationships,relationship,shape --increases_visual_disorder_over--> shape,1
visual_relationships,relationship,shape --lacks_distinguishing--> color,1
visual_relationships,relationship,shape --makes_appear_as--> visualization,1
visual_relationships,relationship,shape --obscured_by--> label,1
visual_relationships,relationship,shape --outnumbers--> point,1
visual_relationships,relationship,shape --reduces--> color,1
visual_relationships,relationship,shape --repeated_along--> axes,1
visual_relationships,relationship,shape --represents_stages_of--> data,1
visual_relationships,relationship,shape --simplifies_reading_of--> visualization,1
visual_relationships,relationship,shape --spread_across--> panel,1
visual_relationships,relationship,shape --supported_by--> axes,1
visual_relationships,relationship,shape --transitions_to--> shape,1
visual_relationships,relationship,shape --uniform_size_reduces_differentiation--> color,1
visual_relationships,relationship,shape --varies_across--> scale,1
visual_relationships,relationship,shape --varies_in_size_increasing--> annotation,1
visual_relationships,relationship,size --contributes_to_difficulty_of--> layout,1
visual_relationships,relationship,symbol --combined_with--> color,1
visual_relationships,relationship,symbol --contributes_to_misreading_of--> shape,1
visual_relationships,relationship,symbol --increases_clutter_in--> element,1
visual_relationships,relationship,symbol --increases_clutter_in--> visualization,1
visual_relationships,relationship,symbol --increases_confusion_in--> visualization,1
visual_relationships,relationship,symbol --lacks_association_with--> label,1
visual_relationships,relationship,symbol --reduces_ambiguity_in--> visualization,1
visual_relationships,relationship,title --absent_from--> visualization,1
visual_relationships,relationship,title --accompanies--> description,1
visual_relationships,relationship,title --clarifies_intent_of--> visualization,1
visual_relationships,relationship,title --reduces_ambiguity_of--> visualization,1
visual_relationships,relationship,title --reduces_interpretive_effort_of--> visualization,1
visual_relationships,relationship,visualization --absent_reducing_clutter_from--> number,1
visual_relationships,relationship,visualization --accompanied_by--> label,1
visual_relationships,relationship,visualization --affords_quick_understanding--> bar,1
visual_relationships,relationship,visualization --aligned_with--> number,1
visual_relationships,relationship,visualization --causes_comprehension_failure--> visualization,1
visual_relationships,relationship,visualization --causes_high_cognitive_load--> label,1
visual_relationships,relationship,visualization --causes_interpretive_confusion--> region,1
visual_relationships,relationship,visualization --communicates_frequency_via--> data,1
visual_relationships,relationship,visualization --communicates_quickly--> data,1
visual_relationships,relationship,visualization --contains--> bar,1
visual_relationships,relationship,visualization --contains--> visualization,1
visual_relationships,relationship,visualization --contains_dense--> data,1
visual_relationships,relationship,visualization --contains_detail_of--> region,1
visual_relationships,relationship,visualization --contains_many_elements--> panel,1
visual_relationships,relationship,visualization --contains_only--> element,1
visual_relationships,relationship,visualization --contains_unfamiliar--> visualization,1
visual_relationships,relationship,visualization --contributes_clutter_to--> visualization,1
visual_relationships,relationship,visualization --contributes_to_clutter_in--> visualization,1
visual_relationships,relationship,visualization --contributes_to_confusion_with--> label,1
visual_relationships,relationship,visualization --creates_cluttered_layout--> element,1
visual_relationships,relationship,visualization --demands_extended--> axes,1
visual_relationships,relationship,visualization --enables_at_a_glance_reading--> region,1
visual_relationships,relationship,visualization --enables_quick_comprehension--> bar,1
visual_relationships,relationship,visualization --encodes_change_over--> category,1
visual_relationships,relationship,visualization --has_low_clutter_due_to--> legend,1
visual_relationships,relationship,visualization --has_more_going_on_than_expected--> grid,1
visual_relationships,relationship,visualization --impedes_interpretation_of--> data,1
visual_relationships,relationship,visualization --imposes_high_cognitive_load_on--> detail,1
visual_relationships,relationship,visualization --imposes_high_cognitive_load_on--> legend,1
visual_relationships,relationship,visualization --increases_clutter_in--> visualization,1
visual_relationships,relationship,visualization --increases_clutter_via--> layout,1
visual_relationships,relationship,visualization --increases_cognitive_load_via--> data,1
visual_relationships,relationship,visualization --increases_visual_load_with--> color,1
visual_relationships,relationship,visualization --interpretable_only_with--> visualization,1
visual_relationships,relationship,visualization --is_messier_than--> visualization,1
visual_relationships,relationship,visualization --lacks_clear--> pattern,1
visual_relationships,relationship,visualization --lacks_contextual_explanation--> visualization,1
visual_relationships,relationship,visualization --lacks_interpretable--> data,1
visual_relationships,relationship,visualization --lacks_interpretive_clarity_due_to--> shape,1
visual_relationships,relationship,visualization --lacks_interpretive_context_for--> element,1
visual_relationships,relationship,visualization --lacks_structured_axes_like--> axes,1
visual_relationships,relationship,visualization --makes_harder_to_extract--> data,1
visual_relationships,relationship,visualization --obscured_within--> visualization,1
visual_relationships,relationship,visualization --obscures_key_takeaway_within--> pattern,1
visual_relationships,relationship,visualization --obscures_meaning_in--> visualization,1
visual_relationships,relationship,visualization --overlaid_with--> line,1
visual_relationships,relationship,visualization --overlaps_within--> region,1
visual_relationships,relationship,visualization --paired_with--> visualization,1
visual_relationships,relationship,visualization --perceived_as_clearer_despite--> label,1
visual_relationships,relationship,visualization --perceived_as_more_complex_than--> visualization,1
visual_relationships,relationship,visualization --provides_familiar_schema--> point,1
visual_relationships,relationship,visualization --reduces_cognitive_load--> visualization,1
visual_relationships,relationship,visualization --reduces_cognitive_load_of--> visualization,1
visual_relationships,relationship,visualization --reduces_cognitive_load_via--> visualization,1
visual_relationships,relationship,visualization --reduces_perceived_complexity_of--> element,1
visual_relationships,relationship,visualization --rendered_in--> element,1
visual_relationships,relationship,visualization --requires_high_effort_to_interpret--> label,1
visual_relationships,relationship,visualization --requires_minimal--> visualization,1
visual_relationships,relationship,visualization --requires_reading_to_understand--> label,1
visual_relationships,relationship,visualization --requires_specialized_knowledge--> visualization,1
visual_relationships,relationship,visualization --requires_specialized_understanding--> detail,1
visual_relationships,relationship,visualization --requires_unfamiliar_schema_for--> layout,1
visual_relationships,relationship,visualization --supports_easy_interpretation_despite--> label,1
