section,subcategory,term,n_images
visual_attributes,aesthetics_uncertainty,high_visual_busyness,2
visual_attributes,aesthetics_uncertainty,initially_visually_attractive,2
visual_attributes,aesthetics_uncertainty,reduced_white_space,2
visual_attributes,aesthetics_uncertainty,visually_busy_layout,2
visual_attributes,aesthetics_uncertainty,visually_cluttered_overlap,2
visual_attributes,aesthetics_uncertainty,visually_overwhelming_layout,2
visual_attributes,aesthetics_uncertainty,alignment_ambiguous,1
visual_attributes,aesthetics_uncertainty,appears_less_important,1
visual_attributes,aesthetics_uncertainty,asymmetrical_layout,1
visual_attributes,aesthetics_uncertainty,background_color_adds_complexity,1
visual_attributes,aesthetics_uncertainty,black_background_color,1
visual_attributes,aesthetics_uncertainty,blurred_appearance,1
visual_attributes,aesthetics_uncertainty,blurring_applied,1
visual_attributes,aesthetics_uncertainty,busier_layout,1
visual_attributes,aesthetics_uncertainty,causes_visual_blur,1
visual_attributes,aesthetics_uncertainty,chaotic_visual_appearance,1
visual_attributes,aesthetics_uncertainty,clean_lines,1
visual_attributes,aesthetics_uncertainty,clean_visual_appearance,1
visual_attributes,aesthetics_uncertainty,clear_and_clean_layout,1
visual_attributes,aesthetics_uncertainty,clear_and_concise_layout,1
visual_attributes,aesthetics_uncertainty,clear_layout,1
visual_attributes,aesthetics_uncertainty,close_proximity_of_items,1
visual_attributes,aesthetics_uncertainty,cluttered_appearance,1
visual_attributes,aesthetics_uncertainty,cluttered_screen_layout,1
visual_attributes,aesthetics_uncertainty,cohesive_whole,1
visual_attributes,aesthetics_uncertainty,colors_draw_attention,1
visual_attributes,aesthetics_uncertainty,colors_harder_to_look_at,1
visual_attributes,aesthetics_uncertainty,comfortable_visual_appearance,1
visual_attributes,aesthetics_uncertainty,complex_element_positioning,1
visual_attributes,aesthetics_uncertainty,complicated_to_look_at,1
visual_attributes,aesthetics_uncertainty,composition_more_convoluted,1
visual_attributes,aesthetics_uncertainty,confusing_layout,1
visual_attributes,aesthetics_uncertainty,content_hard_to_see,1
visual_attributes,aesthetics_uncertainty,crowded_overlapping_elements,1
visual_attributes,aesthetics_uncertainty,crude_informal_appearance,1
visual_attributes,aesthetics_uncertainty,dense_element_clutter,1
visual_attributes,aesthetics_uncertainty,different_colors_confusing,1
visual_attributes,aesthetics_uncertainty,difficult_to_focus_on,1
visual_attributes,aesthetics_uncertainty,diffuse_distribution,1
visual_attributes,aesthetics_uncertainty,disordered_arrangement,1
visual_attributes,aesthetics_uncertainty,disorganised_layout,1
visual_attributes,aesthetics_uncertainty,dots_scattered_widely,1
visual_attributes,aesthetics_uncertainty,elements_do_not_make_sense,1
visual_attributes,aesthetics_uncertainty,excessive_white_space,1
visual_attributes,aesthetics_uncertainty,excessively_dark,1
visual_attributes,aesthetics_uncertainty,eye_straining_palette,1
visual_attributes,aesthetics_uncertainty,generally_complex_layout,1
visual_attributes,aesthetics_uncertainty,grabs_visual_attention,1
visual_attributes,aesthetics_uncertainty,hard_to_focus_eyes,1
visual_attributes,aesthetics_uncertainty,harder_to_distinguish,1
visual_attributes,aesthetics_uncertainty,harder_to_see,1
visual_attributes,aesthetics_uncertainty,harsh_red_color,1
visual_attributes,aesthetics_uncertainty,high_detail_content,1
visual_attributes,aesthetics_uncertainty,high_pixel_density,1
visual_attributes,aesthetics_uncertainty,high_visual_clutter,1
visual_attributes,aesthetics_uncertainty,high_visual_noise,1
visual_attributes,aesthetics_uncertainty,high_visual_strain,1
visual_attributes,aesthetics_uncertainty,illogical_organization,1
visual_attributes,aesthetics_uncertainty,image_is_blurry,1
visual_attributes,aesthetics_uncertainty,inconsistent_text_arrangement,1
visual_attributes,aesthetics_uncertainty,introduces_visual_uncertainty,1
visual_attributes,aesthetics_uncertainty,irregular_empty_spaces,1
visual_attributes,aesthetics_uncertainty,jumbled_arrangement,1
visual_attributes,aesthetics_uncertainty,jumbled_visual_arrangement,1
visual_attributes,aesthetics_uncertainty,lacks_visual_clarity,1
visual_attributes,aesthetics_uncertainty,large_image_size,1
visual_attributes,aesthetics_uncertainty,large_overall_size,1
visual_attributes,aesthetics_uncertainty,less_attractive_appearance,1
visual_attributes,aesthetics_uncertainty,less_elements_overall,1
visual_attributes,aesthetics_uncertainty,less_visually_appealing,1
visual_attributes,aesthetics_uncertainty,lines_cross_each_other,1
visual_attributes,aesthetics_uncertainty,lines_crossing_each_other,1
visual_attributes,aesthetics_uncertainty,low_detail_overall,1
visual_attributes,aesthetics_uncertainty,low_visual_clutter,1
visual_attributes,aesthetics_uncertainty,many_elements_present,1
visual_attributes,aesthetics_uncertainty,messy_and_confusing,1
visual_attributes,aesthetics_uncertainty,messy_arrangement,1
visual_attributes,aesthetics_uncertainty,messy_disorganized_layout,1
visual_attributes,aesthetics_uncertainty,messy_overall_layout,1
visual_attributes,aesthetics_uncertainty,messy_visual_layout,1
visual_attributes,aesthetics_uncertainty,mixed_up_arrangement,1
visual_attributes,aesthetics_uncertainty,more_cluttered_layout,1
visual_attributes,aesthetics_uncertainty,more_visually_pleasing,1
visual_attributes,aesthetics_uncertainty,multiple_areas_of_interest,1
visual_attributes,aesthetics_uncertainty,multiple_visual_cues_present,1
visual_attributes,aesthetics_uncertainty,no_clear_pattern,1
visual_attributes,aesthetics_uncertainty,no_discernible_patterns,1
visual_attributes,aesthetics_uncertainty,no_font_differentiation,1
visual_attributes,aesthetics_uncertainty,no_regularity_in_design,1
visual_attributes,aesthetics_uncertainty,organized_layout,1
visual_attributes,aesthetics_uncertainty,organized_structured_layout,1
visual_attributes,aesthetics_uncertainty,overall_pleasing_pattern,1
visual_attributes,aesthetics_uncertainty,overlapping_circle_areas,1
visual_attributes,aesthetics_uncertainty,overlapping_color_superposition,1
visual_attributes,aesthetics_uncertainty,overlapping_shape_complexity,1
visual_attributes,aesthetics_uncertainty,overwhelming_first_impression,1
visual_attributes,aesthetics_uncertainty,pattern_interpretation_uncertain,1
visual_attributes,aesthetics_uncertainty,poor_visual_design,1
visual_attributes,aesthetics_uncertainty,positioned_close_to_data,1
visual_attributes,aesthetics_uncertainty,random_collection_layout,1
visual_attributes,aesthetics_uncertainty,resembles_abstract_painting,1
visual_attributes,aesthetics_uncertainty,scattered_all_over,1
visual_attributes,aesthetics_uncertainty,seemed_more_complicated,1
visual_attributes,aesthetics_uncertainty,several_visual_elements,1
visual_attributes,aesthetics_uncertainty,simple_design,1
visual_attributes,aesthetics_uncertainty,simplistic_design,1
visual_attributes,aesthetics_uncertainty,small_detail_elements,1
visual_attributes,aesthetics_uncertainty,small_fine_details,1
visual_attributes,aesthetics_uncertainty,spread_out_distribution,1
visual_attributes,aesthetics_uncertainty,stacked_on_each_other,1
visual_attributes,aesthetics_uncertainty,strains_vision,1
visual_attributes,aesthetics_uncertainty,too_close_to_visualization,1
visual_attributes,aesthetics_uncertainty,too_cramped,1
visual_attributes,aesthetics_uncertainty,too_dark,1
visual_attributes,aesthetics_uncertainty,too_dense_to_read,1
visual_attributes,aesthetics_uncertainty,too_tiny_to_read,1
visual_attributes,aesthetics_uncertainty,ugly_irregular_calligraphy,1
visual_attributes,aesthetics_uncertainty,uneven_irregular_shape,1
visual_attributes,aesthetics_uncertainty,uniform_visual_design,1
visual_attributes,aesthetics_uncertainty,untidy_disorganized_layout,1
visual_attributes,aesthetics_uncertainty,very_busy_layout,1
visual_attributes,aesthetics_uncertainty,visually_ambiguous_marks,1
visual_attributes,aesthetics_uncertainty,visually_appealing,1
visual_attributes,aesthetics_uncertainty,visually_busy,1
visual_attributes,aesthetics_uncertainty,visually_clean_layout,1
visual_attributes,aesthetics_uncertainty,visually_cluttered,1
visual_attributes,aesthetics_uncertainty,visually_cluttered_marks,1
visual_attributes,aesthetics_uncertainty,visually_complex_overall,1
visual_attributes,aesthetics_uncertainty,visually_confusing_layout,1
visual_attributes,aesthetics_uncertainty,visually_dense_overall,1
visual_attributes,aesthetics_uncertainty,visually_intricate_network,1
visual_attributes,aesthetics_uncertainty,visually_messy_layout,1
visual_attributes,aesthetics_uncertainty,visually_more_details,1
visual_attributes,aesthetics_uncertainty,visually_noisy,1
visual_attributes,aesthetics_uncertainty,visually_painful_to_view,1
visual_attributes,aesthetics_uncertainty,visually_pleasant_appearance,1
visual_attributes,aesthetics_uncertainty,visually_stimulating,1
visual_attributes,aesthetics_uncertainty,visually_striking_surface,1
visual_attributes,aesthetics_uncertainty,white_background_present,1
visual_attributes,cognitive_load,difficult_to_interpret,17
visual_attributes,cognitive_load,difficult_to_understand,12
visual_attributes,cognitive_load,easy_to_understand,11
visual_attributes,cognitive_load,hard_to_understand,7
visual_attributes,cognitive_load,difficult_to_follow,4
visual_attributes,cognitive_load,difficult_to_read,4
visual_attributes,cognitive_load,easier_to_understand,4
visual_attributes,cognitive_load,easy_to_read,4
visual_attributes,cognitive_load,easy_to_interpret,3
visual_attributes,cognitive_load,familiar_chart_type,3
visual_attributes,cognitive_load,high_interpretive_difficulty,3
visual_attributes,cognitive_load,unclear_subject_matter,3
visual_attributes,cognitive_load,aids_interpretation,2
visual_attributes,cognitive_load,clear_interpretive_message,2
visual_attributes,cognitive_load,difficult_to_comprehend,2
visual_attributes,cognitive_load,easier_to_process,2
visual_attributes,cognitive_load,easier_to_read,2
visual_attributes,cognitive_load,easily_interpretable,2
visual_attributes,cognitive_load,easily_understandable,2
visual_attributes,cognitive_load,easily_understandable_information,2
visual_attributes,cognitive_load,easy_to_follow,2
visual_attributes,cognitive_load,fast_readability,2
visual_attributes,cognitive_load,high_cognitive_load,2
visual_attributes,cognitive_load,high_cognitive_load_to_decode,2
visual_attributes,cognitive_load,immediately_recognizable_form,2
visual_attributes,cognitive_load,invites_deeper_analysis,2
visual_attributes,cognitive_load,low_cognitive_load,2
visual_attributes,cognitive_load,not_immediately_interpretable,2
visual_attributes,cognitive_load,requires_extended_interpretation_time,2
visual_attributes,cognitive_load,requires_extended_processing_time,2
visual_attributes,cognitive_load,requires_longer_interpretation,2
visual_attributes,cognitive_load,simple_to_digest,2
visual_attributes,cognitive_load,simple_to_understand,2
visual_attributes,cognitive_load,accurate_interpretation_challenging,1
visual_attributes,cognitive_load,africa_map_recognized,1
visual_attributes,cognitive_load,aids_data_interpretation,1
visual_attributes,cognitive_load,ambiguous_complexity_level,1
visual_attributes,cognitive_load,ambiguous_without_context,1
visual_attributes,cognitive_load,can_be_confusing,1
visual_attributes,cognitive_load,causes_confusion,1
visual_attributes,cognitive_load,causes_viewer_confusion,1
visual_attributes,cognitive_load,challenging_to_distinguish,1
visual_attributes,cognitive_load,clear_at_a_glance,1
visual_attributes,cognitive_load,clear_path_to_follow,1
visual_attributes,cognitive_load,clearly_visible,1
visual_attributes,cognitive_load,clearly_visible_at_glance,1
visual_attributes,cognitive_load,color_adds_factor_to_consider,1
visual_attributes,cognitive_load,colors_unclear_meaning,1
visual_attributes,cognitive_load,confusing_and_complex,1
visual_attributes,cognitive_load,confusing_movement_pattern,1
visual_attributes,cognitive_load,confusing_overall_understandability,1
visual_attributes,cognitive_load,country_shapes_familiar,1
visual_attributes,cognitive_load,data_clearly_visible,1
visual_attributes,cognitive_load,differences_easily_visible,1
visual_attributes,cognitive_load,differences_unclear,1
visual_attributes,cognitive_load,difficult_cross_element_comparison,1
visual_attributes,cognitive_load,difficult_data_interpretation,1
visual_attributes,cognitive_load,difficult_signal_noise_separation,1
visual_attributes,cognitive_load,difficult_to_analyze,1
visual_attributes,cognitive_load,difficult_to_ascertain,1
visual_attributes,cognitive_load,difficult_to_capture,1
visual_attributes,cognitive_load,difficult_to_discern,1
visual_attributes,cognitive_load,difficult_to_extract_takeaway,1
visual_attributes,cognitive_load,difficult_to_focus_long,1
visual_attributes,cognitive_load,difficult_to_focus_on,1
visual_attributes,cognitive_load,difficult_to_interpret_content,1
visual_attributes,cognitive_load,difficult_to_parse,1
visual_attributes,cognitive_load,difficult_to_visualize,1
visual_attributes,cognitive_load,domain_knowledge_required,1
visual_attributes,cognitive_load,easier_to_figure_out,1
visual_attributes,cognitive_load,easier_to_read_than_chart,1
visual_attributes,cognitive_load,easily_deducible_content,1
visual_attributes,cognitive_load,easily_readable_content,1
visual_attributes,cognitive_load,easily_recognizable,1
visual_attributes,cognitive_load,easily_recognizable_form,1
visual_attributes,cognitive_load,easily_recognizable_symbols,1
visual_attributes,cognitive_load,easily_understood,1
visual_attributes,cognitive_load,easy_information_intake,1
visual_attributes,cognitive_load,easy_to_comprehend,1
visual_attributes,cognitive_load,easy_to_decipher,1
visual_attributes,cognitive_load,easy_to_evaluate,1
visual_attributes,cognitive_load,easy_to_identify_elements,1
visual_attributes,cognitive_load,easy_to_read_glance,1
visual_attributes,cognitive_load,enables_visual_processing,1
visual_attributes,cognitive_load,equally_difficult_to_parse,1
visual_attributes,cognitive_load,exact_values_unreadable,1
visual_attributes,cognitive_load,explanations_provided,1
visual_attributes,cognitive_load,extra_challenge_to_read,1
visual_attributes,cognitive_load,fairly_easy_to_read,1
visual_attributes,cognitive_load,familiar_display_context,1
visual_attributes,cognitive_load,familiar_format,1
visual_attributes,cognitive_load,familiar_map_format,1
visual_attributes,cognitive_load,familiar_representation,1
visual_attributes,cognitive_load,familiar_spatial_form,1
visual_attributes,cognitive_load,familiar_visualization_type,1
visual_attributes,cognitive_load,familiar_waveform_encoding,1
visual_attributes,cognitive_load,fast_content_comprehension,1
visual_attributes,cognitive_load,football_theme_recognizable,1
visual_attributes,cognitive_load,frequency_directly_readable,1
visual_attributes,cognitive_load,generally_comprehensible,1
visual_attributes,cognitive_load,generally_understandable,1
visual_attributes,cognitive_load,graph_adds_complexity,1
visual_attributes,cognitive_load,hard_to_ascertain_meaning,1
visual_attributes,cognitive_load,hard_to_distinguish_points,1
visual_attributes,cognitive_load,hard_to_extract_info,1
visual_attributes,cognitive_load,hard_to_find_features,1
visual_attributes,cognitive_load,hard_to_interpret,1
visual_attributes,cognitive_load,hard_to_intuitively_ascertain,1
visual_attributes,cognitive_load,hard_to_make_sense,1
visual_attributes,cognitive_load,hard_to_quickly_understand,1
visual_attributes,cognitive_load,hard_to_see_story,1
visual_attributes,cognitive_load,harder_to_read,1
visual_attributes,cognitive_load,harder_to_read_discern,1
visual_attributes,cognitive_load,harder_to_understand,1
visual_attributes,cognitive_load,hierarchy_hard_to_parse,1
visual_attributes,cognitive_load,high_cognitive_effort_required,1
visual_attributes,cognitive_load,high_cognitive_strain,1
visual_attributes,cognitive_load,high_information_volume,1
visual_attributes,cognitive_load,high_initial_cognitive_load,1
visual_attributes,cognitive_load,high_interpretive_demand,1
visual_attributes,cognitive_load,high_reading_demand,1
visual_attributes,cognitive_load,high_visual_impact,1
visual_attributes,cognitive_load,highly_confusing_content,1
visual_attributes,cognitive_load,highly_involved_composition,1
visual_attributes,cognitive_load,holistic_comprehension_available,1
visual_attributes,cognitive_load,human_interpretable_layout,1
visual_attributes,cognitive_load,imaging_seems_arbitrary,1
visual_attributes,cognitive_load,impossible_to_interpret,1
visual_attributes,cognitive_load,increased_cognitive_load,1
visual_attributes,cognitive_load,increased_processing_demand,1
visual_attributes,cognitive_load,increases_interpretive_difficulty,1
visual_attributes,cognitive_load,information_hard_to_extract,1
visual_attributes,cognitive_load,instantly_increases_complexity,1
visual_attributes,cognitive_load,instantly_interpretable,1
visual_attributes,cognitive_load,interpretive_uncertainty_present,1
visual_attributes,cognitive_load,intuitive_graph_understanding,1
visual_attributes,cognitive_load,lacks_interpretive_context,1
visual_attributes,cognitive_load,less_clear_at_glance,1
visual_attributes,cognitive_load,less_clear_information,1
visual_attributes,cognitive_load,less_intuitive_overall,1
visual_attributes,cognitive_load,less_simple_overall,1
visual_attributes,cognitive_load,less_time_consuming,1
visual_attributes,cognitive_load,logical_to_read,1
visual_attributes,cognitive_load,longer_to_understand,1
visual_attributes,cognitive_load,low_cognitive_effort,1
visual_attributes,cognitive_load,low_perceived_complexity,1
visual_attributes,cognitive_load,low_visual_demand,1
visual_attributes,cognitive_load,meaning_not_apparent,1
visual_attributes,cognitive_load,meaning_not_interpretable,1
visual_attributes,cognitive_load,meaning_unclear,1
visual_attributes,cognitive_load,mentally_taxing_to_interpret,1
visual_attributes,cognitive_load,minimal_attention_needed,1
visual_attributes,cognitive_load,more_complicated_overall,1
visual_attributes,cognitive_load,more_difficult_to_understand,1
visual_attributes,cognitive_load,more_factors_to_consider,1
visual_attributes,cognitive_load,more_time_to_understand,1
visual_attributes,cognitive_load,more_to_understand,1
visual_attributes,cognitive_load,needs_intense_study,1
visual_attributes,cognitive_load,needs_much_reading,1
visual_attributes,cognitive_load,no_clear_indication_of_content,1
visual_attributes,cognitive_load,no_discernible_pattern,1
visual_attributes,cognitive_load,no_written_information,1
visual_attributes,cognitive_load,non_intuitive_representation,1
visual_attributes,cognitive_load,not_easily_decipherable,1
visual_attributes,cognitive_load,not_easily_understood,1
visual_attributes,cognitive_load,not_intuitive,1
visual_attributes,cognitive_load,not_intuitive_to_interpret,1
visual_attributes,cognitive_load,not_overly_complicated,1
visual_attributes,cognitive_load,not_straight_to_point,1
visual_attributes,cognitive_load,not_understandable_at_all,1
visual_attributes,cognitive_load,nothing_clearly_interpretable,1
visual_attributes,cognitive_load,nothing_clearly_readable,1
visual_attributes,cognitive_load,nothing_is_understood,1
visual_attributes,cognitive_load,nuanced_data_content,1
visual_attributes,cognitive_load,numbers_do_not_make_sense,1
visual_attributes,cognitive_load,numbers_lack_meaning,1
visual_attributes,cognitive_load,only_for_trained_eyes,1
visual_attributes,cognitive_load,overall_confusing,1
visual_attributes,cognitive_load,overall_confusing_layout,1
visual_attributes,cognitive_load,overall_easier_to_understand,1
visual_attributes,cognitive_load,overall_more_complex_to_understand,1
visual_attributes,cognitive_load,overall_more_complicated,1
visual_attributes,cognitive_load,pattern_not_understandable,1
visual_attributes,cognitive_load,pattern_search_required,1
visual_attributes,cognitive_load,pretty_self_explanatory,1
visual_attributes,cognitive_load,provides_necessary_context,1
visual_attributes,cognitive_load,provokes_thought_and_understanding,1
visual_attributes,cognitive_load,purpose_unclear,1
visual_attributes,cognitive_load,quicker_easier_to_process,1
visual_attributes,cognitive_load,quickly_interpretable,1
visual_attributes,cognitive_load,quickly_interpretable_content,1
visual_attributes,cognitive_load,quickly_interpreted_meaning,1
visual_attributes,cognitive_load,rapidly_interpretable_message,1
visual_attributes,cognitive_load,readable_relationships,1
visual_attributes,cognitive_load,reading_data_more_difficult,1
visual_attributes,cognitive_load,recognizable_visual_schema,1
visual_attributes,cognitive_load,reduces_comprehension_effort,1
visual_attributes,cognitive_load,requires_analysis_to_interpret,1
visual_attributes,cognitive_load,requires_concentration,1
visual_attributes,cognitive_load,requires_contextual_evaluation,1
visual_attributes,cognitive_load,requires_detailed_analysis,1
visual_attributes,cognitive_load,requires_extended_analysis,1
visual_attributes,cognitive_load,requires_extended_decoding,1
visual_attributes,cognitive_load,requires_extended_viewing,1
visual_attributes,cognitive_load,requires_extra_cognitive_effort,1
visual_attributes,cognitive_load,requires_extra_effort,1
visual_attributes,cognitive_load,requires_extra_processing_time,1
visual_attributes,cognitive_load,requires_focused_attention,1
visual_attributes,cognitive_load,requires_focused_interpretation,1
visual_attributes,cognitive_load,requires_graphical_inference,1
visual_attributes,cognitive_load,requires_individual_reading,1
visual_attributes,cognitive_load,requires_interpretation_effort,1
visual_attributes,cognitive_load,requires_long_interpretation_time,1
visual_attributes,cognitive_load,requires_longer_assimilation,1
visual_attributes,cognitive_load,requires_longer_processing,1
visual_attributes,cognitive_load,requires_more_interpretation,1
visual_attributes,cognitive_load,requires_more_processing_time,1
visual_attributes,cognitive_load,requires_more_thinking,1
visual_attributes,cognitive_load,requires_squinting_to_understand,1
visual_attributes,cognitive_load,requires_time_to_understand,1
visual_attributes,cognitive_load,resembles_picture_not_chart,1
visual_attributes,cognitive_load,self_explanatory_layout,1
visual_attributes,cognitive_load,simple_overall_design,1
visual_attributes,cognitive_load,simple_overall_structure,1
visual_attributes,cognitive_load,simple_to_grasp,1
visual_attributes,cognitive_load,slow_to_process,1
visual_attributes,cognitive_load,straightforward_and_concise,1
visual_attributes,cognitive_load,straightforward_shape,1
visual_attributes,cognitive_load,straightforward_to_interpret,1
visual_attributes,cognitive_load,straightforward_to_process,1
visual_attributes,cognitive_load,summarizes_at_glance,1
visual_attributes,cognitive_load,supports_data_analysis,1
visual_attributes,cognitive_load,takes_longer_to_understand,1
visual_attributes,cognitive_load,takes_more_time_to_understand,1
visual_attributes,cognitive_load,temporal_comparison_required,1
visual_attributes,cognitive_load,text_aids_interpretation,1
visual_attributes,cognitive_load,too_much_information,1
visual_attributes,cognitive_load,too_much_to_remember,1
visual_attributes,cognitive_load,took_longer_to_understand,1
visual_attributes,cognitive_load,tough_to_identify,1
visual_attributes,cognitive_load,unable_to_sort_elements,1
visual_attributes,cognitive_load,uncertain_image_selection,1
visual_attributes,cognitive_load,unclear_conveyed_message,1
visual_attributes,cognitive_load,unclear_data_message,1
visual_attributes,cognitive_load,unclear_design_purpose,1
visual_attributes,cognitive_load,unclear_encoding,1
visual_attributes,cognitive_load,unclear_focal_point,1
visual_attributes,cognitive_load,unclear_message,1
visual_attributes,cognitive_load,unclear_overall_interpretation,1
visual_attributes,cognitive_load,unclear_portrayed_subject,1
visual_attributes,cognitive_load,unclear_purpose,1
visual_attributes,cognitive_load,unclear_purpose_or_use,1
visual_attributes,cognitive_load,unclear_visual_content,1
visual_attributes,cognitive_load,unclear_visual_presentation,1
visual_attributes,cognitive_load,unclear_visual_purpose,1
visual_attributes,cognitive_load,unclear_visualization_purpose,1
visual_attributes,cognitive_load,unclear_what_displayed,1
visual_attributes,cognitive_load,understand_at_a_glance,1
visual_attributes,cognitive_load,understand_easily_what_about,1
visual_attributes,cognitive_load,understandable_content,1
visual_attributes,cognitive_load,understandable_visual,1
visual_attributes,cognitive_load,unfamiliar_chart_type,1
visual_attributes,cognitive_load,unfamiliar_visualization_type,1
visual_attributes,cognitive_load,universally_familiar_format,1
visual_attributes,cognitive_load,unknown_how_to_read,1
visual_attributes,cognitive_load,unlikely_to_interpret,1
visual_attributes,cognitive_load,unsure_where_to_start,1
visual_attributes,cognitive_load,very_complex_to_process,1
visual_attributes,cognitive_load,very_confusing_appearance,1
visual_attributes,cognitive_load,very_low_complexity,1
visual_attributes,cognitive_load,virtually_impossible_to_decipher,1
visual_attributes,cognitive_load,words_easier_to_understand,1
visual_attributes,color_symbol_texture,multiple_colors_used,20
visual_attributes,color_symbol_texture,multiple_colors_present,18
visual_attributes,color_symbol_texture,high_color_variety,7
visual_attributes,color_symbol_texture,more_colors_used,6
visual_attributes,color_symbol_texture,different_colors_used,5
visual_attributes,color_symbol_texture,high_color_contrast,4
visual_attributes,color_symbol_texture,many_colors_used,4
visual_attributes,color_symbol_texture,multiple_different_colors,4
visual_attributes,color_symbol_texture,too_many_colors,4
visual_attributes,color_symbol_texture,black_and_white_only,3
visual_attributes,color_symbol_texture,different_colors_present,3
visual_attributes,color_symbol_texture,many_colors_present,3
visual_attributes,color_symbol_texture,adds_visual_complexity,2
visual_attributes,color_symbol_texture,color_coding_present,2
visual_attributes,color_symbol_texture,color_variation_present,2
visual_attributes,color_symbol_texture,high_contrast_marks,2
visual_attributes,color_symbol_texture,high_visual_contrast,2
visual_attributes,color_symbol_texture,limited_color_range,2
visual_attributes,color_symbol_texture,many_different_colors,2
visual_attributes,color_symbol_texture,more_colors_present,2
visual_attributes,color_symbol_texture,multiple_distinct_colors,2
visual_attributes,color_symbol_texture,only_two_colors_used,2
visual_attributes,color_symbol_texture,poor_color_choices,2
visual_attributes,color_symbol_texture,varied_color_usage,2
visual_attributes,color_symbol_texture,varied_shapes_present,2
visual_attributes,color_symbol_texture,aids_readability,1
visual_attributes,color_symbol_texture,all_colors_very_different,1
visual_attributes,color_symbol_texture,ambiguous_colors_used,1
visual_attributes,color_symbol_texture,appealing_color_choices,1
visual_attributes,color_symbol_texture,bad_contrast_color_choice,1
visual_attributes,color_symbol_texture,black_color_present,1
visual_attributes,color_symbol_texture,black_to_white_transition,1
visual_attributes,color_symbol_texture,blue_colored,1
visual_attributes,color_symbol_texture,blue_colored_box,1
visual_attributes,color_symbol_texture,blue_colored_squares,1
visual_attributes,color_symbol_texture,bold_color_usage,1
visual_attributes,color_symbol_texture,bold_colors_used,1
visual_attributes,color_symbol_texture,boring_color_choice,1
visual_attributes,color_symbol_texture,bright_vivid_colors,1
visual_attributes,color_symbol_texture,brighter_colors,1
visual_attributes,color_symbol_texture,challenging_to_identify,1
visual_attributes,color_symbol_texture,clear_color_difference,1
visual_attributes,color_symbol_texture,clear_color_differentiation,1
visual_attributes,color_symbol_texture,clearer_distinct_colors,1
visual_attributes,color_symbol_texture,color_adds_complexity,1
visual_attributes,color_symbol_texture,color_choice_complex,1
visual_attributes,color_symbol_texture,color_coded_separation,1
visual_attributes,color_symbol_texture,color_encoding_used,1
visual_attributes,color_symbol_texture,color_meaning_unclear,1
visual_attributes,color_symbol_texture,color_meaning_undefined,1
visual_attributes,color_symbol_texture,color_scale_encoding,1
visual_attributes,color_symbol_texture,color_shades_vary,1
visual_attributes,color_symbol_texture,colored_graphic_chart,1
visual_attributes,color_symbol_texture,colored_within_shape,1
visual_attributes,color_symbol_texture,colorful_appearance,1
visual_attributes,color_symbol_texture,colors_aid_interpretation,1
visual_attributes,color_symbol_texture,colors_aid_recognition,1
visual_attributes,color_symbol_texture,colors_carry_no_meaning,1
visual_attributes,color_symbol_texture,colors_convey_meaning,1
visual_attributes,color_symbol_texture,colors_hard_to_distinguish,1
visual_attributes,color_symbol_texture,colors_involved,1
visual_attributes,color_symbol_texture,colors_more_appealing,1
visual_attributes,color_symbol_texture,colors_represent_groups,1
visual_attributes,color_symbol_texture,colors_too_similar,1
visual_attributes,color_symbol_texture,complex_color_arrangement,1
visual_attributes,color_symbol_texture,complex_color_scheme,1
visual_attributes,color_symbol_texture,confusing_color_variety,1
visual_attributes,color_symbol_texture,contrasting_color_scheme,1
visual_attributes,color_symbol_texture,contrasting_patterns,1
visual_attributes,color_symbol_texture,contributes_to_complexity,1
visual_attributes,color_symbol_texture,dark_and_black_coloring,1
visual_attributes,color_symbol_texture,dark_coloring,1
visual_attributes,color_symbol_texture,dark_green_color,1
visual_attributes,color_symbol_texture,dark_green_color_used,1
visual_attributes,color_symbol_texture,darker_tone,1
visual_attributes,color_symbol_texture,different_shades_of_orange,1
visual_attributes,color_symbol_texture,different_shades_used,1
visual_attributes,color_symbol_texture,difficult_to_tell_apart,1
visual_attributes,color_symbol_texture,discordant_color_choice,1
visual_attributes,color_symbol_texture,distinct_color_hues,1
visual_attributes,color_symbol_texture,distinct_color_separation,1
visual_attributes,color_symbol_texture,distinct_color_variety,1
visual_attributes,color_symbol_texture,distinct_colors_used,1
visual_attributes,color_symbol_texture,distinguished_distinctive_colors,1
visual_attributes,color_symbol_texture,dull_and_blended_colors,1
visual_attributes,color_symbol_texture,easily_recognizable_symbols,1
visual_attributes,color_symbol_texture,excessive_color_count,1
visual_attributes,color_symbol_texture,few_colors_used,1
visual_attributes,color_symbol_texture,fully_saturated_palette,1
visual_attributes,color_symbol_texture,good_color_choices,1
visual_attributes,color_symbol_texture,gradient_color_encoding,1
visual_attributes,color_symbol_texture,gradient_color_transition,1
visual_attributes,color_symbol_texture,graphic_legend_missing,1
visual_attributes,color_symbol_texture,green_color_present,1
visual_attributes,color_symbol_texture,grouped_by_color,1
visual_attributes,color_symbol_texture,hard_to_identify_colors,1
visual_attributes,color_symbol_texture,high_color_intensity,1
visual_attributes,color_symbol_texture,high_color_saturation,1
visual_attributes,color_symbol_texture,high_color_variability,1
visual_attributes,color_symbol_texture,high_color_variation,1
visual_attributes,color_symbol_texture,high_contrast_coloring,1
visual_attributes,color_symbol_texture,high_contrast_level,1
visual_attributes,color_symbol_texture,high_number_of_colors,1
visual_attributes,color_symbol_texture,higher_contrast_colors,1
visual_attributes,color_symbol_texture,identical_colors_both_sides,1
visual_attributes,color_symbol_texture,increased_color_variety,1
visual_attributes,color_symbol_texture,increases_perceived_complexity,1
visual_attributes,color_symbol_texture,insufficient_color_variety,1
visual_attributes,color_symbol_texture,insufficient_contrast,1
visual_attributes,color_symbol_texture,intense_colors,1
visual_attributes,color_symbol_texture,less_color_variety,1
visual_attributes,color_symbol_texture,light_and_dark_contrast,1
visual_attributes,color_symbol_texture,limited_color_count,1
visual_attributes,color_symbol_texture,limited_color_segments,1
visual_attributes,color_symbol_texture,limited_color_variety,1
visual_attributes,color_symbol_texture,little_shade_variation,1
visual_attributes,color_symbol_texture,low_color_contrast,1
visual_attributes,color_symbol_texture,low_color_diversity,1
visual_attributes,color_symbol_texture,many_distinct_colors,1
visual_attributes,color_symbol_texture,many_unique_colors,1
visual_attributes,color_symbol_texture,meaning_unclear_to_viewer,1
visual_attributes,color_symbol_texture,mixed_color_variety,1
visual_attributes,color_symbol_texture,mixes_several_colors,1
visual_attributes,color_symbol_texture,monochrome_color_used,1
visual_attributes,color_symbol_texture,monochrome_palette,1
visual_attributes,color_symbol_texture,multicolored_encoding,1
visual_attributes,color_symbol_texture,multiple_blue_shades,1
visual_attributes,color_symbol_texture,multiple_color_codes,1
visual_attributes,color_symbol_texture,multiple_color_differences,1
visual_attributes,color_symbol_texture,multiple_color_keys_present,1
visual_attributes,color_symbol_texture,multiple_color_schemes,1
visual_attributes,color_symbol_texture,multiple_color_shades,1
visual_attributes,color_symbol_texture,multiple_color_variations,1
visual_attributes,color_symbol_texture,multiple_colors_distributed,1
visual_attributes,color_symbol_texture,multiple_colors_mixed,1
visual_attributes,color_symbol_texture,multiple_colors_same_area,1
visual_attributes,color_symbol_texture,multiple_different_shapes,1
visual_attributes,color_symbol_texture,multiple_unique_colors,1
visual_attributes,color_symbol_texture,multiple_unique_contrasts,1
visual_attributes,color_symbol_texture,multiple_unique_shapes,1
visual_attributes,color_symbol_texture,muted_colors_used,1
visual_attributes,color_symbol_texture,no_clear_color_scheme,1
visual_attributes,color_symbol_texture,no_color_difference,1
visual_attributes,color_symbol_texture,no_color_guide_present,1
visual_attributes,color_symbol_texture,no_colors_used,1
visual_attributes,color_symbol_texture,no_easy_color_distinction,1
visual_attributes,color_symbol_texture,no_more_than_three_colors,1
visual_attributes,color_symbol_texture,no_semantic_meaning,1
visual_attributes,color_symbol_texture,no_white_space,1
visual_attributes,color_symbol_texture,not_simple_color_wise,1
visual_attributes,color_symbol_texture,notable_color_differences,1
visual_attributes,color_symbol_texture,number_of_colors,1
visual_attributes,color_symbol_texture,number_of_colors_manageable,1
visual_attributes,color_symbol_texture,numerous_colors_used,1
visual_attributes,color_symbol_texture,only_black_color,1
visual_attributes,color_symbol_texture,only_two_main_colors,1
visual_attributes,color_symbol_texture,orange_color_complex,1
visual_attributes,color_symbol_texture,orange_colored_shapes,1
visual_attributes,color_symbol_texture,overly_colorful,1
visual_attributes,color_symbol_texture,poor_color_choice,1
visual_attributes,color_symbol_texture,poorly_contrasting_colors,1
visual_attributes,color_symbol_texture,present_and_complex,1
visual_attributes,color_symbol_texture,prominent_colors_present,1
visual_attributes,color_symbol_texture,prominent_red_coloring,1
visual_attributes,color_symbol_texture,purple_and_green_hues,1
visual_attributes,color_symbol_texture,random_color_usage,1
visual_attributes,color_symbol_texture,range_and_contrast_of_colors,1
visual_attributes,color_symbol_texture,range_of_colors_present,1
visual_attributes,color_symbol_texture,red_colored_boxes,1
visual_attributes,color_symbol_texture,red_green_meaning_unclear,1
visual_attributes,color_symbol_texture,same_color_used,1
visual_attributes,color_symbol_texture,same_shade_colors,1
visual_attributes,color_symbol_texture,segmented_color_regions,1
visual_attributes,color_symbol_texture,separate_color_scale,1
visual_attributes,color_symbol_texture,shading_increases_complexity,1
visual_attributes,color_symbol_texture,shading_present,1
visual_attributes,color_symbol_texture,similar_color_palette,1
visual_attributes,color_symbol_texture,similar_colors,1
visual_attributes,color_symbol_texture,similar_colors_used,1
visual_attributes,color_symbol_texture,similar_looking_colors,1
visual_attributes,color_symbol_texture,simple_coloring,1
visual_attributes,color_symbol_texture,simple_symbol_variety,1
visual_attributes,color_symbol_texture,single_color_only,1
visual_attributes,color_symbol_texture,single_color_used,1
visual_attributes,color_symbol_texture,soft_appealing_colors,1
visual_attributes,color_symbol_texture,soft_color_tones,1
visual_attributes,color_symbol_texture,striped_background_texture,1
visual_attributes,color_symbol_texture,strong_color_contrast,1
visual_attributes,color_symbol_texture,strongly_contrasting_colors,1
visual_attributes,color_symbol_texture,too_many_similar_colors,1
visual_attributes,color_symbol_texture,too_much_color,1
visual_attributes,color_symbol_texture,totally_arbitrary_color_application,1
visual_attributes,color_symbol_texture,two_color_dimensions,1
visual_attributes,color_symbol_texture,two_distinct_colors,1
visual_attributes,color_symbol_texture,unclear_color_differentiation,1
visual_attributes,color_symbol_texture,unclear_color_meaning,1
visual_attributes,color_symbol_texture,unclear_color_representation,1
visual_attributes,color_symbol_texture,unclear_color_value_meaning,1
visual_attributes,color_symbol_texture,undefined_color,1
visual_attributes,color_symbol_texture,uneven_color_distribution,1
visual_attributes,color_symbol_texture,use_of_color_aids_clarity,1
visual_attributes,color_symbol_texture,variation_in_color_shades,1
visual_attributes,color_symbol_texture,variations_of_shade,1
visual_attributes,color_symbol_texture,varied_color_distribution,1
visual_attributes,color_symbol_texture,varied_color_formats,1
visual_attributes,color_symbol_texture,varied_color_wording,1
visual_attributes,color_symbol_texture,varied_colors_present,1
visual_attributes,color_symbol_texture,varied_dot_colors,1
visual_attributes,color_symbol_texture,varied_number_of_shapes,1
visual_attributes,color_symbol_texture,varied_shape_types,1
visual_attributes,color_symbol_texture,varied_symbol_types,1
visual_attributes,color_symbol_texture,varied_vibrant_colors,1
visual_attributes,color_symbol_texture,variety_of_bright_colors,1
visual_attributes,color_symbol_texture,variety_of_colors,1
visual_attributes,color_symbol_texture,various_color_shades,1
visual_attributes,color_symbol_texture,various_colors_present,1
visual_attributes,color_symbol_texture,vast_colorization_use,1
visual_attributes,color_symbol_texture,very_weird_color,1
visual_attributes,color_symbol_texture,visually_harsh_colors,1
visual_attributes,color_symbol_texture,visually_stimulating_texture,1
visual_attributes,color_symbol_texture,weird_color_contrast,1
visual_attributes,color_symbol_texture,weird_color_palette,1
visual_attributes,color_symbol_texture,wide_color_range,1
visual_attributes,color_symbol_texture,wide_variety_of_colors,1
visual_attributes,color_symbol_texture,yellow_color_present,1
visual_attributes,data_density_clutter,high_information_volume,22
visual_attributes,data_density_clutter,high_data_volume,9
visual_attributes,data_density_clutter,high_detail_density,8
visual_attributes,data_density_clutter,multiple_lines_present,8
visual_attributes,data_density_clutter,high_information_density,4
visual_attributes,data_density_clutter,fine_detail_present,3
visual_attributes,data_density_clutter,high_element_count,3
visual_attributes,data_density_clutter,high_line_quantity,3
visual_attributes,data_density_clutter,high_quantity_of_points,3
visual_attributes,data_density_clutter,many_elements_present,3
visual_attributes,data_density_clutter,excessive_line_count,2
visual_attributes,data_density_clutter,few_lines_present,2
visual_attributes,data_density_clutter,high_data_point_count,2
visual_attributes,data_density_clutter,high_dot_quantity,2
visual_attributes,data_density_clutter,high_line_count,2
visual_attributes,data_density_clutter,high_point_count,2
visual_attributes,data_density_clutter,lots_of_information,2
visual_attributes,data_density_clutter,lots_of_variables,2
visual_attributes,data_density_clutter,low_detail_count,2
visual_attributes,data_density_clutter,many_visual_elements,2
visual_attributes,data_density_clutter,more_details_present,2
visual_attributes,data_density_clutter,multiple_data_points,2
visual_attributes,data_density_clutter,no_data_present,2
visual_attributes,data_density_clutter,numerous_intersections,2
visual_attributes,data_density_clutter,one_of_two_panels,2
visual_attributes,data_density_clutter,scattered_distribution,2
visual_attributes,data_density_clutter,too_many_elements,2
visual_attributes,data_density_clutter,too_many_variables,2
visual_attributes,data_density_clutter,all_dots_interconnected,1
visual_attributes,data_density_clutter,ambiguous_data_intersection,1
visual_attributes,data_density_clutter,amount_of_descriptive_text,1
visual_attributes,data_density_clutter,arranged_in_single_line,1
visual_attributes,data_density_clutter,assortment_of_bigger_boxes,1
visual_attributes,data_density_clutter,bidirectional_error_bars,1
visual_attributes,data_density_clutter,blank_content,1
visual_attributes,data_density_clutter,branching_nested_lines,1
visual_attributes,data_density_clutter,clustered_together,1
visual_attributes,data_density_clutter,cluttered_and_disordered,1
visual_attributes,data_density_clutter,cluttered_data_elements,1
visual_attributes,data_density_clutter,colors_densely_clustered,1
visual_attributes,data_density_clutter,complex_pattern,1
visual_attributes,data_density_clutter,concentrated_in_one_third,1
visual_attributes,data_density_clutter,contains_more_information,1
visual_attributes,data_density_clutter,conveys_more_data,1
visual_attributes,data_density_clutter,crossing_multiple_times,1
visual_attributes,data_density_clutter,darker_denser_area,1
visual_attributes,data_density_clutter,data_points_closely_spaced,1
visual_attributes,data_density_clutter,dense_cluster_of_elements,1
visual_attributes,data_density_clutter,dense_data_encoding,1
visual_attributes,data_density_clutter,dense_data_set,1
visual_attributes,data_density_clutter,dense_field_information,1
visual_attributes,data_density_clutter,dense_information_content,1
visual_attributes,data_density_clutter,dense_information_small_space,1
visual_attributes,data_density_clutter,dense_word_mixture,1
visual_attributes,data_density_clutter,densely_packed_arrangement,1
visual_attributes,data_density_clutter,densely_packed_content,1
visual_attributes,data_density_clutter,densely_packed_information,1
visual_attributes,data_density_clutter,distinct_regions_shown,1
visual_attributes,data_density_clutter,encodes_data_collection,1
visual_attributes,data_density_clutter,evenly_distributed_layout,1
visual_attributes,data_density_clutter,exact_values_displayed,1
visual_attributes,data_density_clutter,excessive_data_points,1
visual_attributes,data_density_clutter,excessive_data_volume,1
visual_attributes,data_density_clutter,excessive_information_volume,1
visual_attributes,data_density_clutter,excessive_point_count,1
visual_attributes,data_density_clutter,excessive_subplot_count,1
visual_attributes,data_density_clutter,excessively_detailed,1
visual_attributes,data_density_clutter,extra_arrows_present,1
visual_attributes,data_density_clutter,extra_peripheral_detail,1
visual_attributes,data_density_clutter,few_data_items,1
visual_attributes,data_density_clutter,few_data_points,1
visual_attributes,data_density_clutter,few_lines_joined,1
visual_attributes,data_density_clutter,few_or_no_data,1
visual_attributes,data_density_clutter,few_or_no_data_points,1
visual_attributes,data_density_clutter,few_square_elements,1
visual_attributes,data_density_clutter,fewer_data_points,1
visual_attributes,data_density_clutter,fewer_visual_items,1
visual_attributes,data_density_clutter,fifteen_separate_figures,1
visual_attributes,data_density_clutter,finer_intricate_details,1
visual_attributes,data_density_clutter,four_distinct_centers,1
visual_attributes,data_density_clutter,full_map_coverage,1
visual_attributes,data_density_clutter,granular_information_depth,1
visual_attributes,data_density_clutter,grid_adds_visual_clutter,1
visual_attributes,data_density_clutter,hard_to_discern_individually,1
visual_attributes,data_density_clutter,hard_to_distinguish_points,1
visual_attributes,data_density_clutter,high_amount_of_details,1
visual_attributes,data_density_clutter,high_amount_of_items,1
visual_attributes,data_density_clutter,high_bar_count,1
visual_attributes,data_density_clutter,high_connection_count,1
visual_attributes,data_density_clutter,high_data_variation,1
visual_attributes,data_density_clutter,high_detail_level,1
visual_attributes,data_density_clutter,high_detail_volume,1
visual_attributes,data_density_clutter,high_dot_count,1
visual_attributes,data_density_clutter,high_element_quantity,1
visual_attributes,data_density_clutter,high_entity_count,1
visual_attributes,data_density_clutter,high_image_count,1
visual_attributes,data_density_clutter,high_information_processing_effort,1
visual_attributes,data_density_clutter,high_ink_density,1
visual_attributes,data_density_clutter,high_item_count,1
visual_attributes,data_density_clutter,high_item_quantity,1
visual_attributes,data_density_clutter,high_number_of_details,1
visual_attributes,data_density_clutter,high_number_of_elements,1
visual_attributes,data_density_clutter,high_number_of_shapes,1
visual_attributes,data_density_clutter,high_object_count,1
visual_attributes,data_density_clutter,high_overlap_density,1
visual_attributes,data_density_clutter,high_physical_content,1
visual_attributes,data_density_clutter,high_point_density,1
visual_attributes,data_density_clutter,high_quantity_boxes,1
visual_attributes,data_density_clutter,high_quantity_of_shapes,1
visual_attributes,data_density_clutter,high_quantity_of_squares,1
visual_attributes,data_density_clutter,high_shape_quantity,1
visual_attributes,data_density_clutter,high_subject_count,1
visual_attributes,data_density_clutter,high_visual_activity,1
visual_attributes,data_density_clutter,high_visual_clutter,1
visual_attributes,data_density_clutter,high_visual_detail,1
visual_attributes,data_density_clutter,high_volume_of_details,1
visual_attributes,data_density_clutter,high_volume_of_information,1
visual_attributes,data_density_clutter,high_word_count,1
visual_attributes,data_density_clutter,immense_detail_present,1
visual_attributes,data_density_clutter,increase_decrease_points,1
visual_attributes,data_density_clutter,information_over_many_years,1
visual_attributes,data_density_clutter,intersecting_and_crossing,1
visual_attributes,data_density_clutter,involves_numbers,1
visual_attributes,data_density_clutter,items_in_close_proximity,1
visual_attributes,data_density_clutter,lacks_detail,1
visual_attributes,data_density_clutter,lacks_informational_detail,1
visual_attributes,data_density_clutter,large_amount_of_shapes,1
visual_attributes,data_density_clutter,large_data_volume,1
visual_attributes,data_density_clutter,large_information_volume,1
visual_attributes,data_density_clutter,large_key_present,1
visual_attributes,data_density_clutter,large_number_of_items,1
visual_attributes,data_density_clutter,large_quantity_of_circles,1
visual_attributes,data_density_clutter,large_quantity_of_cubes,1
visual_attributes,data_density_clutter,larger_dataset_size,1
visual_attributes,data_density_clutter,legend_present,1
visual_attributes,data_density_clutter,less_blank_space,1
visual_attributes,data_density_clutter,less_details_present,1
visual_attributes,data_density_clutter,less_information_present,1
visual_attributes,data_density_clutter,limited_data_volume,1
visual_attributes,data_density_clutter,limited_node_count,1
visual_attributes,data_density_clutter,limited_to_two_points,1
visual_attributes,data_density_clutter,links_between_points,1
visual_attributes,data_density_clutter,logically_structured_values,1
visual_attributes,data_density_clutter,lot_of_details,1
visual_attributes,data_density_clutter,lots_of_details,1
visual_attributes,data_density_clutter,lots_of_numbers,1
visual_attributes,data_density_clutter,lots_of_regions,1
visual_attributes,data_density_clutter,low_information_density,1
visual_attributes,data_density_clutter,low_number_of_points,1
visual_attributes,data_density_clutter,low_object_count,1
visual_attributes,data_density_clutter,low_visual_activity,1
visual_attributes,data_density_clutter,manageable_information_volume,1
visual_attributes,data_density_clutter,manageable_object_count,1
visual_attributes,data_density_clutter,many_data_aspects_present,1
visual_attributes,data_density_clutter,many_data_items,1
visual_attributes,data_density_clutter,many_data_points,1
visual_attributes,data_density_clutter,many_data_points_present,1
visual_attributes,data_density_clutter,many_different_elements,1
visual_attributes,data_density_clutter,many_different_species,1
visual_attributes,data_density_clutter,many_elements_intermingled,1
visual_attributes,data_density_clutter,many_elements_same_area,1
visual_attributes,data_density_clutter,many_graphs_present,1
visual_attributes,data_density_clutter,many_individual_dots,1
visual_attributes,data_density_clutter,many_individual_elements,1
visual_attributes,data_density_clutter,many_lines_of_text,1
visual_attributes,data_density_clutter,many_lines_present,1
visual_attributes,data_density_clutter,many_nodes_present,1
visual_attributes,data_density_clutter,many_results_displayed,1
visual_attributes,data_density_clutter,many_shapes_present,1
visual_attributes,data_density_clutter,many_similar_instances,1
visual_attributes,data_density_clutter,many_small_details,1
visual_attributes,data_density_clutter,minimal_interactions,1
visual_attributes,data_density_clutter,more_data_points,1
visual_attributes,data_density_clutter,more_details_included,1
visual_attributes,data_density_clutter,more_distinct_areas,1
visual_attributes,data_density_clutter,more_elements_present,1
visual_attributes,data_density_clutter,more_information_present,1
visual_attributes,data_density_clutter,more_points_present,1
visual_attributes,data_density_clutter,more_text_present,1
visual_attributes,data_density_clutter,more_unrelated_data_elements,1
visual_attributes,data_density_clutter,more_visual_elements,1
visual_attributes,data_density_clutter,much_more_data,1
visual_attributes,data_density_clutter,much_more_detailed,1
visual_attributes,data_density_clutter,multiple_box_elements,1
visual_attributes,data_density_clutter,multiple_charts_present,1
visual_attributes,data_density_clutter,multiple_circles_present,1
visual_attributes,data_density_clutter,multiple_continents_shown,1
visual_attributes,data_density_clutter,multiple_copies_present,1
visual_attributes,data_density_clutter,multiple_countries_regions,1
visual_attributes,data_density_clutter,multiple_countries_shown,1
visual_attributes,data_density_clutter,multiple_crop_categories,1
visual_attributes,data_density_clutter,multiple_different_sizes,1
visual_attributes,data_density_clutter,multiple_distinct_components,1
visual_attributes,data_density_clutter,multiple_entity_types,1
visual_attributes,data_density_clutter,multiple_features_present,1
visual_attributes,data_density_clutter,multiple_figures_present,1
visual_attributes,data_density_clutter,multiple_graphic_elements,1
visual_attributes,data_density_clutter,multiple_graphs_present,1
visual_attributes,data_density_clutter,multiple_horizontal_lines,1
visual_attributes,data_density_clutter,multiple_icons_present,1
visual_attributes,data_density_clutter,multiple_image_panels,1
visual_attributes,data_density_clutter,multiple_images_present,1
visual_attributes,data_density_clutter,multiple_info_types,1
visual_attributes,data_density_clutter,multiple_information_points,1
visual_attributes,data_density_clutter,multiple_information_types,1
visual_attributes,data_density_clutter,multiple_interacting_data_bits,1
visual_attributes,data_density_clutter,multiple_lineages_present,1
visual_attributes,data_density_clutter,multiple_lines_intersecting,1
visual_attributes,data_density_clutter,multiple_links_present,1
visual_attributes,data_density_clutter,multiple_overlapping_lines,1
visual_attributes,data_density_clutter,multiple_plots_present,1
visual_attributes,data_density_clutter,multiple_points_of_interest,1
visual_attributes,data_density_clutter,multiple_precise_components,1
visual_attributes,data_density_clutter,multiple_separate_charts,1
visual_attributes,data_density_clutter,multiple_statistics_present,1
visual_attributes,data_density_clutter,multiple_variables_present,1
visual_attributes,data_density_clutter,multiple_visual_elements,1
visual_attributes,data_density_clutter,multiple_words_present,1
visual_attributes,data_density_clutter,multitude_of_differing_information,1
visual_attributes,data_density_clutter,multitude_of_observations,1
visual_attributes,data_density_clutter,multitude_of_routes,1
visual_attributes,data_density_clutter,no_complex_elements,1
visual_attributes,data_density_clutter,no_graph_metrics_present,1
visual_attributes,data_density_clutter,numerous_connecting_lines,1
visual_attributes,data_density_clutter,numerous_data_points,1
visual_attributes,data_density_clutter,numerous_figures_present,1
visual_attributes,data_density_clutter,numerous_isolated_marks,1
visual_attributes,data_density_clutter,numerous_lines_present,1
visual_attributes,data_density_clutter,numerous_numeric_values,1
visual_attributes,data_density_clutter,numerous_small_boxes,1
visual_attributes,data_density_clutter,numerous_vertical_lines,1
visual_attributes,data_density_clutter,objects_spread_over_area,1
visual_attributes,data_density_clutter,obscured_underlying_data,1
visual_attributes,data_density_clutter,only_four_data_points,1
visual_attributes,data_density_clutter,only_four_highlighted,1
visual_attributes,data_density_clutter,only_two_elements,1
visual_attributes,data_density_clutter,outnumber_dots,1
visual_attributes,data_density_clutter,overlapping_data_elements,1
visual_attributes,data_density_clutter,overlapping_data_points,1
visual_attributes,data_density_clutter,plethora_of_datapoints,1
visual_attributes,data_density_clutter,primarily_text_based,1
visual_attributes,data_density_clutter,provides_more_data_information,1
visual_attributes,data_density_clutter,rich_information_presented,1
visual_attributes,data_density_clutter,rich_visual_details,1
visual_attributes,data_density_clutter,scattered_all_over,1
visual_attributes,data_density_clutter,scattered_everywhere,1
visual_attributes,data_density_clutter,several_measurements_shown,1
visual_attributes,data_density_clutter,signal_noise_separation_hard,1
visual_attributes,data_density_clutter,simple_information,1
visual_attributes,data_density_clutter,simple_point_markers,1
visual_attributes,data_density_clutter,single_visual_element,1
visual_attributes,data_density_clutter,small_collection_three_dots,1
visual_attributes,data_density_clutter,small_detail_elements,1
visual_attributes,data_density_clutter,small_size,1
visual_attributes,data_density_clutter,small_visual_size,1
visual_attributes,data_density_clutter,smaller_icons_present,1
visual_attributes,data_density_clutter,sparse_data_elements,1
visual_attributes,data_density_clutter,sparse_dot_count,1
visual_attributes,data_density_clutter,spread_of_information,1
visual_attributes,data_density_clutter,spread_of_values_shown,1
visual_attributes,data_density_clutter,three_aspects_present,1
visual_attributes,data_density_clutter,too_many_circles,1
visual_attributes,data_density_clutter,too_many_data_points,1
visual_attributes,data_density_clutter,too_many_divisions,1
visual_attributes,data_density_clutter,too_many_lines,1
visual_attributes,data_density_clutter,too_many_moving_parts,1
visual_attributes,data_density_clutter,too_many_numbers,1
visual_attributes,data_density_clutter,too_many_sections,1
visual_attributes,data_density_clutter,too_many_spirals,1
visual_attributes,data_density_clutter,too_much_data,1
visual_attributes,data_density_clutter,too_much_information,1
visual_attributes,data_density_clutter,two_lines_present,1
visual_attributes,data_density_clutter,two_separate_lines,1
visual_attributes,data_density_clutter,uncluttered_layout,1
visual_attributes,data_density_clutter,varied_point_positions,1
visual_attributes,data_density_clutter,variety_of_data_within,1
visual_attributes,data_density_clutter,various_data_points,1
visual_attributes,data_density_clutter,varying_amounts,1
visual_attributes,data_density_clutter,very_few_data_points,1
visual_attributes,data_density_clutter,very_high_entry_count,1
visual_attributes,encoding_clarity,multiple_lines_present,4
visual_attributes,encoding_clarity,multiple_shape_types,4
visual_attributes,encoding_clarity,familiar_chart_type,3
visual_attributes,encoding_clarity,standard_axis_present,3
visual_attributes,encoding_clarity,ambiguous_shape_encoding,2
visual_attributes,encoding_clarity,complex_draw_style,2
visual_attributes,encoding_clarity,complex_shape_variety,2
visual_attributes,encoding_clarity,dual_axis_present,2
visual_attributes,encoding_clarity,hard_to_differentiate,2
visual_attributes,encoding_clarity,large_element_size,2
visual_attributes,encoding_clarity,line_graph_format,2
visual_attributes,encoding_clarity,multiple_distinct_shapes,2
visual_attributes,encoding_clarity,overlapping_lines_present,2
visual_attributes,encoding_clarity,present_in_chart,2
visual_attributes,encoding_clarity,simple_dot_marks,2
visual_attributes,encoding_clarity,structured_layout,2
visual_attributes,encoding_clarity,varied_shape_types,2
visual_attributes,encoding_clarity,variety_of_shapes,2
visual_attributes,encoding_clarity,visually_clear_layout,2
visual_attributes,encoding_clarity,absent_grid_lines,1
visual_attributes,encoding_clarity,abstract_visual_forms,1
visual_attributes,encoding_clarity,ambiguous_encoding,1
visual_attributes,encoding_clarity,ambiguous_spatial_location,1
visual_attributes,encoding_clarity,ambiguous_visual_encoding,1
visual_attributes,encoding_clarity,animal_shaped_marks,1
visual_attributes,encoding_clarity,apparent_flow_present,1
visual_attributes,encoding_clarity,arbitrary_irregular_links,1
visual_attributes,encoding_clarity,arranged_in_grid,1
visual_attributes,encoding_clarity,arranged_side_by_side,1
visual_attributes,encoding_clarity,axes_absent,1
visual_attributes,encoding_clarity,axis_absent,1
visual_attributes,encoding_clarity,axis_aids_orientation,1
visual_attributes,encoding_clarity,axis_present,1
visual_attributes,encoding_clarity,basic_simple_structure,1
visual_attributes,encoding_clarity,boundaries_visually_unclear,1
visual_attributes,encoding_clarity,cannot_understand_encoding,1
visual_attributes,encoding_clarity,cascading_visual_flow,1
visual_attributes,encoding_clarity,circles_of_various_sizes,1
visual_attributes,encoding_clarity,circular_chart_form,1
visual_attributes,encoding_clarity,circular_mark_present,1
visual_attributes,encoding_clarity,circular_marks_present,1
visual_attributes,encoding_clarity,clear_indications_present,1
visual_attributes,encoding_clarity,clear_information_presentation,1
visual_attributes,encoding_clarity,clear_recognizable_shape,1
visual_attributes,encoding_clarity,clearer_presentation,1
visual_attributes,encoding_clarity,clearly_delineated_regions,1
visual_attributes,encoding_clarity,complex_arrangement_of_shapes,1
visual_attributes,encoding_clarity,complex_branching_pattern,1
visual_attributes,encoding_clarity,complex_geographic_shapes,1
visual_attributes,encoding_clarity,complex_geometric_shapes,1
visual_attributes,encoding_clarity,complex_graph_design,1
visual_attributes,encoding_clarity,complex_graphical_form,1
visual_attributes,encoding_clarity,complex_grid_layout,1
visual_attributes,encoding_clarity,complex_grid_structure,1
visual_attributes,encoding_clarity,complex_irregular_shape,1
visual_attributes,encoding_clarity,complex_layout_structure,1
visual_attributes,encoding_clarity,complex_overall_shape,1
visual_attributes,encoding_clarity,complex_spatial_arrangement,1
visual_attributes,encoding_clarity,complex_visual_designs,1
visual_attributes,encoding_clarity,confusing_data_encoding,1
visual_attributes,encoding_clarity,creates_depth_illusion,1
visual_attributes,encoding_clarity,cross_at_bottom,1
visual_attributes,encoding_clarity,curve_lines_simple,1
visual_attributes,encoding_clarity,curve_seems_complex,1
visual_attributes,encoding_clarity,curved_line_marks,1
visual_attributes,encoding_clarity,dashed_box_present,1
visual_attributes,encoding_clarity,dashed_line_present,1
visual_attributes,encoding_clarity,data_easier_to_see,1
visual_attributes,encoding_clarity,data_in_different_format,1
visual_attributes,encoding_clarity,different_axis_types,1
visual_attributes,encoding_clarity,different_colors_distinguishable,1
visual_attributes,encoding_clarity,different_shapes_and_sizes,1
visual_attributes,encoding_clarity,different_size_circles,1
visual_attributes,encoding_clarity,different_sizes,1
visual_attributes,encoding_clarity,different_sizes_and_figures,1
visual_attributes,encoding_clarity,different_volume_encodings,1
visual_attributes,encoding_clarity,difficult_to_differentiate,1
visual_attributes,encoding_clarity,difficult_to_discern,1
visual_attributes,encoding_clarity,difficult_to_interpret,1
visual_attributes,encoding_clarity,difficult_to_read,1
visual_attributes,encoding_clarity,difficult_to_trace_paths,1
visual_attributes,encoding_clarity,discernible_pattern,1
visual_attributes,encoding_clarity,distinct_defined_shape,1
visual_attributes,encoding_clarity,distinct_recognizable_shapes,1
visual_attributes,encoding_clarity,dots_present,1
visual_attributes,encoding_clarity,dotted_line_marks,1
visual_attributes,encoding_clarity,each_box_significantly_different,1
visual_attributes,encoding_clarity,easier_to_compare,1
visual_attributes,encoding_clarity,easier_to_discern,1
visual_attributes,encoding_clarity,easy_to_compare,1
visual_attributes,encoding_clarity,easy_to_decipher,1
visual_attributes,encoding_clarity,easy_to_read_axis,1
visual_attributes,encoding_clarity,encodes_data_collection,1
visual_attributes,encoding_clarity,encodes_word_frequency,1
visual_attributes,encoding_clarity,excessive_shape_variety,1
visual_attributes,encoding_clarity,extends_horizontally,1
visual_attributes,encoding_clarity,familiar_circular_form,1
visual_attributes,encoding_clarity,fewer_axes_present,1
visual_attributes,encoding_clarity,four_axes_present,1
visual_attributes,encoding_clarity,four_separate_components,1
visual_attributes,encoding_clarity,graphic_like_appearance,1
visual_attributes,encoding_clarity,hard_to_discern,1
visual_attributes,encoding_clarity,hard_to_distinguish,1
visual_attributes,encoding_clarity,hard_to_read_shape,1
visual_attributes,encoding_clarity,hard_to_visualise,1
visual_attributes,encoding_clarity,harder_to_discern,1
visual_attributes,encoding_clarity,harder_to_interpret_axis,1
visual_attributes,encoding_clarity,high_detail_level,1
visual_attributes,encoding_clarity,high_shape_variety,1
visual_attributes,encoding_clarity,histogram_like_structure,1
visual_attributes,encoding_clarity,increases_visual_complexity,1
visual_attributes,encoding_clarity,indistinguishable_from_each_other,1
visual_attributes,encoding_clarity,information_spread_across_image,1
visual_attributes,encoding_clarity,intersecting_lines_present,1
visual_attributes,encoding_clarity,intricate_visual_structure,1
visual_attributes,encoding_clarity,irregular_form,1
visual_attributes,encoding_clarity,lacks_clear_form_structure,1
visual_attributes,encoding_clarity,lacks_clear_organization,1
visual_attributes,encoding_clarity,lacks_visual_clarity,1
visual_attributes,encoding_clarity,large_graphic_size,1
visual_attributes,encoding_clarity,large_spatial_footprint,1
visual_attributes,encoding_clarity,larger_size_encodes_higher_frequency,1
visual_attributes,encoding_clarity,layered_shapes_and_details,1
visual_attributes,encoding_clarity,layered_structure,1
visual_attributes,encoding_clarity,less_structural_organization,1
visual_attributes,encoding_clarity,less_uniform_shapes,1
visual_attributes,encoding_clarity,linear_arrangement,1
visual_attributes,encoding_clarity,lines_not_straightforward,1
visual_attributes,encoding_clarity,low_color_distinguishability,1
visual_attributes,encoding_clarity,low_discernibility,1
visual_attributes,encoding_clarity,magnification_effect_present,1
visual_attributes,encoding_clarity,many_box_elements,1
visual_attributes,encoding_clarity,many_visual_components,1
visual_attributes,encoding_clarity,many_visual_elements,1
visual_attributes,encoding_clarity,mixed_text_orientations,1
visual_attributes,encoding_clarity,mixed_with_charts,1
visual_attributes,encoding_clarity,more_forms_present,1
visual_attributes,encoding_clarity,more_graphic_content,1
visual_attributes,encoding_clarity,more_variability_shown,1
visual_attributes,encoding_clarity,multiple_axes,1
visual_attributes,encoding_clarity,multiple_axes_present,1
visual_attributes,encoding_clarity,multiple_boxes_present,1
visual_attributes,encoding_clarity,multiple_connecting_edges,1
visual_attributes,encoding_clarity,multiple_crossing_lines,1
visual_attributes,encoding_clarity,multiple_data_series,1
visual_attributes,encoding_clarity,multiple_different_axes,1
visual_attributes,encoding_clarity,multiple_different_bars,1
visual_attributes,encoding_clarity,multiple_different_shapes,1
visual_attributes,encoding_clarity,multiple_directions,1
visual_attributes,encoding_clarity,multiple_interconnecting_lines,1
visual_attributes,encoding_clarity,multiple_scale_lines,1
visual_attributes,encoding_clarity,multiple_shapes_present,1
visual_attributes,encoding_clarity,multiple_stick_elements,1
visual_attributes,encoding_clarity,no_apparent_directional_flow,1
visual_attributes,encoding_clarity,no_clear_visual_cutoff_points,1
visual_attributes,encoding_clarity,no_ordering_structure,1
visual_attributes,encoding_clarity,non_linear_arrangement,1
visual_attributes,encoding_clarity,non_linear_word_order,1
visual_attributes,encoding_clarity,non_organic_geometric_forms,1
visual_attributes,encoding_clarity,nonlinear_color_scale,1
visual_attributes,encoding_clarity,nothing_visible,1
visual_attributes,encoding_clarity,nuanced_visual_features,1
visual_attributes,encoding_clarity,objects_spread_across_space,1
visual_attributes,encoding_clarity,odd_irregular_shapes,1
visual_attributes,encoding_clarity,only_dots_present,1
visual_attributes,encoding_clarity,ordered_arrangement,1
visual_attributes,encoding_clarity,organized_structure,1
visual_attributes,encoding_clarity,oval_shaped_form,1
visual_attributes,encoding_clarity,overlapping_lines,1
visual_attributes,encoding_clarity,paths_diverge_and_overlap,1
visual_attributes,encoding_clarity,pictorial_world_element,1
visual_attributes,encoding_clarity,pixelated_appearance,1
visual_attributes,encoding_clarity,pointing_in_different_directions,1
visual_attributes,encoding_clarity,poor_element_organization,1
visual_attributes,encoding_clarity,precise_line_intensity,1
visual_attributes,encoding_clarity,precise_line_thickness,1
visual_attributes,encoding_clarity,provides_value_reference,1
visual_attributes,encoding_clarity,random_like_movement,1
visual_attributes,encoding_clarity,random_like_shapes,1
visual_attributes,encoding_clarity,randomly_placed_elements,1
visual_attributes,encoding_clarity,ranked_ordering_present,1
visual_attributes,encoding_clarity,recognizable_country_shapes,1
visual_attributes,encoding_clarity,recognizable_pattern_structure,1
visual_attributes,encoding_clarity,relatively_clear_layout,1
visual_attributes,encoding_clarity,rendered_as_individual_lines,1
visual_attributes,encoding_clarity,represent_different_quantities,1
visual_attributes,encoding_clarity,rotated_word_orientations,1
visual_attributes,encoding_clarity,round_shape,1
visual_attributes,encoding_clarity,scale_adds_complexity,1
visual_attributes,encoding_clarity,scaled_by_numbers,1
visual_attributes,encoding_clarity,shape_variety_aids_reading,1
visual_attributes,encoding_clarity,shapes_aid_interpretation,1
visual_attributes,encoding_clarity,shapes_more_complex,1
visual_attributes,encoding_clarity,shapes_represent_subsets,1
visual_attributes,encoding_clarity,similar_box_sizes,1
visual_attributes,encoding_clarity,simple_chart_type,1
visual_attributes,encoding_clarity,simple_circular_form,1
visual_attributes,encoding_clarity,simple_mark_type,1
visual_attributes,encoding_clarity,simple_measurement_indicator,1
visual_attributes,encoding_clarity,simple_node_markers,1
visual_attributes,encoding_clarity,simple_point_marks,1
visual_attributes,encoding_clarity,simple_repeating_patterns,1
visual_attributes,encoding_clarity,simple_straight_line,1
visual_attributes,encoding_clarity,simplifies_structure,1
visual_attributes,encoding_clarity,single_link_present,1
visual_attributes,encoding_clarity,single_shape_type,1
visual_attributes,encoding_clarity,size_grows_small,1
visual_attributes,encoding_clarity,size_mismatches_values,1
visual_attributes,encoding_clarity,size_variations_present,1
visual_attributes,encoding_clarity,size_varies_small_to_large,1
visual_attributes,encoding_clarity,small_and_sparse,1
visual_attributes,encoding_clarity,small_box_indicators,1
visual_attributes,encoding_clarity,small_fine_details,1
visual_attributes,encoding_clarity,small_table_size,1
visual_attributes,encoding_clarity,smaller_size_encodes_lower_frequency,1
visual_attributes,encoding_clarity,smooth_continuous_curves,1
visual_attributes,encoding_clarity,spatial_complexity,1
visual_attributes,encoding_clarity,spatial_organization_complex,1
visual_attributes,encoding_clarity,spatially_complex_layout,1
visual_attributes,encoding_clarity,spread_around,1
visual_attributes,encoding_clarity,straight_line_encoding,1
visual_attributes,encoding_clarity,straight_line_paths,1
visual_attributes,encoding_clarity,straightforward_encoding,1
visual_attributes,encoding_clarity,straightforward_line_paths,1
visual_attributes,encoding_clarity,straightforward_spatial_encoding,1
visual_attributes,encoding_clarity,straightforward_x_axis,1
visual_attributes,encoding_clarity,stretched_differently,1
visual_attributes,encoding_clarity,tabular_structure,1
visual_attributes,encoding_clarity,text_arrangement_complex,1
visual_attributes,encoding_clarity,tidy_organized_layout,1
visual_attributes,encoding_clarity,time_scale_present,1
visual_attributes,encoding_clarity,tiny_image_layout,1
visual_attributes,encoding_clarity,too_many_shapes,1
visual_attributes,encoding_clarity,transitioning_to_rectangular,1
visual_attributes,encoding_clarity,two_axes_only,1
visual_attributes,encoding_clarity,two_axes_present,1
visual_attributes,encoding_clarity,unclear_encoding,1
visual_attributes,encoding_clarity,undefined_shape,1
visual_attributes,encoding_clarity,unidentifiable_elements,1
visual_attributes,encoding_clarity,unique_data_point_present,1
visual_attributes,encoding_clarity,unique_visual_form,1
visual_attributes,encoding_clarity,unrecognizable_visual_encoding,1
visual_attributes,encoding_clarity,unusual_shading_technique,1
visual_attributes,encoding_clarity,upwards_trend_visible,1
visual_attributes,encoding_clarity,values_placed_in_middle,1
visual_attributes,encoding_clarity,values_separated_by_color,1
visual_attributes,encoding_clarity,variable_letter_size,1
visual_attributes,encoding_clarity,varied_element_sizes,1
visual_attributes,encoding_clarity,varied_shape_marks,1
visual_attributes,encoding_clarity,varied_visual_encoding,1
visual_attributes,encoding_clarity,varied_word_sizes,1
visual_attributes,encoding_clarity,various_geometrical_shapes,1
visual_attributes,encoding_clarity,various_shape_types,1
visual_attributes,encoding_clarity,vary_in_length,1
visual_attributes,encoding_clarity,varying_circle_sizes,1
visual_attributes,encoding_clarity,varying_font_sizes,1
visual_attributes,encoding_clarity,varying_line_thickness,1
visual_attributes,encoding_clarity,varying_size_of_shapes,1
visual_attributes,encoding_clarity,varying_sizes,1
visual_attributes,encoding_clarity,varying_word_sizes,1
visual_attributes,encoding_clarity,vertical_orientation,1
visual_attributes,encoding_clarity,visible_line_movement,1
visual_attributes,encoding_clarity,visible_repeating_pattern,1
visual_attributes,encoding_clarity,visual_elements_relatively_simple,1
visual_attributes,encoding_clarity,visual_image_elements_present,1
visual_attributes,encoding_clarity,visually_confusing_lines,1
visual_attributes,encoding_clarity,visually_unclear_encoding,1
visual_attributes,encoding_clarity,wavy_irregular_shape,1
visual_attributes,encoding_clarity,well_spread_information,1
visual_attributes,encoding_clarity,x_and_y_axes_present,1
visual_attributes,encoding_clarity,x_and_y_axis_present,1
visual_attributes,encoding_clarity,x_and_y_scales_present,1
visual_attributes,encoding_clarity,x_position_encoding,1
visual_attributes,encoding_clarity,y_position_encoding,1
visual_attributes,encoding_clarity,zoomed_in_region,1
visual_attributes,schema_familiarity,requires_domain_knowledge,6
visual_attributes,schema_familiarity,familiar_map_format,5
visual_attributes,schema_familiarity,three_dimensional_structure,4
visual_attributes,schema_familiarity,complex_presentation_logic,2
visual_attributes,schema_familiarity,requires_specialized_knowledge,2
visual_attributes,schema_familiarity,unfamiliar_chart_type,2
visual_attributes,schema_familiarity,2d_geometric_forms,1
visual_attributes,schema_familiarity,abstract_painting_appearance,1
visual_attributes,schema_familiarity,abstract_representation,1
visual_attributes,schema_familiarity,additional_y_dimension,1
visual_attributes,schema_familiarity,beyond_comprehension,1
visual_attributes,schema_familiarity,categorized_in_unclear_way,1
visual_attributes,schema_familiarity,codes_and_numbers_present,1
visual_attributes,schema_familiarity,colors_carry_meaning,1
visual_attributes,schema_familiarity,common_knowledge_domain,1
visual_attributes,schema_familiarity,complex_design_and_concept,1
visual_attributes,schema_familiarity,complex_domain_info,1
visual_attributes,schema_familiarity,complex_network_structure,1
visual_attributes,schema_familiarity,complicated_formulas_symbols,1
visual_attributes,schema_familiarity,continent_with_countries,1
visual_attributes,schema_familiarity,difficult_to_describe,1
visual_attributes,schema_familiarity,difficult_to_model,1
visual_attributes,schema_familiarity,domain_specific_biology,1
visual_attributes,schema_familiarity,domain_specific_chemicals,1
visual_attributes,schema_familiarity,domain_specific_terminology,1
visual_attributes,schema_familiarity,evolutionary_tree_structure,1
visual_attributes,schema_familiarity,familiar_chart_format,1
visual_attributes,schema_familiarity,familiar_domain_context,1
visual_attributes,schema_familiarity,familiar_domain_knowledge,1
visual_attributes,schema_familiarity,familiar_domain_labels,1
visual_attributes,schema_familiarity,familiar_geographic_region,1
visual_attributes,schema_familiarity,familiar_geographic_shape,1
visual_attributes,schema_familiarity,familiar_structure,1
visual_attributes,schema_familiarity,four_dimension_matrix,1
visual_attributes,schema_familiarity,four_labeled_axes,1
visual_attributes,schema_familiarity,geo_map_format,1
visual_attributes,schema_familiarity,geographic_domain_context,1
visual_attributes,schema_familiarity,geometry_set_unclear,1
visual_attributes,schema_familiarity,growth_pattern_implied,1
visual_attributes,schema_familiarity,has_internal_logic,1
visual_attributes,schema_familiarity,hierarchical_text_organization,1
visual_attributes,schema_familiarity,high_abstraction_level,1
visual_attributes,schema_familiarity,high_depth_of_data,1
visual_attributes,schema_familiarity,high_school_education_context,1
visual_attributes,schema_familiarity,illusion_of_depth_3d,1
visual_attributes,schema_familiarity,lacks_contextual_information,1
visual_attributes,schema_familiarity,longitudinal_graph_structure,1
visual_attributes,schema_familiarity,many_parameters_on_axes,1
visual_attributes,schema_familiarity,mathematical_formulae_present,1
visual_attributes,schema_familiarity,measure_not_clear,1
visual_attributes,schema_familiarity,metric_meaning_unclear,1
visual_attributes,schema_familiarity,more_axes_present,1
visual_attributes,schema_familiarity,more_groups_present,1
visual_attributes,schema_familiarity,more_variables_represented,1
visual_attributes,schema_familiarity,multiple_axes_four_or_five,1
visual_attributes,schema_familiarity,multiple_parameters_present,1
visual_attributes,schema_familiarity,multiple_variables,1
visual_attributes,schema_familiarity,multiple_variables_present,1
visual_attributes,schema_familiarity,multivariate_data_representation,1
visual_attributes,schema_familiarity,nasa_like_complexity,1
visual_attributes,schema_familiarity,needs_interpretation,1
visual_attributes,schema_familiarity,network_structure_present,1
visual_attributes,schema_familiarity,never_seen_before,1
visual_attributes,schema_familiarity,no_graph_metrics_given,1
visual_attributes,schema_familiarity,non_familiar_layout,1
visual_attributes,schema_familiarity,non_linear_pattern,1
visual_attributes,schema_familiarity,non_linear_scale,1
visual_attributes,schema_familiarity,not_familiar_to_some,1
visual_attributes,schema_familiarity,not_recognizable_form,1
visual_attributes,schema_familiarity,not_simple_data,1
visual_attributes,schema_familiarity,novel_visual_pattern,1
visual_attributes,schema_familiarity,numerous_hierarchy_levels,1
visual_attributes,schema_familiarity,one_year_change_shown,1
visual_attributes,schema_familiarity,physical_dimension_present,1
visual_attributes,schema_familiarity,programming_syntax_present,1
visual_attributes,schema_familiarity,quantitative_relations_encoded,1
visual_attributes,schema_familiarity,ratio_information_present,1
visual_attributes,schema_familiarity,receding_perspective_point,1
visual_attributes,schema_familiarity,recognizable_pattern_present,1
visual_attributes,schema_familiarity,recognizable_wind_map,1
visual_attributes,schema_familiarity,requires_domain_understanding,1
visual_attributes,schema_familiarity,requires_external_knowledge,1
visual_attributes,schema_familiarity,requires_geographic_knowledge,1
visual_attributes,schema_familiarity,requires_prior_context,1
visual_attributes,schema_familiarity,requires_specialized_education,1
visual_attributes,schema_familiarity,seismic_graph_type,1
visual_attributes,schema_familiarity,sequential_process_structure,1
visual_attributes,schema_familiarity,significant_scale_difference,1
visual_attributes,schema_familiarity,simple_map_structure,1
visual_attributes,schema_familiarity,strange_unfamiliar_form,1
visual_attributes,schema_familiarity,subject_domain_unclear,1
visual_attributes,schema_familiarity,technical_presentation_style,1
visual_attributes,schema_familiarity,traditional_statistics_reporting,1
visual_attributes,schema_familiarity,two_dimensional_layout,1
visual_attributes,schema_familiarity,two_dimensional_structure,1
visual_attributes,schema_familiarity,unclear_resemblance,1
visual_attributes,schema_familiarity,unclear_shape_meaning,1
visual_attributes,schema_familiarity,unfamiliar_chart_form,1
visual_attributes,schema_familiarity,unfamiliar_chart_forms,1
visual_attributes,schema_familiarity,unfamiliar_concepts,1
visual_attributes,schema_familiarity,unfamiliar_design,1
visual_attributes,schema_familiarity,unfamiliar_domain_knowledge_required,1
visual_attributes,schema_familiarity,unfamiliar_domain_terms,1
visual_attributes,schema_familiarity,unfamiliar_geographic_schema,1
visual_attributes,schema_familiarity,unfamiliar_graphic_design,1
visual_attributes,schema_familiarity,unfamiliar_to_viewer,1
visual_attributes,schema_familiarity,unfamiliar_visual_form,1
visual_attributes,schema_familiarity,unfamiliar_visualization_type,1
visual_attributes,schema_familiarity,unknown_data_meaning,1
visual_attributes,schema_familiarity,vast_interpretations_possible,1
visual_attributes,text_legibility,high_word_count,6
visual_attributes,text_legibility,legend_absent,5
visual_attributes,text_legibility,high_text_volume,4
visual_attributes,text_legibility,high_text_density,3
visual_attributes,text_legibility,legend_adds_complexity,3
visual_attributes,text_legibility,low_readability,3
visual_attributes,text_legibility,small_font_size,3
visual_attributes,text_legibility,small_text_size,3
visual_attributes,text_legibility,unclear_meaning,3
visual_attributes,text_legibility,unclear_representation,3
visual_attributes,text_legibility,unclear_semantic_meaning,3
visual_attributes,text_legibility,abundant_text_present,2
visual_attributes,text_legibility,aids_interpretation,2
visual_attributes,text_legibility,clear_and_legible,2
visual_attributes,text_legibility,difficult_to_read,2
visual_attributes,text_legibility,easy_to_read,2
visual_attributes,text_legibility,hard_to_read,2
visual_attributes,text_legibility,harder_to_read,2
visual_attributes,text_legibility,high_reading_demand,2
visual_attributes,text_legibility,high_text_quantity,2
visual_attributes,text_legibility,lacks_contextual_information,2
visual_attributes,text_legibility,lots_of_words,2
visual_attributes,text_legibility,many_different_labels,2
visual_attributes,text_legibility,missing_title,2
visual_attributes,text_legibility,no_measurements_present,2
visual_attributes,text_legibility,numeric_labels_present,2
visual_attributes,text_legibility,reduced_readability,2
visual_attributes,text_legibility,text_present,2
visual_attributes,text_legibility,title_present,2
visual_attributes,text_legibility,unclear_subject_matter,2
visual_attributes,text_legibility,absence_aids_simplicity,1
visual_attributes,text_legibility,absent_or_insufficient,1
visual_attributes,text_legibility,absent_text_elements,1
visual_attributes,text_legibility,absent_text_labels,1
visual_attributes,text_legibility,additional_information_added,1
visual_attributes,text_legibility,additional_key_required,1
visual_attributes,text_legibility,adds_visual_complexity,1
visual_attributes,text_legibility,aids_quick_interpretation,1
visual_attributes,text_legibility,almost_no_explanation,1
visual_attributes,text_legibility,alphabetically_ordered,1
visual_attributes,text_legibility,ambiguous_label_meaning,1
visual_attributes,text_legibility,ambiguous_numeric_values,1
visual_attributes,text_legibility,axis_data_present,1
visual_attributes,text_legibility,axis_measurements_clear,1
visual_attributes,text_legibility,axis_numbers_present,1
visual_attributes,text_legibility,bigger_key_size,1
visual_attributes,text_legibility,cannot_identify_categories,1
visual_attributes,text_legibility,captions_aid_comprehension,1
visual_attributes,text_legibility,changing_fonts_present,1
visual_attributes,text_legibility,clarifies_content,1
visual_attributes,text_legibility,clear_and_concise_key,1
visual_attributes,text_legibility,clear_and_easy_to_read,1
visual_attributes,text_legibility,clear_informative_title,1
visual_attributes,text_legibility,clear_labeling,1
visual_attributes,text_legibility,clear_organization,1
visual_attributes,text_legibility,clear_text,1
visual_attributes,text_legibility,clearly_links_to_data,1
visual_attributes,text_legibility,cluttered_labels,1
visual_attributes,text_legibility,complex_axis_labeling,1
visual_attributes,text_legibility,complex_letter_structure,1
visual_attributes,text_legibility,contains_factual_information,1
visual_attributes,text_legibility,contains_letters_and_numbers,1
visual_attributes,text_legibility,contains_numbers,1
visual_attributes,text_legibility,contains_words,1
visual_attributes,text_legibility,country_names_labeled,1
visual_attributes,text_legibility,country_related_context,1
visual_attributes,text_legibility,dense_bottom_text,1
visual_attributes,text_legibility,dense_chart_wording,1
visual_attributes,text_legibility,dense_date_annotations,1
visual_attributes,text_legibility,dense_numerical_labels,1
visual_attributes,text_legibility,dense_word_content,1
visual_attributes,text_legibility,dense_writing,1
visual_attributes,text_legibility,description_easy_to_read,1
visual_attributes,text_legibility,descriptive_annotations_present,1
visual_attributes,text_legibility,detailed_annotations,1
visual_attributes,text_legibility,different_font_sizes,1
visual_attributes,text_legibility,different_fonts_used,1
visual_attributes,text_legibility,differing_font_sizes,1
visual_attributes,text_legibility,differing_word_meanings,1
visual_attributes,text_legibility,difficult_to_read_words,1
visual_attributes,text_legibility,distributed_numeric_labels,1
visual_attributes,text_legibility,earthquake_measurement_context,1
visual_attributes,text_legibility,excessive_annotations,1
visual_attributes,text_legibility,excessively_crowded_labels,1
visual_attributes,text_legibility,explanatory_and_clear,1
visual_attributes,text_legibility,explanatory_description_present,1
visual_attributes,text_legibility,eye_catching_descriptions,1
visual_attributes,text_legibility,familiar_earthquake_topic,1
visual_attributes,text_legibility,familiar_recognizable_words,1
visual_attributes,text_legibility,few_legend_items,1
visual_attributes,text_legibility,few_readable_words,1
visual_attributes,text_legibility,few_words_present,1
visual_attributes,text_legibility,font_adds_complexity,1
visual_attributes,text_legibility,forbes_companies_context,1
visual_attributes,text_legibility,gives_no_further_information,1
visual_attributes,text_legibility,high_density_writing,1
visual_attributes,text_legibility,high_label_density,1
visual_attributes,text_legibility,high_letter_count,1
visual_attributes,text_legibility,high_number_density,1
visual_attributes,text_legibility,high_numeric_density,1
visual_attributes,text_legibility,high_volume_of_text,1
visual_attributes,text_legibility,high_volume_of_writing,1
visual_attributes,text_legibility,high_word_and_letter_count,1
visual_attributes,text_legibility,illegible_at_small_size,1
visual_attributes,text_legibility,illegible_small_writing,1
visual_attributes,text_legibility,illegible_unreadable_text,1
visual_attributes,text_legibility,imaginable_meaning,1
visual_attributes,text_legibility,incomprehensible_numeric_values,1
visual_attributes,text_legibility,information_shown_in_text,1
visual_attributes,text_legibility,insufficient_contextual_cues,1
visual_attributes,text_legibility,insufficient_text_present,1
visual_attributes,text_legibility,involves_words_sentences,1
visual_attributes,text_legibility,just_text_present,1
visual_attributes,text_legibility,key_positioned_at_top,1
visual_attributes,text_legibility,key_present_in_image,1
visual_attributes,text_legibility,labeled_axes_present,1
visual_attributes,text_legibility,labels_aid_reading,1
visual_attributes,text_legibility,labels_aid_understanding,1
visual_attributes,text_legibility,labels_are_clear,1
visual_attributes,text_legibility,lack_of_labels_explanation,1
visual_attributes,text_legibility,lacks_describing_information,1
visual_attributes,text_legibility,large_amount_of_text,1
visual_attributes,text_legibility,large_numbers_present,1
visual_attributes,text_legibility,large_numeric_values,1
visual_attributes,text_legibility,large_word_size,1
visual_attributes,text_legibility,legend_adds_elements,1
visual_attributes,text_legibility,less_clear_writing,1
visual_attributes,text_legibility,less_writing_present,1
visual_attributes,text_legibility,little_to_no_numbers,1
visual_attributes,text_legibility,lot_of_terms,1
visual_attributes,text_legibility,lots_of_inscriptions,1
visual_attributes,text_legibility,low_legibility,1
visual_attributes,text_legibility,many_legend_categories,1
visual_attributes,text_legibility,many_more_words,1
visual_attributes,text_legibility,many_numeric_labels,1
visual_attributes,text_legibility,many_small_writings,1
visual_attributes,text_legibility,many_text_boxes_present,1
visual_attributes,text_legibility,many_text_elements,1
visual_attributes,text_legibility,many_words_present,1
visual_attributes,text_legibility,many_words_selected,1
visual_attributes,text_legibility,meaningless_presentation,1
visual_attributes,text_legibility,missing_axis_label,1
visual_attributes,text_legibility,missing_data_key,1
visual_attributes,text_legibility,missing_explanatory_labels,1
visual_attributes,text_legibility,mixed_text_and_imagery,1
visual_attributes,text_legibility,mixed_text_sizes,1
visual_attributes,text_legibility,moderate_text_density,1
visual_attributes,text_legibility,more_information_labeled,1
visual_attributes,text_legibility,more_labels_present,1
visual_attributes,text_legibility,more_legible,1
visual_attributes,text_legibility,more_numbers_present,1
visual_attributes,text_legibility,more_text_present,1
visual_attributes,text_legibility,more_writing_on_page,1
visual_attributes,text_legibility,multiple_countries_labeled,1
visual_attributes,text_legibility,multiple_facts_conveyed,1
visual_attributes,text_legibility,multiple_words_present,1
visual_attributes,text_legibility,names_too_small_to_read,1
visual_attributes,text_legibility,no_axis_labels,1
visual_attributes,text_legibility,no_context_provided,1
visual_attributes,text_legibility,no_data_explanation,1
visual_attributes,text_legibility,no_descriptive_text,1
visual_attributes,text_legibility,no_information_about_squares,1
visual_attributes,text_legibility,no_legend_provided,1
visual_attributes,text_legibility,no_metrics_present,1
visual_attributes,text_legibility,no_numbers_present,1
visual_attributes,text_legibility,no_numeric_labels,1
visual_attributes,text_legibility,no_semantic_meaning,1
visual_attributes,text_legibility,no_text_labels,1
visual_attributes,text_legibility,not_clearly_stated,1
visual_attributes,text_legibility,not_easily_readable,1
visual_attributes,text_legibility,number_of_items_manageable,1
visual_attributes,text_legibility,numbers_increase_complexity,1
visual_attributes,text_legibility,numbers_on_entities,1
visual_attributes,text_legibility,numeric_content_only,1
visual_attributes,text_legibility,numerical_details_present,1
visual_attributes,text_legibility,numerous_names_present,1
visual_attributes,text_legibility,numerous_text_elements,1
visual_attributes,text_legibility,numerous_words_present,1
visual_attributes,text_legibility,overlapping_annotations,1
visual_attributes,text_legibility,overlapping_text,1
visual_attributes,text_legibility,pellet_money_appearance,1
visual_attributes,text_legibility,poor_readability,1
visual_attributes,text_legibility,poorly_defined_color_legend,1
visual_attributes,text_legibility,precise_aspect_labeling,1
visual_attributes,text_legibility,precise_axis_naming,1
visual_attributes,text_legibility,present_axes_titles,1
visual_attributes,text_legibility,provides_clear_labels,1
visual_attributes,text_legibility,provides_context,1
visual_attributes,text_legibility,provides_contextual_information,1
visual_attributes,text_legibility,provides_interpretive_context,1
visual_attributes,text_legibility,provides_no_context,1
visual_attributes,text_legibility,purpose_clearly_communicated,1
visual_attributes,text_legibility,purpose_clearly_stated,1
visual_attributes,text_legibility,random_letter_labels,1
visual_attributes,text_legibility,readable_labels_present,1
visual_attributes,text_legibility,readable_text,1
visual_attributes,text_legibility,readable_text_elements,1
visual_attributes,text_legibility,repeated_multiple_times,1
visual_attributes,text_legibility,requires_extended_reading,1
visual_attributes,text_legibility,requires_reading,1
visual_attributes,text_legibility,requires_reading_each_item,1
visual_attributes,text_legibility,requires_reading_effort,1
visual_attributes,text_legibility,short_cryptic_labels,1
visual_attributes,text_legibility,shows_word_frequency,1
visual_attributes,text_legibility,single_font_used,1
visual_attributes,text_legibility,small_font_sizes,1
visual_attributes,text_legibility,small_numbers_present,1
visual_attributes,text_legibility,some_text_present,1
visual_attributes,text_legibility,sparse_text_present,1
visual_attributes,text_legibility,sports_team_context,1
visual_attributes,text_legibility,squeezed_dense_writing,1
visual_attributes,text_legibility,structured_and_labeled,1
visual_attributes,text_legibility,text_aids_interpretation,1
visual_attributes,text_legibility,text_and_numbers_present,1
visual_attributes,text_legibility,text_is_too_small,1
visual_attributes,text_legibility,text_overlaid_on_geography,1
visual_attributes,text_legibility,text_requires_processing,1
visual_attributes,text_legibility,text_word_present,1
visual_attributes,text_legibility,tiny_writing,1
visual_attributes,text_legibility,title_clarifies_content,1
visual_attributes,text_legibility,titles_present,1
visual_attributes,text_legibility,too_many_letters,1
visual_attributes,text_legibility,unclear_content_meaning,1
visual_attributes,text_legibility,unclear_defining_values,1
visual_attributes,text_legibility,unclear_inter_word_relations,1
visual_attributes,text_legibility,unclear_semantic_purpose,1
visual_attributes,text_legibility,undefinable_criteria,1
visual_attributes,text_legibility,unexplained_animation_behavior,1
visual_attributes,text_legibility,unfamiliar_brand_names,1
visual_attributes,text_legibility,unfamiliar_label_names,1
visual_attributes,text_legibility,unfamiliar_numbers_displayed,1
visual_attributes,text_legibility,unknown_details,1
visual_attributes,text_legibility,unlabeled_legend_data,1
visual_attributes,text_legibility,unlabeled_legend_entries,1
visual_attributes,text_legibility,unreadable_text,1
visual_attributes,text_legibility,unrecognized_countries,1
visual_attributes,text_legibility,vague_and_unclear,1
visual_attributes,text_legibility,variable_hard_to_interpret,1
visual_attributes,text_legibility,very_small_writing,1
visual_attributes,text_legibility,word_elements_present,1
visual_attributes,text_legibility,wording_too_small,1
visual_attributes,text_legibility,words_aid_readability,1
visual_attributes,text_legibility,words_aid_reading,1
visual_attributes,text_legibility,words_clearly_visible,1
visual_attributes,text_legibility,words_difficult_to_see,1
visual_attributes,text_legibility,words_present,1
visual_attributes,text_legibility,words_sentences_present,1
visual_attributes,text_legibility,words_visible,1
visual_attributes,text_legibility,written_information_dense,1
visual_objects,chart_type,chart,166
visual_objects,chart_type,visualization,131
visual_objects,chart_type,word_cloud,11
visual_objects,chart_type,map,10
visual_objects,chart_type,graph,5
visual_objects,chart_type,bar_graph,4
visual_objects,chart_type,table,4
visual_objects,chart_type,world_map,4
visual_objects,chart_type,chart_type,3
visual_objects,chart_type,graphics,3
visual_objects,chart_type,line_chart,3
visual_objects,chart_type,network,3
visual_objects,chart_type,circle_graph,2
visual_objects,chart_type,diagram,2
visual_objects,chart_type,graphic,2
visual_objects,chart_type,graphs,2
visual_objects,chart_type,line_graph,2
visual_objects,chart_type,pie_chart,2
visual_objects,chart_type,3d_visualization,1
visual_objects,chart_type,chart_collection,1
visual_objects,chart_type,chart_content,1
visual_objects,chart_type,chart_shape,1
visual_objects,chart_type,charts,1
visual_objects,chart_type,data_visualization,1
visual_objects,chart_type,earth_geography,1
visual_objects,chart_type,geographic_regions,1
visual_objects,chart_type,geographic_shapes,1
visual_objects,chart_type,geographical_map,1
visual_objects,chart_type,graphic_design,1
visual_objects,chart_type,heat_graph,1
visual_objects,chart_type,heatmap,1
visual_objects,chart_type,histogram,1
visual_objects,chart_type,map_graph,1
visual_objects,chart_type,matrix,1
visual_objects,chart_type,multi_panel_figure,1
visual_objects,chart_type,overall_image,1
visual_objects,chart_type,overall_visualization,1
visual_objects,chart_type,phylogenetic_tree,1
visual_objects,chart_type,plot,1
visual_objects,chart_type,scatter_plots,1
visual_objects,chart_type,visual_display,1
visual_objects,chart_type,weather_map,1
visual_objects,chart_type,weight_graph,1
visual_objects,chart_type,wind_map,1
visual_objects,content,data_content,16
visual_objects,content,numbers,15
visual_objects,content,data_area,9
visual_objects,content,details,8
visual_objects,content,information_content,7
visual_objects,content,pattern,7
visual_objects,content,variables,5
visual_objects,content,images,3
visual_objects,content,measurements,3
visual_objects,content,content,2
visual_objects,content,context,2
visual_objects,content,countries,2
visual_objects,content,data_details,2
visual_objects,content,data_values,2
visual_objects,content,distribution,2
visual_objects,content,key_patterns,2
visual_objects,content,semantic_content,2
visual_objects,content,word_frequency,2
visual_objects,content,biological_content,1
visual_objects,content,categorization_scheme,1
visual_objects,content,chemical_data,1
visual_objects,content,cluster,1
visual_objects,content,code_block,1
visual_objects,content,components,1
visual_objects,content,computer_screen,1
visual_objects,content,continents,1
visual_objects,content,copies,1
visual_objects,content,crop_type,1
visual_objects,content,data,1
visual_objects,content,data_entries,1
visual_objects,content,data_pattern,1
visual_objects,content,data_subjects,1
visual_objects,content,data_types,1
visual_objects,content,dataset,1
visual_objects,content,dataset_1,1
visual_objects,content,dataset_2,1
visual_objects,content,detail_features,1
visual_objects,content,earth_image,1
visual_objects,content,entities,1
visual_objects,content,field_information,1
visual_objects,content,figures,1
visual_objects,content,football_imagery,1
visual_objects,content,groups,1
visual_objects,content,hidden_content,1
visual_objects,content,highlighted_countries,1
visual_objects,content,image,1
visual_objects,content,imagery,1
visual_objects,content,indicators,1
visual_objects,content,information_elements,1
visual_objects,content,information_noise,1
visual_objects,content,interactions,1
visual_objects,content,metric_representation,1
visual_objects,content,metrics,1
visual_objects,content,pacific_ocean,1
visual_objects,content,parameters,1
visual_objects,content,patterns,1
visual_objects,content,ranking_system,1
visual_objects,content,ratio,1
visual_objects,content,relationships,1
visual_objects,content,small_details,1
visual_objects,content,spatial_dimension,1
visual_objects,content,statistics,1
visual_objects,content,stimulus,1
visual_objects,content,subject_matter,1
visual_objects,content,time_period,1
visual_objects,content,values,1
visual_objects,content,volume,1
visual_objects,content,wavelet_coefficients,1
visual_objects,encoding,color_scheme,70
visual_objects,encoding,color_encoding,64
visual_objects,encoding,colors,34
visual_objects,encoding,color,8
visual_objects,encoding,color_palette,5
visual_objects,encoding,color_gradient,2
visual_objects,encoding,color_shading,2
visual_objects,encoding,font,2
visual_objects,encoding,font_styling,2
visual_objects,encoding,gradient,2
visual_objects,encoding,shading,2
visual_objects,encoding,visual_encoding,2
visual_objects,encoding,blue_colors,1
visual_objects,encoding,calligraphy,1
visual_objects,encoding,color_bands,1
visual_objects,encoding,color_code,1
visual_objects,encoding,color_codes,1
visual_objects,encoding,color_coding,1
visual_objects,encoding,color_contrast,1
visual_objects,encoding,color_contrasts,1
visual_objects,encoding,color_distribution,1
visual_objects,encoding,color_fill,1
visual_objects,encoding,color_overlay,1
visual_objects,encoding,color_segments,1
visual_objects,encoding,color_shades,1
visual_objects,encoding,colored_segments,1
visual_objects,encoding,colored_surface,1
visual_objects,encoding,data_encoding,1
visual_objects,encoding,draw_style,1
visual_objects,encoding,encoding_scheme,1
visual_objects,encoding,fonts,1
visual_objects,encoding,half_shading,1
visual_objects,encoding,red_colors,1
visual_objects,encoding,shape_encoding,1
visual_objects,encoding,size_encoding,1
visual_objects,encoding,striped_pattern,1
visual_objects,encoding,texture,1
visual_objects,encoding,typography,1
visual_objects,encoding,white_color,1
visual_objects,layout,layout,26
visual_objects,layout,background,6
visual_objects,layout,chart_layout,2
visual_objects,layout,layout_structure,2
visual_objects,layout,presentation_logic,2
visual_objects,layout,visual_layout,2
visual_objects,layout,white_space,2
visual_objects,layout,active_region,1
visual_objects,layout,background_images,1
visual_objects,layout,chart_area,1
visual_objects,layout,chart_structure,1
visual_objects,layout,columns,1
visual_objects,layout,columns_and_rows,1
visual_objects,layout,country_region,1
visual_objects,layout,dark_green_region,1
visual_objects,layout,dark_regions,1
visual_objects,layout,dense_region,1
visual_objects,layout,dimension_matrix,1
visual_objects,layout,divisions,1
visual_objects,layout,empty_spaces,1
visual_objects,layout,frame,1
visual_objects,layout,graph_panel_left,1
visual_objects,layout,graph_panel_right,1
visual_objects,layout,hierarchical_structure,1
visual_objects,layout,hierarchy_levels,1
visual_objects,layout,hierarchy_structure,1
visual_objects,layout,image_panels,1
visual_objects,layout,individual_panel,1
visual_objects,layout,layers,1
visual_objects,layout,layout_position,1
visual_objects,layout,left_chart,1
visual_objects,layout,left_image,1
visual_objects,layout,magnification_inset,1
visual_objects,layout,negative_space,1
visual_objects,layout,ranking_structure,1
visual_objects,layout,red_region,1
visual_objects,layout,regions,1
visual_objects,layout,right_chart,1
visual_objects,layout,sections,1
visual_objects,layout,structure,1
visual_objects,layout,subplots,1
visual_objects,layout,vertical_layout,1
visual_objects,layout,zoom_area,1
visual_objects,mark,lines,41
visual_objects,mark,data_points,40
visual_objects,mark,data_elements,38
visual_objects,mark,shapes,35
visual_objects,mark,dots,18
visual_objects,mark,circles,10
visual_objects,mark,bars,6
visual_objects,mark,boxes,6
visual_objects,mark,shape,6
visual_objects,mark,squares,6
visual_objects,mark,visual_elements,5
visual_objects,mark,data_lines,4
visual_objects,mark,line,4
visual_objects,mark,arrows,3
visual_objects,mark,connections,3
visual_objects,mark,data_items,3
visual_objects,mark,elements,3
visual_objects,mark,geometric_shapes,3
visual_objects,mark,intersections,3
visual_objects,mark,symbols,3
visual_objects,mark,chart_elements,2
visual_objects,mark,chart_shapes,2
visual_objects,mark,circle,2
visual_objects,mark,data_marks,2
visual_objects,mark,nodes,2
visual_objects,mark,shape_outline,2
visual_objects,mark,visual_marks,2
visual_objects,mark,3d_elements,1
visual_objects,mark,abstract_shapes,1
visual_objects,mark,animal_shapes,1
visual_objects,mark,black_element,1
visual_objects,mark,black_elements,1
visual_objects,mark,blue_box,1
visual_objects,mark,box_indicators,1
visual_objects,mark,branches,1
visual_objects,mark,center_points,1
visual_objects,mark,circular_shapes,1
visual_objects,mark,country_shapes,1
visual_objects,mark,cross_shape,1
visual_objects,mark,crossing_lines,1
visual_objects,mark,cubes,1
visual_objects,mark,curve_lines,1
visual_objects,mark,curved_lines,1
visual_objects,mark,dashed_box,1
visual_objects,mark,dashed_line,1
visual_objects,mark,data_entities,1
visual_objects,mark,data_figures,1
visual_objects,mark,data_segments,1
visual_objects,mark,datapoints,1
visual_objects,mark,design_elements,1
visual_objects,mark,dot_marks,1
visual_objects,mark,dotted_lines,1
visual_objects,mark,edge_detail,1
visual_objects,mark,edges,1
visual_objects,mark,error_bars,1
visual_objects,mark,filled_bars,1
visual_objects,mark,flow_pattern,1
visual_objects,mark,graph_metrics,1
visual_objects,mark,graphic_element,1
visual_objects,mark,graphic_elements,1
visual_objects,mark,graphical_marks,1
visual_objects,mark,green_elements,1
visual_objects,mark,horizon_point,1
visual_objects,mark,horizontal_lines,1
visual_objects,mark,icons,1
visual_objects,mark,ink_marks,1
visual_objects,mark,interconnecting_lines,1
visual_objects,mark,intersection_point,1
visual_objects,mark,lineages,1
visual_objects,mark,link,1
visual_objects,mark,marks,1
visual_objects,mark,meeting_points,1
visual_objects,mark,midpoint_values,1
visual_objects,mark,motion,1
visual_objects,mark,oval_shape,1
visual_objects,mark,overlapping_lines,1
visual_objects,mark,paths,1
visual_objects,mark,pixel,1
visual_objects,mark,pixel_elements,1
visual_objects,mark,plotted_points,1
visual_objects,mark,point_boundaries,1
visual_objects,mark,point_shapes,1
visual_objects,mark,points_of_interest,1
visual_objects,mark,process_path,1
visual_objects,mark,rectangular_shapes,1
visual_objects,mark,red_boxes,1
visual_objects,mark,seismic_waveform,1
visual_objects,mark,spirals,1
visual_objects,mark,spots,1
visual_objects,mark,sticks,1
visual_objects,mark,straight_line,1
visual_objects,mark,trend_line,1
visual_objects,mark,unique_point,1
visual_objects,mark,vertical_lines,1
visual_objects,mark,visual_cues,1
visual_objects,mark,visual_element,1
visual_objects,mark,visual_items,1
visual_objects,mark,waterfall_pattern,1
visual_objects,mark,yellow_elements,1
visual_objects,scaffold,legend,46
visual_objects,scaffold,axes,20
visual_objects,scaffold,y_axis,7
visual_objects,scaffold,grid,6
visual_objects,scaffold,x_axis,5
visual_objects,scaffold,axis,3
visual_objects,scaffold,color_scale,3
visual_objects,scaffold,scale,3
visual_objects,scaffold,axis_numbers,1
visual_objects,scaffold,color_bar,1
visual_objects,scaffold,color_key,1
visual_objects,scaffold,color_range,1
visual_objects,scaffold,horizontal_axis,1
visual_objects,scaffold,legend_key,1
visual_objects,scaffold,longitudinal_axis,1
visual_objects,scaffold,measurement_bar,1
visual_objects,scaffold,numeric_scale,1
visual_objects,scaffold,scale_lines,1
visual_objects,scaffold,time_axis,1
visual_objects,scaffold,timeline,1
visual_objects,scaffold,y_axis_left,1
visual_objects,scaffold,y_axis_right,1
visual_objects,text,text_labels,70
visual_objects,text,labels,25
visual_objects,text,title,10
visual_objects,text,text_elements,8
visual_objects,text,axis_labels,6
visual_objects,text,text,6
visual_objects,text,words,6
visual_objects,text,annotations,4
visual_objects,text,annotation,3
visual_objects,text,country_labels,3
visual_objects,text,letters,3
visual_objects,text,description,2
visual_objects,text,explanation_text,2
visual_objects,text,labels_annotations,2
visual_objects,text,numerical_labels,2
visual_objects,text,numerical_values,2
visual_objects,text,text_content,2
visual_objects,text,title_or_label,2
visual_objects,text,annotations_or_facts,1
visual_objects,text,axes_titles,1
visual_objects,text,bottom_text,1
visual_objects,text,brand_labels,1
visual_objects,text,captions,1
visual_objects,text,chart_titles,1
visual_objects,text,chemical_compound_labels,1
visual_objects,text,codes_numbers,1
visual_objects,text,criteria_labels,1
visual_objects,text,date_labels,1
visual_objects,text,description_text,1
visual_objects,text,descriptions,1
visual_objects,text,formula_symbol,1
visual_objects,text,highlighted_words,1
visual_objects,text,labels_or_legend,1
visual_objects,text,labels_text,1
visual_objects,text,labels_values,1
visual_objects,text,large_words,1
visual_objects,text,mathematical_formulae,1
visual_objects,text,numeric_labels,1
visual_objects,text,numeric_values,1
visual_objects,text,purpose_label,1
visual_objects,text,small_text,1
visual_objects,text,small_words,1
visual_objects,text,species_labels,1
visual_objects,text,subject_label,1
visual_objects,text,terminology,1
visual_objects,text,text_boxes,1
visual_objects,text,text_display,1
visual_objects,text,text_items,1
visual_objects,text,text_label,1
visual_objects,text,text_orientations,1
visual_objects,text,text_words,1
visual_objects,text,title_annotation,1
visual_objects,text,titles,1
visual_predicates,cognitive,aids_interpretation_of,16
visual_predicates,cognitive,fails_to_clarify,6
visual_predicates,cognitive,supports_readability_of,5
visual_predicates,cognitive,complicates_interpretation_of,4
visual_predicates,cognitive,facilitates_interpretation_of,3
visual_predicates,cognitive,hinders_interpretation_of,3
visual_predicates,cognitive,increases_interpretive_difficulty_of,3
visual_predicates,cognitive,causes_confusion_in,2
visual_predicates,cognitive,partially_clarifies,2
visual_predicates,cognitive,requires_domain_knowledge_to_interpret,2
visual_predicates,cognitive,requires_interpretation_of,2
visual_predicates,cognitive,supports_quick_interpretation_of,2
visual_predicates,cognitive,absent_making_harder_to_interpret,1
visual_predicates,cognitive,adds_interpretive_burden_to,1
visual_predicates,cognitive,adds_interpretive_demand_to,1
visual_predicates,cognitive,adds_interpretive_difficulty_to,1
visual_predicates,cognitive,affords_quick_understanding,1
visual_predicates,cognitive,aids_easy_following_of,1
visual_predicates,cognitive,causes_comprehension_failure,1
visual_predicates,cognitive,causes_confusion_on,1
visual_predicates,cognitive,causes_interpretive_confusion,1
visual_predicates,cognitive,clarified_within,1
visual_predicates,cognitive,clarifies,1
visual_predicates,cognitive,clarifies_content_of,1
visual_predicates,cognitive,clarifies_intent_of,1
visual_predicates,cognitive,clarifies_meaning_of,1
visual_predicates,cognitive,confounds_interpretation_due_to,1
visual_predicates,cognitive,creates_interpretive_uncertainty,1
visual_predicates,cognitive,demands_extra_interpretation_from,1
visual_predicates,cognitive,easy_to_follow,1
visual_predicates,cognitive,enables_at_a_glance_reading,1
visual_predicates,cognitive,enables_quick_comprehension,1
visual_predicates,cognitive,facilitates_comprehension_of,1
visual_predicates,cognitive,facilitates_understanding_of,1
visual_predicates,cognitive,fails_to_clarify_topic_of,1
visual_predicates,cognitive,hinders_comprehension_of,1
visual_predicates,cognitive,hinders_visibility_of,1
visual_predicates,cognitive,impedes_interpretation_of,1
visual_predicates,cognitive,increases_difficulty_interpreting,1
visual_predicates,cognitive,increases_interpretive_effort,1
visual_predicates,cognitive,interpretable_only_with,1
visual_predicates,cognitive,lacks_interpretable,1
visual_predicates,cognitive,lacks_interpretable_structure,1
visual_predicates,cognitive,lacks_interpretive_clarity_due_to,1
visual_predicates,cognitive,lacks_interpretive_context_for,1
visual_predicates,cognitive,makes_sense_to,1
visual_predicates,cognitive,positively_received_within,1
visual_predicates,cognitive,prolongs_decoding_of,1
visual_predicates,cognitive,prolongs_interpretation_of,1
visual_predicates,cognitive,provides_context_for,1
visual_predicates,cognitive,reduces_interpretability_of,1
visual_predicates,cognitive,reduces_interpretive_effort_of,1
visual_predicates,cognitive,requires_careful_interpretation_in,1
visual_predicates,cognitive,requires_high_effort_to_interpret,1
visual_predicates,cognitive,requires_interpretation_effort,1
visual_predicates,cognitive,requires_interpretation_within,1
visual_predicates,cognitive,requires_scientific_interpretation,1
visual_predicates,cognitive,simplifies_reading_of,1
visual_predicates,cognitive,supports_easy_interpretation_despite,1
visual_predicates,cognitive,supports_easy_interpretation_of,1
visual_predicates,cognitive,supports_evaluation_of,1
visual_predicates,cognitive,supports_interpretation_of,1
visual_predicates,cognitive,supports_quick_understanding_of,1
visual_predicates,evaluative,increases_cognitive_load_of,59
visual_predicates,evaluative,increases_clutter_in,40
visual_predicates,evaluative,contributes_to,29
visual_predicates,evaluative,contributes_to_clutter_in,21
visual_predicates,evaluative,increases_complexity_of,15
visual_predicates,evaluative,adds_cognitive_load_to,10
visual_predicates,evaluative,contributes_to_confusion_in,8
visual_predicates,evaluative,contributes_to_difficulty_of,8
visual_predicates,evaluative,reduces_clutter_in,8
visual_predicates,evaluative,increases_clutter_of,7
visual_predicates,evaluative,reduces_complexity_of,7
visual_predicates,evaluative,increases_clutter_via,6
visual_predicates,evaluative,increases_difficulty_of,6
visual_predicates,evaluative,raises_cognitive_load_of,6
visual_predicates,evaluative,reduces_cognitive_load_of,6
visual_predicates,evaluative,applied_to,5
visual_predicates,evaluative,contributes_clutter_to,5
visual_predicates,evaluative,contributes_to_clutter_with,5
visual_predicates,evaluative,requires_domain_knowledge_for,5
visual_predicates,evaluative,adds_complexity_to,4
visual_predicates,evaluative,creates,4
visual_predicates,evaluative,increases_cognitive_load,4
visual_predicates,evaluative,increases_confusion_in,4
visual_predicates,evaluative,missing_from,4
visual_predicates,evaluative,reduces_ambiguity_of,4
visual_predicates,evaluative,spread_across,4
visual_predicates,evaluative,adds_clutter_to,3
visual_predicates,evaluative,adds_density_to,3
visual_predicates,evaluative,contributes_to_ambiguity_in,3
visual_predicates,evaluative,increases,3
visual_predicates,evaluative,increases_ambiguity_of,3
visual_predicates,evaluative,increases_clutter_with,3
visual_predicates,evaluative,increases_cognitive_load_via,3
visual_predicates,evaluative,overlaid_on,3
visual_predicates,evaluative,overlaid_with,3
visual_predicates,evaluative,reduces_legibility_of,3
visual_predicates,evaluative,adds_detail_to,2
visual_predicates,evaluative,affects_legibility_of,2
visual_predicates,evaluative,applied_across,2
visual_predicates,evaluative,complicates_reading_of,2
visual_predicates,evaluative,connects,2
visual_predicates,evaluative,contributes_to_ambiguity_of,2
visual_predicates,evaluative,contributes_to_clutter_of,2
visual_predicates,evaluative,imposes_high_cognitive_load_on,2
visual_predicates,evaluative,increases_clutter_alongside,2
visual_predicates,evaluative,increases_cognitive_demand_of,2
visual_predicates,evaluative,increases_cognitive_difficulty_of,2
visual_predicates,evaluative,increases_cognitive_effort_in,2
visual_predicates,evaluative,increases_cognitive_load_alongside,2
visual_predicates,evaluative,increases_cognitive_load_for,2
visual_predicates,evaluative,increases_cognitive_load_in,2
visual_predicates,evaluative,increases_cognitive_load_with,2
visual_predicates,evaluative,lacks_context_for,2
visual_predicates,evaluative,reduces,2
visual_predicates,evaluative,reduces_ambiguity_in,2
visual_predicates,evaluative,reduces_cognitive_load_via,2
visual_predicates,evaluative,reduces_distinguishability_in,2
visual_predicates,evaluative,reduces_legibility_within,2
visual_predicates,evaluative,requires_extended_time_to_understand,2
visual_predicates,evaluative,absence_impedes_reading,1
visual_predicates,evaluative,absence_increases_confusion_in,1
visual_predicates,evaluative,absence_increases_difficulty_of,1
visual_predicates,evaluative,absence_raises_cognitive_load_of,1
visual_predicates,evaluative,absent_making_harder_to_decode,1
visual_predicates,evaluative,absent_reducing_clutter_from,1
visual_predicates,evaluative,adds_analytical_burden_to,1
visual_predicates,evaluative,adds_cognitive_load_with,1
visual_predicates,evaluative,adds_complexity_relative_to,1
visual_predicates,evaluative,adds_information_density_to,1
visual_predicates,evaluative,adds_information_elements_to,1
visual_predicates,evaluative,adds_nuance_to,1
visual_predicates,evaluative,adds_precision_detail_to,1
visual_predicates,evaluative,adds_reading_burden_to,1
visual_predicates,evaluative,adds_structural_complexity_to,1
visual_predicates,evaluative,adds_structure_to,1
visual_predicates,evaluative,adds_text_to,1
visual_predicates,evaluative,affects_readability_of,1
visual_predicates,evaluative,appears_mixed_up_within,1
visual_predicates,evaluative,are_similar_making_hard_to_distinguish_in,1
visual_predicates,evaluative,causes_difficulty_discerning,1
visual_predicates,evaluative,causes_difficulty_identifying,1
visual_predicates,evaluative,causes_high_cognitive_load,1
visual_predicates,evaluative,causes_visual_discomfort_in,1
visual_predicates,evaluative,compounds_complexity_with,1
visual_predicates,evaluative,compounds_confusion_with,1
visual_predicates,evaluative,conceals,1
visual_predicates,evaluative,connects_between,1
visual_predicates,evaluative,contributes_detail_to,1
visual_predicates,evaluative,contributes_disorder_to,1
visual_predicates,evaluative,contributes_fine_detail_to,1
visual_predicates,evaluative,contributes_more_information_than,1
visual_predicates,evaluative,contributes_to_abundance_of,1
visual_predicates,evaluative,contributes_to_clarity_of,1
visual_predicates,evaluative,contributes_to_clutter,1
visual_predicates,evaluative,contributes_to_cognitive_load_of,1
visual_predicates,evaluative,contributes_to_complexity,1
visual_predicates,evaluative,contributes_to_complexity_of,1
visual_predicates,evaluative,contributes_to_confusion_with,1
visual_predicates,evaluative,contributes_to_density_of,1
visual_predicates,evaluative,contributes_to_difference_in_clarity_of,1
visual_predicates,evaluative,contributes_to_disorder_of,1
visual_predicates,evaluative,contributes_to_high_density_of,1
visual_predicates,evaluative,contributes_to_intricacy_of,1
visual_predicates,evaluative,contributes_to_irregularity_of,1
visual_predicates,evaluative,contributes_to_misreading_of,1
visual_predicates,evaluative,contributes_to_pleasant_feel_of,1
visual_predicates,evaluative,contributes_to_poor_design_of,1
visual_predicates,evaluative,contributes_to_processing_of,1
visual_predicates,evaluative,contributes_to_readability_of,1
visual_predicates,evaluative,contributes_to_unclarity_of,1
visual_predicates,evaluative,creates_clutter_within,1
visual_predicates,evaluative,creates_cluttered_layout,1
visual_predicates,evaluative,creates_depth_in,1
visual_predicates,evaluative,demands_effort_to_extract_from,1
visual_predicates,evaluative,demands_extended,1
visual_predicates,evaluative,densifies,1
visual_predicates,evaluative,differ_semantically_within,1
visual_predicates,evaluative,difficult_to_connect_to_meaning,1
visual_predicates,evaluative,difficult_to_decipher_while,1
visual_predicates,evaluative,difficult_to_read_within,1
visual_predicates,evaluative,displays_large_numbers_on,1
visual_predicates,evaluative,distinguished_from,1
visual_predicates,evaluative,enhances_readability_of,1
visual_predicates,evaluative,exhibits_few,1
visual_predicates,evaluative,follows_pattern_with,1
visual_predicates,evaluative,has_clear_connection_via,1
visual_predicates,evaluative,has_low_clutter_due_to,1
visual_predicates,evaluative,has_more_going_on_than_expected,1
visual_predicates,evaluative,has_no_associated,1
visual_predicates,evaluative,increases_ambiguity_in,1
visual_predicates,evaluative,increases_clutter_around,1
visual_predicates,evaluative,increases_clutter_on,1
visual_predicates,evaluative,increases_clutter_over,1
visual_predicates,evaluative,increases_clutter_relative_to,1
visual_predicates,evaluative,increases_cognitive_effort_of,1
visual_predicates,evaluative,increases_cognitive_load_due_to,1
visual_predicates,evaluative,increases_complexity_through,1
visual_predicates,evaluative,increases_confusion_of,1
visual_predicates,evaluative,increases_data_density,1
visual_predicates,evaluative,increases_density_of,1
visual_predicates,evaluative,increases_difficulty_tracing,1
visual_predicates,evaluative,increases_entries_in,1
visual_predicates,evaluative,increases_information_in,1
visual_predicates,evaluative,increases_information_load_of,1
visual_predicates,evaluative,increases_information_volume_in,1
visual_predicates,evaluative,increases_load_alongside,1
visual_predicates,evaluative,increases_reading_effort,1
visual_predicates,evaluative,increases_reading_load_of,1
visual_predicates,evaluative,increases_structural_complexity_of,1
visual_predicates,evaluative,increases_uncertainty_in,1
visual_predicates,evaluative,insufficient_context_for,1
visual_predicates,evaluative,lacks_association_with,1
visual_predicates,evaluative,lacks_clear,1
visual_predicates,evaluative,lacks_clear_boundaries_within,1
visual_predicates,evaluative,lacks_clear_spatial_structure,1
visual_predicates,evaluative,lacks_common_sense_mapping,1
visual_predicates,evaluative,lacks_consistency_with,1
visual_predicates,evaluative,lacks_context_in,1
visual_predicates,evaluative,lacks_contextual_explanation,1
visual_predicates,evaluative,lacks_contrast_within,1
visual_predicates,evaluative,lacks_distinguishing,1
visual_predicates,evaluative,lacks_explanatory,1
visual_predicates,evaluative,lacks_label_on,1
visual_predicates,evaluative,lacks_legend_for,1
visual_predicates,evaluative,lacks_numeric_identifiers_on,1
visual_predicates,evaluative,lacks_precise_readability_on,1
visual_predicates,evaluative,lacks_structured_axes_like,1
visual_predicates,evaluative,layered_causing_clutter_in,1
visual_predicates,evaluative,limited_quantity_reduces_clutter_in,1
visual_predicates,evaluative,limits_spread_of,1
visual_predicates,evaluative,lowers_cognitive_load_of,1
visual_predicates,evaluative,minimally_populates,1
visual_predicates,evaluative,partially_offset_by_clarity_of,1
visual_predicates,evaluative,proximity_reduces_clutter,1
visual_predicates,evaluative,raises_cognitive_load,1
visual_predicates,evaluative,reduces_clarity_of,1
visual_predicates,evaluative,reduces_clutter_via,1
visual_predicates,evaluative,reduces_cognitive_load,1
visual_predicates,evaluative,reduces_complexity_relative_to,1
visual_predicates,evaluative,reduces_complexity_via,1
visual_predicates,evaluative,reduces_contrast_with,1
visual_predicates,evaluative,reduces_difficulty_of,1
visual_predicates,evaluative,reduces_distinguishability_of,1
visual_predicates,evaluative,reduces_perceived_clutter_of,1
visual_predicates,evaluative,reduces_perceived_complexity_of,1
visual_predicates,evaluative,reflects_few_colors_in,1
visual_predicates,evaluative,required_to_decode,1
visual_predicates,evaluative,requires_careful_examination_of,1
visual_predicates,evaluative,requires_domain_knowledge,1
visual_predicates,evaluative,requires_domain_knowledge_to_read,1
visual_predicates,evaluative,requires_extended_processing_in,1
visual_predicates,evaluative,requires_graphical_gauging_from,1
visual_predicates,evaluative,requires_minimal,1
visual_predicates,evaluative,requires_minimal_cognitive_load,1
visual_predicates,evaluative,requires_pattern_finding_in,1
visual_predicates,evaluative,requires_reading_to_understand,1
visual_predicates,evaluative,requires_reference_to,1
visual_predicates,evaluative,requires_specialized_knowledge,1
visual_predicates,evaluative,requires_specialized_understanding,1
visual_predicates,evaluative,requires_understanding_of,1
visual_predicates,evaluative,requires_unfamiliar_schema_for,1
visual_predicates,evaluative,spreads_across,1
visual_predicates,evaluative,undermines_clarity_of,1
visual_predicates,evaluative,varies_across,1
visual_predicates,evaluative,varies_in_size_across,1
visual_predicates,evaluative,varies_in_size_increasing,1
visual_predicates,evaluative,varies_in_size_within,1
visual_predicates,perceptual,adds_visual_complexity_to,8
visual_predicates,perceptual,overwhelms,6
visual_predicates,perceptual,clutters,5
visual_predicates,perceptual,increases_visual_complexity_of,4
visual_predicates,perceptual,makes_harder_to_read,4
visual_predicates,perceptual,increases_visual_clutter,3
visual_predicates,perceptual,obscured_by,2
visual_predicates,perceptual,obscures,2
visual_predicates,perceptual,obscures_meaning_in,2
visual_predicates,perceptual,adds_visual_clutter_to,1
visual_predicates,perceptual,adds_visual_complexity_alongside,1
visual_predicates,perceptual,amplifies_visual_complexity_of,1
visual_predicates,perceptual,causes_visual_clutter_in,1
visual_predicates,perceptual,causes_visual_strain_in,1
visual_predicates,perceptual,creates_visual_clutter_with,1
visual_predicates,perceptual,crowds,1
visual_predicates,perceptual,crowds_around,1
visual_predicates,perceptual,distracts_from,1
visual_predicates,perceptual,dominates,1
visual_predicates,perceptual,draws_attention_to,1
visual_predicates,perceptual,impedes_distinction_of,1
visual_predicates,perceptual,increases_visual_clutter_in,1
visual_predicates,perceptual,increases_visual_complexity,1
visual_predicates,perceptual,increases_visual_complexity_in,1
visual_predicates,perceptual,increases_visual_disorder_over,1
visual_predicates,perceptual,increases_visual_load_of,1
visual_predicates,perceptual,increases_visual_load_with,1
visual_predicates,perceptual,increases_visual_strain_on,1
visual_predicates,perceptual,is_messier_than,1
visual_predicates,perceptual,makes_appear_as,1
visual_predicates,perceptual,makes_cluttered,1
visual_predicates,perceptual,makes_confusing_to_read,1
visual_predicates,perceptual,makes_easier_to_visualize,1
visual_predicates,perceptual,makes_harder_to_distinguish,1
visual_predicates,perceptual,makes_harder_to_extract,1
visual_predicates,perceptual,more_complex_than,1
visual_predicates,perceptual,obscured_within,1
visual_predicates,perceptual,obscures_destination_of,1
visual_predicates,perceptual,obscures_key_takeaway_within,1
visual_predicates,perceptual,obscures_meaning_of,1
visual_predicates,perceptual,overwhelms_readability_of,1
visual_predicates,perceptual,perceived_as_clearer_despite,1
visual_predicates,perceptual,perceived_as_more_complex_than,1
visual_predicates,perceptual,produces_illusion_of,1
visual_predicates,perceptual,reduces_visual_clutter,1
visual_predicates,perceptual,similarity_hinders_distinction_of,1
visual_predicates,perceptual,simpler_than,1
visual_predicates,perceptual,too_small_to_identify,1
visual_predicates,perceptual,visually_dominates,1
visual_predicates,semantic,encoded_with,15
visual_predicates,semantic,annotates,5
visual_predicates,semantic,encoded_by,4
visual_predicates,semantic,labels,3
visual_predicates,semantic,annotated_with,2
visual_predicates,semantic,encodes,2
visual_predicates,semantic,encodes_data_on,2
visual_predicates,semantic,encodes_variation_in,2
visual_predicates,semantic,encodes_via,2
visual_predicates,semantic,labeled_with,2
visual_predicates,semantic,lacks_labels_for,2
visual_predicates,semantic,adds_encoding_complexity_to,1
visual_predicates,semantic,ambiguously_encodes,1
visual_predicates,semantic,annotated_by,1
visual_predicates,semantic,combines_alphanumeric_encoding_with,1
visual_predicates,semantic,communicates_frequency_via,1
visual_predicates,semantic,communicates_quickly,1
visual_predicates,semantic,complicates_encoding_of,1
visual_predicates,semantic,does_not_encode,1
visual_predicates,semantic,does_not_proportionally_encode,1
visual_predicates,semantic,encodes_across,1
visual_predicates,semantic,encodes_change_over,1
visual_predicates,semantic,encodes_colors_of,1
visual_predicates,semantic,encodes_data_across,1
visual_predicates,semantic,encodes_data_in,1
visual_predicates,semantic,encodes_data_within,1
visual_predicates,semantic,encodes_dense_information_in,1
visual_predicates,semantic,encodes_differences_via,1
visual_predicates,semantic,encodes_higher_frequency_than,1
visual_predicates,semantic,encodes_multiple,1
visual_predicates,semantic,encodes_multiple_parameters_of,1
visual_predicates,semantic,encodes_unclear_meaning_in,1
visual_predicates,semantic,encodes_variation_via,1
visual_predicates,semantic,explains,1
visual_predicates,semantic,fails_to_convey_meaning_in,1
visual_predicates,semantic,increases_encoding_complexity_in,1
visual_predicates,semantic,increases_encoding_complexity_of,1
visual_predicates,semantic,labeled_by,1
visual_predicates,semantic,labels_multiple,1
visual_predicates,semantic,mapped_to,1
visual_predicates,semantic,represented_by,1
visual_predicates,semantic,represents,1
visual_predicates,semantic,represents_stages_of,1
visual_predicates,semantic,summarizes,1
visual_predicates,semantic,supplements_encoding_of,1
visual_predicates,spatial,overlaps_with,6
visual_predicates,spatial,plotted_on,5
visual_predicates,spatial,paired_with,3
visual_predicates,spatial,scattered_across,3
visual_predicates,spatial,spans_colors_including,3
visual_predicates,spatial,connected_by,2
visual_predicates,spatial,distributed_across,2
visual_predicates,spatial,fills,2
visual_predicates,spatial,intersects_with,2
visual_predicates,spatial,spans_across,2
visual_predicates,spatial,aligned_with,1
visual_predicates,spatial,arranged_along,1
visual_predicates,spatial,arranged_in,1
visual_predicates,spatial,arranged_in_complex_order,1
visual_predicates,spatial,bounded_by,1
visual_predicates,spatial,branches_into,1
visual_predicates,spatial,clustered_around,1
visual_predicates,spatial,clustered_near,1
visual_predicates,spatial,clusters_increase_difficulty,1
visual_predicates,spatial,converge_at,1
visual_predicates,spatial,densely_packed_in,1
visual_predicates,spatial,displayed_on,1
visual_predicates,spatial,embedded_within,1
visual_predicates,spatial,extends_along,1
visual_predicates,spatial,intersect_and_diverge_within,1
visual_predicates,spatial,overlap_making_hard_to_read,1
visual_predicates,spatial,overlaps_obscuring,1
visual_predicates,spatial,overlaps_within,1
visual_predicates,spatial,packed_into,1
visual_predicates,spatial,packed_within,1
visual_predicates,spatial,part_of,1
visual_predicates,spatial,plotted_across,1
visual_predicates,spatial,plotted_along,1
visual_predicates,spatial,plotted_within,1
visual_predicates,spatial,positioned_too_close_to,1
visual_predicates,spatial,repeated_along,1
visual_predicates,spatial,shares_time_axis_with,1
visual_predicates,spatial,too_close_to,1
visual_predicates,spatial,transitions_to,1
visual_predicates,spatial,underlies,1
visual_predicates,structural,combined_with,15
visual_predicates,structural,differentiates,9
visual_predicates,structural,absent_from,8
visual_predicates,structural,contains,7
visual_predicates,structural,accompanies,5
visual_predicates,structural,mixed_with,4
visual_predicates,structural,rendered_in,3
visual_predicates,structural,aids_differentiation_of,2
visual_predicates,structural,associated_with,2
visual_predicates,structural,contrasts_with,2
visual_predicates,structural,differentiated_by,2
visual_predicates,structural,provides_familiar_context_for,2
visual_predicates,structural,absence_of,1
visual_predicates,structural,accompanied_by,1
visual_predicates,structural,aids_differentiation_in,1
visual_predicates,structural,breaks_down_meaning_of,1
visual_predicates,structural,co_occurs_with,1
visual_predicates,structural,composed_of,1
visual_predicates,structural,composed_of_many,1
visual_predicates,structural,contains_confusing_names_in,1
visual_predicates,structural,contains_dense,1
visual_predicates,structural,contains_detail_of,1
visual_predicates,structural,contains_high_volume_of,1
visual_predicates,structural,contains_many,1
visual_predicates,structural,contains_many_elements,1
visual_predicates,structural,contains_only,1
visual_predicates,structural,contains_unfamiliar,1
visual_predicates,structural,contextualizes,1
visual_predicates,structural,differentiates_elements_in,1
visual_predicates,structural,differs_from,1
visual_predicates,structural,forms,1
visual_predicates,structural,grouped_by,1
visual_predicates,structural,interact_with_each_other,1
visual_predicates,structural,organizes,1
visual_predicates,structural,outnumbers,1
visual_predicates,structural,partitions,1
visual_predicates,structural,provides_familiar_schema,1
visual_predicates,structural,provides_information_for,1
visual_predicates,structural,provides_structure_to,1
visual_predicates,structural,reduces_differentiation_in,1
visual_predicates,structural,reinforces,1
visual_predicates,structural,rendered_as,1
visual_predicates,structural,rendered_with,1
visual_predicates,structural,rendered_with_reduced,1
visual_predicates,structural,resembles,1
visual_predicates,structural,supported_by,1
visual_predicates,structural,uniform_size_reduces_differentiation,1
