topic,Area,Bar,Cont.-ColorPatn,Glyph,Grid,Line,Node-link,Point,Text
Data Density / Image Clutter,18.823529411764707,11.814345991561181,15.846994535519125,11.666666666666666,26.58227848101266,10.476190476190474,21.176470588235293,26.92307692307692,11.76470588235294
Visual Encoding Clarity,5.882352941176471,4.641350210970464,6.0109289617486334,8.75,4.219409282700422,9.523809523809522,11.372549019607844,6.41025641025641,4.901960784313726
Semantics / Text Legibility,17.647058823529413,8.016877637130802,6.557377049180327,7.5,18.143459915611814,11.428571428571429,10.196078431372548,18.37606837606838,20.098039215686274
Schema,18.43137254901961,3.79746835443038,13.114754098360654,11.666666666666666,8.016877637130802,9.047619047619047,11.372549019607845,11.965811965811966,7.8431372549019605
"Color, Symbol, and Texture Details",20.3921568627451,9.282700421940929,20.21857923497268,13.333333333333334,16.033755274261605,8.571428571428571,12.549019607843137,11.538461538461538,6.862745098039215
Aesthetics Uncertainty,6.470588235294117,1.89873417721519,6.557377049180328,7.5,6.329113924050633,5.0,3.5294117647058822,5.769230769230768,4.411764705882353
Immediacy / Cognitive Load,29.411764705882348,19.40928270042194,18.579234972677593,19.166666666666668,19.40928270042194,16.666666666666664,24.705882352941178,23.50427350427351,17.64705882352941
