imageName,VisType,rawUserComments,humanCuratedPhrases,finalPhrases,n_obj,n_attr,n_rel,objects,attributes,relationships
whoO06_2.png,Bar,has a title and legend,title/axis/label/descriptions; too much legend,labels/axes/legends,2,2,1,legend --> furniture.legend [legend] | title --> text.title [title],increases_perceived_complexity @ legend (furniture.legend) [+] | aids_quick_interpretation @ title (text.title) [-],legend(furniture.legend) --adds_complexity_relative_to--> title(text.title) [+]
visMost97.png,Area,"uses common knowledge, is easy to understand, has distinguished/distinctive colors, and presents simple information.",simple information; familiar representation; color variety/arrangement/distribution; easy to interpret/read/understand,"color variety/shading; domain-specific concepts (e.g., chemical, biology, map); easy/hard to interpret; much/little data/info",3,4,2,chart --> whole.visualization [overall] | color_encoding --> property.color [data_area] | data_content --> content.data [data_area],simple_information @ data_content (content.data) [-] | common_knowledge_domain @ data_content (content.data) [-] | distinguished_distinctive_colors @ color_encoding (property.color) [-] | easy_to_understand @ chart (whole.visualization) [-],color_encoding(property.color) --aids_interpretation(raw:aids_interpretation_of)--> data_content(content.data) [-] | data_content(content.data) --requires_minimal_cognitive_load--> chart(whole.visualization) [-]
wsj135.png,Bar,"Left one is just a time scale with 2 data sets in same scale, diferent colors and aligment makes it easy to understand.; The other image is more easier to read and understand",much/more data/info/info spread; scale difference; shape arrangement; color variety/arrangement/distribution; easier to interpret/read/understand; easy to interpret/read/understand,color variety/shading; easy/hard to interpret; much/little data/info; scale difference; shapes and lines,5,4,2,chart --> whole.visualization [overall] | time_axis --> furniture.axes [axes] | dataset_1 --> content.data [data_area] | dataset_2 --> content.data [data_area] | color_encoding --> property.color [legend],time_scale_present @ time_axis (furniture.axes) [-] | alignment_ambiguous @ chart (whole.visualization) [+] | easy_to_understand @ chart (whole.visualization) [-] | different_colors_used @ color_encoding (property.color) [-],dataset_1(content.data) --distinguished_from--> dataset_2(content.data) [-] | dataset_1(content.data) --shares_time_axis_with--> dataset_2(content.data) [-]
InfoVisC.133.5(3).png,Node-link,Both of these images are a bit complex.; - element size - number of details - complexity of shapes and contrasts; The complexity of the information conveyed in the right image seems a lot more than the left image. There are several factors to understand in the right image. overlapping/intersecting lines; Volume of information; Spread of information on the image; Data interpretation; Time to evaluate context,more detailed/things; element sizes; shapes and contrasts,color contrast/clarity; much/little data/info; shapes and lines,3,4,2,chart --> whole.visualization [overall] | data_elements --> content.data [data_area] | shapes --> mark.shape [data_area],low_detail_count @ chart (whole.visualization) [-] | large_element_size @ data_elements (content.data) [-] | varied_shapes_present @ shapes (mark.shape) [+] | high_contrast_marks @ shapes (mark.shape) [+],shapes(mark.shape) --increases_complexity(raw:increases_visual_complexity_of)--> chart(whole.visualization) [+] | data_elements(content.data) --reduces_clutter_in--> chart(whole.visualization) [-]
SciVisJ.1025.11.png,Point,"Lots of inscription with details, several measurements on the same graph, numbers; There are more colours in this image and it is displaying more data; -number of information -color contrast; less text; more information and nuances transportet through the picture.; Compared to the other one its a bit more complex",many measurements; more detailed/things; much/more data/info/info spread; information nuance expressed; amount of words/context/numbers; detailed inscription; little/less text/numbers/context; color variety/arrangement/distribution; low color contrast/separation/segmentation,"amount of words/context/numbers; color contrast/clarity; color variety/shading; domain-specific concepts (e.g., chemical, biology, map); little/less text/numbers/context; much/little data/info; word rotation/small font size",5,10,4,text_labels --> text.label [overall] | measurements --> content.number [axes] | numbers --> content.number [data_area] | data_elements --> content.data [data_area] | colors --> property.color [overall],lots_of_inscriptions @ text_labels (text.label) [+] | detailed_annotations @ text_labels (text.label) [+] | sparse_text_present @ text_labels (text.label) [+] | several_measurements_shown @ measurements (content.number) [+] | numeric_labels_present @ numbers (content.number) [+] | high_information_volume @ data_elements (content.data) [+] | nuanced_data_content @ data_elements (content.data) [+] | more_data_points @ data_elements (content.data) [+] | multiple_colors_used @ colors (property.color) [+] | high_color_contrast @ colors (property.color) [-],text_labels(text.label) --increases_effort(raw:increases_cognitive_load)--> data_elements(content.data) [+] | numbers(content.number) --contributes_to_clutter_in--> measurements(content.number) [+] | colors(property.color) --aids_differentiation_of--> data_elements(content.data) [-] | measurements(content.number) --adds_detail_to--> data_elements(content.data) [+]
InfoVisJ.619.17.png,Point,this is visually complex because the dots are everywhere not in exact locations spread around seems cluttered; the other photo seems easier to figure out- but was tough to decide,dense/cluttered data/info; more charts/points/lines/shapes/elements; much/more data/info/info spread; easier to interpret/read/understand,easy/hard to interpret; more charts/points/lines/shapes/elements; much/little data/info; overlapping shapes/colors/lines,2,4,1,dots --> mark.point [data_area] | layout --> structure.layout [overall],scattered_everywhere @ dots (mark.point) [+] | spread_around @ dots (mark.point) [+] | cluttered_appearance @ layout (structure.layout) [+] | easier_to_figure_out @ layout (structure.layout) [-],dots(mark.point) --contributes_to--> layout(structure.layout) [+]
economist_daily_chart_165.png,Bar,"The left image is simpler than the other one because its data are easier to see them, at least, in my opinion.; The highlighted image has a lot of details to read and requires concentration to pay attention to all the data in it (the 'other one' compared to the circle image).; contains more information mix several colors; the size of the graphics; more details；couldnt`see the content; neither is very complex, but comparatively the one on the left is more visually complex as it requires reading; The most important is to understand the topic, what I am looking at. Then the quality of the picture has to be reasonably good, with distinct colours and clear text.; 2D; understandable visual; - how organised/disorganised was the picture - how many type of entities they were - numbers on entities - numbers of unique shapes/colors",more detailed/things; much/more data/info/info spread; 2D/3D; clear title/axis/label; color variety/arrangement/distribution; attention/squinting to understand; easier to see/tell/visualize; easy to interpret/read/understand; more reading/interpretation/understanding; not interpretable/readable/understandable,2D/3D; color variety/shading; easy/hard to interpret; labels/axes/legends; much/little data/info; take longer to interpret,6,12,4,chart --> whole.visualization [overall] | data_elements --> content.data [data_area] | color_encoding --> property.color [data_area] | text_labels --> text.label [axes] | legend --> furniture.legend [legend] | title --> text.title [title],contains_more_information @ chart (whole.visualization) [+] | two_dimensional_layout @ chart (whole.visualization) [-] | understandable_visual @ chart (whole.visualization) [-] | requires_concentration @ chart (whole.visualization) [+] | lot_of_details @ data_elements (content.data) [+] | more_details_present @ data_elements (content.data) [+] | data_easier_to_see @ data_elements (content.data) [-] | content_hard_to_see @ data_elements (content.data) [+] | mixes_several_colors @ color_encoding (property.color) [+] | distinct_colors_used @ color_encoding (property.color) [+] | requires_reading @ text_labels (text.label) [+] | clear_text @ text_labels (text.label) [-],color_encoding(property.color) --encodes_variation_in--> data_elements(content.data) [+] | text_labels(text.label) --adds_reading_burden_to--> chart(whole.visualization) [+] | data_elements(content.data) --contributes_detail_to--> chart(whole.visualization) [+] | title(text.title) --aids_interpretation(raw:aids_interpretation_of)--> chart(whole.visualization) [-]
InfoVisJ.1558.11(3).png,Glyph,"the other one i have no context to what its about; The swirling pattern of the dots, along with the colours, make it appear more complex.",lack of/not enough axis labels/legend/annotations/context,labels/axes/legends,1,3,0,visualization --> whole.visualization [overall],lacks_contextual_information @ visualization (whole.visualization) [+] | requires_external_knowledge @ visualization (whole.visualization) [+] | ambiguous_without_context @ visualization (whole.visualization) [+],
VisJ.1499.8.png,Glyph,more information to actually think about; number of points/shapes,much/more data/info/info spread; number of levels,2D/3D; much/little data/info,3,2,2,chart --> whole.visualization [overall] | data_points --> mark.point [data_area] | information_content --> content.data [overall],low_number_of_points @ data_points (mark.point) [-] | requires_more_thinking @ information_content (content.data) [+],information_content(content.data) --increases_cognitive_demand_of--> chart(whole.visualization) [+] | data_points(mark.point) --limited_quantity_reduces_clutter_in--> chart(whole.visualization) [-]
wsj603.png,Line,had many small details like the small ups and downs. There are much more information; The one on the right seems like it's fairly easy to read; There were more colours in the image on the left. The shapes and lines were more complex; Comprehensibility Readability,fine/layered details; much/more data/info/info spread; shapes and lines; color variety/arrangement/distribution; easy to interpret/read/understand,color variety/shading; easy/hard to interpret; much/little data/info; shapes and lines,5,6,3,lines --> mark.line [data_area] | shapes --> mark.shape [data_area] | color_scheme --> property.color [overall] | small_details --> content.detail [data_area] | information_content --> content.data [overall],multiple_lines_present @ lines (mark.line) [+] | varied_shape_marks @ shapes (mark.shape) [+] | more_colors_used @ color_scheme (property.color) [+] | many_small_details @ small_details (content.detail) [+] | high_information_volume @ information_content (content.data) [+] | fairly_easy_to_read @ information_content (content.data) [-],lines(mark.line) --combined_with--> shapes(mark.shape) [+] | small_details(content.detail) --contributes_to--> information_content(content.data) [+] | color_scheme(property.color) --increases_complexity(raw:increases_complexity_of)--> information_content(content.data) [+]
whoQ44_4.png,Area,"1. More numbers presented 2. Lots of different variables 3. Large numbers 4. Different colors; more information; more colours, more forms; There are more variations of shade; more information is portrayed; the shapes are more complex.; The number of different graphic elements; clear and clean; has numbers and legend; data in different formats; It is much easier to read the second graph.; Readability: the colours in the orange highlight are difficult to tell apart, which makes reading the data more difficult at a glance.; but in the second graphic I could undersant easly what is about it; Small numbers",more charts/points/lines/shapes/elements; more parameters/variables; much/more data/info/info spread; organized/structured; curves and shapes; more forms; amount of words/context/numbers; readability; too much legend; word rotation/small font size; unfamiliar concepts/patterns; color variety/arrangement/distribution; lack of color contrast / hard to distinguish colors; easier to interpret/read/understand; easier to process/visualize; easy to interpret/read/understand; more difficult to interpret/read/understand/differentiate,"2D/3D; amount of words/context/numbers; color contrast/clarity; color variety/shading; domain-specific concepts (e.g., chemical, biology, map); easy/hard to interpret; labels/axes/legends; more charts/points/lines/shapes/elements; more parameters/variables; much/little data/info; shapes and lines; word rotation/small font size",7,19,5,chart --> whole.visualization [overall] | graphic_elements --> mark.element [data_area] | colors --> property.color [data_area] | legend --> furniture.legend [legend] | numbers --> content.number [data_area] | variables --> content.data [data_area] | shapes --> mark.shape [data_area],data_in_different_format @ chart (whole.visualization) [+] | more_information_present @ chart (whole.visualization) [+] | clear_and_clean_layout @ chart (whole.visualization) [-] | quicker_easier_to_process @ chart (whole.visualization) [-] | easier_to_read @ chart (whole.visualization) [-] | understand_easily_what_about @ chart (whole.visualization) [-] | reading_data_more_difficult @ chart (whole.visualization) [+] | reduced_readability @ chart (whole.visualization) [+] | high_number_of_elements @ graphic_elements (mark.element) [+] | more_forms_present @ graphic_elements (mark.element) [+] | difficult_to_tell_apart @ colors (property.color) [+] | variations_of_shade @ colors (property.color) [+] | more_colors_used @ colors (property.color) [+] | different_colors_present @ colors (property.color) [+] | legend_adds_complexity @ legend (furniture.legend) [+] | small_numbers_present @ numbers (content.number) [-] | large_numbers_present @ numbers (content.number) [+] | lots_of_variables @ variables (content.data) [+] | shapes_more_complex @ shapes (mark.shape) [+],graphic_elements(mark.element) --increases_visual_clutter_in--> chart(whole.visualization) [+] | colors(property.color) --complicates_interpretation_of--> legend(furniture.legend) [+] | variables(content.data) --adds_cognitive_load_to--> chart(whole.visualization) [+] | shapes(mark.shape) --increases_encoding_complexity_in--> chart(whole.visualization) [+] | numbers(content.number) --contributes_to_readability_of--> chart(whole.visualization) [-]
SciVisJ.2926.1.png,Cont.-ColorPatn,I don't know what it presents. So it starts with some level of complexity.,unclear meaning/confusing,unclear meaning/confusing,1,3,0,visualization --> whole.visualization [overall],unclear_content_meaning @ visualization (whole.visualization) [+] | high_interpretive_difficulty @ visualization (whole.visualization) [+] | requires_domain_knowledge @ visualization (whole.visualization) [+],
VisJ.1515.12.png,Cont.-ColorPatn,"it was harder for my eyes to focus on the colours in this picture making it harder to adjust and see the colours.; the contrast of the colors is really weird and it doesnt make sense; Colour coded for separating facts; more lines, making it more difficult to identify differences in the information presented; i have no idea what is going on. i cannot make sense of it; I didn't understand what the left image was demonstrating; i have more dificulty to read this image for me.i don't know what to say; really don't understand this one; Processing information is not possible on the selected image; no context; too dark; Hard measure; Hard to find exact feature; I was looking for images that made sense to me, in terms of how I would retrieve data, the orange highlighted one gave me no further information; the image is not as understandable in terms of shapes and what it resembles",more charts/points/lines/shapes/elements; exact feature; no more information; representation; understand/read shapes; lack of/not enough axis labels/legend/annotations/context; unfamiliar concepts/patterns; low color contrast/separation/segmentation; unclear coloring; unclear colormaps; unclear colors/contrast; hard to compare/discern/distinguish; hard to identify/extract/find features; hard to measure/model; less understandable; more difficult to focus/follow; not interpretable/readable/understandable,"color contrast/clarity; domain-specific concepts (e.g., chemical, biology, map); easy/hard to interpret; labels/axes/legends; more charts/points/lines/shapes/elements; more difficult to focus/follow; much/little data/info; shapes and lines; unclear colors/contrast; understand/read shapes",6,12,5,lines --> mark.line [data_area] | shapes --> mark.shape [data_area] | colors --> property.color [overall] | legend --> furniture.legend [legend] | labels --> text.label [axes] | background --> structure.background [overall],multiple_lines_present @ lines (mark.line) [+] | difficult_to_differentiate @ lines (mark.line) [+] | ambiguous_shape_encoding @ shapes (mark.shape) [+] | unclear_resemblance @ shapes (mark.shape) [+] | color_coded_separation @ colors (property.color) [-] | weird_color_contrast @ colors (property.color) [+] | hard_to_focus_eyes @ colors (property.color) [+] | provides_no_context @ legend (furniture.legend) [+] | gives_no_further_information @ legend (furniture.legend) [+] | hard_to_find_features @ labels (text.label) [+] | measure_not_clear @ labels (text.label) [+] | too_dark @ background (structure.background) [+],colors(property.color) --causes_difficulty_identifying--> lines(mark.line) [+] | background(structure.background) --increases_visual_strain_on--> colors(property.color) [+] | legend(furniture.legend) --fails_to_clarify--> shapes(mark.shape) [+] | lines(mark.line) --contributes_to_clutter_with--> shapes(mark.shape) [+] | labels(text.label) --lacks(raw:lacks_context_for)--> lines(mark.line) [+]
v487_n7406_7_f3.png,Glyph,There are more colors and more details all mixed up to scrutinize on the orange highlight image. Datas printed on orange highlight image seem more difficult to understand.,messy/mixed up/noisy/intermingled elements; more detailed/things; color variety/arrangement/distribution; more difficult to interpret/read/understand/differentiate,color variety/shading; easy/hard to interpret; much/little data/info; overlapping shapes/colors/lines,4,4,3,chart --> whole.visualization [overall] | color_scheme --> property.color [data_area] | details --> content.detail [data_area] | layout --> structure.layout [overall],multiple_colors_present @ color_scheme (property.color) [+] | high_detail_density @ details (content.detail) [+] | mixed_up_arrangement @ layout (structure.layout) [+] | difficult_to_understand @ chart (whole.visualization) [+],color_scheme(property.color) --increases_clutter_in--> chart(whole.visualization) [+] | details(content.detail) --contributes_to_difficulty_of--> chart(whole.visualization) [+] | layout(structure.layout) --appears_mixed_up_within--> chart(whole.visualization) [+]
SciVisJ.980.12(2).png,Glyph,"The most important is to understand the topic, what I am looking at. Then the quality of the picture has to be reasonably good, with distinct colours and clear text.",clear title/axis/label; color variety/arrangement/distribution,color variety/shading; labels/axes/legends,2,2,1,text_labels --> text.label [axes] | color_encoding --> property.color [data_area],clear_and_legible @ text_labels (text.label) [-] | distinct_color_variety @ color_encoding (property.color) [+],color_encoding(property.color) --differentiates(raw:contrasts_with)--> text_labels(text.label) [+]
SciVisJ.1236.10.png,Grid,"The amount of pixels and colors also with different patterns and partly mixed up seemed more intense on the right side. Also the text abpve the pixel add up to it being more complex to me.; Number of square. Variety of data in every square. convey much more data.; On the contrary the left image is clear, it shows everything by columns and rows which is easier to visualize.; The more complex image needs to be studied more intently to make sense of.; I have no idea what Image 1 is; it makes me curious what it means and the colors seem to have some sort of meaning.; I dont understand at all the image selected, neither the graphics nor the data. I have never seen something similar.; The image with the orange box has 1. different shapes and sizes of blurred purple and green boxes 2. labels are top are confusing to decode; The meaning of the code which i don't understand","many/more data/info; more charts/points/lines/shapes/elements; shape size variation; unclear meaning; title/axis/label/descriptions; domain-specific concepts (e.g., chemical, biology, map); no context or reference; unfamiliar concepts/patterns; blurry colors/images; unclear meaning/confusing; easier to process/visualize; more effort/reading/detailed analysis; not interpretable/readable/understandable","blurry colors/images; domain-specific concepts (e.g., chemical, biology, map); easy/hard to interpret; labels/axes/legends; more charts/points/lines/shapes/elements; shapes and lines; take longer to interpret; unclear meaning/confusing",5,11,4,grid --> structure.grid [data_area] | squares --> mark.shape [data_area] | colors --> property.color [data_area] | labels --> text.label [axes] | columns_and_rows --> structure.grid [overall],different_shapes_and_sizes @ squares (mark.shape) [+] | blurred_appearance @ squares (mark.shape) [+] | high_quantity_of_squares @ squares (mark.shape) [+] | variety_of_data_within @ squares (mark.shape) [+] | purple_and_green_hues @ colors (property.color) [+] | colors_carry_meaning @ colors (property.color) [+] | aids_interpretation @ labels (text.label) [-] | structured_layout @ columns_and_rows (structure.grid) [-] | requires_domain_knowledge @ grid (structure.grid) [+] | unfamiliar_visualization_type @ grid (structure.grid) [+] | needs_intense_study @ grid (structure.grid) [+],columns_and_rows(structure.grid) --makes_easier_to_visualize--> grid(structure.grid) [-] | colors(property.color) --encodes_unclear_meaning_in--> squares(mark.shape) [+] | labels(text.label) --partially_clarifies--> squares(mark.shape) [-] | squares(mark.shape) --contributes_to_clutter_in--> grid(structure.grid) [+]
v483_n7391_8_f5.png,Cont.-ColorPatn,"The graph is something I am unfamiliar with, it is harder to read and understand, and it is visually more striking.; as a coloured surface, which is harder to discern; contains more information; Too many similar colours, and axis; A lot of data; More colors; More numbers; The data in the chosen picture are more difficult to read. The graph itself seems conveying more data; The other image has an order; require a more specialized education to understand.; the left has more details and displayed via a bar chart - more simple. It is harder to read.; there are more colors, more information to look at, the lines are wavy and not straightforward; Much more data on the graph than just words.; The image in orange could be anything — an individual without specialized knowledge would be clueless as to what it is. Multiple data points in the image in orange. To the human eye it is more complex: whereas most graphs have two axes (as in the seismic graph), the orange image has four axes and is more difficult to understand based on the results presented.; I feel like the left seems pretty organized and easy to understand, also the colors on both side left are identical, which makes it less complex for me. It's structured.; four labelled axes; separate colour scale; Both have 3 variables; the right one representing one variable with a heat map makes it easier for me to understand at a glance. Curve lines limiting the heat map also helps.","more charts/points/lines/shapes/elements; more detailed/things; much/more data/info/info spread; multiple features/elements/graphs; organized/structured; curved lines; indistinguishable/unintuitive lines; ordered; single variable; more axes; more numbers; title/axis/label/descriptions; word/text/sentence; a specific technique; a specific technique, e.g., bar, pie, circle; domain-specific concepts (e.g., chemical, biology, map); unfamiliar concepts/patterns; color variety/arrangement/distribution; colored surface; lack of color contrast / hard to distinguish colors; separate color scales; visually striking; easy to interpret/read/understand; hard to interpret/read/understand/differentiate; more difficult to compare/discern/distinguish; more difficult to interpret/read/understand/differentiate; not interpretable/readable/understandable; require specialized knowledge","2D/3D; amount of words/context/numbers; color contrast/clarity; color variety/shading; distracting/confusing/unclear; domain-specific concepts (e.g., chemical, biology, map); easy/hard to interpret; labels/axes/legends; more charts/points/lines/shapes/elements; much/little data/info; ordered; shapes and lines; take longer to interpret",7,24,6,colored_surface --> mark.area [data_area] | color_scale --> property.color [legend] | axes --> furniture.axes [axes] | axis_labels --> text.axis_label [axes] | data_points --> mark.point [data_area] | curve_lines --> mark.line [data_area] | text_labels --> text.label [axes],visually_striking_surface @ colored_surface (mark.area) [+] | difficult_to_read @ colored_surface (mark.area) [+] | conveys_more_data @ colored_surface (mark.area) [+] | harder_to_discern @ colored_surface (mark.area) [+] | separate_color_scale @ color_scale (property.color) [+] | too_many_similar_colors @ color_scale (property.color) [+] | more_colors_present @ color_scale (property.color) [+] | identical_colors_both_sides @ color_scale (property.color) [+] | four_labeled_axes @ axes (furniture.axes) [+] | more_axes_present @ axes (furniture.axes) [+] | axis_aids_orientation @ axes (furniture.axes) [-] | more_numbers_present @ axis_labels (text.axis_label) [+] | words_aid_reading @ axis_labels (text.axis_label) [-] | multiple_data_points @ data_points (mark.point) [+] | much_more_data @ data_points (mark.point) [+] | more_details_present @ data_points (mark.point) [+] | lines_not_straightforward @ curve_lines (mark.line) [+] | curve_lines_simple @ curve_lines (mark.line) [-] | requires_specialized_education @ colored_surface (mark.area) [+] | unfamiliar_chart_type @ colored_surface (mark.area) [+] | more_difficult_to_understand @ colored_surface (mark.area) [+] | organized_structured_layout @ colored_surface (mark.area) [-] | easy_to_understand @ colored_surface (mark.area) [-] | understand_at_a_glance @ colored_surface (mark.area) [-],colored_surface(mark.area) --encoded_with--> color_scale(property.color) [+] | colored_surface(mark.area) --bounded_by--> axes(furniture.axes) [+] | axes(furniture.axes) --labeled_with--> axis_labels(text.axis_label) [+] | colored_surface(mark.area) --contains--> data_points(mark.point) [+] | colored_surface(mark.area) --overlaid_with--> curve_lines(mark.line) [+] | color_scale(property.color) --increases_clutter_of--> colored_surface(mark.area) [+]
InfoVisJ.2699.12.png,Node-link,"less white space; red colours amongst lots of black overlapping lines; straight lines, dots, colour and shapes used",less empty space; overlapping shapes/colors/lines; shapes; shapes and lines; straight lines; unclear colormaps,color contrast/clarity; overlapping shapes/colors/lines; shapes and lines,5,6,3,white_space --> structure.background [overall] | lines --> mark.line [data_area] | dots --> mark.point [data_area] | shapes --> mark.shape [data_area] | red_colors --> property.color [data_area],reduced_white_space @ white_space (structure.background) [+] | high_overlap_density @ lines (mark.line) [+] | straight_line_encoding @ lines (mark.line) [-] | simple_point_marks @ dots (mark.point) [-] | varied_shape_types @ shapes (mark.shape) [+] | prominent_red_coloring @ red_colors (property.color) [+],lines(mark.line) --overlaps_with--> lines(mark.line) [+] | shapes(mark.shape) --increases_clutter_over--> dots(mark.point) [+] | red_colors(property.color) --visually_dominates--> lines(mark.line) [+]
VisJ.1197.5(3).png,Glyph,"There are a lot of layers of shapes/details. This complexity of texture is stimulating. Quantity of items in the image.; so many cube -> difficult to visualize; the image on the right I see no context whatsoever.; The one on the right has 3 dimensions, so it looks like it's showing more data and more complexity.",fine/layered details; more charts/points/lines/shapes/elements; shapes; no context or reference; visually stimulating  texture/colors; hard to see/tell/visualize,"domain-specific concepts (e.g., chemical, biology, map); easy/hard to interpret; more charts/points/lines/shapes/elements; much/little data/info; shapes and lines; symbols",4,8,3,cubes --> mark.shape [data_area] | layers --> structure.layout [data_area] | texture --> property.texture [overall] | context --> content.domain [overall],large_quantity_of_cubes @ cubes (mark.shape) [+] | difficult_to_visualize @ cubes (mark.shape) [+] | high_item_quantity @ cubes (mark.shape) [+] | layered_shapes_and_details @ layers (structure.layout) [+] | overlapping_shape_complexity @ layers (structure.layout) [+] | visually_stimulating_texture @ texture (property.texture) [+] | no_context_provided @ context (content.domain) [+] | absence_aids_simplicity @ context (content.domain) [-],cubes(mark.shape) --arranged_in--> layers(structure.layout) [+] | layers(structure.layout) --contributes_to--> texture(property.texture) [+] | context(content.domain) --increases_ambiguity(raw:increases_ambiguity_of)--> cubes(mark.shape) [+]
whoQ50_2.png,Bar,Image 1 I would say is most important because it can easily be read.,easy to read,easy/hard to interpret,1,1,0,visualization --> whole.visualization [overall],easily_readable_content @ visualization (whole.visualization) [-],
VisC.503.6.png,Bar,The graph has more information and looks complex. The bar graphs look more important than the circle graphs. It looks more professional than the other graph. There is more detail surrounding the graph for better understanding,"a specific technique, e.g., bar, pie, circle; easy to interpret/read/understand","domain-specific concepts (e.g., chemical, biology, map); easy/hard to interpret",2,3,1,bar_graph --> whole.visualization [data_area] | circle_graph --> whole.visualization [data_area],increases_visual_complexity @ bar_graph (whole.visualization) [+] | simple_circular_form @ circle_graph (whole.visualization) [-] | easy_to_understand @ circle_graph (whole.visualization) [-],bar_graph(whole.visualization) --combined_with--> circle_graph(whole.visualization) [+]
InfoVisC.211.18.png,Bar,Bar graph is incredibly simple,"a specific technique, e.g., bar, pie, circle; simple to interpret/read/understand","domain-specific concepts (e.g., chemical, biology, map); easy/hard to interpret",1,2,0,bar_graph --> whole.visualization [overall],familiar_chart_type @ bar_graph (whole.visualization) [-] | very_low_complexity @ bar_graph (whole.visualization) [-],
whoJ44.png,Line,data shown as lines; contains less information,little data/info; lines,much/little data/info; shapes and lines,2,2,1,chart --> whole.visualization [overall] | lines --> mark.line [data_area],less_information_present @ chart (whole.visualization) [-] | multiple_lines_present @ lines (mark.line) [+],lines(mark.line) --increases_clutter_in--> chart(whole.visualization) [+]
InfoVisJ.2402.12(1).png,Area,1. i felt like this cotains a multitude of observations 2. differnent sizes/figures 3. different colors; the left side looks like a complex image generated by some sort of light detection or graphing software that i am not familiar with.; their actions and use their size growing small as they go down,more charts/points/lines/shapes/elements; shape size variation; size decreasing; unfamiliar concepts/patterns; color variety/arrangement/distribution,"color variety/shading; domain-specific concepts (e.g., chemical, biology, map); more charts/points/lines/shapes/elements; shapes and lines",4,6,3,data_points --> mark.point [data_area] | size_encoding --> property.encoding [data_area] | color_encoding --> property.color [data_area] | chart_type --> whole.visualization [overall],size_varies_small_to_large @ size_encoding (property.encoding) [-] | multiple_colors_distributed @ color_encoding (property.color) [+] | unfamiliar_chart_form @ chart_type (whole.visualization) [+] | multitude_of_observations @ data_points (mark.point) [+] | different_sizes_and_figures @ size_encoding (property.encoding) [+] | different_colors_present @ color_encoding (property.color) [-],size_encoding(property.encoding) --encodes_variation_via--> color_encoding(property.color) [+] | data_points(mark.point) --rendered_with--> size_encoding(property.encoding) [+] | chart_type(whole.visualization) --requires_expertise(raw:requires_domain_knowledge_for)--> data_points(mark.point) [+]
wsj340.png,Bar,"The right image is a chart with a title, description, labels and coloured segments, therefore it doesn't need to do as much visually.; 1. Variety and Density of Elements, 2.Level of Detail 3. Depth and Dimensionality and 4.Interconnectedness of Elements.","description; title/axis/label/descriptions; a specific technique, e.g., bar, pie, circle; good color contrast/separation/segmentation; easy to interpret/read/understand","color contrast/clarity; domain-specific concepts (e.g., chemical, biology, map); easy/hard to interpret; labels/axes/legends; word rotation/small font size",5,5,3,chart --> whole.visualization [overall] | title --> text.title [title] | labels --> text.label [axes] | colored_segments --> mark.color_segment [data_area] | description --> text.description [annotation],low_visual_demand @ chart (whole.visualization) [-] | clear_informative_title @ title (text.title) [-] | readable_labels_present @ labels (text.label) [-] | limited_color_segments @ colored_segments (mark.color_segment) [-] | explanatory_description_present @ description (text.description) [-],title(text.title) --reduces_interpretive_effort_of--> chart(whole.visualization) [-] | description(text.description) --supplements_encoding_of--> colored_segments(mark.color_segment) [-] | labels(text.label) --clarifies(raw:clarifies_meaning_of)--> colored_segments(mark.color_segment) [-]
VisC.167.11.png,Bar,"just a bar graph, with colours representing groups, one can get the message of the visualisation in 1-2 seconds.; ana renklerin *ok kullan*lmamas*","a specific technique, e.g., bar, pie, circle; color represents groups; easy to interpret/read/understand","color variety/shading; domain-specific concepts (e.g., chemical, biology, map); easy/hard to interpret",3,4,2,bar_graph --> whole.visualization [overall] | bars --> mark.bar [data_area] | color_encoding --> property.color [legend],familiar_chart_type @ bar_graph (whole.visualization) [-] | grouped_by_color @ bars (mark.bar) [-] | colors_represent_groups @ color_encoding (property.color) [-] | rapidly_interpretable_message @ bar_graph (whole.visualization) [-],bars(mark.bar) --encoded_with--> color_encoding(property.color) [-] | bar_graph(whole.visualization) --enables_quick_comprehension--> bars(mark.bar) [-]
VASTJ.2908.2.png,Grid,"A lot of similar looking colors, lack of a grid so it makes it harder to look at the data points.",no context or reference; lack of color contrast / hard to distinguish colors; harder to view data point,"color contrast/clarity; domain-specific concepts (e.g., chemical, biology, map); easy/hard to interpret",3,3,2,data_points --> mark.point [data_area] | color_encoding --> property.color [data_area] | grid --> structure.grid [data_area],similar_looking_colors @ color_encoding (property.color) [+] | absent_grid_lines @ grid (structure.grid) [+] | hard_to_distinguish_points @ data_points (mark.point) [+],color_encoding(property.color) --makes_harder_to_read--> data_points(mark.point) [+] | grid(structure.grid) --absence_impedes_reading--> data_points(mark.point) [+]
InfoVisJ.1236.13.png,Area,The right is much harder to get grip of on many levels. Then there was also the scale and the frame with values on the right which adds up to the complexity.,clear text/scale/information; frame with values,2D/3D; clear text/scale/information,2,2,1,frame --> structure.panel [axes] | scale --> furniture.scale [axes],provides_value_reference @ frame (structure.panel) [-] | aids_data_interpretation @ scale (furniture.scale) [-],scale(furniture.scale) --aids_interpretation(raw:supports_readability_of)--> frame(structure.panel) [-]
economist_daily_chart_153.png,Area,The blue image looks softer and more pleasant to watch so that it give an impression of being less complex. The blue image and its datas seems easier to read and comprehend.,soft/layered/overlapping colors; visual clarity/appealing; easier to interpret/read/understand,distracting/confusing/unclear; easy/hard to interpret; soft/layered/overlapping colors,3,4,2,chart --> whole.visualization [overall] | color_palette --> property.color [data_area] | text_labels --> text.label [axes],soft_color_tones @ color_palette (property.color) [-] | visually_pleasant_appearance @ color_palette (property.color) [-] | easy_to_comprehend @ chart (whole.visualization) [-] | readable_text_elements @ text_labels (text.label) [-],color_palette(property.color) --reduces_cognitive_load_of--> chart(whole.visualization) [-] | color_palette(property.color) --contributes_to_pleasant_feel_of--> chart(whole.visualization) [-]
InfoVisC.73.6.png,Text,"cluter on screen; text; The left image seems simpler, with just text changing fonts and lines.; dark green; Volume of information Time to evaluate context Spread of information on the image Data interpretation; harder to understand; this one has text; I do recognize a few of the words there when I briefly glanced it; however, I am not sure what it means or what it is used for.",dense/cluttered data/info; many/more data/info; much/more data/info/info spread; lines; different font/word sizes/structure; title/axis/label/descriptions; word/text/sentence; unclear coloring; more difficult to interpret/read/understand/differentiate; unclear meaning/confusing,amount of words/context/numbers; color contrast/clarity; easy/hard to interpret; labels/axes/legends; more charts/points/lines/shapes/elements; much/little data/info; overlapping shapes/colors/lines; shapes and lines; unclear meaning/confusing; word rotation/small font size,5,10,4,chart --> whole.visualization [overall] | text_labels --> text.label [data_area] | lines --> mark.line [data_area] | color_encoding --> property.color [data_area] | font_styling --> property.font_style [overall],spread_of_information @ chart (whole.visualization) [-] | high_volume_of_information @ chart (whole.visualization) [+] | cluttered_screen_layout @ chart (whole.visualization) [+] | unclear_purpose_or_use @ chart (whole.visualization) [-] | meaning_not_apparent @ chart (whole.visualization) [-] | text_present @ text_labels (text.label) [+] | few_readable_words @ text_labels (text.label) [-] | multiple_lines_present @ lines (mark.line) [+] | dark_green_color_used @ color_encoding (property.color) [-] | changing_fonts_present @ font_styling (property.font_style) [-],text_labels(text.label) --contributes_to--> chart(whole.visualization) [+] | lines(mark.line) --adds_clutter_to--> chart(whole.visualization) [+] | color_encoding(property.color) --simplifies(raw:reduces_complexity_of)--> chart(whole.visualization) [-] | font_styling(property.font_style) --reduces_legibility_of--> text_labels(text.label) [-]
SciVisJ.822.18.png,Grid,,readability; easy to interpret/read/understand,easy/hard to interpret; word rotation/small font size,2,2,1,visualization --> whole.visualization [overall] | text_elements --> text.label [axes],generally_comprehensible @ visualization (whole.visualization) [-] | low_readability @ text_elements (text.label) [+],text_elements(text.label) --hinders_reading(raw:hinders_interpretation_of)--> visualization(whole.visualization) [+]
VisJ.1949.18(3).png,Glyph,"background white we see more clearly numbers and legend; Patterns, the image I chose was slightly mesmerizing as my brain wanted to find a pattern in it. More elements. The level of contrast. The colour intensity.",more charts/points/lines/shapes/elements; lack of/not enough axis labels/legend/annotations/context; unfamiliar concepts/patterns; color intensity; low color contrast/separation/segmentation; white/black background / other background,"color contrast/clarity; color variety/shading; domain-specific concepts (e.g., chemical, biology, map); labels/axes/legends; more charts/points/lines/shapes/elements; white/black background / other background",5,7,3,background --> structure.background [overall] | legend --> furniture.legend [legend] | numbers --> content.number [data_area] | data_elements --> content.data [data_area] | color_encoding --> property.color [data_area],white_background_present @ background (structure.background) [+] | legend_adds_elements @ legend (furniture.legend) [+] | numeric_labels_present @ numbers (content.number) [+] | more_elements_present @ data_elements (content.data) [+] | pattern_search_required @ data_elements (content.data) [+] | high_color_intensity @ color_encoding (property.color) [+] | high_contrast_level @ color_encoding (property.color) [+],numbers(content.number) --combined_with--> legend(furniture.legend) [+] | color_encoding(property.color) --contributes_to--> data_elements(content.data) [+] | data_elements(content.data) --requires_pattern_finding_in--> color_encoding(property.color) [+]
VASTJ.422.7.png,Point,Larger dataset; Bigger key so more things to analyse; More colours,large dataset; more detailed/things; too much legend; color variety/arrangement/distribution,color variety/shading; labels/axes/legends; much/little data/info,3,4,2,dataset --> content.data [data_area] | legend --> furniture.legend [legend] | color_scheme --> property.color [overall],larger_dataset_size @ dataset (content.data) [+] | more_visual_elements @ dataset (content.data) [+] | bigger_key_size @ legend (furniture.legend) [+] | more_colors_used @ color_scheme (property.color) [+],dataset(content.data) --increases_entries_in--> legend(furniture.legend) [+] | color_scheme(property.color) --adds_visual_complexity_to--> dataset(content.data) [+]
v488_n7412_9_f1.png,Area,There are more images on the left image. Both were quite complex and it was hard to decide.,more detailed/things,much/little data/info,1,1,0,images --> whole.visualization [overall],multiple_images_present @ images (whole.visualization) [+],
InfoVisJ.1558.9.png,Glyph,"Because the colours drew me in and the pellet looking things look like money.; Numbers or data. Some descriptions to make the image make sense; numbers and images; The difference in sizes of the same shape (circle). The clustering of the circles. The similarity of the colours.; The clustering of the circles the blue squares lined with dotted lines; Data in the second image is overlapping, which makes it harder to evaluate each individual element. Their elements seem to present some sort of relation between them.; To be honest they are both complex; 1. Unlabeled legend/data. 2. Legend too close to visualization 3. The way the zooming in doesn't stand out enough from the rest of the chart; The one with orange shapes do not. The one with the orange shapes might make sense later on but only if you give yourself more time to understand what you're looking at.; Comprehension - what the values or words define the graphic (right one is more complex); A straightforward image with little to no shade variation.; The first image presents more layers of information, both visually and through it's very limited legend.; 1) Understanding what the visualization is about 2) Reading the values 3) Understanding different value rankings 4) Comparing different values",dense/cluttered shape; overlapping shapes/colors/lines; shape size; shapes and lines; squares; lack of/not enough axis labels/legend/annotations/context; too much legend; familiar representation; appealing colors; blue color; good color contrast/separation/segmentation; lack of color contrast / hard to distinguish colors; intuitive; more difficult to interpret/read/understand/differentiate; take longer to interpret,"color contrast/clarity; color variety/shading; domain-specific concepts (e.g., chemical, biology, map); easy/hard to interpret; labels/axes/legends; overlapping shapes/colors/lines; shape size; shapes and lines; take longer to interpret",5,13,5,circles --> mark.point [data_area] | squares --> mark.shape [data_area] | dotted_lines --> mark.line [data_area] | legend --> furniture.legend [legend] | colors --> property.color [overall],clustered_together @ circles (mark.point) [+] | varying_sizes @ circles (mark.point) [+] | overlapping_data_elements @ circles (mark.point) [+] | pellet_money_appearance @ circles (mark.point) [+] | blue_colored_squares @ squares (mark.shape) [+] | orange_colored_shapes @ squares (mark.shape) [+] | dotted_line_marks @ dotted_lines (mark.line) [+] | unlabeled_legend_data @ legend (furniture.legend) [+] | too_close_to_visualization @ legend (furniture.legend) [+] | similar_color_palette @ colors (property.color) [+] | colors_draw_attention @ colors (property.color) [+] | little_shade_variation @ colors (property.color) [-] | straightforward_shape @ circles (mark.point) [-],circles(mark.point) --clusters_increase_difficulty--> legend(furniture.legend) [+] | legend(furniture.legend) --lacks_labels_for--> circles(mark.point) [+] | circles(mark.point) --overlaps_with--> squares(mark.shape) [+] | colors(property.color) --similarity_hinders_distinction_of--> squares(mark.shape) [+] | legend(furniture.legend) --positioned_too_close_to--> circles(mark.point) [+]
v488_n7409_12_f4.png,Node-link,It is more complex have more data,much/more data/info/info spread,much/little data/info,2,1,1,chart --> whole.visualization [overall] | data_points --> mark.point [data_area],high_data_volume @ data_points (mark.point) [+],data_points(mark.point) --increases_clutter_in--> chart(whole.visualization) [+]
VASTJ.2012.9(2).png,Text,"I picked complexity mostly for the amount of items displayed, how busy the charts were, the amount of information given and how hard it was to quickly understand them.; many different elements - less organization of elements - more variety of colors",dense/cluttered layout; more charts/points/lines/shapes/elements; much/more data/info/info spread; less organized elements; color variety/arrangement/distribution; more difficult to interpret/read/understand/differentiate,color variety/shading; easy/hard to interpret; less organized elements; more charts/points/lines/shapes/elements; much/little data/info; overlapping shapes/colors/lines,5,7,4,chart --> whole.visualization [overall] | color_scheme --> property.color [data_area] | data_elements --> content.data [data_area] | layout --> structure.layout [overall] | information_content --> content.data [overall],many_different_elements @ data_elements (content.data) [+] | high_amount_of_items @ data_elements (content.data) [+] | high_color_variety @ color_scheme (property.color) [+] | visually_busy @ chart (whole.visualization) [+] | large_information_volume @ information_content (content.data) [+] | hard_to_quickly_understand @ information_content (content.data) [+] | poor_element_organization @ layout (structure.layout) [+],data_elements(content.data) --contributes_to_clutter_in--> chart(whole.visualization) [+] | layout(structure.layout) --increases_complexity(raw:increases_difficulty_of)--> information_content(content.data) [+] | color_scheme(property.color) --adds_visual_complexity_to--> chart(whole.visualization) [+] | information_content(content.data) --increases_effort(raw:increases_cognitive_load_of)--> chart(whole.visualization) [+]
InfoVisJ.349.1.png,Node-link,"has easy lines to follow second option has easily distinct shapes; The numerous intersections on the right chart made it confusing to read to me.; Proximity of items Colours involved Complexity of image; Amount of information to understand the data; Lack of label or explanation; visually more abstract and to me complex; random like shapes; random like ""movement"" of datapoints(?); monochrome colour appeared more complex to me",dense points/lines/shapes/elements; overlapping shapes/colors/lines; lines; random-like movement; random-like shapes; shapes and lines; lack of/not enough axis labels/legend/annotations/context; text hard to read; monochrome; unclear colormaps; easy to focus/follow; unclear meaning/confusing,color contrast/clarity; distracting/confusing/unclear; easy/hard to interpret; labels/axes/legends; monochrome; more charts/points/lines/shapes/elements; overlapping shapes/colors/lines; random-like shapes; shapes and lines; unclear meaning/confusing; word rotation/small font size,6,10,4,lines --> mark.line [data_area] | datapoints --> content.data [data_area] | shapes --> mark.shape [data_area] | color_scheme --> property.color [overall] | labels --> text.label [annotation] | intersections --> structure.link [data_area],distinct_recognizable_shapes @ shapes (mark.shape) [-] | numerous_lines_present @ lines (mark.line) [+] | easy_to_follow @ lines (mark.line) [-] | numerous_intersections @ intersections (structure.link) [+] | random_like_movement @ datapoints (content.data) [+] | random_like_shapes @ shapes (mark.shape) [+] | monochrome_color_used @ color_scheme (property.color) [+] | colors_involved @ color_scheme (property.color) [+] | lack_of_labels_explanation @ labels (text.label) [+] | close_proximity_of_items @ datapoints (content.data) [-],lines(mark.line) --contributes_to(raw:creates)--> intersections(structure.link) [+] | intersections(structure.link) --makes_confusing_to_read--> lines(mark.line) [+] | labels(text.label) --absent_from--> shapes(mark.shape) [+] | datapoints(content.data) --clustered_near--> datapoints(content.data) [-]
VASTJ.1.7.png,Node-link,"1. Pictures are more scattered, which takes more time to look at.","scattered shapes (e.g., dots, squares, pictures); take longer to interpret","scattered shapes (e.g., dots, squares, pictures); take longer to interpret",2,2,1,data_points --> mark.point [data_area] | chart --> whole.visualization [overall],scattered_distribution @ data_points (mark.point) [+] | requires_extended_viewing @ chart (whole.visualization) [+],data_points(mark.point) --increases_clutter_in--> chart(whole.visualization) [+]
vis734.png,Grid,too many points;  black background,more charts/points/lines/shapes/elements; white/black background / other background,more charts/points/lines/shapes/elements; white/black background / other background,2,2,1,data_points --> mark.point [data_area] | background --> structure.background [overall],excessive_point_count @ data_points (mark.point) [+] | black_background_color @ background (structure.background) [+],data_points(mark.point) --clutters--> background(structure.background) [+]
VisJ.1541.1(2).png,Cont.-ColorPatn,"There seems to be far more noise in the image, I had to take a lot longer to try and process and think about what the image portrayed. 1. Noise 2. Understanding of what the image is; The image in the left has some contect with color hues",messy/mixed up/noisy/intermingled elements; image portrayal; context; color hues; take longer to interpret,"2D/3D; color variety/shading; domain-specific concepts (e.g., chemical, biology, map); overlapping shapes/colors/lines; take longer to interpret",4,6,2,chart --> whole.visualization [overall] | data_marks --> content.data [data_area] | color_encoding --> property.color [data_area] | semantic_content --> content.domain [overall],high_visual_noise @ data_marks (content.data) [+] | cluttered_data_elements @ data_marks (content.data) [+] | unclear_portrayed_subject @ semantic_content (content.domain) [+] | requires_longer_processing @ semantic_content (content.domain) [+] | distinct_color_hues @ color_encoding (property.color) [-] | provides_interpretive_context @ semantic_content (content.domain) [-],data_marks(content.data) --increases_effort(raw:increases_cognitive_load_of)--> semantic_content(content.domain) [+] | color_encoding(property.color) --aids_interpretation(raw:aids_interpretation_of)--> data_marks(content.data) [-]
v488_n7409_19_f1.png,Grid,"It was very hard to understand what is going on. The first one has lots of different colors. It was difficult to understand what is happening because of the small font used in the letters.; The image I chose as more more complex had more colours in comparison to the other image and more variables.; Many more factors to consider; Way more colors and points of the graph; Bigger graph; A lot more parameters. Color to take into account to understand the graph.; I didn't understand the image as much as I did the other one. It was visually complex in the sense that it wasn't intuitive to the average person to interpret. The key in the image I selected is quite expansive and contains a lot of terms I do not know. There are many more different visual components at work in the image I selected: colors, shapes, tables, texts, as well as implied data points/patterns.; there is more detail on the right. there are lots more isolated squares, and just appear more random. There are more unique colours.; there is more colors and more points and axis of parameters.; the first one look more important because there is a lot of stuff writting; - Colors are more appealing; More words more squares than dots multiple axes; A lot of colors are used. All of the colors and squares are scattered all over. Really small writing and labels. Ineligible for the size of the chart.; A lot of colors are used. All of the colors and squares are scattered all over. Lots of small writing and labels. Ineligible for the size of the chart.","more charts/points/lines/shapes/elements; more parameters/variables; much/more data/info/info spread; multiple features/elements/graphs; more squares than shapes; scattered shapes (e.g., dots, squares, pictures); shapes; amount of words/context/numbers; more texts/words; more title/axis/label; title/axis/label/descriptions; too much legend; unclear relation between words; unreadable; word rotation/small font size; word/text/sentence; clear color uses; color details; color dimension; color variety/arrangement/distribution; unclear colormaps; convoluted composition; visual clarity/appealing; attention/squinting to understand; easy to interpret/read/understand; hard to interpret/read/understand; not interpretable/readable/understandable; not intuitive/simple data; read/analyze many figures/items; take longer to interpret","amount of words/context/numbers; color contrast/clarity; color variety/shading; distinguishable/full/highly contrast color uses; distracting/confusing/unclear; easy/hard to interpret; labels/axes/legends; more charts/points/lines/shapes/elements; more parameters/variables; much/little data/info; overlapping shapes/colors/lines; read/analyze many figures/items; scattered shapes (e.g., dots, squares, pictures); shapes and lines; take longer to interpret; unclear meaning/confusing; word rotation/small font size",6,19,5,squares --> mark.shape [data_area] | dots --> mark.point [data_area] | axes --> furniture.axes [axes] | text_labels --> text.label [axes] | legend --> furniture.legend [legend] | colors --> property.color [overall],scattered_all_over @ squares (mark.shape) [+] | numerous_isolated_marks @ squares (mark.shape) [+] | outnumber_dots @ squares (mark.shape) [+] | more_points_present @ dots (mark.point) [+] | multiple_axes @ axes (furniture.axes) [+] | many_parameters_on_axes @ axes (furniture.axes) [+] | small_font_size @ text_labels (text.label) [+] | illegible_small_writing @ text_labels (text.label) [+] | lot_of_terms @ text_labels (text.label) [+] | many_more_words @ text_labels (text.label) [+] | key_present_in_image @ legend (furniture.legend) [+] | labels_aid_reading @ legend (furniture.legend) [-] | many_unique_colors @ colors (property.color) [+] | colors_more_appealing @ colors (property.color) [-] | color_adds_factor_to_consider @ colors (property.color) [+] | many_visual_components @ squares (mark.shape) [+] | more_variables_represented @ axes (furniture.axes) [+] | difficult_to_understand @ colors (property.color) [+] | not_intuitive @ colors (property.color) [+],squares(mark.shape) --outnumbers--> dots(mark.point) [+] | squares(mark.shape) --distributed_across(raw:scattered_across)--> axes(furniture.axes) [+] | text_labels(text.label) --labels_multiple--> axes(furniture.axes) [+] | colors(property.color) --encodes--> squares(mark.shape) [+] | legend(furniture.legend) --explains--> colors(property.color) [+]
VASTC.13.9.png,Text,"More details, complex graph design, varied colors; Both were quite complex and it was hard to decide.; Comprehension - what the values or words define the graphic (right one is more complex). both are complex.",more detailed/things; label meaning; a specific technique; color variety/arrangement/distribution,"color variety/shading; domain-specific concepts (e.g., chemical, biology, map); labels/axes/legends; much/little data/info",4,4,3,graph --> whole.visualization [overall] | color_encoding --> property.color [data_area] | labels_values --> text.label [axes] | data_details --> content.data [data_area],complex_graph_design @ graph (whole.visualization) [+] | varied_colors_present @ color_encoding (property.color) [+] | unclear_defining_values @ labels_values (text.label) [-] | more_details_included @ data_details (content.data) [+],color_encoding(property.color) --increases_clutter_in--> graph(whole.visualization) [+] | labels_values(text.label) --reduces_interpretability_of--> graph(whole.visualization) [-] | data_details(content.data) --increases_complexity(raw:adds_complexity_to)--> graph(whole.visualization) [+]
InfoVisJ.1149.6(1).png,Grid,"It contains a high information density. As a result, interpreting the map requires parsing through a large amount of textual data, which can be visually overwhelming and mentally taxing. Navigating through this hierarchical text requires understanding the relative importance of different labels and how they contribute to the overall information conveyed by the map. Interpreting a map with many small writings requires not only reading and understanding individual labels but also synthesizing information from multiple sources to gain a comprehensive understanding of the depicted area.",dense/cluttered data/info; different labels; hierarchical text; more texts/words; title/axis/label/descriptions; visually overwhelming; more reading/interpretation/understanding,amount of words/context/numbers; distracting/confusing/unclear; labels/axes/legends; overlapping shapes/colors/lines; take longer to interpret; word rotation/small font size,4,7,3,visualization --> whole.visualization [overall] | text_labels --> text.label [data_area] | hierarchical_structure --> structure.hierarchy [data_area] | small_text --> text.label [data_area],high_information_density @ visualization (whole.visualization) [+] | visually_overwhelming_layout @ visualization (whole.visualization) [+] | mentally_taxing_to_interpret @ visualization (whole.visualization) [+] | large_amount_of_text @ text_labels (text.label) [+] | many_different_labels @ text_labels (text.label) [+] | hierarchical_text_organization @ hierarchical_structure (structure.hierarchy) [+] | many_small_writings @ small_text (text.label) [+],text_labels(text.label) --contributes_to_clutter_in--> visualization(whole.visualization) [+] | hierarchical_structure(structure.hierarchy) --increases_structural_complexity_of--> visualization(whole.visualization) [+] | small_text(text.label) --reduces_legibility_within--> visualization(whole.visualization) [+]
InfoVisC.65.5(2).png,Node-link,"This image has a lot of lines, only one colour, and everything is quite diffuse, nothing is clear in the picture.; chosen one has lots of hard to discern meeting points which add to the complexity.; I think the info it's very important here and the nature of this info, because if you don't know anything about it, it could be difficult as well.",more charts/points/lines/shapes/elements; overlapping shapes/colors/lines; lines; nothing clear; a specific domain; monochrome; complicated to process; hard to compare/discern/distinguish; hard to interpret/read/understand,"domain-specific concepts (e.g., chemical, biology, map); easy/hard to interpret; monochrome; more charts/points/lines/shapes/elements; overlapping shapes/colors/lines; shapes and lines",4,7,4,lines --> mark.line [data_area] | meeting_points --> mark.point [data_area] | color_scheme --> property.color [overall] | layout --> structure.layout [overall],high_line_quantity @ lines (mark.line) [+] | diffuse_distribution @ lines (mark.line) [+] | hard_to_discern @ lines (mark.line) [+] | numerous_intersections @ meeting_points (mark.point) [+] | single_color_only @ color_scheme (property.color) [-] | nothing_clearly_readable @ layout (structure.layout) [+] | complex_domain_info @ layout (structure.layout) [+],lines(mark.line) --contributes_to(raw:creates)--> layout(structure.layout) [+] | lines(mark.line) --converge_at--> meeting_points(mark.point) [+] | color_scheme(property.color) --reduces_differentiation_in--> lines(mark.line) [+] | meeting_points(mark.point) --increases_effort(raw:increases_cognitive_load_of)--> layout(structure.layout) [+]
visMost573.png,Area,"The circles on the right side might also be a lot, but I can clearly link it to the image legend.; To many colours. Text is to small. Its not straight to the point; To many colours Text is to small Its not straight to the point; The initial understanding of what's shown to me made me think the orange image was more complex, as it was harder to decipher. The colour superposition also means more complexity. Finally, the amount of information as well as its disposition.; I assessed the images on how complicated they looked at first glance and whether I could glean any information from them instantly. If one image hurt my eyes or looked confusing I judged that to be more complex.cluttered as the one on the left.; density of information, number of colors, number of items on the legend, overlap of circle areas; It is more complex as I find it more difficult in terms of image layout; The orange image is much less clear, much more packed with information in a visually intricate way. The use of color is much more layered in the orange image than in the other one.; multiple features overlapping features several more colours large key; multiple features; overlapping features; several more colours; large key; Intense colors, multiple figures, smaller icons, hard to understand; number of items on the legend, overlap of different colors; Lots of colours, Different size of circles, Overlapping, The explanation text and the legend on the left side of the page; More overlapping colors; More colors; Background color; More text; Lots of colours; Different size of circles; Overlapping; The explanation text and the legend on the left side of the page; Too many circles in the orange highlighted one. Everything (circles and colours) are mixed together making it difficult to discern information. Use of ambiguous colours on the left.; Too many circles in the orange highlighted one Everything (circles and colours) are mixed together making it difficult to discern information Use of ambiguous colours; The image looks as if it might be easier to decipher.; complexity vague in general difficult to read; complex data sets , appealing colours , easier to visualize; I have the feeling I don't need to do this in the right image.; The visualization on the right looks more like an abstract painting.; However, the second image, even with info, it's quite difficult for me. By the way, another thing I realized was that, sometimes the image is apparently not complex, but it is to me. For example, with these images about black holes or similar to black holes.; At first, I thought that the image on the right was more difficult. But, after looking at it for a long time, I stared to understand what it meant.; 1. Visuals that tell the story 2. Labels are clear 3. Key is easy to understand 4. Description easy to read; The small text in the upper left kept distracting me every time I saw this image. The text is too small to read and because of that I felt this was less accessible and comprehensible. It became more familiar every time I saw it; however, I did feel that it was overly complex.; The image uses circles of various sizes and colors to represent sounds throughout Jerusalem. It conveys information in a complex way using these circles and text labels, though the visual elements themselves are relatively simple.; first reason is how quick i can understand the image, and because i saw the second multiple times, i guess it played a huge role on that; Sur l'image la plus simple il y a une légende et des couleurs aidant à la compréhension.","dense/cluttered data/info; dense/cluttered layout; disposition; many/more data/info; more charts/points/lines/shapes/elements; much/more data/info/info spread; multiple features/elements/graphs; overlapping shapes/colors/lines; shape-color mix; clear connection; shape size; shape size variation; shapes and lines; simple visual elements; -; clear title/axis/label; description easy to read; explanation text; legend easy to understand; more texts/words; number of legend items; title/axis/label/descriptions; too much legend; word rotation/small font size; abstract shapes or colors; domain-specific concepts (e.g., chemical, biology, map); familiar representation; no context or reference; ambiguous/confusing colors; color represents sounds; color superposition/layer; color variety/arrangement/distribution; distinguishable color variety/arrangement/distribution; indicating symbols; intense/too many colors; more colors; soft/layered/overlapping colors; too many colors; white/black background / other background; distracting/confusing/unclear; complicated to process; easier to interpret/read/understand; easier to process/visualize; easy to interpret/read/understand; hard to compare/discern/distinguish; hard to interpret/read/understand; hard to interpret/read/understand/differentiate; more difficult; more difficult to interpret/read/understand/differentiate; not intuitive/simple data","2D/3D; abstract shapes or colors; amount of words/context/numbers; color contrast/clarity; color variety/shading; distinguishable color variety/arrangement/distribution; distracting/confusing/unclear; domain-specific concepts (e.g., chemical, biology, map); easy/hard to interpret; labels/axes/legends; more charts/points/lines/shapes/elements; much/little data/info; overlapping shapes/colors/lines; shape size; shapes and lines; simple visual elements; soft/layered/overlapping colors; symbols; white/black background / other background; word rotation/small font size",6,24,6,circles --> mark.point [data_area] | legend --> furniture.legend [legend] | text_labels --> text.label [data_area] | colors --> property.color [overall] | background --> structure.background [overall] | explanation_text --> text.label [annotation],too_many_circles @ circles (mark.point) [+] | overlapping_circle_areas @ circles (mark.point) [+] | circles_of_various_sizes @ circles (mark.point) [+] | different_size_circles @ circles (mark.point) [+] | smaller_icons_present @ circles (mark.point) [+] | clearly_links_to_data @ legend (furniture.legend) [-] | large_key_present @ legend (furniture.legend) [+] | easy_to_understand @ legend (furniture.legend) [-] | number_of_items_manageable @ legend (furniture.legend) [-] | text_is_too_small @ text_labels (text.label) [+] | labels_are_clear @ text_labels (text.label) [-] | more_text_present @ text_labels (text.label) [+] | intense_colors @ colors (property.color) [+] | too_many_colors @ colors (property.color) [+] | ambiguous_colors_used @ colors (property.color) [+] | overlapping_color_superposition @ colors (property.color) [+] | different_colors_present @ colors (property.color) [-] | background_color_adds_complexity @ background (structure.background) [+] | description_easy_to_read @ explanation_text (text.label) [-] | not_straight_to_point @ explanation_text (text.label) [+] | abstract_painting_appearance @ circles (mark.point) [+] | multiple_features_present @ circles (mark.point) [+] | difficult_to_discern @ circles (mark.point) [+] | visual_elements_relatively_simple @ circles (mark.point) [-],circles(mark.point) --overlaps_with--> colors(property.color) [+] | circles(mark.point) --co_occurs_with(raw:mixed_with)--> colors(property.color) [+] | legend(furniture.legend) --clarifies--> colors(property.color) [-] | text_labels(text.label) --associated_with--> circles(mark.point) [+] | circles(mark.point) --makes_cluttered--> background(structure.background) [+] | explanation_text(text.label) --adds_density_to--> circles(mark.point) [+]
VisC.255.7.png,Cont.-ColorPatn,"I don't even know what I would call the thing on the right, is it even a graph?",not interpretable/readable/understandable,easy/hard to interpret,1,1,0,visualization --> whole.visualization [overall],highly_confusing_content @ visualization (whole.visualization) [+],
wsj108.png,Line,"nice and readable, good color choices.",readability; color variety/arrangement/distribution,color variety/shading; word rotation/small font size,3,3,2,chart --> whole.visualization [overall] | color_scheme --> property.color [data_area] | text_labels --> text.label [axes],readable_text @ text_labels (text.label) [-] | good_color_choices @ color_scheme (property.color) [-] | low_cognitive_load @ chart (whole.visualization) [-],color_scheme(property.color) --enhances_readability_of--> chart(whole.visualization) [-] | text_labels(text.label) --contributes_to_clarity_of--> chart(whole.visualization) [-]
InfoVisJ.1933.13.png,Grid,"The image just hurt my eyes to look at. They all looked the same yet different.; For this one, you need to read 15 figures separately. Therefore, I find it more complex.",distracting/confusing/unclear; read/analyze many figures/items,distracting/confusing/unclear; read/analyze many figures/items,3,4,2,multi_panel_figure --> structure.layout [overall] | individual_panel --> structure.panel [data_area] | visual_encoding --> property.encoding [data_area],visually_painful_to_view @ multi_panel_figure (structure.layout) [+] | fifteen_separate_figures @ multi_panel_figure (structure.layout) [+] | requires_individual_reading @ individual_panel (structure.panel) [+] | high_visual_strain @ visual_encoding (property.encoding) [+],multi_panel_figure(structure.layout) --composed_of_many--> individual_panel(structure.panel) [+] | individual_panel(structure.panel) --increases_effort(raw:increases_reading_effort)--> multi_panel_figure(structure.layout) [+]
SciVisJ.259.7.png,Cont.-ColorPatn,"details, quantities, colors; several elements that make you go back and evaluate",more charts/points/lines/shapes/elements; more detailed/things; several elements; unclear colormaps,color contrast/clarity; more charts/points/lines/shapes/elements; much/little data/info; several elements,4,4,3,visualization --> whole.visualization [overall] | color_scheme --> property.color [data_area] | data_elements --> content.data [data_area] | detail_features --> content.detail [data_area],multiple_colors_present @ color_scheme (property.color) [+] | high_element_quantity @ data_elements (content.data) [+] | rich_visual_details @ detail_features (content.detail) [+] | several_visual_elements @ visualization (whole.visualization) [+],data_elements(content.data) --increases_effort(raw:increases_cognitive_load)--> visualization(whole.visualization) [+] | color_scheme(property.color) --contributes_to_complexity--> visualization(whole.visualization) [+] | detail_features(content.detail) --adds_clutter_to--> visualization(whole.visualization) [+]
SciVisJ.635.6.png,Cont.-ColorPatn,"image is completely in colour (no white),; 1. Different shades of colors 2. More visually stimulating 3.More complex designs 4. More information presented",much/more data/info/info spread; complex design; color shading; distinguishable/full/highly contrast color uses; visually stimulating  texture/colors,color variety/shading; distinguishable/full/highly contrast color uses; much/little data/info; overlapping shapes/colors/lines; symbols,4,6,3,visualization --> whole.visualization [overall] | color_scheme --> property.color [data_area] | design_elements --> mark.element [data_area] | data_content --> content.data [data_area],no_white_space @ color_scheme (property.color) [+] | multiple_color_shades @ color_scheme (property.color) [+] | fully_saturated_palette @ color_scheme (property.color) [+] | complex_visual_designs @ design_elements (mark.element) [+] | visually_stimulating @ visualization (whole.visualization) [+] | high_information_volume @ data_content (content.data) [+],color_scheme(property.color) --increases_effort(raw:increases_cognitive_load_of)--> visualization(whole.visualization) [+] | design_elements(mark.element) --contributes_to_clutter_in--> visualization(whole.visualization) [+] | data_content(content.data) --densifies--> visualization(whole.visualization) [+]
VisC.163.2.png,Line,there are no details to it; it is just some curved lines but no legend to describe what's going on which makes me confused,curved lines; no detail; lack of/not enough axis labels/legend/annotations/context; unclear meaning/confusing,labels/axes/legends; much/little data/info; shapes and lines; unclear meaning/confusing,3,4,2,curved_lines --> mark.line [data_area] | legend --> furniture.legend [legend] | chart --> whole.visualization [overall],curved_line_marks @ curved_lines (mark.line) [+] | legend_absent @ legend (furniture.legend) [+] | lacks_detail @ chart (whole.visualization) [+] | causes_confusion @ chart (whole.visualization) [+],curved_lines(mark.line) --contributes_to--> chart(whole.visualization) [+] | legend(furniture.legend) --missing_from--> chart(whole.visualization) [+]
treasuryG07_2.png,Line,"The more straightforward lines in the picture (easier to read and discern).; lines, graph",lines; straight lines; easier to read; a specific technique; easier to interpret/read/understand,"domain-specific concepts (e.g., chemical, biology, map); easy/hard to interpret; shapes and lines; word rotation/small font size",3,5,2,line_chart --> whole.visualization [overall] | lines --> mark.line [data_area] | axes --> furniture.axes [axes],straightforward_line_paths @ lines (mark.line) [-] | multiple_lines_present @ lines (mark.line) [+] | easier_to_read @ line_chart (whole.visualization) [-] | easier_to_discern @ line_chart (whole.visualization) [-] | graph_adds_complexity @ line_chart (whole.visualization) [+],lines(mark.line) --rendered_as--> line_chart(whole.visualization) [-] | lines(mark.line) --plotted_within--> axes(furniture.axes) [-]
SciVisJ.867.6.png,Line,"The data points  are closer together, making them harder to read and discern. It is the combination of circles and lines in the picture on the right that make it more complex.; There are many lines on the graph and I'm not familiar with them.",dense points/lines/shapes/elements; more charts/points/lines/shapes/elements; shapes and lines; unfamiliar concepts/patterns; more difficult to interpret/read/understand/differentiate,"domain-specific concepts (e.g., chemical, biology, map); easy/hard to interpret; more charts/points/lines/shapes/elements; shapes and lines",4,4,2,lines --> mark.line [data_area] | circles --> mark.point [data_area] | data_points --> mark.point [data_area] | chart --> whole.visualization [overall],many_lines_present @ lines (mark.line) [+] | data_points_closely_spaced @ data_points (mark.point) [+] | unfamiliar_chart_type @ chart (whole.visualization) [+] | harder_to_read_discern @ chart (whole.visualization) [+],circles(mark.point) --combined_with--> lines(mark.line) [+] | data_points(mark.point) --causes_visual_clutter_in--> chart(whole.visualization) [+]
VASTC.121.5.png,Node-link,It looks simpler yet more complex like an abstract painting. A unique way to display info unlike a traditional graph.,abstract shapes or colors,abstract shapes or colors,1,1,0,visualization --> whole.visualization [overall],resembles_abstract_painting @ visualization (whole.visualization) [+],
whoK27_2.png,Line,short cryptic labels; There is text and something to process; because of the metrics it reprents; the date is clearer and easy to identificate,clear colors/shapes; metric representation; unclear relation between words; word/text/sentence; easy to identify/extract/find features; take longer to interpret,"amount of words/context/numbers; clear colors/shapes; domain-specific concepts (e.g., chemical, biology, map); easy/hard to interpret; take longer to interpret; unclear meaning/confusing",4,5,3,chart --> whole.visualization [overall] | text_labels --> text.label [axes] | metric_representation --> property.encoding [data_area] | legend --> furniture.legend [legend],short_cryptic_labels @ text_labels (text.label) [+] | text_requires_processing @ text_labels (text.label) [+] | metric_meaning_unclear @ metric_representation (property.encoding) [+] | relatively_clear_layout @ chart (whole.visualization) [-] | easy_to_identify_elements @ chart (whole.visualization) [-],text_labels(text.label) --increases_effort(raw:increases_cognitive_load_of)--> chart(whole.visualization) [+] | metric_representation(property.encoding) --requires_expertise(raw:requires_domain_knowledge_for)--> chart(whole.visualization) [+] | text_labels(text.label) --partially_offset_by_clarity_of--> legend(furniture.legend) [-]
VisC.527.1.png,Point,"When I look at the image of the left, its easier. Dots in more or less a line, axis, few items.",little data/info; shape increase/decrease point; title/axis/label/descriptions; easier to interpret/read/understand,easy/hard to interpret; labels/axes/legends; much/little data/info; shape increase/decrease point,2,4,1,dots --> mark.point [data_area] | axis --> furniture.axes [axes],few_data_items @ dots (mark.point) [-] | linear_arrangement @ dots (mark.point) [-] | standard_axis_present @ axis (furniture.axes) [-] | easy_to_interpret @ axis (furniture.axes) [-],dots(mark.point) --arranged_along--> axis(furniture.axes) [-]
economist_daily_chart_152.png,Point,"The one in the right has more lines, more dots, more complexity. The one in the right has more items, more lines, more everything and I needed more time to understand it.; I choose the left image because it looked like it had more information; the one I choose looks like it would take a little more time to understand it",more charts/points/lines/shapes/elements; much/more data/info/info spread; take longer to interpret,more charts/points/lines/shapes/elements; much/little data/info; take longer to interpret,4,6,3,dots --> mark.point [data_area] | lines --> mark.line [data_area] | data_items --> content.data [data_area] | chart --> whole.visualization [overall],high_dot_quantity @ dots (mark.point) [+] | multiple_lines_present @ lines (mark.line) [+] | many_data_items @ data_items (content.data) [+] | high_information_volume @ chart (whole.visualization) [+] | requires_more_processing_time @ chart (whole.visualization) [+] | visually_dense_overall @ chart (whole.visualization) [+],dots(mark.point) --increases_clutter_in--> chart(whole.visualization) [+] | lines(mark.line) --increases_complexity(raw:adds_complexity_to)--> chart(whole.visualization) [+] | data_items(content.data) --prolongs_interpretation_of--> chart(whole.visualization) [+]
SciVisJ.728.14.png,Grid,"On the right side, the colors of the image are too similar, and it makes it harder to understand the data.; The second image has a clear and concise key and is therefore less complex.; Visual clarity Amount of information; There is more text. The font and the arrangement of the text make it harder to read. There is less blank space (too cramped).; just lines of text; a chart that needed interpretation; The highlighted image needs a lot of reading before any sort of interpretation can be made.; The colours make it look cool; amount of text; amount of text, number of colours,; Use of color makes reading easier; How visible is the information — easy to read; there are lots of words on the one on the left; I have a legend and explanations.; intuitive understanding of graph",dense/cluttered layout; more regions/space; much/more data/info/info spread; amount of words/context/numbers; clear text arrangement/density; explanation text; font; legend easy to understand; more texts/words; title/axis/label/descriptions; too much legend; distinguishable color variety/arrangement/distribution; lack of color contrast / hard to distinguish colors; unclear colormaps; visual clarity/appealing; easy to interpret/read/understand; more difficult to interpret/read/understand/differentiate; more reading/interpretation/understanding; read/analyze many figures/items,amount of words/context/numbers; clear text arrangement/density; color contrast/clarity; distinguishable color variety/arrangement/distribution; distracting/confusing/unclear; easy/hard to interpret; labels/axes/legends; more regions/space; much/little data/info; overlapping shapes/colors/lines; read/analyze many figures/items; take longer to interpret; word rotation/small font size,6,20,5,legend --> furniture.legend [legend] | text_labels --> text.label [overall] | color_encoding --> property.color [data_area] | chart_layout --> structure.layout [overall] | data_content --> content.data [data_area] | font --> property.font_style [overall],present_and_complex @ legend (furniture.legend) [+] | clear_and_concise_key @ legend (furniture.legend) [-] | aids_interpretation @ legend (furniture.legend) [-] | lots_of_words @ text_labels (text.label) [+] | needs_much_reading @ text_labels (text.label) [+] | many_lines_of_text @ text_labels (text.label) [+] | text_arrangement_complex @ text_labels (text.label) [+] | harder_to_read @ text_labels (text.label) [+] | colors_too_similar @ color_encoding (property.color) [+] | number_of_colors_manageable @ color_encoding (property.color) [-] | use_of_color_aids_clarity @ color_encoding (property.color) [-] | visually_appealing @ color_encoding (property.color) [-] | too_cramped @ chart_layout (structure.layout) [+] | less_blank_space @ chart_layout (structure.layout) [+] | explanations_provided @ chart_layout (structure.layout) [-] | high_information_volume @ data_content (content.data) [+] | needs_interpretation @ data_content (content.data) [+] | intuitive_graph_understanding @ data_content (content.data) [-] | easy_to_read @ data_content (content.data) [-] | font_adds_complexity @ font (property.font_style) [+],text_labels(text.label) --increases_effort(raw:increases_cognitive_load_of)--> data_content(content.data) [+] | color_encoding(property.color) --partially_clarifies--> data_content(content.data) [-] | legend(furniture.legend) --aids_interpretation(raw:supports_readability_of)--> color_encoding(property.color) [-] | chart_layout(structure.layout) --contributes_to_clutter_of--> text_labels(text.label) [+] | font(property.font_style) --affects_legibility_of--> text_labels(text.label) [+]
whoQ32_2.png,Point,The amount of elements in the second image is higher; Graphs take some time to understand; unique data points overlapping data points,more charts/points/lines/shapes/elements; overlapping shapes/colors/lines; unique data point; hard to interpret/read/understand/differentiate,"domain-specific concepts (e.g., chemical, biology, map); easy/hard to interpret; more charts/points/lines/shapes/elements; overlapping shapes/colors/lines",4,4,2,data_points --> mark.point [data_area] | graph --> whole.visualization [overall] | unique_point --> mark.point [data_area] | elements --> mark.element [overall],overlapping_data_points @ data_points (mark.point) [+] | unique_data_point_present @ unique_point (mark.point) [+] | high_element_count @ elements (mark.element) [+] | requires_time_to_understand @ graph (whole.visualization) [+],data_points(mark.point) --increases_clutter_in--> graph(whole.visualization) [+] | elements(mark.element) --raises_cognitive_load_of--> graph(whole.visualization) [+]
InfoVisJ.485.9.png,Point,"There are colours, a grid, numbers, and codes in the one I chose. It overall feels more complicated even though I haven't had a chance to truly analyze it.; detail is not fixed in one area. eyes would have to take in lots of separate charts of information. too much for eyes to remember as a whole image.; 1. Involves multiple graphics; 2. Involves colors; 3. Involves words/sentences.; The amount of overlapping lines Several scatter plots; 1.Image size. 2. Small details in the image. 3. The number of shapes in the image; Excessive Data Points: When a chart contains too many data points, it can overwhelm the viewer and make it difficult to discern meaningful patterns or trends. Cluttered Labels and Annotations: If labels, titles, and annotations are excessively crowded or overlapping, it can make it challenging to identify specific elements within the chart. Data Overload: Including too much data in a single chart or diagram can make it difficult to focus on the most important information and can obscure key insights.; Data is easier to compare on the left.; Mixing visual graphs and line data confusing. Unclear what is being measured. Data points not clearly marked or labelled. Very busy images, unsure where to start looking",fine/layered details; more charts/points/lines/shapes/elements; multiple features/elements/graphs; overlapping shapes/colors/lines; too many points/lines/shapes/elements; too much data/info; amount of words/context/numbers; code/text; unclear relation between words; word/text/sentence; a specific technique; unclear colormaps; easier to compare/discern/distinguish; hard to compare/discern/distinguish; hard to focus/follow; hard to identify/extract/find features; hard to interpret/read/understand; more complicated; unable to remember,"amount of words/context/numbers; color contrast/clarity; domain-specific concepts (e.g., chemical, biology, map); easy/hard to interpret; more charts/points/lines/shapes/elements; much/little data/info; overlapping shapes/colors/lines; unclear meaning/confusing",7,18,5,scatter_plots --> whole.visualization [data_area] | overlapping_lines --> mark.line [data_area] | data_points --> mark.point [data_area] | labels_annotations --> text.label [annotation] | color_encoding --> property.color [legend] | chart_titles --> whole.visualization [title] | codes_numbers --> content.number [axes],multiple_separate_charts @ scatter_plots (whole.visualization) [+] | easier_to_compare @ scatter_plots (whole.visualization) [-] | difficult_to_focus_on @ scatter_plots (whole.visualization) [+] | unsure_where_to_start @ scatter_plots (whole.visualization) [+] | overlapping_lines_present @ overlapping_lines (mark.line) [+] | difficult_to_discern @ overlapping_lines (mark.line) [+] | too_many_data_points @ data_points (mark.point) [+] | high_data_volume @ data_points (mark.point) [+] | varied_number_of_shapes @ data_points (mark.point) [+] | small_detail_elements @ data_points (mark.point) [+] | excessively_crowded_labels @ labels_annotations (text.label) [+] | overlapping_annotations @ labels_annotations (text.label) [+] | words_sentences_present @ labels_annotations (text.label) [+] | multiple_colors_used @ color_encoding (property.color) [+] | challenging_to_identify @ color_encoding (property.color) [+] | too_much_to_remember @ chart_titles (whole.visualization) [+] | more_complicated_overall @ chart_titles (whole.visualization) [+] | codes_and_numbers_present @ codes_numbers (content.number) [+],scatter_plots(whole.visualization) --contains(raw:contains_many)--> data_points(mark.point) [+] | overlapping_lines(mark.line) --increases_clutter_in--> scatter_plots(whole.visualization) [+] | labels_annotations(text.label) --crowds_around--> data_points(mark.point) [+] | color_encoding(property.color) --encodes_across--> scatter_plots(whole.visualization) [+] | codes_numbers(content.number) --adds_cognitive_load_to--> scatter_plots(whole.visualization) [+]
VASTJ.1763.8(2).png,Text,The left picture utilizes a more uniform design. The left picture features only two main colors. The left picture applies one font only.,more uniform design; single font; two colors,2D/3D; two colors; word rotation/small font size,3,3,2,chart --> whole.visualization [overall] | color_scheme --> property.color [data_area] | typography --> property.font_style [overall],only_two_main_colors @ color_scheme (property.color) [-] | single_font_used @ typography (property.font_style) [-] | uniform_visual_design @ chart (whole.visualization) [-],color_scheme(property.color) --contributes_to--> chart(whole.visualization) [-] | typography(property.font_style) --reinforces--> chart(whole.visualization) [-]
MorphableWordClouds21.png,Text,"More colour, more text, more complex shape.",curves and shapes; more texts/words; color variety/arrangement/distribution,amount of words/context/numbers; color variety/shading; shapes and lines,4,3,3,word_cloud --> whole.visualization [overall] | text_words --> text.label [data_area] | shape_outline --> mark.shape [overall] | color_scheme --> property.color [data_area],complex_irregular_shape @ shape_outline (mark.shape) [+] | high_text_quantity @ text_words (text.label) [+] | multiple_colors_present @ color_scheme (property.color) [+],text_words(text.label) --fills--> shape_outline(mark.shape) [+] | color_scheme(property.color) --applied_to--> text_words(text.label) [+] | shape_outline(mark.shape) --increases_effort(raw:increases_cognitive_load_of)--> word_cloud(whole.visualization) [+]
InfoVisJ.621.6(2).png,Text,would understand the image; The words and number in the alternative image were so familiar to me.,words and numbers; familiar representation,"amount of words/context/numbers; domain-specific concepts (e.g., chemical, biology, map)",2,3,1,text_labels --> text.label [overall] | numeric_values --> content.number [data_area],contains_words @ text_labels (text.label) [-] | contains_numbers @ numeric_values (content.number) [-] | familiar_format @ text_labels (text.label) [-],text_labels(text.label) --combined_with--> numeric_values(content.number) [-]
economist_daily_chart_393.png,Point,"The images are both very simple to digest; I find the straight lines  easier to follow; On the right there is just a few lines and data; more info, less simple-looking; more variables, more information to process, more contrast; The highlighted image much like my previous answer has actual factual information within it which is why I deemed it to be more visually complex.; the first image with the ""random"" names that don't make sense to me! the first picture I don't know what the colors red and green are supposed to indicate.; How clear the chart was",few points/lines/shapes/elements; little data/info; more parameters/variables; much/more data/info/info spread; clear indication; straight lines; factual information; lack of/not enough axis labels/legend/annotations/context; more contrast; unclear color meaning; less simple; easier to interpret/read/understand; easy to interpret/read/understand,"color contrast/clarity; domain-specific concepts (e.g., chemical, biology, map); easy/hard to interpret; labels/axes/legends; more charts/points/lines/shapes/elements; more parameters/variables; much/little data/info; shapes and lines; unclear meaning/confusing",6,11,4,line_chart --> whole.visualization [overall] | data_lines --> mark.line [data_area] | legend --> furniture.legend [legend] | axis_labels --> text.axis_label [axes] | color_encoding --> property.color [data_area] | annotations --> text.annotation [annotation],straight_line_paths @ data_lines (mark.line) [-] | few_lines_present @ data_lines (mark.line) [-] | simple_to_digest @ line_chart (whole.visualization) [-] | few_data_points @ line_chart (whole.visualization) [-] | clear_layout @ line_chart (whole.visualization) [-] | multiple_variables_present @ line_chart (whole.visualization) [+] | contains_factual_information @ line_chart (whole.visualization) [+] | red_green_meaning_unclear @ color_encoding (property.color) [+] | high_color_contrast @ color_encoding (property.color) [+] | unfamiliar_label_names @ axis_labels (text.axis_label) [+] | less_simple_overall @ line_chart (whole.visualization) [+],data_lines(mark.line) --easy_to_follow--> line_chart(whole.visualization) [-] | color_encoding(property.color) --adds_interpretive_difficulty_to--> line_chart(whole.visualization) [+] | axis_labels(text.axis_label) --contains_confusing_names_in--> line_chart(whole.visualization) [+] | annotations(text.annotation) --increases_information_load_of--> line_chart(whole.visualization) [+]
VASTJ.2012.4.png,Text,"Word amount Lines Extra detail on the edge; Various geometrical shapes integrated into one graph (circles, longitudinal graph, dates...). Too many colors raise visual complexity — the more complex picture features many colors. The more complex picture uses different fonts in one ""slide"", which is confusing. Magnification effects are used here, forcing a ""mental leap"" and making it hard to intuitively ascertain the quantitative relation between normal and magnified levels.",more detailed/things; design-data relationship; lines; scale difference; shape variety; shapes and lines; dates; different font/word sizes/structure; more texts/words; a specific technique; amount of / too many colors; distracting/confusing/unclear; hard to interpret/read/understand,"amount of words/context/numbers; color variety/shading; design-data relationship; distracting/confusing/unclear; domain-specific concepts (e.g., chemical, biology, map); easy/hard to interpret; labels/axes/legends; much/little data/info; scale difference; shapes and lines; word rotation/small font size",9,13,5,lines --> mark.line [data_area] | text_labels --> text.label [axes] | edge_detail --> structure.link [annotation] | magnification_inset --> structure.panel [data_area] | geometric_shapes --> mark.shape [data_area] | circles --> mark.point [data_area] | date_labels --> text.label [axes] | color_scheme --> property.color [overall] | longitudinal_axis --> furniture.axes [axes],multiple_overlapping_lines @ lines (mark.line) [+] | high_word_count @ text_labels (text.label) [+] | different_fonts_used @ text_labels (text.label) [+] | extra_peripheral_detail @ edge_detail (structure.link) [+] | magnification_effect_present @ magnification_inset (structure.panel) [+] | various_geometrical_shapes @ geometric_shapes (mark.shape) [+] | circular_marks_present @ circles (mark.point) [+] | dense_date_annotations @ date_labels (text.label) [+] | too_many_colors @ color_scheme (property.color) [+] | longitudinal_graph_structure @ longitudinal_axis (furniture.axes) [+] | quantitative_relations_encoded @ longitudinal_axis (furniture.axes) [+] | visually_confusing_layout @ magnification_inset (structure.panel) [+] | hard_to_intuitively_ascertain @ geometric_shapes (mark.shape) [+],magnification_inset(structure.panel) --increases_clutter_of--> lines(mark.line) [+] | color_scheme(property.color) --compounds_confusion_with--> geometric_shapes(mark.shape) [+] | date_labels(text.label) --adds_density_to--> longitudinal_axis(furniture.axes) [+] | edge_detail(structure.link) --increases_effort(raw:increases_cognitive_load_of)--> magnification_inset(structure.panel) [+] | text_labels(text.label) --complicates_reading_of--> longitudinal_axis(furniture.axes) [+]
v484_n7395_11_f2.png,Area,There is a multitude of differing information and colour keys related to the image. It is hard to ascertain the data without deep attention,diverse information; color keys; hard to compare/discern/distinguish,color variety/shading; easy/hard to interpret; much/little data/info,3,3,2,chart --> whole.visualization [overall] | color_key --> property.color [legend] | data_content --> content.data [data_area],multitude_of_differing_information @ data_content (content.data) [+] | multiple_color_keys_present @ color_key (property.color) [+] | hard_to_ascertain_meaning @ chart (whole.visualization) [+],color_key(property.color) --increases_complexity(raw:increases_difficulty_of)--> chart(whole.visualization) [+] | data_content(content.data) --contributes_clutter_to--> chart(whole.visualization) [+]
InfoVisJ.1009.9.png,Area,There is no key for the data. The different colours are confusing. The shades of the colour change. There is less information on the picture,lack of/not enough axis labels/legend/annotations/context; ambiguous/confusing colors; color shading; color variety/arrangement/distribution,color contrast/clarity; color variety/shading; labels/axes/legends,3,4,2,chart --> whole.visualization [overall] | legend --> furniture.legend [legend] | color_encoding --> property.color [data_area],missing_data_key @ legend (furniture.legend) [+] | multiple_colors_present @ color_encoding (property.color) [-] | different_colors_confusing @ color_encoding (property.color) [+] | color_shades_vary @ color_encoding (property.color) [+],legend(furniture.legend) --absent_from--> chart(whole.visualization) [+] | color_encoding(property.color) --increases_effort(raw:increases_cognitive_load_of)--> chart(whole.visualization) [+]
wsj21.png,Area,The other image has visuals to make it easier for you to understand what the data is about. The other image also has different visual elements that allow you to analyze the data in the image.,several elements; easier to interpret/read/understand; easier to process/visualize,easy/hard to interpret; several elements,3,3,2,chart --> whole.visualization [overall] | visual_elements --> mark.element [data_area] | data --> content.data [data_area],varied_visual_encoding @ visual_elements (mark.element) [-] | supports_data_analysis @ data (content.data) [-] | easier_to_understand @ chart (whole.visualization) [-],visual_elements(mark.element) --facilitates_interpretation_of--> data(content.data) [-] | visual_elements(mark.element) --simplifies(raw:reduces_complexity_of)--> chart(whole.visualization) [-]
visMost777.png,Area,"The image changes over something but not sure what, the meanings of color are not well defined. and it seems like a physical dimension but not sure",2D/3D; unfamiliar concepts/patterns; unclear color meaning,"2D/3D; color contrast/clarity; domain-specific concepts (e.g., chemical, biology, map)",3,4,2,visualization --> whole.visualization [overall] | color_encoding --> property.color [data_area] | spatial_dimension --> structure.layout [data_area],interpretive_uncertainty_present @ visualization (whole.visualization) [+] | color_meaning_undefined @ color_encoding (property.color) [+] | poorly_defined_color_legend @ color_encoding (property.color) [+] | physical_dimension_present @ spatial_dimension (structure.layout) [+],color_encoding(property.color) --increases_ambiguity_in--> visualization(whole.visualization) [+] | spatial_dimension(structure.layout) --adds_structural_complexity_to--> visualization(whole.visualization) [+]
vis3.png,Area,Multiple colour schemes and shade variation. Differing font size. It's more challenging and takes longer to 'understand' what it is I'm looking at.,shape variety; different font/word sizes/structure; color variety/arrangement/distribution; take longer to interpret,color variety/shading; shapes and lines; take longer to interpret; word rotation/small font size,4,4,3,chart --> whole.visualization [overall] | marks --> mark.element [data_area] | color_scheme --> property.color [overall] | text_labels --> text.label [axes],varied_shape_types @ marks (mark.element) [+] | multiple_color_schemes @ color_scheme (property.color) [+] | differing_font_sizes @ text_labels (text.label) [+] | requires_longer_interpretation @ chart (whole.visualization) [+],marks(mark.element) --increases_visual_clutter--> chart(whole.visualization) [+] | color_scheme(property.color) --complicates_encoding_of--> marks(mark.element) [+] | text_labels(text.label) --adds_cognitive_load_to--> chart(whole.visualization) [+]
visMost786.png,Area,sports is more likeable and much easier to figure out.; THe one on the right has words next to each of the circles so I know what they mean. The circles on the right are different sizes so I'm sure the size is an indication of the magnitude,easier to interpret/read/understand,easy/hard to interpret,1,1,0,visualization --> whole.visualization [overall],easy_to_interpret @ visualization (whole.visualization) [-],
whoJ40_2.png,Area,The images are both very simple to digest; the colours in the orange chart are bold and distract me from the information conveyed.,bold colors; distracting/confusing/unclear; easy to interpret/read/understand,color variety/shading; distracting/confusing/unclear; easy/hard to interpret,3,2,1,chart --> whole.visualization [overall] | color_scheme --> property.color [data_area] | information_content --> content.data [data_area],bold_colors_used @ color_scheme (property.color) [+] | simple_to_digest @ chart (whole.visualization) [-],color_scheme(property.color) --distracts(raw:distracts_from)--> information_content(content.data) [+]
VASTC.107.10.png,Area,"Amount of details, draw style, colors",more detailed/things; drawing style; unclear colormaps,"color contrast/clarity; domain-specific concepts (e.g., chemical, biology, map); much/little data/info",4,3,2,chart --> whole.visualization [overall] | data_elements --> content.data [data_area] | color_encoding --> property.color [data_area] | graphical_marks --> mark.element [data_area],high_amount_of_details @ data_elements (content.data) [+] | multiple_colors_present @ color_encoding (property.color) [+] | complex_draw_style @ graphical_marks (mark.element) [+],data_elements(content.data) --increases_clutter_via--> color_encoding(property.color) [+] | graphical_marks(mark.element) --contributes_to--> chart(whole.visualization) [+]
economist_daily_chart_493.png,Area,"Amount of details, draw style, colors",more detailed/things; drawing style; unclear colormaps,"color contrast/clarity; domain-specific concepts (e.g., chemical, biology, map); much/little data/info",4,3,3,chart --> whole.visualization [overall] | data_elements --> content.data [data_area] | color_scheme --> property.color [overall] | draw_style --> property.encoding [data_area],high_detail_density @ data_elements (content.data) [+] | multiple_colors_used @ color_scheme (property.color) [+] | complex_draw_style @ draw_style (property.encoding) [+],data_elements(content.data) --contributes_to_clutter--> chart(whole.visualization) [+] | color_scheme(property.color) --increases_complexity(raw:increases_visual_complexity)--> chart(whole.visualization) [+] | draw_style(property.encoding) --raises_cognitive_load_of--> chart(whole.visualization) [+]
VisJ.1261.4.png,Area,"No numbers to identify anything, no chart with details, no bars, i don't know how to interpretate that image",lack of/not enough axis labels/legend/annotations/context; not interpretable/readable/understandable,easy/hard to interpret; labels/axes/legends,3,3,2,chart --> whole.visualization [overall] | labels --> text.label [axes] | data_marks --> content.data [data_area],no_numeric_labels @ labels (text.label) [+] | difficult_to_interpret @ chart (whole.visualization) [+] | unidentifiable_elements @ data_marks (content.data) [+],labels(text.label) --lacks_numeric_identifiers_on--> data_marks(content.data) [+] | chart(whole.visualization) --requires_expertise(raw:requires_domain_knowledge_to_read)--> data_marks(content.data) [+]
visMost325.png,Area,less information; 1. Great detail in colorization of continents. 2. Small table in bottom left corner. 3. Tiny writing in bottom right corner. 4. Far more detailed looking in general.; the image on the right is darker and harder to see but has more going on and is very complex; map graph,"more detailed/things; small and simple; word rotation/small font size; domain-specific concepts (e.g., chemical, biology, map); color details; unclear coloring; more difficult to interpret/read/understand/differentiate","color contrast/clarity; color variety/shading; domain-specific concepts (e.g., chemical, biology, map); easy/hard to interpret; much/little data/info; word rotation/small font size",4,7,3,map --> whole.visualization [data_area] | continents --> structure.region [data_area] | table --> structure.grid [overall] | text_labels --> text.label [overall],familiar_map_format @ map (whole.visualization) [-] | dark_coloring @ map (whole.visualization) [+] | harder_to_see @ map (whole.visualization) [+] | high_visual_detail @ map (whole.visualization) [+] | multiple_continents_shown @ continents (structure.region) [+] | small_table_size @ table (structure.grid) [+] | tiny_writing @ text_labels (text.label) [+],map(whole.visualization) --contains_detail_of--> continents(structure.region) [+] | map(whole.visualization) --has_more_going_on_than_expected--> table(structure.grid) [+] | text_labels(text.label) --difficult_to_read_within--> table(structure.grid) [+]
v484_n7395_11_f1.png,Area,- the color is hard to identify (on the orange lined) - difficult to understand how spread the color zone on the map,hard to identify/extract/find features; hard to interpret/read/understand,easy/hard to interpret,3,2,2,chart --> whole.visualization [overall] | color_encoding --> property.color [data_area] | legend --> furniture.legend [legend],hard_to_identify_colors @ color_encoding (property.color) [+] | difficult_to_understand @ chart (whole.visualization) [+],color_encoding(property.color) --increases_complexity(raw:increases_difficulty_of)--> legend(furniture.legend) [+] | chart(whole.visualization) --imposes_high_cognitive_load_on--> legend(furniture.legend) [+]
visMost147.png,Area,"On the left side, relevant data is mostly focused on about 1/3 of the image, the rest can be ignored. It is based on a familiar representation (the world map), which reduces the effort necessary to comprehend the meaning of the data.; So many individual dots would feel as a tough job to identify all the small and sparse dots; I see the image highlighted in orange as more complex because: - the color aspect (grey map on dark background) - visually too much color or details in a condensed zone - small font for the text in the description","concentrated; more charts/points/lines/shapes/elements; too many details/divisions; word rotation/small font size; domain-specific concepts (e.g., chemical, biology, map); familiar representation; too many colors; easy to interpret/read/understand; hard to identify/extract/find features","color variety/shading; domain-specific concepts (e.g., chemical, biology, map); easy/hard to interpret; more charts/points/lines/shapes/elements; overlapping shapes/colors/lines; word rotation/small font size",5,8,4,world_map --> whole.visualization [data_area] | dots --> mark.point [data_area] | color_encoding --> property.color [data_area] | description_text --> text.label [annotation] | active_region --> structure.region [data_area],familiar_representation @ world_map (whole.visualization) [-] | reduces_comprehension_effort @ world_map (whole.visualization) [-] | many_individual_dots @ dots (mark.point) [+] | small_and_sparse @ dots (mark.point) [+] | tough_to_identify @ dots (mark.point) [+] | too_much_color @ color_encoding (property.color) [+] | small_font_size @ description_text (text.label) [+] | concentrated_in_one_third @ active_region (structure.region) [-],dots(mark.point) --adds_detail_to--> world_map(whole.visualization) [+] | world_map(whole.visualization) --provides_familiar_schema--> dots(mark.point) [-] | active_region(structure.region) --limits_spread_of--> dots(mark.point) [-] | color_encoding(property.color) --encodes_data_on--> world_map(whole.visualization) [+]
InfoVisJ.678.17.png,Area,The image on the right is layered and appears as only one thing to visually process.,spatial organization; easy to interpret/read/understand,2D/3D; easy/hard to interpret,2,2,1,chart --> whole.visualization [overall] | visual_element --> mark.element [data_area],layered_structure @ chart (whole.visualization) [-] | single_visual_element @ visual_element (mark.element) [-],chart(whole.visualization) --contains_only--> visual_element(mark.element) [-]
whoK06_1.png,Area,more to look at and analyse more colours,more to read/analyze/understand; color variety/arrangement/distribution,color variety/shading; take longer to interpret,3,3,2,chart --> whole.visualization [overall] | color_encoding --> property.color [data_area] | data_elements --> content.data [data_area],multiple_colors_present @ color_encoding (property.color) [+] | high_information_volume @ data_elements (content.data) [+] | requires_extended_analysis @ data_elements (content.data) [+],color_encoding(property.color) --increases_complexity(raw:increases_visual_complexity_of)--> chart(whole.visualization) [+] | data_elements(content.data) --adds_analytical_burden_to--> chart(whole.visualization) [+]
whoQ26.png,Area,"Non-highlighted image also resembles a familiar geographic shape so it is easier to interpret.; The map is easily recognizable and straightforward at showing where things are. It looks simpler, with no more than three colors.; an easy to read map for the image; Again, I am not familiar with the world map, let alone the closer map you are showing in the picture, so therefore it seemed more complicated to me.; i like maps better; A charted map with points of interest, regions, and a key on the top.","clear indication; regions; shape point of interest; legend on the top; domain-specific concepts (e.g., chemical, biology, map); familiar representation; unfamiliar concepts/patterns; inadequate/few coloring; easier to interpret/read/understand; easy to interpret/read/understand; more complicated","domain-specific concepts (e.g., chemical, biology, map); easy/hard to interpret; inadequate/few coloring; labels/axes/legends; shape point of interest; shapes and lines; unclear meaning/confusing",5,10,4,world_map --> whole.visualization [data_area] | color_encoding --> property.color [data_area] | legend --> furniture.legend [title] | points_of_interest --> mark.point [data_area] | regions --> structure.region [data_area],familiar_geographic_shape @ world_map (whole.visualization) [-] | easily_recognizable @ world_map (whole.visualization) [-] | easy_to_read @ world_map (whole.visualization) [-] | straightforward_spatial_encoding @ world_map (whole.visualization) [-] | seemed_more_complicated @ world_map (whole.visualization) [+] | not_familiar_to_some @ world_map (whole.visualization) [+] | no_more_than_three_colors @ color_encoding (property.color) [-] | key_positioned_at_top @ legend (furniture.legend) [+] | multiple_points_of_interest @ points_of_interest (mark.point) [+] | distinct_regions_shown @ regions (structure.region) [+],legend(furniture.legend) --describes(raw:annotates)--> world_map(whole.visualization) [+] | points_of_interest(mark.point) --overlaid_on--> world_map(whole.visualization) [+] | regions(structure.region) --partitions--> world_map(whole.visualization) [+] | color_encoding(property.color) --encodes--> regions(structure.region) [-]
economist_daily_chart_140.png,Area,"The other image is easier to understand as the figures are displayed along with the countries, so with just a glance everything is summarized.; I chose the image with the orange complex because I am not familiar with the world map. I knew for certain that I did not know the countries highlighted, therefore, I was more confused.; while on the left, 3 axes: x, y, color","more title/axis/label; title/axis/label/descriptions; domain-specific concepts (e.g., chemical, biology, map); unfamiliar concepts/patterns; color shading; unclear colormaps; easier to interpret/read/understand; easy to interpret/read/understand; unclear meaning/confusing","color contrast/clarity; color variety/shading; domain-specific concepts (e.g., chemical, biology, map); easy/hard to interpret; labels/axes/legends; unclear meaning/confusing",6,9,4,world_map --> whole.visualization [data_area] | highlighted_countries --> structure.region [data_area] | color_encoding --> property.color [data_area] | x_axis --> furniture.axes [axes] | y_axis --> furniture.axes [axes] | legend --> furniture.legend [legend],unfamiliar_geographic_schema @ world_map (whole.visualization) [+] | unrecognized_countries @ highlighted_countries (structure.region) [+] | multiple_countries_shown @ highlighted_countries (structure.region) [+] | orange_color_complex @ color_encoding (property.color) [+] | color_adds_complexity @ color_encoding (property.color) [+] | easy_to_read_axis @ x_axis (furniture.axes) [-] | harder_to_interpret_axis @ y_axis (furniture.axes) [+] | summarizes_at_glance @ legend (furniture.legend) [-] | overall_easier_to_understand @ world_map (whole.visualization) [-],highlighted_countries(structure.region) --causes_confusion_on--> world_map(whole.visualization) [+] | color_encoding(property.color) --encodes_data_on--> highlighted_countries(structure.region) [+] | x_axis(furniture.axes) --paired_with--> y_axis(furniture.axes) [-] | legend(furniture.legend) --summarizes--> world_map(whole.visualization) [-]
v486_n7403_11_f2.png,Area,the data being visualized is more difficult to parse,hard to identify/extract/find features,easy/hard to interpret,1,1,0,visualization --> whole.visualization [overall],difficult_to_parse @ visualization (whole.visualization) [+],
economist_daily_chart_267.png,Area,"Many different brands that i don't recognize. Soft colors makes it more appealing. Proportions of the numbers don't match the size of the circles, misleading.",mismatched number-circle proportion; unfamiliar concepts/patterns; soft/layered/overlapping colors,"domain-specific concepts (e.g., chemical, biology, map); shapes and lines; soft/layered/overlapping colors",3,3,2,circles --> mark.point [data_area] | brand_labels --> text.label [data_area] | color_scheme --> property.color [overall],size_mismatches_values @ circles (mark.point) [+] | unfamiliar_brand_names @ brand_labels (text.label) [+] | soft_appealing_colors @ color_scheme (property.color) [+],circles(mark.point) --does_not_proportionally_encode--> brand_labels(text.label) [+] | brand_labels(text.label) --requires_expertise(raw:requires_domain_knowledge_for)--> circles(mark.point) [+]
economist_daily_chart_317.png,Area,"- World maps are well known for everybody - A map is easier to read than a chart; more factors included (countries), much more detailed, less structure; It gives more informations so we need to take more time to understand it. There are multiple legends.; map so im able to gauge some info graphically - little to no numbers; There is infinitely more information to be gleaned from the image of the world map. There is deeper, 'less obvious' information other than the key on the bottom left.; The world map is well known, you don*t need much attention to recognize it. The graph has a lot of similar instances. The colors in the map are easier to process than the numbers in the axis.; map is simple to understand","more charts/points/lines/shapes/elements; much/more data/info/info spread; graphical information; axis numbers; easier to read; little/less text/numbers/context; domain-specific concepts (e.g., chemical, biology, map); color keys; intense/too many colors; unclear coloring; looks random/messy/lack structure; easier to process/visualize; easy to interpret/read/understand; simple to interpret/read/understand; take longer to interpret","color contrast/clarity; color variety/shading; distracting/confusing/unclear; domain-specific concepts (e.g., chemical, biology, map); easy/hard to interpret; labels/axes/legends; little/less text/numbers/context; more charts/points/lines/shapes/elements; much/little data/info; take longer to interpret; word rotation/small font size",5,13,4,world_map --> whole.visualization [data_area] | countries --> structure.region [data_area] | color_encoding --> property.color [data_area] | axis_numbers --> furniture.axes [axes] | legend --> furniture.legend [legend],universally_familiar_format @ world_map (whole.visualization) [-] | easier_to_read_than_chart @ world_map (whole.visualization) [-] | simple_to_understand @ world_map (whole.visualization) [-] | less_structural_organization @ world_map (whole.visualization) [+] | requires_graphical_inference @ world_map (whole.visualization) [+] | much_more_detailed @ world_map (whole.visualization) [+] | takes_more_time_to_understand @ world_map (whole.visualization) [+] | many_similar_instances @ countries (structure.region) [-] | colors_aid_recognition @ color_encoding (property.color) [-] | little_to_no_numbers @ color_encoding (property.color) [+] | axis_numbers_present @ axis_numbers (furniture.axes) [-] | minimal_attention_needed @ world_map (whole.visualization) [-] | easier_to_process @ world_map (whole.visualization) [-],countries(structure.region) --displayed_on--> world_map(whole.visualization) [-] | color_encoding(property.color) --encodes_data_across--> countries(structure.region) [-] | world_map(whole.visualization) --lacks_structured_axes_like--> axis_numbers(furniture.axes) [+] | color_encoding(property.color) --requires_graphical_gauging_from--> legend(furniture.legend) [+]
treasuryL11_2.png,Area,The ease of reading the graph,easy to interpret/read/understand,easy/hard to interpret,1,1,0,chart --> whole.visualization [overall],easy_to_read @ chart (whole.visualization) [-],
wsj72.png,Area,The image on the right is easier to process/compare/interpret than the image on the right; the first on is easy to understand,easier to process/visualize; easy to interpret/read/understand,easy/hard to interpret,2,3,1,chart --> whole.visualization [overall] | data_elements --> content.data [data_area],easy_to_understand @ chart (whole.visualization) [-] | easy_to_compare @ data_elements (content.data) [-] | straightforward_to_process @ chart (whole.visualization) [-],data_elements(content.data) --facilitates_interpretation_of--> chart(whole.visualization) [-]
InfoVisJ.2402.12.png,Area,"I chose it based on colours, scale, number of shapes/details presented and readability. It had different colours, the shapes were varied, there was a significant difference in scale, and readability (meaning understanding what the picture represents) was more complex.; colors distribution their actions and use their size growing small as they go down",more charts/points/lines/shapes/elements; scale difference; shapes varied; size decreasing; readability; color variety/arrangement/distribution,color variety/shading; more charts/points/lines/shapes/elements; scale difference; shapes and lines; word rotation/small font size,4,7,3,shapes --> mark.shape [data_area] | color_encoding --> property.color [data_area] | scale --> furniture.scale [overall] | text_labels --> text.label [axes],high_number_of_details @ shapes (mark.shape) [+] | varied_shape_types @ shapes (mark.shape) [+] | size_grows_small @ shapes (mark.shape) [-] | multiple_distinct_colors @ color_encoding (property.color) [-] | uneven_color_distribution @ color_encoding (property.color) [+] | significant_scale_difference @ scale (furniture.scale) [+] | reduced_readability @ text_labels (text.label) [+],shapes(mark.shape) --encoded_by--> color_encoding(property.color) [-] | shapes(mark.shape) --varies_across--> scale(furniture.scale) [+] | scale(furniture.scale) --affects_legibility_of--> text_labels(text.label) [+]
wsj99.png,Area,The highlighted image has a lot of details and figures and that makes it more difficult to read.,more detailed/things; more difficult to interpret/read/understand/differentiate,easy/hard to interpret; much/little data/info,3,3,2,chart --> whole.visualization [overall] | data_figures --> content.data [data_area] | text_labels --> text.label [axes],high_volume_of_details @ data_figures (content.data) [+] | numerous_figures_present @ data_figures (content.data) [+] | difficult_to_read @ text_labels (text.label) [+],data_figures(content.data) --increases_effort(raw:increases_cognitive_load_of)--> chart(whole.visualization) [+] | text_labels(text.label) --contributes_to_difficulty_of--> chart(whole.visualization) [+]
economist_daily_chart_406.png,Area,The map on the left is immediately recognizable; the labels on the left image are clear and easy to read; the title of the visualization and therefore the purpose of the visualization is clearer on the left.,clear title/axis/label; familiar representation,"domain-specific concepts (e.g., chemical, biology, map); labels/axes/legends",3,3,2,chart --> whole.visualization [overall] | labels --> text.label [axes] | title --> text.title [title],immediately_recognizable_form @ chart (whole.visualization) [-] | clear_and_easy_to_read @ labels (text.label) [-] | purpose_clearly_communicated @ title (text.title) [-],title(text.title) --clarifies_intent_of--> chart(whole.visualization) [-] | labels(text.label) --aids_interpretation(raw:supports_readability_of)--> chart(whole.visualization) [-]
treasuryL03_2.png,Area,"There is more information shown in the one I chose. It would take a longer amount of time to read, process and understand all of the information in the pie chart. I don't think everyone would understand what the pie chart is showing.",much/more data/info/info spread; a specific technique; take longer to interpret,"domain-specific concepts (e.g., chemical, biology, map); much/little data/info; take longer to interpret",3,4,2,pie_chart --> whole.visualization [overall] | data_segments --> content.data [data_area] | labels_text --> text.label [annotation],circular_chart_form @ pie_chart (whole.visualization) [+] | high_information_volume @ data_segments (content.data) [+] | requires_extended_reading @ labels_text (text.label) [+] | slow_to_process @ pie_chart (whole.visualization) [+],data_segments(content.data) --increases_effort(raw:increases_cognitive_load_of)--> pie_chart(whole.visualization) [+] | labels_text(text.label) --adds_information_density_to--> pie_chart(whole.visualization) [+]
VASTJ.91.6.png,Area,"although I do not know what the point of the left image is, I do see that it's just text that's repeating multiple times.",clear text/scale/information; unclear meaning/confusing,clear text/scale/information; unclear meaning/confusing,2,2,1,text_labels --> text.label [overall] | visualization --> whole.visualization [overall],repeated_multiple_times @ text_labels (text.label) [+] | unclear_purpose @ visualization (whole.visualization) [+],text_labels(text.label) --increases_clutter_in--> visualization(whole.visualization) [+]
visMost457.png,Area,The right image would take a lot more time to understand and has more details,more detailed/things; take longer to interpret,much/little data/info; take longer to interpret,2,2,1,visualization --> whole.visualization [overall] | details --> content.detail [data_area],high_detail_density @ details (content.detail) [+] | requires_extended_interpretation_time @ visualization (whole.visualization) [+],details(content.detail) --increases_effort(raw:increases_cognitive_load_of)--> visualization(whole.visualization) [+]
InfoVisC.173.7(1).png,Area,I don't really understand where I'm supposed to look.,unclear where to look/what to see,unclear meaning/confusing,1,1,0,visualization --> whole.visualization [overall],unclear_focal_point @ visualization (whole.visualization) [+],
visMost393.png,Area,simple to understand.,simple to interpret/read/understand,easy/hard to interpret,1,1,0,visualization --> whole.visualization [overall],simple_to_understand @ visualization (whole.visualization) [-],
InfoVisC.115.3.png,Area,"It had more colours, the graph did not have a linear pattern.And I didn't understand what the different axis ment.",nonlinearity; title/axis/label/descriptions; color variety/arrangement/distribution; not interpretable/readable/understandable,"color variety/shading; domain-specific concepts (e.g., chemical, biology, map); easy/hard to interpret; labels/axes/legends",4,4,3,chart --> whole.visualization [overall] | color_encoding --> property.color [data_area] | axes --> furniture.axes [axes] | data_pattern --> structure.pattern [data_area],multiple_colors_used @ color_encoding (property.color) [+] | different_axis_types @ axes (furniture.axes) [+] | non_linear_pattern @ data_pattern (structure.pattern) [+] | difficult_to_understand @ chart (whole.visualization) [+],color_encoding(property.color) --increases_clutter_in--> chart(whole.visualization) [+] | axes(furniture.axes) --complicates_interpretation_of--> data_pattern(structure.pattern) [+] | data_pattern(structure.pattern) --raises_cognitive_load_of--> chart(whole.visualization) [+]
whoQ58_4.png,Area,straight to the point,intuitive,easy/hard to interpret,1,1,0,visualization --> whole.visualization [overall],straightforward_and_concise @ visualization (whole.visualization) [-],
vis853.png,Area,"The colour of the images. The writing on the left image is very small, compared to the text on the right. There are images on the left picture.",word rotation/small font size; unclear colormaps,color contrast/clarity; word rotation/small font size,2,2,1,image --> whole.visualization [data_area] | text_label --> text.label [axes],varied_color_usage @ image (whole.visualization) [+] | very_small_writing @ text_label (text.label) [+],text_label(text.label) --reduces_legibility_of--> image(whole.visualization) [+]
whoQ58_3.png,Area,"1) the colour coding and layering of the colours makes the data appear more complex in the orange one; The colors are very similar and can be confusing. Both of them are easy to understand.; number of colors; Amount of information; Data with similar colors make it difficult to read; There are many different colors that show different countries and it took longer to understand because everyone line is ""stacked"" on another if that makes sense.; A cohesive whole; 1. the choice of colour is boring, 2. the curve seems complex 3. lots of numbers involved. 4. too much info; decipher while reading.; the more traditional ways of reporting means and CIs; The orange images is more understandable; Graphs are really easy to understand for me, graphs usually simply has a time line with an X and Y axis I can easily follow; The graph seems to provide information over a number of years rather than a single point in time. Image uses lots of different shades of orange.; a complex graphic; It shows more information (3 layers: countries, cases, and years).",much/more data/info/info spread; overlapping shapes/colors/lines; too much data/info; curves and shapes; multi-year information; amount of words/context/numbers; lack of/not enough axis labels/legend/annotations/context; more title/axis/label; no measurement/metric/axis; a specific technique; familiar representation; color shading; color variety/arrangement/distribution; distinguishable color variety/arrangement/distribution; lack of color contrast / hard to distinguish colors; unclear colormaps; distracting/confusing/unclear; unclear colors/contrast; easy to focus/follow; easy to interpret/read/understand; hard to interpret/read/understand/differentiate; intuitive; low readability; more complicated; more to read/analyze/understand; take longer to interpret,"amount of words/context/numbers; color contrast/clarity; color variety/shading; distinguishable color variety/arrangement/distribution; distracting/confusing/unclear; domain-specific concepts (e.g., chemical, biology, map); easy/hard to interpret; labels/axes/legends; much/little data/info; overlapping shapes/colors/lines; shapes and lines; take longer to interpret; unclear colors/contrast",6,21,5,chart --> whole.visualization [overall] | lines --> mark.line [data_area] | colors --> property.color [data_area] | axes --> furniture.axes [axes] | numbers --> content.number [data_area] | legend --> furniture.legend [legend],easy_to_understand @ chart (whole.visualization) [-] | can_be_confusing @ chart (whole.visualization) [+] | took_longer_to_understand @ chart (whole.visualization) [+] | too_much_information @ chart (whole.visualization) [+] | traditional_statistics_reporting @ chart (whole.visualization) [-] | cohesive_whole @ chart (whole.visualization) [-] | information_over_many_years @ chart (whole.visualization) [+] | difficult_to_read @ chart (whole.visualization) [+] | low_readability @ chart (whole.visualization) [+] | stacked_on_each_other @ lines (mark.line) [+] | curve_seems_complex @ lines (mark.line) [+] | many_different_colors @ colors (property.color) [+] | similar_colors @ colors (property.color) [+] | different_shades_of_orange @ colors (property.color) [+] | boring_color_choice @ colors (property.color) [+] | number_of_colors @ colors (property.color) [-] | color_coding_present @ colors (property.color) [-] | x_and_y_axis_present @ axes (furniture.axes) [-] | no_graph_metrics_given @ axes (furniture.axes) [-] | lots_of_numbers @ numbers (content.number) [+] | numbers_do_not_make_sense @ numbers (content.number) [+],lines(mark.line) --difficult_to_decipher_while--> chart(whole.visualization) [+] | colors(property.color) --layered_causing_clutter_in--> lines(mark.line) [+] | colors(property.color) --are_similar_making_hard_to_distinguish_in--> lines(mark.line) [+] | numbers(content.number) --contributes_to_high_density_of--> chart(whole.visualization) [+] | axes(furniture.axes) --aids_easy_following_of--> chart(whole.visualization) [-]
wsj511.png,Area,In the image on the right you can see at a glance all the data as drawn and it is clearer to me.,clear colors/shapes; easy to interpret/read/understand,clear colors/shapes; easy/hard to interpret,2,3,1,chart --> whole.visualization [overall] | data_area --> structure.region [data_area],visually_clear_layout @ chart (whole.visualization) [-] | low_cognitive_load @ chart (whole.visualization) [-] | quickly_interpretable @ data_area (structure.region) [-],chart(whole.visualization) --enables_at_a_glance_reading--> data_area(structure.region) [-]
vis630.png,Area,More words. Brighter colours.,more texts/words; bright colors,amount of words/context/numbers; bright colors,2,2,1,text_labels --> text.label [overall] | color_encoding --> property.color [data_area],high_word_count @ text_labels (text.label) [+] | bright_vivid_colors @ color_encoding (property.color) [+],text_labels(text.label) --increases_cognitive_load_with--> color_encoding(property.color) [+]
economist_daily_chart_124.png,Area,"More colours and text to interpret; The other purely incorporates the use of color; The left has more words for the regions, lots of regions, and a key with color coding.; a map and the legend in the bottom left gives away what the image is about.; i assumed the country shapes weren't that much more complex than dots.; The left image feels more cluttered and has a lot of words, different colours, and a legend explaining the purpose and all the different colours. The reason the map makes more sense is due to the legend; without it, the left image would have far more clutter and is less clear at a glance.; -variation in colours / shades -spatial organization -amount of words describing data; Lots of words and colors, many categories in the legend; a continent with countries im already familiar wiht; Image 2 is more detailed. Image 2 is easily understandable. Image 2 can easily be remembered.; a map of Africa — my gut reaction was that I recognized the map but had no idea what the colors represented.; color, pattern, nonlinearity, geo-map; range and contrast of colours; 1. It looks easier to understand 2. Few details 3. I am certain i can understand it more quickly","dense/cluttered layout; little data/info; more regions/space; more forms; nonlinearity; shapes; spatial organization; amount of words/context/numbers; many legend categories; more texts/words; too much legend; word/text/sentence; domain-specific concepts (e.g., chemical, biology, map); familiar representation; unfamiliar concepts/patterns; color keys; color variety/arrangement/distribution; good color contrast/separation/segmentation; soft/layered/overlapping colors; unclear color meaning; easier to interpret/read/understand; easy to interpret/read/understand; easy to understand; less clear; more to read/analyze/understand; unclear meaning/confusing","2D/3D; amount of words/context/numbers; color contrast/clarity; color variety/shading; domain-specific concepts (e.g., chemical, biology, map); easy/hard to interpret; labels/axes/legends; more charts/points/lines/shapes/elements; more regions/space; much/little data/info; overlapping shapes/colors/lines; shapes and lines; soft/layered/overlapping colors; take longer to interpret; unclear meaning/confusing",6,20,5,map --> whole.visualization [data_area] | countries --> structure.region [data_area] | legend --> furniture.legend [legend] | color_coding --> property.color [legend] | text_labels --> text.label [data_area] | color_scheme --> property.color [overall],geo_map_format @ map (whole.visualization) [-] | africa_map_recognized @ map (whole.visualization) [-] | familiar_spatial_form @ map (whole.visualization) [-] | spatial_organization_complex @ map (whole.visualization) [+] | more_cluttered_layout @ map (whole.visualization) [+] | less_clear_at_glance @ map (whole.visualization) [+] | lots_of_regions @ countries (structure.region) [+] | country_shapes_familiar @ countries (structure.region) [-] | continent_with_countries @ countries (structure.region) [-] | many_legend_categories @ legend (furniture.legend) [+] | legend_present @ legend (furniture.legend) [+] | color_coding_present @ color_coding (property.color) [+] | nonlinear_color_scale @ color_coding (property.color) [+] | colors_unclear_meaning @ color_coding (property.color) [-] | lots_of_words @ text_labels (text.label) [+] | amount_of_descriptive_text @ text_labels (text.label) [+] | variation_in_color_shades @ color_scheme (property.color) [+] | range_and_contrast_of_colors @ color_scheme (property.color) [-] | many_colors_used @ color_scheme (property.color) [+] | different_colors_distinguishable @ color_scheme (property.color) [-],legend(furniture.legend) --encodes_via--> color_coding(property.color) [+] | color_coding(property.color) --applied_to--> countries(structure.region) [+] | text_labels(text.label) --describes(raw:annotates)--> map(whole.visualization) [+] | color_scheme(property.color) --differentiates--> countries(structure.region) [-] | legend(furniture.legend) --increases_complexity(raw:increases_complexity_of)--> map(whole.visualization) [+]
whoK16_3.png,Area,The one I did not choose is a simple pie chart.,a specific technique,"domain-specific concepts (e.g., chemical, biology, map)",1,1,0,pie_chart --> whole.visualization [overall],familiar_chart_type @ pie_chart (whole.visualization) [-],
whoO10_2.png,Area,because im used to round tables like the other one,"domain-specific concepts (e.g., chemical, biology, map)","domain-specific concepts (e.g., chemical, biology, map)",1,1,0,table --> structure.grid [data_area],round_shape @ table (structure.grid) [-],
InfoVisJ.1634.6.png,Area,Both have 3 variables.,multivariate,"domain-specific concepts (e.g., chemical, biology, map)",1,1,0,visualization --> whole.visualization [overall],multivariate_data_representation @ visualization (whole.visualization) [+],
VASTJ.828.7.png,Area,more graphic; no or few data; not a lot of contrast,little data/info; lack of color contrast / hard to distinguish colors,color contrast/clarity; much/little data/info,3,2,2,chart --> whole.visualization [overall] | data_elements --> content.data [data_area] | color_scheme --> property.color [overall],few_or_no_data_points @ data_elements (content.data) [+] | low_color_contrast @ color_scheme (property.color) [+],data_elements(content.data) --contributes_to_ambiguity_in--> chart(whole.visualization) [+] | color_scheme(property.color) --reduces_distinguishability_in--> chart(whole.visualization) [+]
VASTJ.320.11.png,Area,- Almost no explanation - No graphic leyend - No axis,almost no explanation; lack of/not enough axis labels/legend/annotations/context; no measurement/metric,labels/axes/legends,4,3,3,chart --> whole.visualization [overall] | axis --> furniture.axes [axes] | legend --> furniture.legend [legend] | annotation --> text.annotation [annotation],axis_absent @ axis (furniture.axes) [+] | graphic_legend_missing @ legend (furniture.legend) [+] | almost_no_explanation @ annotation (text.annotation) [+],axis(furniture.axes) --absent_from--> chart(whole.visualization) [+] | legend(furniture.legend) --absent_from--> chart(whole.visualization) [+] | annotation(text.annotation) --insufficient_context_for--> chart(whole.visualization) [+]
InfoVisJ.978.3.png,Area,It's not intuitive enough for me,not intuitive/simple data,distracting/confusing/unclear,1,1,0,visualization --> whole.visualization [overall],not_intuitive_to_interpret @ visualization (whole.visualization) [+],
InfoVisJ.599.4.png,Area,Geographical maps are less complex to me,"domain-specific concepts (e.g., chemical, biology, map); easy to derive meaning","domain-specific concepts (e.g., chemical, biology, map); easy/hard to interpret",1,2,1,geographical_map --> whole.visualization [data_area],familiar_map_format @ geographical_map (whole.visualization) [-] | low_perceived_complexity @ geographical_map (whole.visualization) [-],geographical_map(whole.visualization) --reduces_cognitive_load--> geographical_map(whole.visualization) [-]
whoJ48_2.png,Area,It is very clear from the map what the colours represent,"domain-specific concepts (e.g., chemical, biology, map); unclear colormaps","color contrast/clarity; domain-specific concepts (e.g., chemical, biology, map)",2,2,1,map --> whole.visualization [data_area] | colors --> property.color [data_area],familiar_map_format @ map (whole.visualization) [-] | multiple_colors_present @ colors (property.color) [+],colors(property.color) --applied_across--> map(whole.visualization) [+]
vis718.png,Area,dots,unclear colormaps,color contrast/clarity,1,1,0,dots --> mark.point [data_area],simple_dot_marks @ dots (mark.point) [-],
InfoVisJ.1634.1.png,Area,"This image has no description, I have no idea what this is.",lack of/not enough axis labels/legend/annotations/context; unclear meaning/confusing,labels/axes/legends; unclear meaning/confusing,1,4,1,visualization --> whole.visualization [overall],no_descriptive_text @ visualization (whole.visualization) [+] | purpose_unclear @ visualization (whole.visualization) [+] | requires_domain_knowledge @ visualization (whole.visualization) [+] | high_interpretive_difficulty @ visualization (whole.visualization) [+],visualization(whole.visualization) --lacks_contextual_explanation--> visualization(whole.visualization) [+]
InfoVisC.211.8.png,Area,variety of very bright colors; segmentation of colors; text at the bottom; A map is more familiar - Explanatory legend,"clear text arrangement/density; explanatory legend; domain-specific concepts (e.g., chemical, biology, map); bright colors; color variety/arrangement/distribution","bright colors; clear text arrangement/density; color variety/shading; domain-specific concepts (e.g., chemical, biology, map); labels/axes/legends",4,5,3,legend --> furniture.legend [legend] | map --> whole.visualization [data_area] | color_segments --> mark.color_segment [data_area] | bottom_text --> text.label [annotation],explanatory_and_clear @ legend (furniture.legend) [-] | familiar_structure @ map (whole.visualization) [-] | segmented_color_regions @ color_segments (mark.color_segment) [+] | variety_of_bright_colors @ color_segments (mark.color_segment) [+] | dense_bottom_text @ bottom_text (text.label) [+],legend(furniture.legend) --simplifies(raw:reduces_complexity_of)--> color_segments(mark.color_segment) [-] | color_segments(mark.color_segment) --increases_clutter_in--> map(whole.visualization) [+] | bottom_text(text.label) --adds_cognitive_load_to--> map(whole.visualization) [+]
InfoVisJ.2072.16.png,Area,1) Lots of boxes 2) lots of text 3) lots of colors,more charts/points/lines/shapes/elements; amount of words/context/numbers; color variety/arrangement/distribution,amount of words/context/numbers; color variety/shading; more charts/points/lines/shapes/elements,3,3,3,boxes --> mark.shape [data_area] | text --> text.label [overall] | colors --> property.color [overall],high_quantity_boxes @ boxes (mark.shape) [+] | high_text_volume @ text (text.label) [+] | many_colors_present @ colors (property.color) [+],boxes(mark.shape) --contains--> text(text.label) [+] | boxes(mark.shape) --encoded_with--> colors(property.color) [+] | text(text.label) --increases_load_alongside--> colors(property.color) [+]
SciVisJ.700.5.png,Area,have more data,much/more data/info/info spread,much/little data/info,1,1,0,visualization --> whole.visualization [overall],high_data_volume @ visualization (whole.visualization) [+],
InfoVisJ.881.15.png,Area,I choose that because I recognised there is more data in the right side. Also there can be more variable thats why it came to me more complex.,more parameters/variables; much/more data/info/info spread,more parameters/variables; much/little data/info,3,2,2,chart --> whole.visualization [overall] | data_points --> mark.point [data_area] | variables --> content.data [axes],high_data_volume @ data_points (mark.point) [+] | multiple_variables_present @ variables (content.data) [+],data_points(mark.point) --increases_clutter_in--> chart(whole.visualization) [+] | variables(content.data) --adds_interpretive_demand_to--> chart(whole.visualization) [+]
InfoVisC.115.4.png,Area,the color and the number of different thing in the same area is so dificult to see whats about,many points/lines/shapes/elements; color variety/arrangement/distribution; hard to see/tell/visualize,color variety/shading; easy/hard to interpret; more charts/points/lines/shapes/elements,3,3,2,data_area --> structure.region [data_area] | color_encoding --> property.color [data_area] | chart_elements --> whole.visualization [data_area],many_elements_same_area @ chart_elements (whole.visualization) [+] | multiple_colors_same_area @ color_encoding (property.color) [+] | difficult_to_interpret_content @ data_area (structure.region) [+],chart_elements(whole.visualization) --overlaps_within--> data_area(structure.region) [+] | color_encoding(property.color) --clutters--> data_area(structure.region) [+]
vis278.png,Area,clean lines,shapes and lines,shapes and lines,1,1,0,chart --> whole.visualization [overall],clean_lines @ chart (whole.visualization) [-],
economist_daily_chart_110.png,Area,range of colours more physical content than the other image both text shapes and geography included red is a harsh colour compared to dark green,"many/more data/info; domain-specific concepts (e.g., chemical, biology, map); color variety/arrangement/distribution; good color contrast/separation/segmentation; unclear coloring","color contrast/clarity; color variety/shading; domain-specific concepts (e.g., chemical, biology, map); more charts/points/lines/shapes/elements",6,6,3,map --> whole.visualization [data_area] | text_labels --> text.label [data_area] | geographic_shapes --> structure.region [data_area] | color_scheme --> property.color [overall] | dark_green_region --> structure.region [data_area] | red_region --> structure.region [data_area],high_physical_content @ map (whole.visualization) [+] | text_overlaid_on_geography @ text_labels (text.label) [+] | complex_geographic_shapes @ geographic_shapes (structure.region) [+] | wide_color_range @ color_scheme (property.color) [+] | dark_green_color @ dark_green_region (structure.region) [-] | harsh_red_color @ red_region (structure.region) [+],text_labels(text.label) --overlaps_with--> geographic_shapes(structure.region) [+] | red_region(structure.region) --differentiates(raw:contrasts_with)--> dark_green_region(structure.region) [+] | color_scheme(property.color) --increases_effort(raw:increases_cognitive_load_of)--> map(whole.visualization) [+]
InfoVisC.173.9(1).png,Area,"From far away, all you see is a mix of color which is frightening at first glance",color variety/arrangement/distribution; looks random/messy/lack structure,color variety/shading; distracting/confusing/unclear,2,3,1,visualization --> whole.visualization [overall] | color_scheme --> property.color [data_area],mixed_color_variety @ color_scheme (property.color) [+] | overwhelming_first_impression @ visualization (whole.visualization) [+] | high_cognitive_load @ visualization (whole.visualization) [+],color_scheme(property.color) --contributes_to--> visualization(whole.visualization) [+]
InfoVisC.24.8.png,Area,"Looks more ""chaotic"" Less structured More data?",much/more data/info/info spread; looks random/messy/lack structure,distracting/confusing/unclear; much/little data/info,3,3,2,chart --> whole.visualization [overall] | data_elements --> content.data [data_area] | layout_structure --> structure.layout [overall],high_data_volume @ data_elements (content.data) [+] | lacks_clear_organization @ layout_structure (structure.layout) [+] | chaotic_visual_appearance @ chart (whole.visualization) [+],data_elements(content.data) --contributes_to--> chart(whole.visualization) [+] | layout_structure(structure.layout) --increases_effort(raw:increases_cognitive_load_of)--> chart(whole.visualization) [+]
InfoVisC.24.8(1).png,Area,"Values - Graphic and vales have logic (left one is more complex at least the right can see words). Graphs generation - how the graph is generated, size, length, points (left one is more complex).both are complex.",value representation; clear title/axis/label,2D/3D; labels/axes/legends,3,3,1,graphic --> whole.visualization [data_area] | values --> content.number [data_area] | text_labels --> text.label [overall],has_internal_logic @ graphic (whole.visualization) [+] | logically_structured_values @ values (content.number) [+] | words_clearly_visible @ text_labels (text.label) [-],graphic(whole.visualization) --aligned_with--> values(content.number) [+]
InfoVisJ.1054.3.png,Area,,readability; amount of / too many colors,color variety/shading; word rotation/small font size,4,4,3,chart --> whole.visualization [overall] | data_entities --> content.data [data_area] | color_encoding --> property.color [data_area] | text_labels --> text.label [data_area],high_entity_count @ data_entities (content.data) [+] | high_information_density @ chart (whole.visualization) [+] | numerous_colors_used @ color_encoding (property.color) [+] | poor_readability @ text_labels (text.label) [+],data_entities(content.data) --increases_clutter_in--> chart(whole.visualization) [+] | color_encoding(property.color) --complicates_interpretation_of--> data_entities(content.data) [+] | text_labels(text.label) --hinders_comprehension_of--> chart(whole.visualization) [+]
economist_daily_chart_106.png,Bar,Data is harder to compare on the right.,more difficult to compare/discern/distinguish,easy/hard to interpret,1,1,0,chart --> whole.visualization [overall],difficult_cross_element_comparison @ chart (whole.visualization) [+],
InfoVisC.57.4.png,Bar,lots of colours close together; not sure what the circles in the middle are representing,unclear shape meaning; color variety/arrangement/distribution,color variety/shading; unclear meaning/confusing,2,4,2,circles --> mark.point [data_area] | color_scheme --> property.color [data_area],unclear_representation @ circles (mark.point) [+] | ambiguous_visual_encoding @ circles (mark.point) [+] | many_colors_present @ color_scheme (property.color) [+] | colors_densely_clustered @ color_scheme (property.color) [+],color_scheme(property.color) --increases_clutter_around--> circles(mark.point) [+] | circles(mark.point) --requires_interpretation_effort--> color_scheme(property.color) [+]
wsj226.png,Bar,much more detailed. It shows me how much crop each country/region produces and how that changed over one year.,change over time; crop production shown,shapes and lines,4,4,2,chart --> whole.visualization [overall] | country_region --> structure.region [data_area] | crop_type --> content.category [data_area] | time_period --> content.category [axes],multiple_countries_regions @ country_region (structure.region) [+] | multiple_crop_categories @ crop_type (content.category) [+] | one_year_change_shown @ time_period (content.category) [+] | temporal_comparison_required @ chart (whole.visualization) [+],country_region(structure.region) --mapped_to--> crop_type(content.category) [+] | chart(whole.visualization) --encodes_change_over--> time_period(content.category) [+]
InfoVisJ.1204.7.png,Bar,"more objects columns, thus more data to comprehend.",more charts/points/lines/shapes/elements; hard to interpret/read/understand,easy/hard to interpret; more charts/points/lines/shapes/elements,2,2,1,data_elements --> content.data [data_area] | chart --> whole.visualization [overall],high_object_count @ data_elements (content.data) [+] | large_data_volume @ chart (whole.visualization) [+],data_elements(content.data) --increases_effort(raw:increases_cognitive_load_of)--> chart(whole.visualization) [+]
wsj292.png,Bar,The orange highlighted image has more information in it. I define visual complexity and how difficult something is to comprehend and therefor the more information something has the more visually complex the item.,hard to interpret/read/understand,easy/hard to interpret,1,1,0,visualization --> whole.visualization [overall],difficult_to_comprehend @ visualization (whole.visualization) [+],
economist_daily_chart_75.png,Bar,There are more bars on the graph There are more factors It is harder to read with the bars extending horizontally,more charts/points/lines/shapes/elements; horizontal bars; more difficult to interpret/read/understand/differentiate,easy/hard to interpret; more charts/points/lines/shapes/elements; shapes and lines,3,3,2,bars --> mark.bar [data_area] | horizontal_axis --> furniture.axes [axes] | chart --> whole.visualization [overall],high_bar_count @ bars (mark.bar) [+] | extends_horizontally @ bars (mark.bar) [+] | harder_to_read @ chart (whole.visualization) [+],bars(mark.bar) --increases_clutter_in--> chart(whole.visualization) [+] | bars(mark.bar) --extends_along--> horizontal_axis(furniture.axes) [+]
VASTJ.1720.4.png,Bar,The one on the right is a simple bar graph. I could gather a little bit what it meant.,"a specific technique, e.g., bar, pie, circle; easy to interpret/read/understand","domain-specific concepts (e.g., chemical, biology, map); easy/hard to interpret",2,3,1,bar_graph --> whole.visualization [overall] | bars --> mark.bar [data_area],simple_chart_type @ bar_graph (whole.visualization) [-] | easily_interpretable @ bar_graph (whole.visualization) [-] | straightforward_encoding @ bars (mark.bar) [-],bar_graph(whole.visualization) --affords_quick_understanding--> bars(mark.bar) [-]
InfoVisJ.2639.8.png,Bar,The color bar seems more complex and takes me longer to interpret.,color variety/arrangement/distribution; colored bars/charts; more complicated; more to read/analyze/understand; take longer to interpret; unclear meaning/confusing,color variety/shading; easy/hard to interpret; take longer to interpret; unclear meaning/confusing,2,2,1,color_bar --> mark.bar [legend] | visualization --> whole.visualization [overall],adds_visual_complexity @ color_bar (mark.bar) [+] | requires_longer_interpretation @ visualization (whole.visualization) [+],color_bar(mark.bar) --increases_effort(raw:increases_cognitive_load_of)--> visualization(whole.visualization) [+]
InfoVisC.65.8.png,Bar,color dimension (one versus two)； numbers is more complex than dot; The least complex has clearer colours and is simple to grasp the ideas.,shapes and lines; clearer coloring; color dimension; simple to interpret/read/understand,color variety/shading; easy/hard to interpret; shapes and lines,4,4,2,chart --> whole.visualization [overall] | color_encoding --> property.color [data_area] | numerical_labels --> text.label [data_area] | dot_marks --> mark.point [data_area],clearer_distinct_colors @ color_encoding (property.color) [-] | simple_to_grasp @ chart (whole.visualization) [-] | two_color_dimensions @ color_encoding (property.color) [+] | numbers_increase_complexity @ numerical_labels (text.label) [+],numerical_labels(text.label) --compared_with(raw:more_complex_than)--> dot_marks(mark.point) [+] | color_encoding(property.color) --aids_interpretation(raw:aids_interpretation_of)--> chart(whole.visualization) [-]
InfoVisJ.609.8.png,Bar,clearer what I can learn..,easy to understand,easy/hard to interpret,1,1,0,visualization --> whole.visualization [overall],clear_interpretive_message @ visualization (whole.visualization) [-],
economist_daily_chart_4.png,Bar,"there are more data and the variables go both ways, so it may need more detailed analysis.",more effort/reading/detailed analysis,take longer to interpret,1,1,0,chart --> whole.visualization [overall],requires_detailed_analysis @ chart (whole.visualization) [+],
whoB32_1.png,Bar,"it lacks contrast between the blue colours, a different colour would make the image less complex. there is more text on the image, which adds complexity.; I don't understand the graphics well",distinguishable/full color uses; lack of color contrast / hard to distinguish colors; not interpretable/readable/understandable,color contrast/clarity; distinguishable/full/highly contrast color uses; easy/hard to interpret,3,3,2,chart --> whole.visualization [overall] | color_scheme --> property.color [data_area] | blue_colors --> property.color [data_area],poor_color_choice @ color_scheme (property.color) [+] | insufficient_contrast @ blue_colors (property.color) [+] | difficult_to_understand @ chart (whole.visualization) [+],blue_colors(property.color) --lacks_contrast_within--> color_scheme(property.color) [+] | color_scheme(property.color) --increases_cognitive_difficulty_of--> chart(whole.visualization) [+]
visMost533.png,Bar,"many elements, colors, size, names; very complex to process; Image 1 requires more understanding; it seems to contain data but lacks context, so I'm curious what it represents.",more charts/points/lines/shapes/elements; size; lack of/not enough axis labels/legend/annotations/context; more title/axis/label; unclear colormaps; complicated to process; more reading/interpretation/understanding,color contrast/clarity; easy/hard to interpret; labels/axes/legends; more charts/points/lines/shapes/elements; shapes and lines; take longer to interpret,5,7,4,chart --> whole.visualization [overall] | elements --> mark.element [data_area] | labels --> text.label [data_area] | colors --> property.color [data_area] | context --> content.domain [annotation],very_complex_to_process @ chart (whole.visualization) [+] | lacks_contextual_information @ chart (whole.visualization) [+] | requires_domain_understanding @ chart (whole.visualization) [+] | many_visual_elements @ elements (mark.element) [+] | varied_element_sizes @ elements (mark.element) [+] | numerous_names_present @ labels (text.label) [+] | high_color_variety @ colors (property.color) [+],elements(mark.element) --contributes_to_clutter_in--> chart(whole.visualization) [+] | labels(text.label) --increases_effort(raw:increases_cognitive_load_of)--> chart(whole.visualization) [+] | colors(property.color) --adds_visual_complexity_to--> elements(mark.element) [+] | context(content.domain) --absent_from--> chart(whole.visualization) [+]
economist_daily_chart_5.png,Bar,It has more data and need focus to understand,much/more data/info/info spread; hard to interpret/read/understand,easy/hard to interpret; much/little data/info,2,2,1,chart --> whole.visualization [overall] | data_elements --> content.data [data_area],high_data_volume @ data_elements (content.data) [+] | requires_focused_interpretation @ chart (whole.visualization) [+],data_elements(content.data) --increases_cognitive_demand_of--> chart(whole.visualization) [+]
economist_daily_chart_167.png,Bar,easy to read and decipher.,easy to interpret/read/understand,easy/hard to interpret,1,2,0,chart --> whole.visualization [overall],easy_to_read @ chart (whole.visualization) [-] | easy_to_decipher @ chart (whole.visualization) [-],
InfoVisJ.631.1(2).png,Bar,Densely packed information; Unclear of relations between words; Words are not all orientated the same; Unclear on colour values,dense points/lines/shapes/elements; unclear relation between words; word misoriented; unclear colors/contrast,more charts/points/lines/shapes/elements; unclear colors/contrast; unclear meaning/confusing; word rotation/small font size,4,4,3,word_cloud --> whole.visualization [data_area] | words --> text.label [data_area] | color_encoding --> property.color [data_area] | text_orientations --> text.label [data_area],densely_packed_information @ word_cloud (whole.visualization) [+] | unclear_inter_word_relations @ words (text.label) [+] | mixed_text_orientations @ text_orientations (text.label) [+] | unclear_color_value_meaning @ color_encoding (property.color) [+],words(text.label) --packed_into--> word_cloud(whole.visualization) [+] | color_encoding(property.color) --ambiguously_encodes--> words(text.label) [+] | text_orientations(text.label) --increases_effort(raw:increases_cognitive_load_of)--> words(text.label) [+]
SciVisJ.995.5.png,Bar,"The image I chose shows what information the graph is presenting, and therefore provokes more thought and understanding. There are axes, numerical values.",infomration representation; lack of/not enough axis labels/legend/annotations/context; title/axis/label/descriptions; provokes thought and understanding,"domain-specific concepts (e.g., chemical, biology, map); labels/axes/legends; take longer to interpret",3,4,2,axes --> furniture.axes [axes] | numerical_values --> content.number [axes] | data_content --> content.data [data_area],multiple_axes_present @ axes (furniture.axes) [+] | dense_numerical_labels @ numerical_values (content.number) [+] | rich_information_presented @ data_content (content.data) [+] | provokes_thought_and_understanding @ data_content (content.data) [+],axes(furniture.axes) --annotated_with--> numerical_values(content.number) [+] | numerical_values(content.number) --increases_effort(raw:increases_cognitive_load_of)--> data_content(content.data) [+]
InfoVisJ.924.5.png,Bar,1. Visuals that tell the story 2. Labels are clear 3. Key is easy to understand 4. Description easy to read,clear title/axis/label; description easy to read; legend easy to understand,easy/hard to interpret; labels/axes/legends,3,3,2,description --> text.description [annotation] | legend --> furniture.legend [legend] | labels --> text.label [axes],easy_to_read @ description (text.description) [+] | easy_to_understand @ legend (furniture.legend) [+] | clear_labeling @ labels (text.label) [+],legend(furniture.legend) --aids_interpretation(raw:aids_interpretation_of)--> description(text.description) [-] | labels(text.label) --aids_interpretation(raw:supports_readability_of)--> description(text.description) [-]
v483_n7388_11_f2.png,Bar,"At first glance, there is more data (lots of bars). It's less visual and requires more interpretation. Text is written sideways",more reading/interpretation/understanding,take longer to interpret,1,1,0,visualization --> whole.visualization [overall],requires_more_interpretation @ visualization (whole.visualization) [+],
VASTJ.412.3.png,Bar,Both of them are easy to understand.; only has two colors,two colors; easy to interpret/read/understand,easy/hard to interpret; two colors,2,2,1,chart --> whole.visualization [overall] | color_scheme --> property.color [data_area],easy_to_understand @ chart (whole.visualization) [-] | only_two_colors_used @ color_scheme (property.color) [-],color_scheme(property.color) --reduces_clutter_in--> chart(whole.visualization) [-]
vis230.png,Bar,I don't understand the graphics well,not interpretable/readable/understandable,easy/hard to interpret,1,1,0,visualization --> whole.visualization [overall],difficult_to_interpret @ visualization (whole.visualization) [+],
whoK23_2.png,Bar,A lot of text; A lot of data; Hard to understand,much/more data/info/info spread; amount of words/context/numbers; hard to interpret/read/understand,amount of words/context/numbers; easy/hard to interpret; much/little data/info,3,3,2,chart --> whole.visualization [overall] | data_elements --> content.data [data_area] | text_labels --> text.label [axes],high_data_volume @ data_elements (content.data) [+] | abundant_text_present @ text_labels (text.label) [+] | difficult_to_interpret @ chart (whole.visualization) [+],data_elements(content.data) --contributes_to_clutter_in--> chart(whole.visualization) [+] | text_labels(text.label) --increases_effort(raw:increases_cognitive_load_of)--> chart(whole.visualization) [+]
InfoVisJ.459.8.png,Bar,"even though I didn't understand the purpose, it looks clearer",clear colors/shapes; unclear meaning/confusing,clear colors/shapes; unclear meaning/confusing,2,2,1,visualization --> whole.visualization [overall] | purpose_label --> text.label [title],visually_clear_layout @ visualization (whole.visualization) [-] | unclear_semantic_purpose @ purpose_label (text.label) [+],visualization(whole.visualization) --perceived_as_clearer_despite--> purpose_label(text.label) [-]
VASTJ.1374.4.png,Bar,I am used to work with the right type of graph,familiar representation,"domain-specific concepts (e.g., chemical, biology, map)",1,1,0,visualization --> whole.visualization [overall],familiar_domain_knowledge @ visualization (whole.visualization) [-],
wsj28.png,Bar,Lots of writing; Prominent colors,amount of words/context/numbers; salient colors,amount of words/context/numbers; color variety/shading,2,2,1,text_elements --> text.label [overall] | color_scheme --> property.color [overall],high_volume_of_writing @ text_elements (text.label) [+] | prominent_colors_present @ color_scheme (property.color) [+],text_elements(text.label) --combined_with--> color_scheme(property.color) [+]
SciVisJ.603.12.png,Bar,many graphs side by side and 2 distinct sections in each graph that vary in length. These unknown details make this feel more complex,multiple features/elements/graphs; length variation; looks random/messy/lack structure,distracting/confusing/unclear; more charts/points/lines/shapes/elements; shapes and lines,3,4,2,graphs --> whole.visualization [data_area] | bars --> mark.bar [data_area] | labels --> text.label [axes],many_graphs_present @ graphs (whole.visualization) [+] | arranged_side_by_side @ graphs (whole.visualization) [+] | vary_in_length @ bars (mark.bar) [+] | unknown_details @ labels (text.label) [+],graphs(whole.visualization) --contains--> bars(mark.bar) [+] | bars(mark.bar) --requires_interpretation_of--> labels(text.label) [+]
VASTJ.432.6.png,Bar,both is understandable,easy to interpret/read/understand,easy/hard to interpret,1,1,0,visualization --> whole.visualization [overall],easily_understandable @ visualization (whole.visualization) [-],
InfoVisJ.1084.2.png,Bar,I thought it provided the information in question in a more unique way.,unique,"domain-specific concepts (e.g., chemical, biology, map)",1,1,0,visualization --> whole.visualization [overall],unique_visual_form @ visualization (whole.visualization) [+],
VASTC.72.13.png,Bar,more informations; more colour,much/more data/info/info spread; color variety/arrangement/distribution,color variety/shading; much/little data/info,3,2,2,chart --> whole.visualization [overall] | color_encoding --> property.color [data_area] | data_content --> content.data [data_area],multiple_colors_present @ color_encoding (property.color) [+] | high_information_volume @ data_content (content.data) [+],color_encoding(property.color) --increases_complexity(raw:increases_complexity_of)--> chart(whole.visualization) [+] | data_content(content.data) --increases_effort(raw:increases_cognitive_load_of)--> chart(whole.visualization) [+]
economist_daily_chart_520.png,Bar,the left image has at least 15-20 different data points,more charts/points/lines/shapes/elements,more charts/points/lines/shapes/elements,1,1,0,data_points --> mark.point [data_area],many_data_points_present @ data_points (mark.point) [+],
vis678.png,Bar,"The image I chose would be more difficult to me to describe to someone. The reason I chose it must be the all the designs, color differences, data and concept.; The image I picked has a lot of charts at once, while also being mixed with a timeline. It is also confusing that there are two different charts and some bits of text.; its dense clutter of elements, varied and vibrant color usage indicating different data categories, a high degree of interconnectedness showcasing complex relationships. It was essentially harder to read.; Very busy, a lot going on, lots of details and images. A lot of intricacy.",dense/cluttered data/info; dense/cluttered layout; more charts/points/lines/shapes/elements; much/more data/info/info spread; design-data relationship; mixed timeline; title/axis/label/descriptions; color variety/arrangement/distribution; distracting/confusing/unclear; hard to describe; more difficult to interpret/read/understand/differentiate,color variety/shading; design-data relationship; distracting/confusing/unclear; easy/hard to interpret; labels/axes/legends; more charts/points/lines/shapes/elements; much/little data/info; overlapping shapes/colors/lines,5,12,4,charts --> whole.visualization [data_area] | timeline --> furniture.axes [axes] | text --> text.label [annotation] | color_scheme --> property.color [overall] | layout --> structure.layout [overall],multiple_charts_present @ charts (whole.visualization) [+] | lots_of_details @ charts (whole.visualization) [+] | difficult_to_describe @ charts (whole.visualization) [+] | mixed_with_charts @ timeline (furniture.axes) [+] | some_text_present @ text (text.label) [+] | harder_to_read @ text (text.label) [+] | varied_vibrant_colors @ color_scheme (property.color) [+] | notable_color_differences @ color_scheme (property.color) [+] | dense_element_clutter @ layout (structure.layout) [+] | very_busy_layout @ layout (structure.layout) [+] | overall_confusing @ layout (structure.layout) [+] | complex_design_and_concept @ layout (structure.layout) [+],charts(whole.visualization) --co_occurs_with(raw:mixed_with)--> timeline(furniture.axes) [+] | color_scheme(property.color) --increases_clutter_of--> layout(structure.layout) [+] | charts(whole.visualization) --contributes_to_confusion_with--> text(text.label) [+] | layout(structure.layout) --makes_harder_to_read--> text(text.label) [+]
VASTC.51.6.png,Bar,Few information; it has no meaning; colors have no meaning; numbers have no meaning,lack of/not enough axis labels/legend/annotations/context; unclear meaning/confusing,labels/axes/legends; unclear meaning/confusing,2,2,1,numbers --> content.number [data_area] | colors --> property.color [data_area],no_semantic_meaning @ numbers (content.number) [+] | no_semantic_meaning @ colors (property.color) [+],numbers(content.number) --increases_cognitive_load_alongside--> colors(property.color) [+]
VASTJ.1332.5.png,Bar,two axes; fewer data points,little data/info; title/axis/label/descriptions,labels/axes/legends; much/little data/info,2,2,1,data_points --> mark.point [data_area] | axes --> furniture.axes [axes],fewer_data_points @ data_points (mark.point) [-] | two_axes_only @ axes (furniture.axes) [-],data_points(mark.point) --plotted_along--> axes(furniture.axes) [-]
wsj360.png,Bar,More letters more charts,more texts/words,amount of words/context/numbers,1,1,0,text_labels --> text.label [overall],high_letter_count @ text_labels (text.label) [+],
whoB03_1.png,Bar,the other figure which is easily interpretable,easier to interpret/read/understand,easy/hard to interpret,1,1,0,visualization --> whole.visualization [overall],easily_interpretable @ visualization (whole.visualization) [-],
wsj536.png,Bar,"More elements - the graph, the picture, the shading, use of colour.",more charts/points/lines/shapes/elements; color shading; soft/layered/overlapping colors,color variety/shading; more charts/points/lines/shapes/elements; soft/layered/overlapping colors,3,3,2,chart --> whole.visualization [overall] | shading --> property.color [data_area] | color --> property.color [data_area],multiple_visual_elements @ chart (whole.visualization) [+] | shading_increases_complexity @ shading (property.color) [+] | varied_color_usage @ color (property.color) [+],shading(property.color) --contributes_to_clutter_in--> chart(whole.visualization) [+] | color(property.color) --adds_encoding_complexity_to--> chart(whole.visualization) [+]
whoQ14_2.png,Bar,More elements. More different labels. More items being compared. The bars being individual lines.,more charts/points/lines/shapes/elements; bars as individual lines; more labels/context,more charts/points/lines/shapes/elements; more labels/context; shapes and lines,4,4,3,chart --> whole.visualization [overall] | bars --> mark.bar [data_area] | labels --> text.label [axes] | data_elements --> content.data [data_area],rendered_as_individual_lines @ bars (mark.bar) [+] | many_different_labels @ labels (text.label) [+] | high_item_count @ data_elements (content.data) [+] | many_elements_present @ chart (whole.visualization) [+],bars(mark.bar) --contributes_to_clutter_in--> chart(whole.visualization) [+] | labels(text.label) --increases_effort(raw:increases_cognitive_load_of)--> chart(whole.visualization) [+] | data_elements(content.data) --increases_complexity(raw:increases_density_of)--> chart(whole.visualization) [+]
v487_n7408_15_f3.png,Bar,black and white horizontal lines.,shapes and lines; black-to-white/color gradient,color variety/shading; shapes and lines,2,2,1,horizontal_lines --> mark.line [data_area] | color_scheme --> property.color [overall],multiple_horizontal_lines @ horizontal_lines (mark.line) [+] | black_and_white_only @ color_scheme (property.color) [-],horizontal_lines(mark.line) --increases_clutter_in--> color_scheme(property.color) [+]
VASTJ.101.1.png,Bar,More colours and more complex shapes,curves and shapes; color variety/arrangement/distribution,color variety/shading; shapes and lines,2,2,1,chart_shapes --> whole.visualization [data_area] | color_scheme --> property.color [overall],complex_geometric_shapes @ chart_shapes (whole.visualization) [+] | multiple_colors_used @ color_scheme (property.color) [+],color_scheme(property.color) --increases_clutter_of--> chart_shapes(whole.visualization) [+]
visMost54.png,Bar,there have a lot of lines and words and it iskinda about universe,more charts/points/lines/shapes/elements; amount of words/context/numbers,amount of words/context/numbers; more charts/points/lines/shapes/elements,2,2,1,lines --> mark.line [data_area] | text_labels --> text.label [axes],high_line_quantity @ lines (mark.line) [+] | many_words_present @ text_labels (text.label) [+],lines(mark.line) --increases_clutter_alongside--> text_labels(text.label) [+]
v490_n7418_1_f2.png,Bar,more  confusing colours; a lot of little boxes.; the other one is just a straight line with colourful boxes,more charts/points/lines/shapes/elements; shapes; straight lines; ambiguous/confusing colors; unclear colormaps,color contrast/clarity; more charts/points/lines/shapes/elements; shapes and lines,3,5,2,boxes --> mark.shape [data_area] | straight_line --> mark.line [data_area] | colors --> property.color [overall],numerous_small_boxes @ boxes (mark.shape) [+] | many_box_elements @ boxes (mark.shape) [+] | simple_straight_line @ straight_line (mark.line) [-] | confusing_color_variety @ colors (property.color) [+] | colorful_appearance @ colors (property.color) [-],boxes(mark.shape) --increases_clutter_via--> colors(property.color) [+] | straight_line(mark.line) --reduces_complexity_relative_to--> boxes(mark.shape) [-]
wsj299.png,Bar,,more colors; more to read/analyze/understand,color variety/shading; take longer to interpret,3,3,2,graphics --> whole.visualization [data_area] | statistics --> content.data [data_area] | color_scheme --> property.color [overall],high_detail_level @ graphics (whole.visualization) [+] | multiple_statistics_present @ statistics (content.data) [+] | multiple_colors_used @ color_scheme (property.color) [+],graphics(whole.visualization) --increases_effort(raw:increases_cognitive_load)--> statistics(content.data) [+] | color_scheme(property.color) --adds_visual_complexity_to--> graphics(whole.visualization) [+]
whoB17_1.png,Bar,,more reading/interpretation/understanding,take longer to interpret,2,1,1,visualization --> whole.visualization [overall] | title_or_label --> text.label [title],provides_contextual_information @ title_or_label (text.label) [-],title_or_label(text.label) --clarifies_content_of--> visualization(whole.visualization) [-]
VASTC.107.8.png,Cont.-ColorPatn,i found it hard to distinguish the colours in this picture. My eyes felt blurry when concentrating on the image.,lack of color contrast / hard to distinguish colors; distracting/confusing/unclear,color contrast/clarity; distracting/confusing/unclear,2,3,1,color_encoding --> property.color [data_area] | visual_display --> whole.visualization [overall],colors_hard_to_distinguish @ color_encoding (property.color) [+] | causes_visual_blur @ visual_display (whole.visualization) [+] | high_cognitive_strain @ visual_display (whole.visualization) [+],color_encoding(property.color) --contributes_to--> visual_display(whole.visualization) [+]
SciVisJ.1043.12(4).png,Cont.-ColorPatn,"1. There*s no obvious pattern that jumps out at you, so it*s not as straightforward to interpret. 2. It's hard to discern individual items. 3. It's tough to see where one point ends and another begins. 4. The single-color scheme doesn't help separate different parts of the data.",more charts/points/lines/shapes/elements; overlapping shapes/colors/lines; color scale/scheme,color variety/shading; more charts/points/lines/shapes/elements; overlapping shapes/colors/lines,3,3,3,data_points --> mark.point [data_area] | color_scheme --> property.color [data_area] | point_boundaries --> mark.point [data_area],hard_to_discern_individually @ data_points (mark.point) [+] | single_color_used @ color_scheme (property.color) [+] | boundaries_visually_unclear @ point_boundaries (mark.point) [+],color_scheme(property.color) --hinders_reading(raw:reduces_distinguishability_of)--> data_points(mark.point) [+] | data_points(mark.point) --overlaps_obscuring--> point_boundaries(mark.point) [+] | color_scheme(property.color) --increases_effort(raw:increases_cognitive_load_for)--> data_points(mark.point) [+]
v484_n7392_13_f1(1).png,Cont.-ColorPatn,I think in the other option its pretty obvious that it is just a heatmap showing the results on an y axis,title/axis/label/descriptions; a specific technique,"domain-specific concepts (e.g., chemical, biology, map); labels/axes/legends",2,2,1,heatmap --> whole.visualization [data_area] | y_axis --> furniture.axes [axes],familiar_chart_type @ heatmap (whole.visualization) [-] | provides_clear_labels @ y_axis (furniture.axes) [-],y_axis(furniture.axes) --aids_interpretation(raw:aids_interpretation_of)--> heatmap(whole.visualization) [-]
SciVisJ.2305.5.png,Cont.-ColorPatn,"I did not know what data was trying to convey,",unclear what data conveys,unclear meaning/confusing,1,1,0,visualization --> whole.visualization [overall],unclear_data_message @ visualization (whole.visualization) [+],
VisC.233.1.png,Cont.-ColorPatn,"-hard to extract info from it -no easy distinction between different colours (black, white, gray?); 1. Image size 2.Small details in the image. 3. Complexity. 4. Creating an image by grouping many shapes.",fine/layered details; more charts/points/lines/shapes/elements; image size; hard to distinguish colors; hard to identify/extract/find features,easy/hard to interpret; more charts/points/lines/shapes/elements; much/little data/info; shapes and lines,4,5,3,chart --> whole.visualization [overall] | shapes --> mark.shape [data_area] | colors --> property.color [data_area] | details --> content.detail [data_area],many_shapes_present @ shapes (mark.shape) [+] | small_detail_elements @ details (content.detail) [+] | large_image_size @ chart (whole.visualization) [+] | no_easy_color_distinction @ colors (property.color) [+] | hard_to_extract_info @ chart (whole.visualization) [+],colors(property.color) --hinders_reading(raw:hinders_interpretation_of)--> shapes(mark.shape) [+] | shapes(mark.shape) --contributes_to_clutter_in--> chart(whole.visualization) [+] | details(content.detail) --increases_effort(raw:increases_cognitive_load_of)--> chart(whole.visualization) [+]
VisJ.1413.7.png,Cont.-ColorPatn,it's a variation of various different colours and graphics that all seem to different to each other with no clear indication about what is going on.,no clear indication; color variety/arrangement/distribution,color variety/shading; unclear meaning/confusing,4,4,2,chart --> whole.visualization [overall] | color_scheme --> property.color [data_area] | graphics --> whole.visualization [data_area] | labels_or_legend --> furniture.legend [legend],various_colors_present @ color_scheme (property.color) [+] | multiple_graphic_elements @ graphics (whole.visualization) [+] | no_clear_indication_of_content @ chart (whole.visualization) [+] | unclear_semantic_meaning @ labels_or_legend (furniture.legend) [+],color_scheme(property.color) --contributes_to_confusion_in--> chart(whole.visualization) [+] | graphics(whole.visualization) --obscures_meaning_in--> chart(whole.visualization) [+]
SciVisJ.1246.8.png,Cont.-ColorPatn,"The one on the left I don't even know what is being represented on it, but there are a lot of colors and shapes",more charts/points/lines/shapes/elements; shapes and lines; color variety/arrangement/distribution; unclear meaning/confusing,color variety/shading; more charts/points/lines/shapes/elements; shapes and lines; unclear meaning/confusing,3,3,2,shapes --> mark.shape [data_area] | colors --> property.color [data_area] | visualization --> whole.visualization [overall],high_shape_quantity @ shapes (mark.shape) [+] | many_colors_present @ colors (property.color) [+] | unclear_representation @ visualization (whole.visualization) [+],shapes(mark.shape) --contributes_to_clutter_with--> colors(property.color) [+] | visualization(whole.visualization) --lacks_interpretive_clarity_due_to--> shapes(mark.shape) [+]
SciVisJ.259.14.png,Cont.-ColorPatn,"In this instance the image on the right felt like a weather map, which is easily recognisable to me, even though this particular map is less recognisable it ""felt"" familiar and therefore I made the selection as I did.; even tough i dont know what is supposed to show me because the x-axis is not labeled it seems to be more detailed.","x-axis unlabeled; domain-specific concepts (e.g., chemical, biology, map); familiar representation","domain-specific concepts (e.g., chemical, biology, map); labels/axes/legends",3,3,2,x_axis --> furniture.axes [axes] | weather_map --> whole.visualization [overall] | chart --> whole.visualization [overall],missing_axis_label @ x_axis (furniture.axes) [+] | familiar_map_format @ weather_map (whole.visualization) [-] | easily_recognizable_form @ chart (whole.visualization) [-],chart(whole.visualization) --compared_with(raw:resembles)--> weather_map(whole.visualization) [-] | x_axis(furniture.axes) --lacks_label_on--> chart(whole.visualization) [+]
SciVisJ.1819.4(5).png,Cont.-ColorPatn,The graphic at the bottom left corner. The difference between light and dark; The colours are harder to look at for me,low color contrast/separation/segmentation; unclear colors/contrast,color contrast/clarity; unclear colors/contrast,2,2,1,visualization --> whole.visualization [overall] | color_scheme --> property.color [data_area],light_and_dark_contrast @ color_scheme (property.color) [+] | colors_harder_to_look_at @ color_scheme (property.color) [+],color_scheme(property.color) --increases_cognitive_difficulty_of--> visualization(whole.visualization) [+]
SciVisJ.796.18.png,Cont.-ColorPatn,1. Unlabeled legend/data. 2. Legend too close to visualizations,lack of/not enough axis labels/legend/annotations/context; too much legend,labels/axes/legends,2,2,2,legend --> furniture.legend [legend] | visualization --> whole.visualization [data_area],unlabeled_legend_entries @ legend (furniture.legend) [+] | positioned_close_to_data @ legend (furniture.legend) [-],legend(furniture.legend) --too_close_to--> visualization(whole.visualization) [-] | legend(furniture.legend) --lacks_labels_for--> visualization(whole.visualization) [+]
InfoVisJ.651.7.png,Cont.-ColorPatn,"Displays a wider variety of colors and gradients; lacks a clear form or structure, making it abstract and open to interpretation; has no discernible patterns or repetition; gives an illusion of depth or three-dimensionality due to blurring and color overlay.",2D/3D; unclear structure; unfamiliar concepts/patterns; blurry colors/images; color variety/arrangement/distribution,"2D/3D; blurry colors/images; color variety/shading; domain-specific concepts (e.g., chemical, biology, map); unclear meaning/confusing",4,5,3,visualization --> whole.visualization [overall] | color_overlay --> property.color [data_area] | gradient --> property.color [data_area] | structure --> structure.layout [overall],illusion_of_depth_3d @ visualization (whole.visualization) [+] | no_discernible_patterns @ visualization (whole.visualization) [+] | lacks_clear_form_structure @ structure (structure.layout) [+] | blurring_applied @ color_overlay (property.color) [+] | wide_variety_of_colors @ gradient (property.color) [+],color_overlay(property.color) --overlaid_with--> gradient(property.color) [+] | visualization(whole.visualization) --increases_complexity(raw:increases)--> structure(structure.layout) [+] | color_overlay(property.color) --contributes_to--> visualization(whole.visualization) [+]
VisC.623.5.png,Cont.-ColorPatn,"I don't even register what the left one is supposed to be, so it seems more complex. More colors make it more complex.",unfamiliar concepts/patterns; color variety/arrangement/distribution,"color variety/shading; domain-specific concepts (e.g., chemical, biology, map)",2,3,1,visualization --> whole.visualization [overall] | color_scheme --> property.color [data_area],unclear_visual_purpose @ visualization (whole.visualization) [+] | ambiguous_encoding @ visualization (whole.visualization) [+] | multiple_colors_present @ color_scheme (property.color) [+],color_scheme(property.color) --increases_confusion_in--> visualization(whole.visualization) [+]
SciVisJ.625.5.png,Cont.-ColorPatn,"I imagine that every pixel and colour represents a collection of data, and the first image is offering more such information so I saw it as more complex.; I had to choose this because I saw it here without analysis.",unclear colormaps; easy to interpret/read/understand,color contrast/clarity; easy/hard to interpret,3,3,2,visualization --> whole.visualization [overall] | pixel --> mark.element [data_area] | color --> property.color [data_area],requires_analysis_to_interpret @ visualization (whole.visualization) [+] | encodes_data_collection @ pixel (mark.element) [+] | encodes_data_collection @ color (property.color) [+],pixel(mark.element) --represents--> color(property.color) [+] | color(property.color) --encodes_dense_information_in--> visualization(whole.visualization) [+]
InfoVisJ.2181.9.png,Cont.-ColorPatn,The picture on the left includes four separate visual items to look at and discern. There are extra arrows and information included below the squares that also allude to meaning that needs to be understood.,dense points/lines/shapes/elements; multiple features/elements/graphs; not easily understood,easy/hard to interpret; more charts/points/lines/shapes/elements,3,4,3,arrows --> mark.symbol [data_area] | information_elements --> content.data [annotation] | visual_items --> mark.element [overall],extra_arrows_present @ arrows (mark.symbol) [+] | additional_information_added @ information_elements (content.data) [+] | four_separate_components @ visual_items (mark.element) [+] | requires_interpretation_effort @ visual_items (mark.element) [+],arrows(mark.symbol) --increases_clutter_in--> visual_items(mark.element) [+] | information_elements(content.data) --adds_cognitive_load_to--> visual_items(mark.element) [+] | visual_items(mark.element) --requires_understanding_of--> information_elements(content.data) [+]
VASTC.19.8.png,Cont.-ColorPatn,"Two much color gradient; -The quality: the image is pretty blurry -The colours: dull and blended together -I have no idea what it represents, lacks clarity It felt like I had to squint my eyes to understand what I was looking at",no context or reference; black-to-white/color gradient; blended colors; blurry colors/images; distracting/confusing/unclear; attention/squinting to understand,"blurry colors/images; color variety/shading; distracting/confusing/unclear; domain-specific concepts (e.g., chemical, biology, map); take longer to interpret",3,6,3,visualization --> whole.visualization [overall] | color_gradient --> property.color [data_area] | text_labels --> text.label [axes],gradient_color_encoding @ color_gradient (property.color) [+] | dull_and_blended_colors @ color_gradient (property.color) [+] | image_is_blurry @ visualization (whole.visualization) [+] | lacks_visual_clarity @ visualization (whole.visualization) [+] | requires_squinting_to_understand @ visualization (whole.visualization) [+] | unclear_representation @ visualization (whole.visualization) [+],color_gradient(property.color) --contributes_to--> visualization(whole.visualization) [+] | color_gradient(property.color) --obscures_meaning_in--> visualization(whole.visualization) [+] | text_labels(text.label) --fails_to_clarify--> visualization(whole.visualization) [+]
VisC.495.10(1).png,Cont.-ColorPatn,It's separating the value by colors,separate values by color to show differences,color contrast/clarity,3,2,1,chart --> whole.visualization [overall] | color_encoding --> property.color [data_area] | data_values --> content.data [data_area],multiple_colors_used @ color_encoding (property.color) [+] | values_separated_by_color @ data_values (content.data) [+],color_encoding(property.color) --differentiates--> data_values(content.data) [+]
SciVisJ.796.5(1).png,Cont.-ColorPatn,No measurements; Not sure what the pattern is and what color stands for,no measurement/metric/axis; unfamiliar concepts/patterns; unclear color meaning,"color contrast/clarity; domain-specific concepts (e.g., chemical, biology, map); labels/axes/legends",4,3,3,visualization --> whole.visualization [overall] | color_encoding --> property.color [data_area] | pattern --> structure.pattern [data_area] | measurements --> content.number [axes],no_measurements_present @ measurements (content.number) [+] | color_meaning_unclear @ color_encoding (property.color) [+] | pattern_interpretation_uncertain @ pattern (structure.pattern) [+],color_encoding(property.color) --lacks_legend_for--> visualization(whole.visualization) [+] | measurements(content.number) --absent_from--> visualization(whole.visualization) [+] | pattern(structure.pattern) --increases_effort(raw:increases_cognitive_load_of)--> visualization(whole.visualization) [+]
VisC.433.1.png,Cont.-ColorPatn,-more colours -more pixels -takes up more space -more informations,more regions/space; much/more data/info/info spread; color variety/arrangement/distribution; more pixels,color variety/shading; more charts/points/lines/shapes/elements; more regions/space; much/little data/info,3,4,2,chart --> whole.visualization [overall] | color_encoding --> property.color [data_area] | data_elements --> content.data [data_area],high_information_density @ chart (whole.visualization) [+] | large_spatial_footprint @ chart (whole.visualization) [+] | multiple_colors_used @ color_encoding (property.color) [+] | high_pixel_density @ data_elements (content.data) [+],color_encoding(property.color) --increases_visual_load_of--> chart(whole.visualization) [+] | data_elements(content.data) --contributes_clutter_to--> chart(whole.visualization) [+]
SciVisJ.821.4.png,Cont.-ColorPatn,I d'ont have any idea of what it's supposed to mean.,unclear meaning/confusing,unclear meaning/confusing,1,3,0,visualization --> whole.visualization [overall],unclear_semantic_meaning @ visualization (whole.visualization) [+] | high_interpretive_difficulty @ visualization (whole.visualization) [+] | requires_specialized_knowledge @ visualization (whole.visualization) [+],
VisC.599.6.png,Cont.-ColorPatn,"The graph is wavy; there is no way to tell the exact points for the numbers, making it more complex to understand. There is no data provided other than two letters and numbers, which to me feels more complex than looking at a map.",curved lines; no clear indication; lack of/not enough axis labels/legend/annotations/context; more difficult to interpret/read/understand/differentiate,easy/hard to interpret; labels/axes/legends; shapes and lines; unclear meaning/confusing,3,4,2,line --> mark.line [data_area] | axis_labels --> text.axis_label [axes] | data_points --> mark.point [data_area],wavy_irregular_shape @ line (mark.line) [+] | exact_values_unreadable @ data_points (mark.point) [+] | contains_letters_and_numbers @ axis_labels (text.axis_label) [+] | overall_more_complex_to_understand @ line (mark.line) [+],data_points(mark.point) --lacks_precise_readability_on--> axis_labels(text.axis_label) [+] | axis_labels(text.axis_label) --combines_alphanumeric_encoding_with--> data_points(mark.point) [+]
SciVisJ.1043.12(5).png,Cont.-ColorPatn,lack of legends or any kind of text makes the figure difficult to understand,lack of/not enough axis labels/legend/annotations/context; hard to interpret/read/understand,easy/hard to interpret; labels/axes/legends,3,3,2,visualization --> whole.visualization [overall] | legend --> furniture.legend [legend] | text_labels --> text.label [axes],legend_absent @ legend (furniture.legend) [+] | insufficient_text_present @ text_labels (text.label) [+] | difficult_to_interpret @ visualization (whole.visualization) [+],legend(furniture.legend) --missing_from--> visualization(whole.visualization) [+] | text_labels(text.label) --lacks_context_in--> visualization(whole.visualization) [+]
SciVisJ.744.13.png,Cont.-ColorPatn,"Not understandable at all Different colours Maybe a lot of info that you should know understand just seeing the image Only for trained eyes; This image is complex because it contains lot of details, it is like 3D visualisation (4 dimension matrix), the equation to represent it must be complex. It is like the equation of the wave of water which is difficult to modelise in physic or video game.; less details and more lookable",less detailed/things; more detailed/things; much/more data/info/info spread; 2D/3D; not enough knowledge to tell; color variety/arrangement/distribution; hard to measure/model; not interpretable/readable/understandable,2D/3D; color variety/shading; easy/hard to interpret; much/little data/info; take longer to interpret,4,8,4,3d_visualization --> whole.visualization [overall] | dimension_matrix --> structure.grid [data_area] | color_encoding --> property.color [data_area] | details --> content.detail [data_area],three_dimensional_structure @ 3d_visualization (whole.visualization) [+] | difficult_to_model @ 3d_visualization (whole.visualization) [+] | not_understandable_at_all @ 3d_visualization (whole.visualization) [+] | only_for_trained_eyes @ 3d_visualization (whole.visualization) [+] | four_dimension_matrix @ dimension_matrix (structure.grid) [+] | multiple_different_colors @ color_encoding (property.color) [+] | high_detail_volume @ details (content.detail) [+] | less_details_present @ details (content.detail) [-],dimension_matrix(structure.grid) --contains_high_volume_of--> details(content.detail) [+] | color_encoding(property.color) --increases_complexity(raw:increases_complexity_of)--> 3d_visualization(whole.visualization) [+] | dimension_matrix(structure.grid) --requires_expertise(raw:requires_domain_knowledge_to_interpret)--> 3d_visualization(whole.visualization) [+] | 3d_visualization(whole.visualization) --imposes_high_cognitive_load_on--> details(content.detail) [+]
VisC.233.3(2).png,Cont.-ColorPatn,"There are many circles in the left image, with a non repeating pattern, meaning it all has a meaning, especially with how many times black changes into white",more charts/points/lines/shapes/elements; black-to-white/color gradient,color variety/shading; more charts/points/lines/shapes/elements,2,2,1,circles --> mark.point [data_area] | color_gradient --> property.color [data_area],large_quantity_of_circles @ circles (mark.point) [+] | black_to_white_transition @ color_gradient (property.color) [+],color_gradient(property.color) --applied_across--> circles(mark.point) [+]
VisC.295.3.png,Cont.-ColorPatn,"very weird color, when im lookin for more than 5 seconds its so dificult to keep my eyes on",unclear colors/contrast; hard to focus/follow,easy/hard to interpret; unclear colors/contrast,2,2,1,visualization --> whole.visualization [overall] | color_scheme --> property.color [data_area],very_weird_color @ color_scheme (property.color) [+] | difficult_to_focus_on @ visualization (whole.visualization) [+],color_scheme(property.color) --causes_visual_discomfort_in--> visualization(whole.visualization) [+]
SciVisJ.2926.3.png,Cont.-ColorPatn,the left image is just patterns the right image is more interesting,familiar representation; easy to interpret/read/understand,"domain-specific concepts (e.g., chemical, biology, map); easy/hard to interpret",1,1,0,visualization --> whole.visualization [overall],simple_repeating_patterns @ visualization (whole.visualization) [-],
VisC.175.1(3).png,Cont.-ColorPatn,There are more colors in the picture circled in orange,color variety/arrangement/distribution,color variety/shading,2,1,1,chart --> whole.visualization [overall] | color_scheme --> property.color [data_area],multiple_colors_used @ color_scheme (property.color) [+],color_scheme(property.color) --increases_complexity(raw:increases_complexity_of)--> chart(whole.visualization) [+]
SciVisJ.857.8(3).png,Cont.-ColorPatn,just a map with colours,"domain-specific concepts (e.g., chemical, biology, map); unclear colormaps","color contrast/clarity; domain-specific concepts (e.g., chemical, biology, map)",2,2,1,map --> whole.visualization [data_area] | colors --> property.color [data_area],familiar_map_format @ map (whole.visualization) [-] | multiple_colors_present @ colors (property.color) [+],colors(property.color) --applied_to--> map(whole.visualization) [+]
SciVisJ.801.15.png,Cont.-ColorPatn,The presented stimulus was less visible/discernible. The images are very detailed,more detailed/things; stimulus less visible,distracting/confusing/unclear; much/little data/info,2,2,1,visualization --> whole.visualization [overall] | stimulus --> whole.visualization [data_area],high_detail_level @ visualization (whole.visualization) [+] | low_discernibility @ stimulus (whole.visualization) [+],stimulus(whole.visualization) --obscured_within--> visualization(whole.visualization) [+]
SciVisJ.1043.14.png,Cont.-ColorPatn,More colours,color variety/arrangement/distribution,color variety/shading,1,1,0,visualization --> whole.visualization [overall],multiple_colors_present @ visualization (whole.visualization) [+],
InfoVisJ.413.3.png,Cont.-ColorPatn,amount of colors; both are complex,amount of / too many colors,color variety/shading,2,1,1,chart --> whole.visualization [overall] | color_palette --> property.color [data_area],high_number_of_colors @ color_palette (property.color) [+],color_palette(property.color) --increases_complexity(raw:increases_complexity_of)--> chart(whole.visualization) [+]
SciVisJ.1819.4.png,Cont.-ColorPatn,"Left ist more like water or a wave. I couldn`t see a high education inthere.; complexity in shape/s; colour variation - number of colours, number of shades of same colour; field information represented; nothing is clear",curves and shapes; field information; nothing clear; color variety/arrangement/distribution,"color variety/shading; domain-specific concepts (e.g., chemical, biology, map); easy/hard to interpret; shapes and lines",4,4,3,shapes --> mark.shape [data_area] | color_scheme --> property.color [data_area] | field_information --> content.domain [data_area] | visual_layout --> structure.layout [overall],complex_shape_variety @ shapes (mark.shape) [+] | high_color_variation @ color_scheme (property.color) [+] | dense_field_information @ field_information (content.domain) [+] | nothing_clearly_interpretable @ visual_layout (structure.layout) [+],shapes(mark.shape) --contributes_to--> visual_layout(structure.layout) [+] | color_scheme(property.color) --increases_ambiguity(raw:increases_ambiguity_of)--> field_information(content.domain) [+] | field_information(content.domain) --overwhelms--> visual_layout(structure.layout) [+]
VASTJ.170.6.png,Cont.-ColorPatn,its clear its something oval shaped stretched out differently,less uniform shapes; shape variety; color variety/arrangement/distribution; less negative space,color variety/shading; overlapping shapes/colors/lines; shapes and lines,4,4,3,circular_shapes --> mark.shape [data_area] | rectangular_shapes --> mark.shape [data_area] | color_palette --> property.color [overall] | background --> structure.background [overall],transitioning_to_rectangular @ circular_shapes (mark.shape) [+] | less_uniform_shapes @ rectangular_shapes (mark.shape) [+] | increased_color_variety @ color_palette (property.color) [+] | reduced_white_space @ background (structure.background) [+],circular_shapes(mark.shape) --transitions_to--> rectangular_shapes(mark.shape) [+] | rectangular_shapes(mark.shape) --increases_visual_disorder_over--> circular_shapes(mark.shape) [+] | color_palette(property.color) --reduces_contrast_with--> background(structure.background) [+]
InfoVisJ.681.1.png,Cont.-ColorPatn,"the colors, upwards trend, the color scale at the top of the page and small box indicators; Colors, abstraction, many elements",more charts/points/lines/shapes/elements; data trend; shape indicators; abstract shapes or colors; color scale/scheme; indicating symbols; unclear colormaps,2D/3D; abstract shapes or colors; color contrast/clarity; color variety/shading; more charts/points/lines/shapes/elements; shapes and lines; symbols,5,6,3,chart --> whole.visualization [overall] | data_elements --> content.data [data_area] | color_scale --> property.color [legend] | box_indicators --> structure.panel [data_area] | trend_line --> mark.line [data_area],many_elements_present @ data_elements (content.data) [+] | high_abstraction_level @ chart (whole.visualization) [+] | color_scale_encoding @ color_scale (property.color) [+] | small_box_indicators @ box_indicators (structure.panel) [+] | upwards_trend_visible @ trend_line (mark.line) [+] | multiple_colors_used @ chart (whole.visualization) [+],color_scale(property.color) --encodes_via--> data_elements(content.data) [+] | box_indicators(structure.panel) --contributes_to_clutter_in--> chart(whole.visualization) [+] | trend_line(mark.line) --requires_interpretation_within--> chart(whole.visualization) [+]
SciVisJ.765.11.png,Cont.-ColorPatn,amount of colours used; variety of shapes; axis data is measured on; the fact that the (more) complex image suggests there may be more data points or that it's depicting one frame out of a video; it's fairly complex compared to just text,more charts/points/lines/shapes/elements; shape variety; title/axis/label/descriptions; amount of / too many colors,color variety/shading; labels/axes/legends; more charts/points/lines/shapes/elements; shapes and lines,4,4,3,data_points --> mark.point [data_area] | shapes --> mark.shape [data_area] | axes --> furniture.axes [axes] | colors --> property.color [data_area],high_data_point_count @ data_points (mark.point) [+] | variety_of_shapes @ shapes (mark.shape) [+] | axis_data_present @ axes (furniture.axes) [+] | multiple_colors_used @ colors (property.color) [+],data_points(mark.point) --encoded_with--> shapes(mark.shape) [+] | data_points(mark.point) --differentiated_by--> colors(property.color) [+] | axes(furniture.axes) --contextualizes--> data_points(mark.point) [+]
VisC.73.8.png,Glyph,"A variety of colours, with the different lines difficult to ascertain.",hard to compare/discern/distinguish,easy/hard to interpret,1,1,0,visualization --> whole.visualization [overall],difficult_to_ascertain @ visualization (whole.visualization) [+],
InfoVisJ.1558.9(2).png,Glyph,"Right one, as far as I can understand, lists variable data with spots of diferent shapes indicating how variable (or error prone) was the data. Irregularity of the spots adds extra challenge to read it.",shape variety; irregular; more difficult to interpret/read/understand/differentiate,distracting/confusing/unclear; easy/hard to interpret; shapes and lines,2,3,2,spots --> mark.point [data_area] | chart --> whole.visualization [overall],multiple_different_shapes @ spots (mark.point) [+] | irregular_form @ spots (mark.point) [+] | extra_challenge_to_read @ chart (whole.visualization) [+],spots(mark.point) --increases_complexity(raw:increases_difficulty_of)--> chart(whole.visualization) [+] | spots(mark.point) --contributes_clutter_to--> chart(whole.visualization) [+]
SciVisJ.975.7.png,Cont.-ColorPatn,,distracting/confusing/unclear,distracting/confusing/unclear,2,3,1,visualization --> whole.visualization [overall] | content --> content.data [data_area],meaningless_presentation @ visualization (whole.visualization) [+] | ambiguous_complexity_level @ visualization (whole.visualization) [+] | unknown_data_meaning @ content (content.data) [+],content(content.data) --contributes_to--> visualization(whole.visualization) [+]
VisJ.1197.3.png,Glyph,The orange choice has multiple shapes which take longer to assimulate,multiple shapes; take longer to interpret,more charts/points/lines/shapes/elements; take longer to interpret,2,2,1,chart --> whole.visualization [overall] | shapes --> mark.shape [data_area],multiple_shape_types @ shapes (mark.shape) [+] | requires_longer_assimilation @ chart (whole.visualization) [+],shapes(mark.shape) --increases_effort(raw:increases_cognitive_load_of)--> chart(whole.visualization) [+]
VisJ.1329.4(2).png,Glyph,"It looks more like a picture than data, and it's colored in a certain shape.",a specific technique; colored shape,"domain-specific concepts (e.g., chemical, biology, map); shapes and lines",3,3,2,visualization --> whole.visualization [overall] | shape --> mark.shape [data_area] | color_fill --> property.color [data_area],resembles_picture_not_chart @ visualization (whole.visualization) [+] | distinct_defined_shape @ shape (mark.shape) [+] | colored_within_shape @ color_fill (property.color) [+],color_fill(property.color) --fills--> shape(mark.shape) [+] | shape(mark.shape) --makes_appear_as--> visualization(whole.visualization) [+]
InfoVisJ.2576.2.png,Glyph,"I think the one on the left was less complex because: - the symbols are more easily recognizable - it had more labels that are clearer to me, - sectioned off areas that were clearly delineated",clear delineation; more title/axis/label; familiar representation,"distracting/confusing/unclear; domain-specific concepts (e.g., chemical, biology, map); labels/axes/legends",3,3,2,labels --> text.label [data_area] | symbols --> mark.symbol [legend] | chart --> whole.visualization [overall],more_labels_present @ labels (text.label) [-] | easily_recognizable_symbols @ symbols (mark.symbol) [-] | clearly_delineated_regions @ chart (whole.visualization) [-],labels(text.label) --aids_interpretation(raw:aids_interpretation_of)--> chart(whole.visualization) [-] | symbols(mark.symbol) --reduces_ambiguity_in--> chart(whole.visualization) [-]
VisC.249.5.png,Glyph,"The image on the left appears to have more undefinable criteria. it's a little confusing exactly what the picture is supposed to represent. the cross at the bottom, which I assume is showing where data intersects, still does not explain exactly. what relevant it has.",data intersection; shapes; unclear meaning; unclear meaning/confusing,2D/3D; shapes and lines; unclear meaning/confusing,4,4,3,cross_shape --> mark.symbol [data_area] | intersection_point --> mark.point [data_area] | criteria_labels --> text.label [axes] | chart --> whole.visualization [overall],cross_at_bottom @ cross_shape (mark.symbol) [+] | undefinable_criteria @ criteria_labels (text.label) [+] | ambiguous_data_intersection @ intersection_point (mark.point) [+] | overall_confusing_layout @ chart (whole.visualization) [+],cross_shape(mark.symbol) --increases_confusion_in--> chart(whole.visualization) [+] | intersection_point(mark.point) --obscures(raw:obscures_meaning_of)--> criteria_labels(text.label) [+] | criteria_labels(text.label) --contributes_to_ambiguity_of--> chart(whole.visualization) [+]
VisJ.1595.7.png,Glyph,"I'm unable to sort these as I can't understand them, it feels like the colours along with the shape it categorised in a certain way that I can't identify",categorized shapes; unable to sort; unclear colormaps; not interpretable/readable/understandable,color contrast/clarity; distracting/confusing/unclear; easy/hard to interpret; shapes and lines,4,5,3,shapes --> mark.shape [data_area] | color_encoding --> property.color [data_area] | categorization_scheme --> content.category [overall] | legend --> furniture.legend [legend],categorized_in_unclear_way @ shapes (mark.shape) [+] | unable_to_sort_elements @ shapes (mark.shape) [+] | multiple_colors_present @ color_encoding (property.color) [+] | cannot_identify_categories @ categorization_scheme (content.category) [+] | cannot_understand_encoding @ legend (furniture.legend) [+],shapes(mark.shape) --encoded_by--> color_encoding(property.color) [+] | color_encoding(property.color) --fails_to_clarify--> categorization_scheme(content.category) [+] | categorization_scheme(content.category) --lacks_interpretable_structure--> shapes(mark.shape) [+]
InfoVisJ.1558.11(6).png,Glyph,The elements in the first image are more evenly distributed but do not seem to present much interaction between them.; the other one only has dots,more uniform design; no interaction; shapes and lines,2D/3D; labels/axes/legends; shapes and lines,3,3,2,dots --> mark.point [data_area] | distribution --> content.data [data_area] | interactions --> structure.link [data_area],only_dots_present @ dots (mark.point) [-] | evenly_distributed_layout @ distribution (content.data) [-] | minimal_interactions @ interactions (structure.link) [-],dots(mark.point) --spread_across--> distribution(content.data) [-] | dots(mark.point) --exhibits_few--> interactions(structure.link) [-]
SciVisJ.797.13.png,Glyph,I guess I'm just not familiarized with this type of chart.,unfamiliar concepts/patterns,"domain-specific concepts (e.g., chemical, biology, map)",1,1,0,visualization --> whole.visualization [overall],unfamiliar_domain_knowledge_required @ visualization (whole.visualization) [+],
VisJ.1949.11.png,Glyph,1) I'm not sure how to interpret the highlighted image because I don't know what I'm looking at 2) No clear pattern 3) No measurements 4) Not sure what the colors differentiate,no measurement/metric/axis; color differentiation; distracting/confusing/unclear; unclear meaning/confusing,color contrast/clarity; distracting/confusing/unclear; labels/axes/legends; unclear meaning/confusing,4,4,3,chart --> whole.visualization [overall] | color_encoding --> property.color [data_area] | measurements --> content.number [axes] | pattern --> structure.pattern [data_area],no_measurements_present @ measurements (content.number) [+] | unclear_color_differentiation @ color_encoding (property.color) [+] | no_clear_pattern @ pattern (structure.pattern) [+] | unclear_what_displayed @ chart (whole.visualization) [+],color_encoding(property.color) --increases_ambiguity(raw:increases_ambiguity_of)--> chart(whole.visualization) [+] | measurements(content.number) --absence_raises_cognitive_load_of--> chart(whole.visualization) [+] | pattern(structure.pattern) --contributes_to_disorder_of--> chart(whole.visualization) [+]
SciVisJ.891.13.png,Glyph,"Image 2 looks like a computer home screen and, while there is a lot going on there.",more detailed/things; familiar representation,"domain-specific concepts (e.g., chemical, biology, map); much/little data/info",2,2,1,visualization --> whole.visualization [overall] | computer_screen --> structure.panel [overall],high_visual_busyness @ visualization (whole.visualization) [+] | familiar_display_context @ computer_screen (structure.panel) [-],visualization(whole.visualization) --contains_many_elements--> computer_screen(structure.panel) [+]
VisJ.1197.5.png,Glyph,Proximity of items Colours involved Complexity of image,dense points/lines/shapes/elements; unclear colormaps,color contrast/clarity; more charts/points/lines/shapes/elements,3,2,2,chart --> whole.visualization [overall] | data_items --> content.data [data_area] | color_encoding --> property.color [data_area],items_in_close_proximity @ data_items (content.data) [-] | multiple_colors_present @ color_encoding (property.color) [+],data_items(content.data) --grouped_by--> color_encoding(property.color) [+] | data_items(content.data) --proximity_reduces_clutter--> chart(whole.visualization) [-]
InfoVisJ.2251.3(3).png,Glyph,I simply don't understand what it represent; The other image is just a few lines joined,few points/lines/shapes/elements; not interpretable/readable/understandable,easy/hard to interpret; more charts/points/lines/shapes/elements,2,2,1,lines --> mark.line [data_area] | chart --> whole.visualization [overall],few_lines_joined @ lines (mark.line) [-] | difficult_to_understand @ chart (whole.visualization) [+],lines(mark.line) --contributes_to_confusion_in--> chart(whole.visualization) [+]
SciVisJ.980.7(2).png,Glyph,it is clearer what I can learn.,easy to interpret/read/understand,easy/hard to interpret,1,1,0,visualization --> whole.visualization [overall],clear_interpretive_message @ visualization (whole.visualization) [-],
SciVisJ.728.4(2).png,Glyph,I saw that this is visually complex because it was dark and black and no one knows whats hidden,unknown hidden content; black-to-white/color gradient; complicated to process,"color variety/shading; domain-specific concepts (e.g., chemical, biology, map); easy/hard to interpret",3,3,2,visualization --> whole.visualization [overall] | dark_regions --> structure.region [data_area] | hidden_content --> content.detail [data_area],dark_and_black_coloring @ dark_regions (structure.region) [+] | obscured_underlying_data @ hidden_content (content.detail) [+] | visually_complex_overall @ visualization (whole.visualization) [+],dark_regions(structure.region) --conceals--> hidden_content(content.detail) [+] | hidden_content(content.detail) --increases_uncertainty_in--> visualization(whole.visualization) [+]
VisC.27.5.png,Glyph,theres a lot going on on the left and i do not know what. there is no title etc,more detailed/things; lack of/not enough axis labels/legend/annotations/context; unclear meaning/confusing,labels/axes/legends; much/little data/info; unclear meaning/confusing,3,4,3,chart --> whole.visualization [overall] | title --> text.title [title] | visual_elements --> mark.element [data_area],high_visual_busyness @ chart (whole.visualization) [+] | missing_title @ title (text.title) [+] | unclear_subject_matter @ chart (whole.visualization) [+] | many_elements_present @ visual_elements (mark.element) [+],title(text.title) --absent_from--> chart(whole.visualization) [+] | visual_elements(mark.element) --overwhelms--> chart(whole.visualization) [+] | chart(whole.visualization) --lacks_interpretive_context_for--> visual_elements(mark.element) [+]
VASTC.43.2.png,Glyph,It seems to have more elements that provide information. Those elements seem to be less ordered so it transmits a sensation os caos.,more charts/points/lines/shapes/elements; less organized elements,less organized elements; more charts/points/lines/shapes/elements,2,2,1,chart_elements --> whole.visualization [data_area] | layout --> structure.layout [overall],high_element_count @ chart_elements (whole.visualization) [+] | disordered_arrangement @ layout (structure.layout) [+],chart_elements(whole.visualization) --contributes_to--> layout(structure.layout) [+]
VisJ.1329.1(4).png,Glyph,2. I dont understand what the shapes represent. 3. Why is it moving like that.,unclear movement; unclear shape meaning,unclear meaning/confusing,2,4,1,shapes --> mark.shape [data_area] | motion --> property.encoding [overall],unclear_shape_meaning @ shapes (mark.shape) [+] | unrecognizable_visual_encoding @ shapes (mark.shape) [+] | confusing_movement_pattern @ motion (property.encoding) [+] | unexplained_animation_behavior @ motion (property.encoding) [+],motion(property.encoding) --increases_confusion_of--> shapes(mark.shape) [+]
VisC.559.6.png,Glyph,"The right image shows something that looks like multiple elements interacting with each other potentially; Too many moving parts. Random letters. There is no apparent directional flow for the arrows. Messy.; First of all it has a lot of arrows pointing in different directions which is very confusing and seems complex. Secondly, I have no idea what any of it means since their isn't and numbers associated with it.",messy/mixed up/noisy/intermingled elements; too more points/lines/shapes/elements; different movement; unclear movement; lack of/not enough axis labels/legend/annotations/context; unclear meaning/confusing,distracting/confusing/unclear; labels/axes/legends; more charts/points/lines/shapes/elements; overlapping shapes/colors/lines; unclear meaning/confusing,5,8,3,arrows --> mark.symbol [data_area] | letters --> text.label [data_area] | numbers --> content.number [axes] | layout --> structure.layout [overall] | elements --> mark.element [data_area],pointing_in_different_directions @ arrows (mark.symbol) [+] | no_apparent_directional_flow @ arrows (mark.symbol) [+] | random_letter_labels @ letters (text.label) [+] | no_numbers_present @ numbers (content.number) [+] | messy_overall_layout @ layout (structure.layout) [+] | very_confusing_appearance @ layout (structure.layout) [+] | too_many_moving_parts @ elements (mark.element) [+] | meaning_not_interpretable @ elements (mark.element) [+],elements(mark.element) --interact_with_each_other--> arrows(mark.symbol) [+] | arrows(mark.symbol) --lacks_association_with--> letters(text.label) [+] | layout(structure.layout) --absence_of--> numbers(content.number) [+]
InfoVisJ.2251.1(3).png,Glyph,"The right has an alphabetical ordered set of geometry, there are different shades and details on the geometry but it isn't enough to make it more complex than the left.; Information about what the visualisation is showing",ordered; shapes; visualization meaning; color shading,color variety/shading; ordered; shapes and lines; unclear meaning/confusing,4,4,2,chart --> whole.visualization [overall] | labels --> text.label [axes] | color_shades --> property.color [data_area] | geometric_shapes --> mark.shape [data_area],alphabetically_ordered @ labels (text.label) [-] | different_shades_used @ color_shades (property.color) [-] | geometry_set_unclear @ geometric_shapes (mark.shape) [+] | unclear_visualization_purpose @ chart (whole.visualization) [+],color_shades(property.color) --reduces_ambiguity_of--> geometric_shapes(mark.shape) [-] | geometric_shapes(mark.shape) --increases_effort(raw:increases_interpretive_difficulty_of)--> chart(whole.visualization) [+]
SciVisJ.797.13(3).png,Glyph,it has more details the ranking system is beyond my understanding images are difficult to make sense of,more detailed/things; uninterpretable ranking; hard to interpret/read/understand/differentiate,easy/hard to interpret; much/little data/info; shapes and lines,3,3,2,visualization --> whole.visualization [overall] | ranking_system --> structure.hierarchy [data_area] | images --> whole.visualization [data_area],high_detail_density @ visualization (whole.visualization) [+] | beyond_comprehension @ ranking_system (structure.hierarchy) [+] | difficult_to_interpret @ images (whole.visualization) [+],ranking_system(structure.hierarchy) --increases_effort(raw:increases_cognitive_load_of)--> visualization(whole.visualization) [+] | images(whole.visualization) --contributes_clutter_to--> visualization(whole.visualization) [+]
InfoVisJ.1558.5.png,Glyph,"the left one seems to explain some kind of pattern in the blue box, therefore i didn't think it imply anything too complicated.; it's clear it's something oval-shaped stretched out differently",shapes; size variation; familiar representation; unclear coloring; easy to derive meaning,"color contrast/clarity; domain-specific concepts (e.g., chemical, biology, map); easy/hard to interpret; shapes and lines",3,5,2,oval_shape --> mark.shape [data_area] | blue_box --> structure.panel [data_area] | pattern --> structure.pattern [overall],oval_shaped_form @ oval_shape (mark.shape) [-] | stretched_differently @ oval_shape (mark.shape) [-] | blue_colored_box @ blue_box (structure.panel) [-] | recognizable_pattern_present @ pattern (structure.pattern) [-] | not_overly_complicated @ pattern (structure.pattern) [-],oval_shape(mark.shape) --contributes_to--> pattern(structure.pattern) [-] | blue_box(structure.panel) --part_of--> pattern(structure.pattern) [-]
VisJ.1421.5(2).png,Glyph,For me is more complex because it has no legends - I cannot understand it,lack of/not enough axis labels/legend/annotations/context; not interpretable/readable/understandable,easy/hard to interpret; labels/axes/legends,2,2,1,chart --> whole.visualization [overall] | legend --> furniture.legend [legend],difficult_to_interpret @ chart (whole.visualization) [+] | legend_absent @ legend (furniture.legend) [+],legend(furniture.legend) --missing_from--> chart(whole.visualization) [+]
VisJ.1197.5(4).png,Glyph,I can't tell what the image is about; blobs,not interpretable/readable/understandable,easy/hard to interpret,1,1,0,visualization --> whole.visualization [overall],unclear_subject_matter @ visualization (whole.visualization) [+],
VisJ.1595.6(2).png,Glyph,"I believe that the image on the left is more complex because it includes more writing on the actual page, more color, more shapes, and overall, it fills the paper more, making it a more complex image.; how objects spread over the whole picture; its an equation giving coordinates and its hard to solve the dotted lines and the picture itself; The one to the right does not sound familiar to me at all. I guess it has something to do with familiarity.; the other graphic is something i am not familiar with and that is why i had chosen it; Confusing, text on left is hard to read.; multiple colors, shape, dashed box and line, unfamiliar with terms make the right one more complicated.; Both images are complex to me in their simplicity.",more charts/points/lines/shapes/elements; much/more data/info/info spread; shapes; shapes and lines; code/text; lack of meaning; more texts/words; readability; unfamiliar concepts/patterns; color variety/arrangement/distribution; distracting/confusing/unclear; hard to see/tell/visualize; require specialized knowledge,"amount of words/context/numbers; color variety/shading; distracting/confusing/unclear; domain-specific concepts (e.g., chemical, biology, map); easy/hard to interpret; more charts/points/lines/shapes/elements; much/little data/info; shapes and lines; take longer to interpret; unclear meaning/confusing; word rotation/small font size",6,10,5,text_labels --> text.label [overall] | shapes --> mark.shape [data_area] | dashed_box --> structure.panel [data_area] | dashed_line --> mark.line [data_area] | color_encoding --> property.color [overall] | terminology --> content.domain [annotation],hard_to_read @ text_labels (text.label) [+] | dense_writing @ text_labels (text.label) [+] | unfamiliar_domain_terms @ text_labels (text.label) [+] | multiple_shapes_present @ shapes (mark.shape) [+] | objects_spread_over_area @ shapes (mark.shape) [+] | dashed_box_present @ dashed_box (structure.panel) [+] | dashed_line_present @ dashed_line (mark.line) [+] | multiple_colors_used @ color_encoding (property.color) [+] | unfamiliar_concepts @ terminology (content.domain) [+] | domain_knowledge_required @ terminology (content.domain) [+],shapes(mark.shape) --increases_clutter_with--> dashed_box(structure.panel) [+] | shapes(mark.shape) --combined_with--> dashed_line(mark.line) [+] | color_encoding(property.color) --increases_complexity(raw:adds_complexity_to)--> shapes(mark.shape) [+] | text_labels(text.label) --associated_with--> terminology(content.domain) [+] | shapes(mark.shape) --spread_across--> dashed_box(structure.panel) [+]
SciVisJ.797.13(4).png,Glyph,"I don't understand the design or the interest, I'm not familiar with this graphic design",unfamiliar concepts/patterns; not interpretable/readable/understandable,"domain-specific concepts (e.g., chemical, biology, map); easy/hard to interpret",2,4,2,visualization --> whole.visualization [overall] | graphic_design --> whole.visualization [overall],unfamiliar_graphic_design @ graphic_design (whole.visualization) [+] | unclear_design_purpose @ graphic_design (whole.visualization) [+] | requires_domain_knowledge @ visualization (whole.visualization) [+] | difficult_to_interpret @ visualization (whole.visualization) [+],visualization(whole.visualization) --contains_unfamiliar--> graphic_design(whole.visualization) [+] | graphic_design(whole.visualization) --increases_effort(raw:increases_cognitive_load_of)--> visualization(whole.visualization) [+]
VisJ.1949.4(3).png,Glyph,"This image is more difficult to understand, it is complex, the message it wants to convey is not understood.",more difficult to interpret/read/understand/differentiate,easy/hard to interpret,1,1,0,visualization --> whole.visualization [overall],difficult_to_understand @ visualization (whole.visualization) [+],
SciVisC.49.5.png,Glyph,Hard to understand; multiple figures with different volume; visually too much color or details in a condensed zone,multiple features/elements/graphs; element sizes; hard to interpret/read/understand,easy/hard to interpret; more charts/points/lines/shapes/elements; shapes and lines,3,3,2,figures --> whole.visualization [overall] | volume --> property.size [data_area] | layout --> structure.layout [overall],multiple_figures_present @ figures (whole.visualization) [+] | different_volume_encodings @ volume (property.size) [+] | hard_to_understand @ layout (structure.layout) [+],figures(whole.visualization) --increases_clutter_via--> layout(structure.layout) [+] | volume(property.size) --contributes_to_difficulty_of--> layout(structure.layout) [+]
VisC.389.7.png,Glyph,The left has no written information; the left has nothing to go on.,lack of/not enough axis labels/legend/annotations/context; distracting/confusing/unclear; complicated to process; not interpretable/readable/understandable,distracting/confusing/unclear; easy/hard to interpret; labels/axes/legends,1,2,0,visualization --> whole.visualization [overall],absent_text_labels @ visualization (whole.visualization) [+] | no_written_information @ visualization (whole.visualization) [+],
VisJ.1329.5(3).png,Glyph,I cannot understand the pattern. It's not defined which shape or color means,unclear shape; unfamiliar concepts/patterns; unclear color meaning,"color contrast/clarity; domain-specific concepts (e.g., chemical, biology, map); shapes and lines",4,3,2,chart --> whole.visualization [overall] | shape --> mark.shape [data_area] | color --> property.color [data_area] | pattern --> structure.pattern [data_area],undefined_shape @ shape (mark.shape) [+] | undefined_color @ color (property.color) [+] | pattern_not_understandable @ pattern (structure.pattern) [+],shape(mark.shape) --contributes_to--> pattern(structure.pattern) [+] | color(property.color) --contributes_to--> pattern(structure.pattern) [+]
SciVisJ.980.7.png,Glyph,"Odd shapes, several different colors, difficult to understand what it's trying to represent",unclear shape meaning; color variety/arrangement/distribution; hard to interpret/read/understand,color variety/shading; easy/hard to interpret; unclear meaning/confusing,3,3,2,shapes --> mark.shape [data_area] | color_encoding --> property.color [data_area] | visualization --> whole.visualization [overall],odd_irregular_shapes @ shapes (mark.shape) [+] | multiple_different_colors @ color_encoding (property.color) [-] | difficult_to_understand @ visualization (whole.visualization) [+],shapes(mark.shape) --increases_clutter_in--> visualization(whole.visualization) [+] | color_encoding(property.color) --aids_differentiation_in--> visualization(whole.visualization) [-]
VisC.647.8.png,Glyph,Absolutely nothing is understood.; the little grey and white peaces simply more.; No explanation of the data hence more dificult to understand,lack of legend; more difficult to interpret/read/understand/differentiate; not interpretable/readable/understandable,easy/hard to interpret; labels/axes/legends,3,4,2,visualization --> whole.visualization [overall] | data_content --> content.data [data_area] | explanation_text --> text.label [annotation],nothing_is_understood @ visualization (whole.visualization) [+] | difficult_to_interpret @ visualization (whole.visualization) [+] | no_data_explanation @ data_content (content.data) [+] | absent_or_insufficient @ explanation_text (text.label) [+],explanation_text(text.label) --fails_to_clarify--> data_content(content.data) [+] | data_content(content.data) --increases_effort(raw:increases_interpretive_difficulty_of)--> visualization(whole.visualization) [+]
VASTC.81.3(2).png,Glyph,the simpler visual which just uses shapes and a limited colour range,shapes; inadequate/few coloring,inadequate/few coloring; shapes and lines,2,2,1,shapes --> mark.shape [data_area] | color_palette --> property.color [overall],multiple_shape_types @ shapes (mark.shape) [+] | limited_color_range @ color_palette (property.color) [-],shapes(mark.shape) --encoded_with--> color_palette(property.color) [-]
VisJ.1949.7(2).png,Glyph,The first one looks like a kid's drawing.,a specific domain,"domain-specific concepts (e.g., chemical, biology, map)",1,1,0,visualization --> whole.visualization [overall],crude_informal_appearance @ visualization (whole.visualization) [+],
SciVisJ.980.13.png,Glyph,The left option seemed more like a graphic,a specific technique,"domain-specific concepts (e.g., chemical, biology, map)",1,1,0,visualization --> whole.visualization [overall],graphic_like_appearance @ visualization (whole.visualization) [-],
SciVisJ.980.9.png,Glyph,"The other image is easier to understand as the figures are displayed along with the countries, so with just a glance everything is summarized. - small font for the text in the description - the color aspect (grey map on dark background); The 2x2 matrix patterns are clear and the symbols (to the right) are more easily recognizable.",a specific technique; symbols; easy to identify/extract/find features,"domain-specific concepts (e.g., chemical, biology, map); easy/hard to interpret; symbols",2,3,2,matrix --> structure.grid [data_area] | symbols --> mark.symbol [data_area],recognizable_pattern_structure @ matrix (structure.grid) [-] | easily_recognizable_symbols @ symbols (mark.symbol) [-] | simple_symbol_variety @ symbols (mark.symbol) [-],matrix(structure.grid) --contains--> symbols(mark.symbol) [-] | symbols(mark.symbol) --aids_interpretation(raw:aids_interpretation_of)--> matrix(structure.grid) [-]
VisJ.1499.2.png,Glyph,image on the right is more visually clean.,visual clarity/appealing,distracting/confusing/unclear,1,1,0,visualization --> whole.visualization [overall],visually_clean_layout @ visualization (whole.visualization) [-],
InfoVisJ.2251.1(2).png,Glyph,I chose the orange-framed image as being more novel and complex to me. I was drawn to the pattern of the image.,unfamiliar concepts/patterns,"domain-specific concepts (e.g., chemical, biology, map)",1,1,0,visualization --> whole.visualization [overall],novel_visual_pattern @ visualization (whole.visualization) [+],
SciVisJ.797.11(3).png,Glyph,The reason why the orange one was more complex was that the legend behind it was far more vague.,title/axis/label/descriptions,labels/axes/legends,1,1,0,legend --> furniture.legend [legend],vague_and_unclear @ legend (furniture.legend) [+],
VisJ.1949.11(2).png,Glyph,the shapes and colors are abstract,abstract shapes or colors,abstract shapes or colors,1,1,0,visualization --> whole.visualization [overall],abstract_representation @ visualization (whole.visualization) [+],
VisJ.1949.13.png,Glyph,"It's too many dots and different color. Also, it's darker.",more charts/points/lines/shapes/elements; color variety/arrangement/distribution; unclear coloring,color contrast/clarity; color variety/shading; more charts/points/lines/shapes/elements,2,4,2,dots --> mark.point [data_area] | color --> property.color [data_area],high_dot_quantity @ dots (mark.point) [+] | visually_cluttered_marks @ dots (mark.point) [+] | darker_tone @ color (property.color) [+] | multiple_different_colors @ color (property.color) [+],dots(mark.point) --encoded_with--> color(property.color) [+] | color(property.color) --increases_effort(raw:increases_cognitive_load_of)--> dots(mark.point) [+]
VisJ.1949.18.png,Glyph,"it contains multiple figures that are slightly different in terms of 1) overall shape, 2) colour distribution and 3) location within the image.",image location; overall shape; color variety/arrangement/distribution,2D/3D; color variety/shading; shapes and lines,3,3,2,visualization --> whole.visualization [overall] | shape --> mark.shape [data_area] | color_distribution --> property.color [data_area],ambiguous_spatial_location @ visualization (whole.visualization) [+] | complex_overall_shape @ shape (mark.shape) [+] | varied_color_distribution @ color_distribution (property.color) [+],color_distribution(property.color) --increases_clutter_of--> visualization(whole.visualization) [+] | shape(mark.shape) --contributes_to_complexity_of--> visualization(whole.visualization) [+]
VisC.249.6.png,Glyph,there are too many spirale,more charts/points/lines/shapes/elements,more charts/points/lines/shapes/elements,1,1,0,spirals --> mark.shape [data_area],too_many_spirals @ spirals (mark.shape) [+],
InfoVisJ.1558.7.png,Glyph,It is more complex than a simple line graph seen in the other data,a specific technique,"domain-specific concepts (e.g., chemical, biology, map)",1,1,0,line_graph --> whole.visualization [overall],line_graph_format @ line_graph (whole.visualization) [+],
VisJ.1949.2.png,Glyph,"Colors, various shapes",shape variety; unclear colormaps,color contrast/clarity; shapes and lines,3,2,1,chart --> whole.visualization [overall] | shapes --> mark.shape [data_area] | colors --> property.color [data_area],various_shape_types @ shapes (mark.shape) [+] | multiple_colors_present @ colors (property.color) [+],shapes(mark.shape) --encoded_with--> colors(property.color) [+]
VisJ.1329.1.png,Glyph,Unclear. The image does not have enough color. Also what am I looking at in the left image.,inadequate/few coloring; distracting/confusing/unclear,distracting/confusing/unclear; inadequate/few coloring,2,2,1,visualization --> whole.visualization [overall] | color_scheme --> property.color [overall],insufficient_color_variety @ color_scheme (property.color) [+] | unclear_visual_presentation @ visualization (whole.visualization) [+],color_scheme(property.color) --contributes_to_unclarity_of--> visualization(whole.visualization) [+]
VisC.248.3.png,Glyph,"The left image has an overall pleasing pattern which makes a holisitic understanding or comprehension more available than the image on the right.; The image on the left had more fine detail than the image on the right. A lot more was happening in the entirety of the space in the image on the left compared to the image on the right, which had more unused space. The preciseness of the lines (thickness, intensity, etc.) was more important to the diagram on the left than the one on the right.",more detailed/things; precision of lines; familiar representation; easy to interpret/read/understand,"domain-specific concepts (e.g., chemical, biology, map); easy/hard to interpret; much/little data/info; shapes and lines",3,5,2,lines --> mark.line [data_area] | pattern --> structure.pattern [overall] | visualization --> whole.visualization [overall],fine_detail_present @ lines (mark.line) [+] | precise_line_thickness @ lines (mark.line) [+] | precise_line_intensity @ lines (mark.line) [+] | overall_pleasing_pattern @ pattern (structure.pattern) [-] | holistic_comprehension_available @ visualization (whole.visualization) [-],lines(mark.line) --contributes_fine_detail_to--> pattern(structure.pattern) [+] | pattern(structure.pattern) --facilitates_understanding_of--> visualization(whole.visualization) [-]
SciVisJ.877.8(2).png,Glyph,1. The other one looks like a wind map which I am familiar with.,"domain-specific concepts (e.g., chemical, biology, map); familiar representation","domain-specific concepts (e.g., chemical, biology, map)",1,2,1,wind_map --> whole.visualization [overall],familiar_chart_type @ wind_map (whole.visualization) [-] | recognizable_wind_map @ wind_map (whole.visualization) [-],wind_map(whole.visualization) --reduces_cognitive_load_via--> wind_map(whole.visualization) [-]
SciVisJ.995.10(3).png,Glyph,Visual cues to make you understand what you're trying to analyze in the image.; random colours in random places; There is a more complex arrangement of shapes and colours; There are less visual items in this image; -Understanding of what I am looking at -Understanding the shapes -Understanding the information,little data/info; random-like movement; shape arrangement; ambiguous/confusing colors; color variety/arrangement/distribution; visual cues,color contrast/clarity; color variety/shading; distracting/confusing/unclear; much/little data/info; shapes and lines; unclear meaning/confusing,4,6,3,shapes --> mark.shape [data_area] | colors --> property.color [data_area] | visual_cues --> property.encoding [data_area] | layout --> structure.layout [overall],complex_arrangement_of_shapes @ shapes (mark.shape) [+] | complex_color_arrangement @ colors (property.color) [+] | multiple_visual_cues_present @ visual_cues (property.encoding) [+] | fewer_visual_items @ shapes (mark.shape) [-] | randomly_placed_elements @ layout (structure.layout) [-] | random_color_usage @ colors (property.color) [-],shapes(mark.shape) --encoded_with--> colors(property.color) [+] | visual_cues(property.encoding) --increases_effort(raw:increases_cognitive_load_of)--> layout(structure.layout) [+] | shapes(mark.shape) --distributed_across--> layout(structure.layout) [-]
SciVisJ.821.16.png,Glyph,the colours used.,unclear colormaps,color contrast/clarity,1,1,0,visualization --> whole.visualization [overall],colors_aid_interpretation @ visualization (whole.visualization) [-],
VisJ.1499.5.png,Glyph,The image not selected is easier to see,easier to see/tell/visualize,easy/hard to interpret,1,1,0,visualization --> whole.visualization [overall],easy_to_interpret @ visualization (whole.visualization) [-],
v490_n7420_13_f1.png,Glyph,The line and shape of the image is more complex,shapes and lines,shapes and lines,2,2,1,line --> mark.line [data_area] | shape --> mark.shape [data_area],present_in_chart @ line (mark.line) [+] | present_in_chart @ shape (mark.shape) [+],line(mark.line) --combined_with--> shape(mark.shape) [+]
VisC.73.8(2).png,Glyph,"There appears to be a lot of data points. Uncertainty as to what the image is stating. Uncertainty on whether there was a gradient or not (what does black mean, what does green mean, what does yellow mean).",more charts/points/lines/shapes/elements; black-to-white/color gradient; inadequate/few coloring; unclear color meaning; unclear coloring; looks random/messy/lack structure,color contrast/clarity; color variety/shading; distracting/confusing/unclear; inadequate/few coloring; more charts/points/lines/shapes/elements,5,6,5,data_points --> mark.point [data_area] | gradient --> property.color [data_area] | black_elements --> mark.element [data_area] | green_elements --> mark.element [data_area] | yellow_elements --> mark.element [data_area],high_quantity_of_points @ data_points (mark.point) [+] | gradient_color_transition @ gradient (property.color) [+] | black_color_present @ black_elements (mark.element) [+] | green_color_present @ green_elements (mark.element) [+] | yellow_color_present @ yellow_elements (mark.element) [+] | introduces_visual_uncertainty @ gradient (property.color) [+],data_points(mark.point) --encoded_with--> gradient(property.color) [+] | gradient(property.color) --spans_colors_including--> black_elements(mark.element) [+] | gradient(property.color) --spans_colors_including--> green_elements(mark.element) [+] | gradient(property.color) --spans_colors_including--> yellow_elements(mark.element) [+] | data_points(mark.point) --creates_interpretive_uncertainty--> gradient(property.color) [+]
VisJ.1595.9(2).png,Glyph,more graphic; no or few data; 3D; more white space,little data/info; more charts/points/lines/shapes/elements; 2D/3D; white/black background / other background,2D/3D; more charts/points/lines/shapes/elements; much/little data/info; white/black background / other background,4,4,2,chart --> whole.visualization [overall] | graphic_element --> mark.element [data_area] | white_space --> structure.background [overall] | data_points --> mark.point [data_area],more_graphic_content @ graphic_element (mark.element) [+] | few_or_no_data @ data_points (mark.point) [+] | excessive_white_space @ white_space (structure.background) [+] | three_dimensional_structure @ chart (whole.visualization) [+],white_space(structure.background) --dominates--> data_points(mark.point) [+] | chart(whole.visualization) --rendered_in--> graphic_element(mark.element) [+]
SciVisJ.822.12.png,Grid,blue coloured other picture,blue color,color variety/shading,1,1,0,visualization --> whole.visualization [overall],blue_colored @ visualization (whole.visualization) [-],
InfoVisJ.1073.3.png,Grid,The picture on the right just made me confused looking at it. I assume it's something in biology but not sure what.,"domain-specific concepts (e.g., chemical, biology, map); unclear meaning/confusing","domain-specific concepts (e.g., chemical, biology, map); unclear meaning/confusing",2,2,1,visualization --> whole.visualization [overall] | biological_content --> content.domain [data_area],domain_specific_biology @ biological_content (content.domain) [+] | causes_viewer_confusion @ visualization (whole.visualization) [+],biological_content(content.domain) --increases_effort(raw:increases_cognitive_load_of)--> visualization(whole.visualization) [+]
SciVisJ.867.7.png,Glyph,,amount of words/context/numbers; easier to interpret/read/understand; easy to interpret/read/understand; more reading/interpretation/understanding,amount of words/context/numbers; easy/hard to interpret; take longer to interpret,3,4,2,visualization --> whole.visualization [overall] | text_labels --> text.label [axes] | data_content --> content.data [data_area],easily_understandable_information @ visualization (whole.visualization) [-] | quickly_interpreted_meaning @ visualization (whole.visualization) [-] | high_reading_demand @ text_labels (text.label) [+] | clear_information_presentation @ data_content (content.data) [-],text_labels(text.label) --increases_cognitive_effort_of--> visualization(whole.visualization) [+] | data_content(content.data) --supports_quick_interpretation_of--> visualization(whole.visualization) [-]
SciVisJ.2664.2.png,Glyph,,not enough knowledge to tell; color represents groups,color variety/shading; take longer to interpret,3,4,1,visualization --> whole.visualization [overall] | color_range --> property.color [data_area] | semantic_content --> content.domain [overall],human_interpretable_layout @ visualization (whole.visualization) [-] | imaginable_meaning @ semantic_content (content.domain) [-] | range_of_colors_present @ color_range (property.color) [-] | colors_convey_meaning @ color_range (property.color) [-],color_range(property.color) --aids_interpretation(raw:aids_interpretation_of)--> semantic_content(content.domain) [-]
VisJ.1949.16(2).png,Glyph,I have chosen the left image to be more complex because of the following features: the amount of shapes in the image; the size of the shapes; no information about what the squares are highlighting; almost all the shapes are the same color.,more charts/points/lines/shapes/elements; no square information; shape size; same colors,color variety/shading; more charts/points/lines/shapes/elements; shape size; unclear meaning/confusing,4,5,3,squares --> mark.shape [data_area] | color --> property.color [overall] | legend --> furniture.legend [legend] | annotation --> text.annotation [annotation],large_amount_of_shapes @ squares (mark.shape) [+] | varying_size_of_shapes @ squares (mark.shape) [+] | same_color_used @ color (property.color) [+] | no_information_about_squares @ legend (furniture.legend) [+] | missing_explanatory_labels @ annotation (text.annotation) [+],squares(mark.shape) --lacks_distinguishing--> color(property.color) [+] | squares(mark.shape) --has_no_associated--> legend(furniture.legend) [+] | squares(mark.shape) --varies_in_size_increasing--> annotation(text.annotation) [+]
InfoVisJ.1073.1.png,Grid,"I chose the first one because it has stuff all over the place which makes it very complex. Also, there's a lot of graphs jumbled up.",messy/mixed up/noisy/intermingled elements; too many details/divisions,more charts/points/lines/shapes/elements; overlapping shapes/colors/lines,2,2,1,graphs --> whole.visualization [overall] | visual_elements --> mark.element [data_area],jumbled_arrangement @ graphs (whole.visualization) [+] | scattered_all_over @ visual_elements (mark.element) [+],graphs(whole.visualization) --creates_cluttered_layout--> visual_elements(mark.element) [+]
VASTJ.31.2.png,Grid,The picture has text. and the black color grabbed my attention suddenly. Black is discordant here.,word/text/sentence; black color; unclear colors/contrast,amount of words/context/numbers; color variety/shading; unclear colors/contrast,2,3,1,text --> text.label [overall] | black_element --> mark.element [overall],text_present @ text (text.label) [+] | grabs_visual_attention @ black_element (mark.element) [+] | discordant_color_choice @ black_element (mark.element) [+],black_element(mark.element) --increases_clutter_in--> text(text.label) [+]
v487_n7407_7_f2.png,Grid,"Right one is at least organized in a table; The right has a chart with labels and a key indicating what the colours represent, so even though there is a lot going on you can break down what it all means.","more detailed/things; title/axis/label/descriptions; too much legend; a specific technique, e.g., bar, pie, circle; domain-specific concepts (e.g., chemical, biology, map); easy to interpret/read/understand","domain-specific concepts (e.g., chemical, biology, map); easy/hard to interpret; labels/axes/legends; much/little data/info",4,4,3,chart --> whole.visualization [data_area] | legend --> furniture.legend [legend] | labels --> text.label [axes] | table --> structure.grid [overall],high_visual_activity @ chart (whole.visualization) [+] | aids_interpretation @ legend (furniture.legend) [-] | clarifies_content @ labels (text.label) [-] | organized_structure @ table (structure.grid) [-],chart(whole.visualization) --accompanied_by--> labels(text.label) [-] | legend(furniture.legend) --breaks_down_meaning_of--> chart(whole.visualization) [-] | table(structure.grid) --structures(raw:organizes)--> chart(whole.visualization) [-]
InfoVisJ.1149.8(2).png,Grid,"This image have more items in it. The image is too tiny, I can't describe what I can't see.; Immense amount of detail. Vast use of colorization. Virtually impossible to decipher to layman. Tiny layout of individual images.",dense/cluttered layout; more charts/points/lines/shapes/elements; more detailed/things; amount of / too many colors; hard to describe; hard to interpret/read/understand/differentiate,color variety/shading; easy/hard to interpret; more charts/points/lines/shapes/elements; much/little data/info; overlapping shapes/colors/lines,5,7,4,visualization --> whole.visualization [overall] | data_items --> content.data [data_area] | color_encoding --> property.color [data_area] | text_labels --> text.label [overall] | layout --> structure.layout [overall],too_tiny_to_read @ visualization (whole.visualization) [+] | virtually_impossible_to_decipher @ visualization (whole.visualization) [+] | large_number_of_items @ data_items (content.data) [+] | immense_detail_present @ data_items (content.data) [+] | vast_colorization_use @ color_encoding (property.color) [+] | illegible_at_small_size @ text_labels (text.label) [+] | tiny_image_layout @ layout (structure.layout) [+],layout(structure.layout) --hinders_visibility_of--> data_items(content.data) [+] | color_encoding(property.color) --increases_clutter_in--> visualization(whole.visualization) [+] | data_items(content.data) --overwhelms_readability_of--> text_labels(text.label) [+] | visualization(whole.visualization) --requires_expertise(raw:requires_domain_knowledge_to_interpret)--> data_items(content.data) [+]
InfoVisJ.2102.16.png,Grid,There is too much data.It is not clear what the filled bars mean.; -Uneven shape -Higher contrast -Less organic shapes -Text and imagery,too much data/info; less organic shapes; unclear filled bars; uneven shape; text and imagery; distinguishable/full/highly contrast color uses,amount of words/context/numbers; distinguishable/full/highly contrast color uses; much/little data/info; shapes and lines; unclear meaning/confusing,6,6,3,filled_bars --> mark.bar [data_area] | data_elements --> content.data [data_area] | shapes --> mark.shape [data_area] | text_labels --> text.label [axes] | imagery --> whole.visualization [data_area] | color_contrast --> property.color [overall],excessive_data_volume @ data_elements (content.data) [+] | visually_unclear_encoding @ filled_bars (mark.bar) [+] | non_organic_geometric_forms @ shapes (mark.shape) [+] | uneven_irregular_shape @ shapes (mark.shape) [+] | mixed_text_and_imagery @ text_labels (text.label) [+] | high_contrast_coloring @ color_contrast (property.color) [+],filled_bars(mark.bar) --contributes_to_clutter_in--> data_elements(content.data) [+] | text_labels(text.label) --combined_with--> imagery(whole.visualization) [+] | color_contrast(property.color) --amplifies_visual_complexity_of--> shapes(mark.shape) [+]
SciVisJ.807.5(2).png,Grid,"A few squares in the left, which look easier to understand. In the left there are axis, and axis look easier to understand. Few colours in the left.",several elements; title/axis/label/descriptions; inadequate/few coloring; easier to interpret/read/understand,easy/hard to interpret; inadequate/few coloring; labels/axes/legends; several elements,3,4,2,squares --> mark.shape [data_area] | axes --> furniture.axes [axes] | color_scheme --> property.color [overall],few_square_elements @ squares (mark.shape) [-] | axis_present @ axes (furniture.axes) [-] | few_colors_used @ color_scheme (property.color) [-] | easy_to_understand @ squares (mark.shape) [-],squares(mark.shape) --supported_by--> axes(furniture.axes) [-] | color_scheme(property.color) --simplifies(raw:reduces_complexity_of)--> squares(mark.shape) [-]
VASTC.3.3.png,Grid,The muted colors and similar size of the boxes makes it harder to distinguish what is going on.,similar box sizes; soft/layered/overlapping colors; more difficult to compare/discern/distinguish,easy/hard to interpret; shapes and lines; soft/layered/overlapping colors,2,3,2,boxes --> mark.shape [data_area] | color_scheme --> property.color [overall],similar_box_sizes @ boxes (mark.shape) [+] | muted_colors_used @ color_scheme (property.color) [+] | harder_to_distinguish @ boxes (mark.shape) [+],color_scheme(property.color) --makes_harder_to_distinguish--> boxes(mark.shape) [+] | boxes(mark.shape) --uniform_size_reduces_differentiation--> color_scheme(property.color) [+]
VASTC.123.3.png,Grid,This one had less colors but a lot more images to look at and seemingly a lot of information to take in. It didn't look like charts I would be used to seeing,more detailed/things; unfamiliar concepts/patterns; inadequate/few coloring; information overload,"domain-specific concepts (e.g., chemical, biology, map); inadequate/few coloring; much/little data/info; overlapping shapes/colors/lines",4,4,3,chart_collection --> whole.visualization [overall] | color_scheme --> property.color [data_area] | chart_type --> whole.visualization [data_area] | information_content --> content.data [overall],high_image_count @ chart_collection (whole.visualization) [+] | limited_color_range @ color_scheme (property.color) [+] | unfamiliar_chart_forms @ chart_type (whole.visualization) [+] | high_information_volume @ information_content (content.data) [+],chart_collection(whole.visualization) --increases_cognitive_load_via--> information_content(content.data) [+] | chart_type(whole.visualization) --requires_expertise(raw:requires_domain_knowledge_for)--> information_content(content.data) [+] | color_scheme(property.color) --contributes_to_ambiguity_in--> chart_collection(whole.visualization) [+]
VASTC.59.11(1).png,Grid,More data More elements Higher contrast It was more confusing; Needs more efffort to make sense of the data,more charts/points/lines/shapes/elements; much/more data/info/info spread; distinguishable/full/highly contrast color uses; looks random/messy/lack structure; more effort/reading/detailed analysis,distinguishable/full/highly contrast color uses; distracting/confusing/unclear; more charts/points/lines/shapes/elements; much/little data/info; take longer to interpret,4,6,3,chart --> whole.visualization [overall] | data_elements --> content.data [data_area] | visual_marks --> mark.element [data_area] | color_scheme --> property.color [overall],high_data_volume @ data_elements (content.data) [+] | numerous_data_points @ data_elements (content.data) [+] | many_visual_elements @ visual_marks (mark.element) [+] | high_color_contrast @ color_scheme (property.color) [+] | confusing_layout @ chart (whole.visualization) [+] | requires_extra_effort @ chart (whole.visualization) [+],data_elements(content.data) --increases_clutter_in--> chart(whole.visualization) [+] | visual_marks(mark.element) --contributes_to_confusion_in--> chart(whole.visualization) [+] | color_scheme(property.color) --raises_cognitive_load_of--> chart(whole.visualization) [+]
VASTJ.1160.6.png,Grid,"Mostly because of the contrast of colours and more densely packed shapes, plus all the text.",dense points/lines/shapes/elements; amount of words/context/numbers; low color contrast/separation/segmentation,amount of words/context/numbers; color contrast/clarity; more charts/points/lines/shapes/elements,3,3,2,shapes --> mark.shape [data_area] | text --> text.label [overall] | colors --> property.color [data_area],densely_packed_arrangement @ shapes (mark.shape) [+] | high_text_volume @ text (text.label) [+] | high_color_contrast @ colors (property.color) [+],shapes(mark.shape) --creates_visual_clutter_with--> colors(property.color) [+] | text(text.label) --increases_cognitive_load_alongside--> shapes(mark.shape) [+]
visMost83.png,Grid,"more information to process, more variables, more contrast",much/more data/info/info spread; more contrast,color contrast/clarity; much/little data/info,2,2,1,chart --> whole.visualization [overall] | data_elements --> content.data [data_area],high_visual_contrast @ data_elements (content.data) [+] | dense_information_content @ data_elements (content.data) [+],data_elements(content.data) --increases_effort(raw:increases_cognitive_load_of)--> chart(whole.visualization) [+]
InfoVisJ.946.6.png,Grid,- there are more information shown - you need more time to understand what this chart shows,much/more data/info/info spread; take longer to interpret,much/little data/info; take longer to interpret,2,2,1,visualization --> whole.visualization [overall] | data_content --> content.data [data_area],high_information_volume @ data_content (content.data) [+] | requires_extended_processing_time @ visualization (whole.visualization) [+],data_content(content.data) --increases_effort(raw:increases_cognitive_load_of)--> visualization(whole.visualization) [+]
InfoVisJ.2072.12.png,Grid,more colours and would take a few more moments to process.,color variety/arrangement/distribution; take longer to interpret,color variety/shading; take longer to interpret,3,2,2,chart --> whole.visualization [overall] | color_encoding --> property.color [data_area] | visual_elements --> mark.element [data_area],multiple_colors_present @ color_encoding (property.color) [+] | requires_extra_processing_time @ visual_elements (mark.element) [+],color_encoding(property.color) --increases_effort(raw:increases_cognitive_load_of)--> chart(whole.visualization) [+] | visual_elements(mark.element) --demands_extra_interpretation_from--> chart(whole.visualization) [+]
VASTC.115.3.png,Grid,more difficulty reading.,more difficult to interpret/read/understand/differentiate,easy/hard to interpret,1,1,0,visualization --> whole.visualization [overall],difficult_to_read @ visualization (whole.visualization) [+],
VisC.147.8(2).png,Grid,I have no idea what the symbol and shading on the left is about.,symbols and shading,symbols,2,2,1,symbols --> mark.symbol [data_area] | shading --> property.color [data_area],varied_symbol_types @ symbols (mark.symbol) [+] | shading_present @ shading (property.color) [+],symbols(mark.symbol) --combined_with--> shading(property.color) [+]
VASTJ.31.12(3).png,Grid,Volume of information Time to evaluate context Spread of information on the image Data interpretation,many/more data/info; much/more data/info/info spread,more charts/points/lines/shapes/elements; much/little data/info,2,3,1,visualization --> whole.visualization [overall] | data_content --> content.data [data_area],high_information_volume @ data_content (content.data) [+] | manageable_information_volume @ data_content (content.data) [-] | well_spread_information @ visualization (whole.visualization) [-],data_content(content.data) --distributed_across--> visualization(whole.visualization) [-]
VASTJ.870.4.png,Grid,Ease of understanding,easy to interpret/read/understand,easy/hard to interpret,1,1,0,visualization --> whole.visualization [overall],difficult_to_understand @ visualization (whole.visualization) [+],
VASTC.41.5.png,Grid,"A lot of different colors and shapes, it took me a long time to understand what I was looking at and how to look at it.",more charts/points/lines/shapes/elements; color variety/arrangement/distribution; take longer to interpret,color variety/shading; more charts/points/lines/shapes/elements; take longer to interpret,3,3,2,shapes --> mark.shape [data_area] | colors --> property.color [data_area] | chart --> whole.visualization [overall],high_quantity_of_shapes @ shapes (mark.shape) [+] | multiple_distinct_colors @ colors (property.color) [-] | requires_long_interpretation_time @ chart (whole.visualization) [+],shapes(mark.shape) --encoded_with--> colors(property.color) [-] | shapes(mark.shape) --contributes_to_difficulty_of--> chart(whole.visualization) [+]
VASTJ.1764.2.png,Grid,I don't understand the graph and the half-shading compared to the second diagram.,color shading; not interpretable/readable/understandable,color variety/shading; easy/hard to interpret,2,3,1,chart --> whole.visualization [overall] | half_shading --> property.opacity [data_area],unusual_shading_technique @ half_shading (property.opacity) [+] | difficult_to_interpret @ half_shading (property.opacity) [+] | unclear_meaning @ chart (whole.visualization) [+],half_shading(property.opacity) --causes_confusion_in--> chart(whole.visualization) [+]
vis393.png,Grid,"There are multiple components to this graphic. At first glance, there looks like there is a lot more to understand than the one on the right.",more to read/analyze/understand; multiple features/elements/graphs,more charts/points/lines/shapes/elements; take longer to interpret,2,2,1,visualization --> whole.visualization [overall] | components --> mark.element [data_area],high_interpretive_demand @ visualization (whole.visualization) [+] | multiple_distinct_components @ components (mark.element) [+],components(mark.element) --increases_effort(raw:increases_cognitive_load_of)--> visualization(whole.visualization) [+]
VASTJ.1160.7.png,Grid,"1. I do not understand the picture 2. It looks complex 3.Even if i try to understand it, i feel it will take me some time 4.So many details on the orange highlight",too many details/divisions; not interpretable/readable/understandable,easy/hard to interpret; more charts/points/lines/shapes/elements,2,3,2,visualization --> whole.visualization [overall] | details --> content.detail [data_area],high_detail_density @ details (content.detail) [+] | difficult_to_interpret @ visualization (whole.visualization) [+] | unclear_meaning @ visualization (whole.visualization) [+],details(content.detail) --overwhelms--> visualization(whole.visualization) [+] | visualization(whole.visualization) --requires_specialized_understanding--> details(content.detail) [+]
VASTC.24.5.png,Grid,"The visual has a lot of confusing numbers, letters, and overall understandability. I find that it is hard to tell what it is trying to convey and what it even measures. There are too many colors, letters, and numbers.; There are differences between the three columns that I would need more time to realise.; A, B & C has different bars; Some values are in the middle and according to me it's complicated to look at; I did not choose the left one. It seems to imply something that is not clearly stated and is not easily understood by the majority of people.",too many numbers; several elements; unclear meaning; text hard to read; title/axis/label/descriptions; values in the middle; color variety/arrangement/distribution; distracting/confusing/unclear; complicated to process; hard to see/tell/visualize; not easily understood; take longer to interpret,2D/3D; amount of words/context/numbers; color variety/shading; distracting/confusing/unclear; easy/hard to interpret; labels/axes/legends; several elements; take longer to interpret; unclear meaning/confusing; word rotation/small font size,6,10,4,chart --> whole.visualization [overall] | bars --> mark.bar [data_area] | numbers --> content.number [data_area] | letters --> text.label [axes] | midpoint_values --> content.number [data_area] | labels --> text.label [axes],not_clearly_stated @ chart (whole.visualization) [+] | not_easily_understood @ chart (whole.visualization) [+] | requires_extended_processing_time @ chart (whole.visualization) [+] | confusing_overall_understandability @ chart (whole.visualization) [+] | complicated_to_look_at @ chart (whole.visualization) [+] | multiple_different_bars @ bars (mark.bar) [+] | hard_to_distinguish @ bars (mark.bar) [+] | too_many_numbers @ numbers (content.number) [+] | too_many_letters @ letters (text.label) [+] | values_placed_in_middle @ midpoint_values (content.number) [+],numbers(content.number) --combined_with--> letters(text.label) [+] | midpoint_values(content.number) --embedded_within--> bars(mark.bar) [+] | labels(text.label) --increases_clutter_of--> chart(whole.visualization) [+] | numbers(content.number) --contributes_to_confusion_in--> chart(whole.visualization) [+]
InfoVisJ.449.8.png,Grid,Way more information provided. The images are smaller making it feel more full of stuff which can lead to it feeling confusing and complex to understand. The variety of colors is more than the other image.,more detailed/things; much/more data/info/info spread; color variety/arrangement/distribution; unclear meaning/confusing,color variety/shading; much/little data/info; unclear meaning/confusing,3,4,2,chart --> whole.visualization [overall] | data_elements --> content.data [data_area] | color_encoding --> property.color [data_area],high_information_volume @ chart (whole.visualization) [+] | densely_packed_content @ data_elements (content.data) [+] | variety_of_colors @ color_encoding (property.color) [+] | confusing_and_complex @ chart (whole.visualization) [+],data_elements(content.data) --contributes_to--> chart(whole.visualization) [+] | color_encoding(property.color) --increases_complexity(raw:increases_complexity_of)--> chart(whole.visualization) [+]
VASTJ.320.9.png,Grid,I didn't understand what all the colours represent.,unclear color meaning,color contrast/clarity,2,1,1,chart --> whole.visualization [overall] | color_encoding --> property.color [data_area],meaning_unclear_to_viewer @ color_encoding (property.color) [+],color_encoding(property.color) --increases_effort(raw:increases_cognitive_load_of)--> chart(whole.visualization) [+]
InfoVisJ.935.6.png,Grid,More colours,color variety/arrangement/distribution,color variety/shading,2,1,1,chart --> whole.visualization [overall] | color_scheme --> property.color [data_area],multiple_colors_used @ color_scheme (property.color) [+],color_scheme(property.color) --increases_complexity(raw:increases_complexity_of)--> chart(whole.visualization) [+]
visMost107.png,Grid,contrast,low color contrast/separation/segmentation,color contrast/clarity,1,1,0,visualization --> whole.visualization [overall],high_visual_contrast @ visualization (whole.visualization) [-],
InfoVisJ.935.9.png,Grid,neither is very complex; the other is blank,little data/info,much/little data/info,1,1,0,visualization --> whole.visualization [overall],blank_content @ visualization (whole.visualization) [-],
VisC.297.4.png,Grid,black and white; only one shape (a vertical live) and multiple copies of it. They are also on the same horizontal axis,multiple features/elements/graphs; shape; value and graphic alignment; black-to-white/color gradient,2D/3D; color variety/shading; more charts/points/lines/shapes/elements; shapes and lines,4,3,2,shape --> mark.shape [data_area] | axis --> furniture.axes [axes] | copies --> content.data [data_area] | color_scheme --> property.color [overall],single_shape_type @ shape (mark.shape) [-] | multiple_copies_present @ copies (content.data) [-] | black_and_white_only @ color_scheme (property.color) [-],copies(content.data) --plotted_on--> axis(furniture.axes) [-] | shape(mark.shape) --repeated_along--> axis(furniture.axes) [-]
InfoVisJ.963.7.png,Grid,The right image is simple.,simple to interpret/read/understand,easy/hard to interpret,1,1,0,visualization --> whole.visualization [overall],simple_overall_design @ visualization (whole.visualization) [-],
InfoVisJ.2082.3.png,Grid,"No colors, more factors to consider; This image just appears to have more variables. It appears to have a lot of fine detail with corresponding data that is rather complex.; Both of these images are a bit complex. The chosen one shows way more information at first look — the information is divided and there seem to be many elements to consider.; I believe that the image on the right is more complex because it includes more ink on the page, more writing, less color, and it is more organized.; the right side is a simple histogram like figure with labels and it is understandable by readin it; more informative, easy to understand",fine/layered details; more charts/points/lines/shapes/elements; more parameters/variables; much/more data/info/info spread; organized/structured; more texts/words; title/axis/label/descriptions; a specific technique; inadequate/few coloring; no color; easy to interpret/read/understand; read/analyze many figures/items,"2D/3D; amount of words/context/numbers; color variety/shading; domain-specific concepts (e.g., chemical, biology, map); easy/hard to interpret; inadequate/few coloring; labels/axes/legends; more charts/points/lines/shapes/elements; more parameters/variables; much/little data/info; read/analyze many figures/items",6,11,4,histogram --> whole.visualization [data_area] | labels --> text.label [axes] | ink_marks --> mark.element [data_area] | text_elements --> text.label [overall] | variables --> content.data [data_area] | color_scheme --> property.color [overall],histogram_like_structure @ histogram (whole.visualization) [-] | organized_layout @ histogram (whole.visualization) [-] | many_elements_present @ histogram (whole.visualization) [+] | labels_aid_understanding @ labels (text.label) [-] | high_ink_density @ ink_marks (mark.element) [+] | fine_detail_present @ ink_marks (mark.element) [+] | more_writing_on_page @ text_elements (text.label) [+] | multiple_variables @ variables (content.data) [+] | more_factors_to_consider @ variables (content.data) [+] | no_colors_used @ color_scheme (property.color) [+] | less_color_variety @ color_scheme (property.color) [+],labels(text.label) --facilitates_interpretation_of--> histogram(whole.visualization) [-] | variables(content.data) --increases_information_volume_in--> histogram(whole.visualization) [+] | ink_marks(mark.element) --contributes_clutter_to--> histogram(whole.visualization) [+] | text_elements(text.label) --adds_cognitive_load_to--> histogram(whole.visualization) [+]
SciVisJ.807.5.png,Grid,Right one is just a simple grid of squares,a specific technique,"domain-specific concepts (e.g., chemical, biology, map)",2,1,1,grid --> structure.grid [data_area] | squares --> mark.shape [data_area],arranged_in_grid @ squares (mark.shape) [-],grid(structure.grid) --composed_of--> squares(mark.shape) [-]
InfoVisJ.369.3.png,Grid,"density of information, number of colors, number of items on the legend",dense/cluttered data/info; number of legend items; distinguishable color variety/arrangement/distribution,distinguishable color variety/arrangement/distribution; labels/axes/legends; overlapping shapes/colors/lines,3,3,2,chart --> whole.visualization [overall] | legend --> furniture.legend [legend] | color_scheme --> property.color [data_area],low_information_density @ chart (whole.visualization) [-] | few_legend_items @ legend (furniture.legend) [-] | limited_color_count @ color_scheme (property.color) [-],legend(furniture.legend) --reflects_few_colors_in--> color_scheme(property.color) [-] | chart(whole.visualization) --has_low_clutter_due_to--> legend(furniture.legend) [-]
SciVisJ.891.2.png,Grid,Color Variability and Saturation,color saturation; color variety/arrangement/distribution,color variety/shading,2,2,1,visualization --> whole.visualization [overall] | color_scheme --> property.color [data_area],high_color_saturation @ color_scheme (property.color) [+] | high_color_variability @ color_scheme (property.color) [+],color_scheme(property.color) --increases_complexity(raw:increases_complexity_of)--> visualization(whole.visualization) [+]
VASTJ.120.3(6).png,Grid,just a colour scale,color scale/scheme,color variety/shading,1,1,0,color_scale --> property.color [legend],adds_visual_complexity @ color_scale (property.color) [+],
InfoVisJ.967.6.png,Grid,Image 1 has no detail.,no detail,much/little data/info,1,1,0,visualization --> whole.visualization [overall],lacks_informational_detail @ visualization (whole.visualization) [+],
SciVisJ.857.9.png,Grid,"The processing time chart is not as recognizable, especially at first glance with more numbers and colors. The graph has multiple data points going on. The right chart has a very weird color palette and it threw me off visually — it looks more busy and more complex than the map.",dense/cluttered layout; multiple features/elements/graphs; more numbers; unfamiliar concepts/patterns; color variety/arrangement/distribution; unclear color meaning,"amount of words/context/numbers; color contrast/clarity; color variety/shading; domain-specific concepts (e.g., chemical, biology, map); more charts/points/lines/shapes/elements; overlapping shapes/colors/lines",5,6,3,data_area --> structure.region [data_area] | data_points --> mark.point [data_area] | numbers --> content.number [axes] | color_palette --> property.color [legend] | chart_layout --> structure.layout [overall],visually_busy_layout @ data_area (structure.region) [+] | multiple_data_points @ data_points (mark.point) [+] | high_number_density @ numbers (content.number) [+] | more_colors_present @ color_palette (property.color) [+] | weird_color_palette @ color_palette (property.color) [+] | not_recognizable_form @ chart_layout (structure.layout) [+],data_points(mark.point) --increases_clutter_in--> data_area(structure.region) [+] | color_palette(property.color) --complicates_interpretation_of--> data_points(mark.point) [+] | numbers(content.number) --adds_cognitive_load_to--> chart_layout(structure.layout) [+]
VASTJ.51.8.png,Grid,"3 aspects, color, x-position and y-position is too much variables",more parameters/variables; title/axis/label/descriptions,labels/axes/legends; more parameters/variables,4,4,2,chart --> whole.visualization [overall] | x_axis --> furniture.axes [axes] | y_axis --> furniture.axes [axes] | variables --> content.data [data_area],three_aspects_present @ chart (whole.visualization) [+] | too_many_variables @ variables (content.data) [+] | x_position_encoding @ x_axis (furniture.axes) [+] | y_position_encoding @ y_axis (furniture.axes) [+],x_axis(furniture.axes) --increases_cognitive_load_with--> y_axis(furniture.axes) [+] | variables(content.data) --contributes_to_clutter_in--> chart(whole.visualization) [+]
InfoVisJ.2023.3.png,Grid,It gave information in a technical way.,technical encoding,"domain-specific concepts (e.g., chemical, biology, map)",1,1,1,visualization --> whole.visualization [overall],technical_presentation_style @ visualization (whole.visualization) [+],visualization(whole.visualization) --requires_specialized_knowledge--> visualization(whole.visualization) [+]
InfoVisJ.459.2.png,Grid,The complexity here is the way the image is shown and the need of focus it requires,attention/squinting to understand,take longer to interpret,1,1,0,visualization --> whole.visualization [overall],requires_focused_attention @ visualization (whole.visualization) [+],
InfoVisJ.522.15.png,Grid,appears to have a lot of data points; unclear what the differences are between the four different matrices and snippets; the quadrants appear to provide slightly more detailed information,more charts/points/lines/shapes/elements; hard to interpret/read/understand,easy/hard to interpret; more charts/points/lines/shapes/elements,2,2,1,data_points --> mark.point [data_area] | chart --> whole.visualization [overall],high_quantity_of_points @ data_points (mark.point) [+] | differences_unclear @ chart (whole.visualization) [+],data_points(mark.point) --increases_clutter_in--> chart(whole.visualization) [+]
VASTJ.1139.4.png,Grid,General messier look; More colors; Higher contrast; Less attractive to look at,messy/mixed up/noisy/intermingled elements; color variety/arrangement/distribution; distinguishable/full/highly contrast color uses; less attractive,color variety/shading; distinguishable/full/highly contrast color uses; distracting/confusing/unclear; overlapping shapes/colors/lines,3,4,2,chart --> whole.visualization [overall] | color_scheme --> property.color [data_area] | visual_layout --> structure.layout [overall],messy_arrangement @ visual_layout (structure.layout) [+] | higher_contrast_colors @ color_scheme (property.color) [+] | more_colors_used @ color_scheme (property.color) [+] | less_attractive_appearance @ chart (whole.visualization) [+],color_scheme(property.color) --contributes_to--> visual_layout(structure.layout) [+] | visual_layout(structure.layout) --increases_effort(raw:increases_cognitive_load_of)--> chart(whole.visualization) [+]
VASTJ.111.8.png,Grid,"1. axis labelling
2. color differences
3. the grid",title/axis/label/descriptions; a specific technique; color variety/arrangement/distribution,"color variety/shading; domain-specific concepts (e.g., chemical, biology, map); labels/axes/legends",3,3,2,axes --> furniture.axes [axes] | color_encoding --> property.color [data_area] | grid --> structure.grid [data_area],complex_axis_labeling @ axes (furniture.axes) [+] | multiple_color_differences @ color_encoding (property.color) [+] | grid_adds_visual_clutter @ grid (structure.grid) [+],grid(structure.grid) --overlaps_with--> color_encoding(property.color) [+] | axes(furniture.axes) --combined_with--> color_encoding(property.color) [+]
InfoVisJ.464.11.png,Grid,Words Amount of subjects,too many subjects; word/text/sentence,amount of words/context/numbers; more charts/points/lines/shapes/elements,3,2,1,chart --> whole.visualization [overall] | data_subjects --> content.data [data_area] | text_labels --> text.label [data_area],high_subject_count @ data_subjects (content.data) [+] | numerous_words_present @ text_labels (text.label) [+],data_subjects(content.data) --increases_clutter_via--> text_labels(text.label) [+]
InfoVisJ.451.5.png,Grid,more details in terms of information more shapes of different size Thick and thinness,line thickness variation; shape size variation,shapes and lines,2,3,1,lines --> mark.line [data_area] | shapes --> mark.shape [data_area],varying_line_thickness @ lines (mark.line) [+] | multiple_different_sizes @ shapes (mark.shape) [+] | variety_of_shapes @ shapes (mark.shape) [+],lines(mark.line) --increases_clutter_with--> shapes(mark.shape) [+]
VASTC.187.3(2).png,Grid,there is a lot of information to take in,information overload,overlapping shapes/colors/lines,1,1,0,visualization --> whole.visualization [overall],high_information_volume @ visualization (whole.visualization) [+],
SciVisJ.1005.12.png,Grid,more unique contrasts more lines more words smaller details,fine/layered details; more charts/points/lines/shapes/elements; more texts/words; more contrast,amount of words/context/numbers; color contrast/clarity; more charts/points/lines/shapes/elements; much/little data/info,4,5,3,lines --> mark.line [data_area] | text_labels --> text.label [axes] | annotations --> text.annotation [annotation] | color_contrasts --> property.color [overall],high_line_count @ lines (mark.line) [+] | small_fine_details @ lines (mark.line) [+] | numerous_text_elements @ text_labels (text.label) [+] | dense_word_content @ annotations (text.annotation) [+] | multiple_unique_contrasts @ color_contrasts (property.color) [+],lines(mark.line) --increases_clutter_in--> color_contrasts(property.color) [+] | text_labels(text.label) --adds_cognitive_load_with--> annotations(text.annotation) [+] | color_contrasts(property.color) --differentiates--> lines(mark.line) [+]
VASTJ.270.11.png,Grid,-number of information -color contrast,much/more data/info/info spread; low color contrast/separation/segmentation,color contrast/clarity; much/little data/info,2,2,1,visualization --> whole.visualization [overall] | color_scheme --> property.color [data_area],high_information_volume @ visualization (whole.visualization) [+] | strong_color_contrast @ color_scheme (property.color) [-],color_scheme(property.color) --reduces_cognitive_load_of--> visualization(whole.visualization) [-]
SciVisC.25.4.png,Grid,More nuances; More details that don't seem to be easily decipherable,more detailed/things; more nuance information; hard to interpret/read/understand/differentiate,easy/hard to interpret; much/little data/info,3,3,2,visualization --> whole.visualization [overall] | data_elements --> content.data [data_area] | details --> content.detail [data_area],high_detail_density @ details (content.detail) [+] | nuanced_visual_features @ data_elements (content.data) [+] | not_easily_decipherable @ visualization (whole.visualization) [+],details(content.detail) --increases_effort(raw:increases_cognitive_load_of)--> visualization(whole.visualization) [+] | data_elements(content.data) --adds_nuance_to--> visualization(whole.visualization) [+]
VASTC.1.8.png,Grid,"The one on the right has a lot of information, text, boxes and colors",much/more data/info/info spread; shapes; word/text/sentence; unclear colormaps,amount of words/context/numbers; color contrast/clarity; much/little data/info; shapes and lines,4,4,3,chart --> whole.visualization [overall] | text_elements --> text.label [overall] | boxes --> mark.shape [data_area] | colors --> property.color [data_area],high_information_volume @ chart (whole.visualization) [+] | abundant_text_present @ text_elements (text.label) [+] | multiple_boxes_present @ boxes (mark.shape) [+] | multiple_colors_used @ colors (property.color) [+],text_elements(text.label) --increases_clutter_in--> chart(whole.visualization) [+] | boxes(mark.shape) --contributes_to_density_of--> chart(whole.visualization) [+] | colors(property.color) --adds_visual_complexity_to--> boxes(mark.shape) [+]
VASTC.123.1.png,Grid,"noisy, white color gives an illusion of a negative space",messy/mixed up/noisy/intermingled elements; negative space; white color on black background,color variety/shading; overlapping shapes/colors/lines,3,3,2,chart --> whole.visualization [overall] | negative_space --> structure.background [data_area] | white_color --> property.color [overall],visually_noisy @ chart (whole.visualization) [+] | creates_depth_illusion @ negative_space (structure.background) [+] | contributes_to_complexity @ white_color (property.color) [+],white_color(property.color) --produces_illusion_of--> negative_space(structure.background) [+] | negative_space(structure.background) --increases_clutter_in--> chart(whole.visualization) [+]
SciVisJ.700.11.png,Grid,multiple shades of blue used; a lot of text,amount of words/context/numbers; color shading,amount of words/context/numbers; color variety/shading,2,2,1,text_elements --> text.label [overall] | color_shading --> property.color [data_area],high_text_volume @ text_elements (text.label) [+] | multiple_blue_shades @ color_shading (property.color) [+],text_elements(text.label) --increases_effort(raw:increases_cognitive_load_of)--> color_shading(property.color) [+]
VASTC.115.2.png,Grid,"- different color codes
- titles for all points of data- various points of data",more charts/points/lines/shapes/elements; title/axis/label/descriptions; unclear colormaps,color contrast/clarity; labels/axes/legends; more charts/points/lines/shapes/elements,3,3,2,data_points --> mark.point [data_area] | color_codes --> property.color [legend] | title --> text.title [title],various_data_points @ data_points (mark.point) [+] | multiple_color_codes @ color_codes (property.color) [+] | title_present @ title (text.title) [+],data_points(mark.point) --encoded_by--> color_codes(property.color) [+] | title(text.title) --describes(raw:labels)--> data_points(mark.point) [+]
SciVisJ.1005.1.png,Grid,Too dark Nothing visible to check. No data or indication of what we are checking.,no data; nothing visible; unclear coloring,color contrast/clarity; distracting/confusing/unclear; much/little data/info,3,3,2,visualization --> whole.visualization [overall] | data_content --> content.data [data_area] | background --> structure.background [overall],no_data_present @ data_content (content.data) [+] | nothing_visible @ data_content (content.data) [+] | excessively_dark @ background (structure.background) [+],background(structure.background) --obscures--> data_content(content.data) [+] | visualization(whole.visualization) --lacks_interpretable--> data_content(content.data) [+]
VASTC.115.5.png,Grid,"Multiple images, shapes, colours, global, macro",multiple features/elements/graphs; multiple points/lines/shapes/elements,more charts/points/lines/shapes/elements,3,2,2,visualization --> whole.visualization [overall] | image_panels --> whole.visualization [data_area] | shapes --> mark.shape [data_area],multiple_image_panels @ image_panels (whole.visualization) [+] | multiple_shape_types @ shapes (mark.shape) [+],image_panels(whole.visualization) --increases_clutter_in--> visualization(whole.visualization) [+] | shapes(mark.shape) --adds_visual_complexity_to--> visualization(whole.visualization) [+]
InfoVisC.173.9.png,Grid,"variety and boldness of colours; Even if I don't understand the image on the right, I still can think it's about hearthquake or something similar. Maybe the fact that there is a title helped a little.","little data/info; domain-specific concepts (e.g., chemical, biology, map); color variety/arrangement/distribution","color variety/shading; domain-specific concepts (e.g., chemical, biology, map); much/little data/info",4,4,3,chart --> whole.visualization [overall] | color_scheme --> property.color [data_area] | data_content --> content.data [data_area] | subject_matter --> content.domain [overall],high_color_variety @ color_scheme (property.color) [+] | bold_color_usage @ color_scheme (property.color) [+] | sparse_data_elements @ data_content (content.data) [-] | familiar_earthquake_topic @ subject_matter (content.domain) [-],color_scheme(property.color) --increases_complexity(raw:increases_complexity_of)--> chart(whole.visualization) [+] | data_content(content.data) --reduces_clutter_in--> chart(whole.visualization) [-] | subject_matter(content.domain) --lowers_cognitive_load_of--> chart(whole.visualization) [-]
v490_n7420_13_f4.png,Line,"Can see the line movement easier, descriptions are eye catching because of color formats.",line movement; eye-catching description; unclear colormaps,color contrast/clarity; labels/axes/legends; shapes and lines,3,3,2,line --> mark.line [data_area] | annotation --> text.annotation [annotation] | color_scheme --> property.color [overall],visible_line_movement @ line (mark.line) [+] | eye_catching_descriptions @ annotation (text.annotation) [+] | varied_color_formats @ color_scheme (property.color) [+],color_scheme(property.color) --draws_attention_to--> line(mark.line) [+] | annotation(text.annotation) --accompanies--> line(mark.line) [+]
whoB09_1.png,Line,"more numbers; seemingly more lines of data; it has more elements, different axes, colors dont carry any meaning",more charts/points/lines/shapes/elements; more parameters/variables; amount of words/context/numbers; title/axis/label/descriptions; color variety/arrangement/distribution; unclear meaning/confusing,amount of words/context/numbers; color variety/shading; labels/axes/legends; more charts/points/lines/shapes/elements; more parameters/variables; unclear meaning/confusing,5,6,3,chart --> whole.visualization [overall] | axes --> furniture.axes [axes] | data_elements --> content.data [data_area] | color_encoding --> property.color [data_area] | axis_labels --> text.axis_label [axes],many_visual_elements @ data_elements (content.data) [+] | lots_of_variables @ data_elements (content.data) [+] | large_numeric_values @ axis_labels (text.axis_label) [+] | colors_carry_no_meaning @ color_encoding (property.color) [+] | multiple_different_colors @ color_encoding (property.color) [+] | multiple_different_axes @ axes (furniture.axes) [+],color_encoding(property.color) --does_not_encode--> data_elements(content.data) [+] | data_elements(content.data) --plotted_across--> axes(furniture.axes) [+] | axis_labels(text.axis_label) --displays_large_numbers_on--> axes(furniture.axes) [+]
VisC.199.5.png,Line,"more easily understood, less time consuming, make sense.",easy to interpret/read/understand; more interpretable/readable/understandable,easy/hard to interpret,3,3,2,visualization --> whole.visualization [overall] | content --> content.data [data_area] | layout --> structure.layout [overall],low_cognitive_effort @ visualization (whole.visualization) [-] | easily_understood @ content (content.data) [-] | less_time_consuming @ layout (structure.layout) [-],content(content.data) --makes_sense_to--> visualization(whole.visualization) [-] | layout(structure.layout) --supports_quick_interpretation_of--> content(content.data) [-]
v484_n7393_1_f6.png,Line,Confusing to understand the data points if you are not familiar with this graph. The points are very spread out. The color scheme makes it hard on the eyes compared to the one with brown. It was also difficult to understand how to view the information on screen and how it compares.,unfamiliar concepts/patterns; color scale/scheme; distracting/confusing/unclear; hard to interpret/read/understand,"color variety/shading; distracting/confusing/unclear; domain-specific concepts (e.g., chemical, biology, map); easy/hard to interpret",4,6,2,chart --> whole.visualization [overall] | data_points --> mark.point [data_area] | color_scheme --> property.color [overall] | legend --> furniture.legend [legend],unfamiliar_chart_type @ chart (whole.visualization) [+] | difficult_to_interpret @ chart (whole.visualization) [+] | confusing_data_encoding @ data_points (mark.point) [+] | hard_to_distinguish_points @ data_points (mark.point) [+] | visually_harsh_colors @ color_scheme (property.color) [+] | eye_straining_palette @ color_scheme (property.color) [+],color_scheme(property.color) --increases_complexity(raw:increases_difficulty_of)--> data_points(mark.point) [+] | data_points(mark.point) --contributes_to_confusion_in--> chart(whole.visualization) [+]
whoQ48_6.png,Line,the graphic is pretty self explanatory,easy to interpret/read/understand,easy/hard to interpret,1,1,0,visualization --> whole.visualization [overall],self_explanatory_layout @ visualization (whole.visualization) [-],
InfoVisC.103.9.png,Line,The spikes on the chart are difficult to follow. The lack of information doesn't provide context to follow,hard to focus/follow,easy/hard to interpret,1,1,0,visualization --> whole.visualization [overall],difficult_to_follow @ visualization (whole.visualization) [+],
economist_daily_chart_118.png,Line,The tendencies are easy to follow.  more familiarized with this type of charts,familiar representation; easy to focus/follow,"domain-specific concepts (e.g., chemical, biology, map); easy/hard to interpret",2,2,1,chart --> whole.visualization [overall] | chart_type --> whole.visualization [data_area],easy_to_follow @ chart (whole.visualization) [-] | familiar_chart_format @ chart_type (whole.visualization) [-],chart_type(whole.visualization) --reduces_cognitive_load_of--> chart(whole.visualization) [-]
VisC.375.5.png,Line,"I found them equally difficult. I went with number 1 because although it technically explained which colour meant what, I still don't have a clue on what it is about. In some cases the lines cannot be distinguished either, so I struggled to read it.",indistinguishable/unintuitive lines; struggled to read; unclear meaning/confusing,easy/hard to interpret; shapes and lines; unclear meaning/confusing,3,4,2,lines --> mark.line [data_area] | chart --> whole.visualization [overall] | labels --> text.label [axes],indistinguishable_from_each_other @ lines (mark.line) [+] | difficult_to_read @ chart (whole.visualization) [+] | unclear_subject_matter @ chart (whole.visualization) [+] | insufficient_contextual_cues @ labels (text.label) [+],lines(mark.line) --causes_confusion_in--> chart(whole.visualization) [+] | chart(whole.visualization) --requires_high_effort_to_interpret--> labels(text.label) [+]
InfoVisJ.1247.10.png,Line,"1) It's difficult to understand this diagram compared to the right because Sw & SL are crossing each other; image that is more visually complex contains more elements of information in different formats including text, numbers, mathematical formulae as well as the coloured graphic chart; the plot is particularly non-complex as it is just a line graph, one of the simplest visualisation tools.",more charts/points/lines/shapes/elements; overlapping shapes/colors/lines; lack of/not enough axis labels/legend/annotations/context; clear colored bars/charts; hard to interpret/read/understand,color variety/shading; easy/hard to interpret; labels/axes/legends; more charts/points/lines/shapes/elements; overlapping shapes/colors/lines,5,6,4,diagram --> whole.visualization [overall] | crossing_lines --> mark.line [data_area] | text_labels --> text.label [annotation] | mathematical_formulae --> text.annotation [annotation] | color_encoding --> property.color [data_area],difficult_to_understand @ diagram (whole.visualization) [+] | high_information_density @ diagram (whole.visualization) [+] | lines_crossing_each_other @ crossing_lines (mark.line) [+] | text_and_numbers_present @ text_labels (text.label) [+] | mathematical_formulae_present @ mathematical_formulae (text.annotation) [+] | colored_graphic_chart @ color_encoding (property.color) [+],crossing_lines(mark.line) --increases_clutter_in--> diagram(whole.visualization) [+] | text_labels(text.label) --adds_information_elements_to--> diagram(whole.visualization) [+] | mathematical_formulae(text.annotation) --requires_expertise(raw:requires_domain_knowledge_for)--> diagram(whole.visualization) [+] | color_encoding(property.color) --encodes_data_within--> diagram(whole.visualization) [+]
VisJ.1431.7.png,Line,"just an image to me,  I have no way of knowing what it is showing me; Simply a line of points on a graph with a hump.",shape increase/decrease point; unclear meaning/confusing,shape increase/decrease point; unclear meaning/confusing,2,3,1,data_points --> mark.point [data_area] | chart --> whole.visualization [overall],arranged_in_single_line @ data_points (mark.point) [-] | unclear_semantic_meaning @ chart (whole.visualization) [-] | lacks_interpretive_context @ chart (whole.visualization) [-],data_points(mark.point) --fails_to_convey_meaning_in--> chart(whole.visualization) [-]
wsj371.png,Line,"The picture on the left is pretty self-explanatory because there's a title and captions or text that give me the necessary context to understand what it is about.; 1. Move information to process overall; 2. Involves numbers; 3. Involves words/sentences; 4. Involves colors.; It conveys more information and would take me longer to understand what is informing rather than the one on the right. Also, is it using 2lines to describe differences, and there is more variability on the orange one than the right one, therefore would take me longer to get each piece of information.; - choice of colors - size variations; simplicity clarity readability information",shape variation; shapes and lines; size variation; -; captions; context; involves numbers; title/axis/label/descriptions; color variety/arrangement/distribution; unclear colormaps; easy to interpret/read/understand; take longer to interpret,"amount of words/context/numbers; color contrast/clarity; color variety/shading; domain-specific concepts (e.g., chemical, biology, map); easy/hard to interpret; labels/axes/legends; shape variation; shapes and lines; take longer to interpret",7,12,5,chart --> whole.visualization [overall] | lines --> mark.line [data_area] | colors --> property.color [data_area] | text_labels --> text.label [data_area] | numbers --> content.number [axes] | captions --> text.description [annotation] | title --> text.title [title],two_lines_present @ lines (mark.line) [+] | more_variability_shown @ lines (mark.line) [+] | multiple_colors_used @ colors (property.color) [+] | color_choice_complex @ colors (property.color) [+] | size_variations_present @ chart (whole.visualization) [+] | involves_words_sentences @ text_labels (text.label) [+] | involves_numbers @ numbers (content.number) [+] | takes_longer_to_understand @ chart (whole.visualization) [+] | provides_necessary_context @ captions (text.description) [-] | captions_aid_comprehension @ captions (text.description) [-] | title_clarifies_content @ title (text.title) [-] | pretty_self_explanatory @ chart (whole.visualization) [-],lines(mark.line) --encodes_differences_via--> colors(property.color) [+] | lines(mark.line) --increases_interpretive_effort--> chart(whole.visualization) [+] | captions(text.description) --simplifies(raw:reduces_complexity_of)--> chart(whole.visualization) [-] | title(text.title) --clarifies(raw:provides_context_for)--> chart(whole.visualization) [-] | text_labels(text.label) --accompanies--> numbers(content.number) [+]
economist_daily_chart_521.png,Line,This a NASA graph so it's obviously complex. Curves and graphs are always hard to understand for me. It hurts my vision.,"domain-specific concepts (e.g., chemical, biology, map); distracting/confusing/unclear; hard to interpret/read/understand","distracting/confusing/unclear; domain-specific concepts (e.g., chemical, biology, map); easy/hard to interpret",4,5,3,chart --> whole.visualization [overall] | data_area --> structure.region [data_area] | visual_encoding --> property.encoding [data_area] | text_labels --> text.label [axes],visually_overwhelming_layout @ chart (whole.visualization) [+] | hard_to_understand @ chart (whole.visualization) [+] | high_visual_clutter @ data_area (structure.region) [+] | nasa_like_complexity @ visual_encoding (property.encoding) [+] | strains_vision @ visual_encoding (property.encoding) [+],data_area(structure.region) --causes_visual_strain_in--> chart(whole.visualization) [+] | visual_encoding(property.encoding) --increases_effort(raw:increases_cognitive_load_of)--> chart(whole.visualization) [+] | text_labels(text.label) --contributes_to_difficulty_of--> chart(whole.visualization) [+]
whoQ42_6.png,Line,The image I selected feels more visually complex due to the messiness of the graph and the lack of colour diversity. I have a hard time gleaning what it is trying to convey due to the bad design of the graph. This makes it more complex in my head as I need to think harder to get any useful information from it.,color variety/arrangement/distribution; distracting/confusing/unclear; looks random/messy/lack structure; hard to interpret/read/understand/differentiate; more thinking,color variety/shading; distracting/confusing/unclear; easy/hard to interpret; take longer to interpret,4,5,3,graph --> whole.visualization [overall] | color_scheme --> property.color [data_area] | layout --> structure.layout [overall] | data_elements --> content.data [data_area],low_color_diversity @ color_scheme (property.color) [+] | poor_visual_design @ graph (whole.visualization) [+] | messy_disorganized_layout @ layout (structure.layout) [+] | unclear_conveyed_message @ graph (whole.visualization) [+] | requires_extra_cognitive_effort @ data_elements (content.data) [+],color_scheme(property.color) --contributes_to_poor_design_of--> graph(whole.visualization) [+] | layout(structure.layout) --increases_difficulty_interpreting--> data_elements(content.data) [+] | graph(whole.visualization) --makes_harder_to_extract--> data_elements(content.data) [+]
v482_n7386_10_f2.png,Line,"The graph would probably represent measuring an earthquake or similar seismic activity. Simple seismic measurements across time. Most graphs have two axes, which can be seen in the seismic graph.","title/axis/label/descriptions; domain-specific concepts (e.g., chemical, biology, map)","domain-specific concepts (e.g., chemical, biology, map); labels/axes/legends",4,5,2,chart --> whole.visualization [overall] | x_axis --> furniture.axes [axes] | y_axis --> furniture.axes [axes] | seismic_waveform --> mark.line [data_area],seismic_graph_type @ chart (whole.visualization) [-] | earthquake_measurement_context @ chart (whole.visualization) [-] | standard_axis_present @ x_axis (furniture.axes) [-] | standard_axis_present @ y_axis (furniture.axes) [-] | familiar_waveform_encoding @ seismic_waveform (mark.line) [-],x_axis(furniture.axes) --paired_with--> y_axis(furniture.axes) [-] | seismic_waveform(mark.line) --plotted_on--> x_axis(furniture.axes) [-]
v484_n7392_1_f4.png,Line,Too much information. Plotted points looks complex as well.,more charts/points/lines/shapes/elements; too much data/info,more charts/points/lines/shapes/elements; much/little data/info,2,2,1,plotted_points --> mark.point [data_area] | chart --> whole.visualization [overall],high_point_density @ plotted_points (mark.point) [+] | too_much_information @ chart (whole.visualization) [+],plotted_points(mark.point) --contributes_to_clutter_in--> chart(whole.visualization) [+]
SciVisJ.1025.10.png,Line,"I guess it has something to do with familiarity.
The one to the left where it's ranking things.; condensate readability simplicity confusion",a specific technique; familiar representation,"domain-specific concepts (e.g., chemical, biology, map)",2,2,1,chart --> whole.visualization [overall] | ranking_structure --> structure.hierarchy [data_area],familiar_chart_type @ chart (whole.visualization) [-] | ranked_ordering_present @ ranking_structure (structure.hierarchy) [-],ranking_structure(structure.hierarchy) --reduces_cognitive_load_of--> chart(whole.visualization) [-]
v487_n7405_7_f1.png,Line,"1. Text that I'd need to read
2. Error bars, up and down",error bars; readability,shapes and lines; word rotation/small font size,2,2,1,error_bars --> mark.bar [data_area] | text_labels --> text.label [axes],bidirectional_error_bars @ error_bars (mark.bar) [+] | requires_reading_effort @ text_labels (text.label) [+],error_bars(mark.bar) --adds_visual_clutter_to--> text_labels(text.label) [+]
VisC.255.4.png,Line,"Various lines representing different quantities, circles of varying size, different colors, intersection of lines",overlapping shapes/colors/lines; line quantity representation; shape size variation; color variety/arrangement/distribution,color variety/shading; overlapping shapes/colors/lines; shapes and lines,3,4,3,lines --> mark.line [data_area] | circles --> mark.point [data_area] | color_encoding --> property.color [overall],multiple_lines_intersecting @ lines (mark.line) [+] | represent_different_quantities @ lines (mark.line) [+] | varying_circle_sizes @ circles (mark.point) [+] | different_colors_used @ color_encoding (property.color) [-],lines(mark.line) --intersects_with--> lines(mark.line) [+] | color_encoding(property.color) --differentiates--> lines(mark.line) [-] | circles(mark.point) --co_occurs_with--> lines(mark.line) [+]
wsj270.png,Line,The left side image shows more information about data and easy to evaluate; The country flags  make it very easy to read the chart at a glance and understand the general data.,"design-data relationship; domain-specific concepts (e.g., chemical, biology, map); easy to interpret/read/understand","design-data relationship; domain-specific concepts (e.g., chemical, biology, map); easy/hard to interpret",3,4,2,chart --> whole.visualization [overall] | country_labels --> text.label [axes] | data_values --> content.data [data_area],easy_to_read_glance @ chart (whole.visualization) [-] | easy_to_evaluate @ chart (whole.visualization) [-] | country_related_context @ country_labels (text.label) [-] | provides_more_data_information @ data_values (content.data) [-],country_labels(text.label) --aids_interpretation(raw:aids_interpretation_of)--> chart(whole.visualization) [-] | data_values(content.data) --supports_evaluation_of--> chart(whole.visualization) [-]
InfoVisJ.659.6.png,Line,The orange although not greatly more complex takes more time to understand,take longer to interpret,take longer to interpret,1,1,0,visualization --> whole.visualization [overall],requires_extended_interpretation_time @ visualization (whole.visualization) [+],
VisC.171.4.png,Line,"On the left, I don't have any idea of what is the subjetc. There are numbers that I've never seen before like ""9e+06"" ??; No graph metrics given The numbers do not make sense",lack of/not enough axis labels/legend/annotations/context; no measurement/metric/axis; unfamiliar concepts/patterns; unclear meaning/confusing,"domain-specific concepts (e.g., chemical, biology, map); labels/axes/legends; unclear meaning/confusing",3,4,2,numerical_values --> content.number [data_area] | graph_metrics --> whole.visualization [axes] | subject_label --> text.label [title],unfamiliar_numbers_displayed @ numerical_values (content.number) [+] | numbers_lack_meaning @ numerical_values (content.number) [+] | no_graph_metrics_present @ graph_metrics (whole.visualization) [-] | subject_domain_unclear @ subject_label (text.label) [+],numerical_values(content.number) --confounds_interpretation_due_to--> subject_label(text.label) [+] | graph_metrics(whole.visualization) --absent_reducing_clutter_from--> numerical_values(content.number) [-]
VASTC.1.12.png,Line,1. Harder things to understand on the bottom axis 2. More complex/smaller things to try to make out 3. Harder concept to understand,more difficult to interpret/read/understand/differentiate,easy/hard to interpret,1,1,0,visualization --> whole.visualization [overall],hard_to_understand @ visualization (whole.visualization) [+],
VisC.87.8.png,Line,"- clear numerical details on the x and y scales - precise naming of the scales - two separate lines, one striped one long line marking data",few lines; axis scales; lack of/not enough axis labels/legend/annotations/context; no measurement/metric/axis; striped texture,labels/axes/legends; shapes and lines; symbols,5,5,3,line_chart --> whole.visualization [overall] | data_lines --> mark.line [data_area] | numerical_labels --> text.label [data_area] | axis_labels --> text.axis_label [axes] | striped_pattern --> structure.pattern [data_area],two_separate_lines @ data_lines (mark.line) [-] | numerical_details_present @ numerical_labels (text.label) [-] | precise_axis_naming @ axis_labels (text.axis_label) [-] | x_and_y_scales_present @ axis_labels (text.axis_label) [-] | striped_background_texture @ striped_pattern (structure.pattern) [-],data_lines(mark.line) --annotated_with--> numerical_labels(text.label) [-] | data_lines(mark.line) --plotted_on--> axis_labels(text.axis_label) [-] | striped_pattern(structure.pattern) --contains(raw:underlies)--> data_lines(mark.line) [-]
VisJ.1243.3.png,Line,"The interpretation of graphs, comparing the plots; calculating the exact value; 1) two axes that are scaled by numbers, and 2) there are complicated formulas and symbols",exact value; graph; plots; scale difference; readability,"domain-specific concepts (e.g., chemical, biology, map); scale difference; shapes and lines; word rotation/small font size",5,6,3,graph --> whole.visualization [data_area] | plot --> whole.visualization [data_area] | axes --> furniture.axes [axes] | numeric_scale --> furniture.scale [axes] | formula_symbol --> mark.symbol [annotation],multiple_graphs_present @ graph (whole.visualization) [+] | multiple_plots_present @ plot (whole.visualization) [+] | two_axes_present @ axes (furniture.axes) [+] | scaled_by_numbers @ numeric_scale (furniture.scale) [+] | complicated_formulas_symbols @ formula_symbol (mark.symbol) [+] | exact_values_displayed @ plot (whole.visualization) [+],axes(furniture.axes) --labeled_with--> numeric_scale(furniture.scale) [+] | formula_symbol(mark.symbol) --describes(raw:annotates)--> plot(whole.visualization) [+] | graph(whole.visualization) --contains--> plot(whole.visualization) [+]
VASTJ.432.7.png,Line,the right one is very straight forward therefore has a low level of complexity,intuitive,easy/hard to interpret,1,1,0,visualization --> whole.visualization [overall],straightforward_to_interpret @ visualization (whole.visualization) [-],
wsj359.png,Line,Highlighted image involved more color. Also it involves reading a graph that has points of increase and decrease.; harder to understand,shape increase/decrease point; color variety/arrangement/distribution; more difficult to interpret/read/understand/differentiate,color variety/shading; easy/hard to interpret; shape increase/decrease point,3,3,2,chart --> whole.visualization [overall] | color --> property.color [data_area] | data_points --> mark.point [data_area],multiple_colors_present @ color (property.color) [+] | increase_decrease_points @ data_points (mark.point) [+] | difficult_to_understand @ chart (whole.visualization) [-],color(property.color) --increases_complexity(raw:increases_complexity_of)--> chart(whole.visualization) [+] | data_points(mark.point) --adds_visual_complexity_to--> chart(whole.visualization) [+]
VisC.263.7.png,Line,"Pixeled picture, hard to understand meaning, bad choice of colors.",pixeled picture; unclear colors/contrast; hard to interpret/read/understand,distracting/confusing/unclear; easy/hard to interpret; unclear colors/contrast,3,3,2,visualization --> whole.visualization [overall] | color_scheme --> property.color [data_area] | pixel_elements --> mark.element [data_area],pixelated_appearance @ pixel_elements (mark.element) [+] | poor_color_choices @ color_scheme (property.color) [+] | hard_to_understand @ visualization (whole.visualization) [+],pixel_elements(mark.element) --increases_clutter_in--> visualization(whole.visualization) [+] | color_scheme(property.color) --hinders_reading(raw:hinders_interpretation_of)--> visualization(whole.visualization) [+]
whoI19.png,Line,has a limited number of countries the data is collected from; it has fewer axes; visually it is easier to understand; anyone with a high school education may be able to understand it.,"little data/info; fewer axes; domain-specific concepts (e.g., chemical, biology, map); easier to interpret/read/understand","2D/3D; domain-specific concepts (e.g., chemical, biology, map); easy/hard to interpret; much/little data/info",5,5,3,chart --> whole.visualization [overall] | axes --> furniture.axes [axes] | data_points --> mark.point [data_area] | country_labels --> text.label [data_area] | title_annotation --> text.annotation [title],limited_data_volume @ data_points (mark.point) [-] | fewer_axes_present @ axes (furniture.axes) [-] | multiple_countries_labeled @ country_labels (text.label) [+] | high_school_education_context @ title_annotation (text.annotation) [-] | easier_to_understand @ chart (whole.visualization) [-],axes(furniture.axes) --reduces_clutter_in--> chart(whole.visualization) [-] | country_labels(text.label) --increases_complexity(raw:adds_complexity_to)--> data_points(mark.point) [+] | data_points(mark.point) --supports_easy_interpretation_of--> chart(whole.visualization) [-]
InfoVisJ.1655.8.png,Line,Evaluation of lines,lines,shapes and lines,1,1,0,lines --> mark.line [data_area],multiple_lines_present @ lines (mark.line) [+],
v483_n7387_5_f1.png,Line,"There are far more details to try and understand with a complex variety of data points. 1. A plethora of datapoints to try and figure out 2. Multiple colours and lines; Multiple different facts presented, more numeric features",more charts/points/lines/shapes/elements; much/more data/info/info spread; color variety/arrangement/distribution; take longer to interpret,color variety/shading; more charts/points/lines/shapes/elements; much/little data/info; take longer to interpret,4,5,3,data_points --> mark.point [data_area] | lines --> mark.line [data_area] | colors --> property.color [data_area] | annotations_or_facts --> text.annotation [annotation],plethora_of_datapoints @ data_points (mark.point) [+] | multiple_lines_present @ lines (mark.line) [+] | multiple_colors_used @ colors (property.color) [+] | multiple_facts_conveyed @ annotations_or_facts (text.annotation) [+] | more_to_understand @ annotations_or_facts (text.annotation) [+],lines(mark.line) --encoded_with--> colors(property.color) [+] | data_points(mark.point) --increases_cognitive_load_via--> annotations_or_facts(text.annotation) [+] | lines(mark.line) --contributes_to_clutter_with--> data_points(mark.point) [+]
whoO03.png,Line,Smooth lines,smooth lines,shapes and lines,1,1,0,lines --> mark.line [data_area],smooth_continuous_curves @ lines (mark.line) [-],
VASTC.1.10.png,Line,The number of entries in the horizontal bar is very high.,many points/lines/shapes/elements,more charts/points/lines/shapes/elements,2,1,1,chart --> whole.visualization [overall] | data_entries --> content.data [data_area],very_high_entry_count @ data_entries (content.data) [+],data_entries(content.data) --overwhelms--> chart(whole.visualization) [+]
v489_n7414_25_f2.png,Line,Axes titles - Graph level of detail,title/axis/label/descriptions,labels/axes/legends,1,1,0,axes_titles --> furniture.axes [axes],present_axes_titles @ axes_titles (furniture.axes) [+],
InfoVisJ.1247.14.png,Line,Two different axes and an additional key shown to add extra clutter to the diagram.,title/axis/label/descriptions; with legend,labels/axes/legends,3,3,2,y_axis_left --> furniture.axes [axes] | y_axis_right --> furniture.axes [axes] | legend_key --> furniture.legend [legend],dual_axis_present @ y_axis_left (furniture.axes) [+] | dual_axis_present @ y_axis_right (furniture.axes) [+] | additional_key_required @ legend_key (furniture.legend) [+],y_axis_left(furniture.axes) --differs_from--> y_axis_right(furniture.axes) [+] | legend_key(furniture.legend) --adds_interpretive_burden_to--> y_axis_left(furniture.axes) [+]
VisC.29.16.png,Line,nothing is clear.; A simple line graph,a specific technique; distracting/confusing/unclear,"distracting/confusing/unclear; domain-specific concepts (e.g., chemical, biology, map)",2,3,1,line_graph --> whole.visualization [overall] | data_lines --> mark.line [data_area],lacks_visual_clarity @ line_graph (whole.visualization) [+] | line_graph_format @ line_graph (whole.visualization) [+] | unclear_encoding @ data_lines (mark.line) [+],data_lines(mark.line) --contributes_to_confusion_in--> line_graph(whole.visualization) [+]
InfoVisJ.1022.6.png,Line,Table on the right is simple and clear,"clear indication; simple visual elements; domain-specific concepts (e.g., chemical, biology, map)","domain-specific concepts (e.g., chemical, biology, map); simple visual elements; unclear meaning/confusing",2,3,1,table --> structure.grid [overall] | layout --> structure.layout [overall],tabular_structure @ table (structure.grid) [-] | clear_organization @ table (structure.grid) [-] | simple_design @ layout (structure.layout) [-],table(structure.grid) --reduces--> layout(structure.layout) [-]
v484_n7392_9_f3.png,Line,"Many different results in the same chart, many numbers and lines of scale.",many numbers; more charts/points/lines/shapes/elements,amount of words/context/numbers; more charts/points/lines/shapes/elements,4,4,3,chart --> whole.visualization [overall] | data_lines --> mark.line [data_area] | scale_lines --> mark.line [data_area] | numbers --> content.number [axes],many_results_displayed @ chart (whole.visualization) [+] | multiple_data_series @ data_lines (mark.line) [+] | multiple_scale_lines @ scale_lines (mark.line) [+] | many_numeric_labels @ numbers (content.number) [+],data_lines(mark.line) --increases_clutter_in--> chart(whole.visualization) [+] | scale_lines(mark.line) --adds_visual_complexity_to--> chart(whole.visualization) [+] | numbers(content.number) --increases_effort(raw:increases_cognitive_load_of)--> chart(whole.visualization) [+]
InfoVisC.8.7.png,Line,There were a lot of intersections in the Circle  suggesting that there is a high amount of data to be extracted,much/more data/info/info spread; overlapping shapes/colors/lines,much/little data/info; overlapping shapes/colors/lines,3,2,2,circle --> mark.point [data_area] | data_points --> mark.point [data_area] | intersections --> structure.link [data_area],high_data_volume @ data_points (mark.point) [+] | multiple_crossing_lines @ intersections (structure.link) [+],data_points(mark.point) --creates_clutter_within--> circle(mark.point) [+] | intersections(structure.link) --increases_visual_complexity_in--> circle(mark.point) [+]
v483_n7390_1_f2.png,Line,,color variety/arrangement/distribution,color variety/shading,1,1,0,chart --> whole.visualization [overall],high_data_variation @ chart (whole.visualization) [+],
visMost92.png,Line,"the image has more colors, it has text, a grid, and icons (the thunders); Number of levels and levels; misunderstanding of shapes.",number of levels; understand/read shapes; word/text/sentence; color variety/arrangement/distribution; icons; shape misunderstanding,2D/3D; amount of words/context/numbers; color variety/shading; shapes and lines; symbols; understand/read shapes,5,5,3,text --> text.label [overall] | icons --> mark.symbol [data_area] | color_scheme --> property.color [overall] | shapes --> mark.shape [data_area] | hierarchy_levels --> structure.hierarchy [data_area],high_text_volume @ text (text.label) [+] | multiple_icons_present @ icons (mark.symbol) [+] | many_colors_used @ color_scheme (property.color) [+] | ambiguous_shape_encoding @ shapes (mark.shape) [+] | numerous_hierarchy_levels @ hierarchy_levels (structure.hierarchy) [+],icons(mark.symbol) --contributes_to_misreading_of--> shapes(mark.shape) [+] | color_scheme(property.color) --increases_clutter_alongside--> icons(mark.symbol) [+] | hierarchy_levels(structure.hierarchy) --compounds_complexity_with--> text(text.label) [+]
InfoVisJ.1677.10.png,Node-link,I find the node-like graph difficult to comprehend and therefore more complex than the other graph. The colour distribution in the first chart appears more complex. The random-looking figure created by the data points in the first chart looks more complex. The lack of reference points such as axes makes the first image look more complex compared with the second chart.,hard to interpret/read/understand,easy/hard to interpret,1,1,0,visualization --> whole.visualization [overall],difficult_to_comprehend @ visualization (whole.visualization) [+],
v490_n7418_12_f3.png,Line,number of points / shapes; complexity in shapes; colour variation; information represented,more charts/points/lines/shapes/elements; curves and shapes; color variety/arrangement/distribution,color variety/shading; more charts/points/lines/shapes/elements; shapes and lines,3,3,3,data_points --> mark.point [data_area] | shapes --> mark.shape [data_area] | color_encoding --> property.color [data_area],high_point_count @ data_points (mark.point) [+] | complex_shape_variety @ shapes (mark.shape) [+] | multiple_color_variations @ color_encoding (property.color) [+],data_points(mark.point) --encoded_with--> shapes(mark.shape) [+] | shapes(mark.shape) --differentiated_by--> color_encoding(property.color) [+] | data_points(mark.point) --increases_clutter_via--> color_encoding(property.color) [+]
VisC.61.10(2).png,Node-link,can easily deduce what the chart is trying to tell you,easy to interpret/read/understand,easy/hard to interpret,1,1,0,visualization --> whole.visualization [overall],easily_deducible_content @ visualization (whole.visualization) [-],
VisC.61.10.png,Node-link,"connections sometimes feel arbitrary, irregular and hard to understand",confusing connection; hard to interpret/read/understand,easy/hard to interpret; unclear meaning/confusing,2,2,1,connections --> structure.link [data_area] | visualization --> whole.visualization [overall],arbitrary_irregular_links @ connections (structure.link) [+] | hard_to_understand @ visualization (whole.visualization) [+],connections(structure.link) --increases_effort(raw:increases_cognitive_load_of)--> visualization(whole.visualization) [+]
vis737.png,Node-link,1. Colors are in the same shade — hard to differentiate. 2. No labels on axes — not sure what it’s talking about.,lack of/not enough axis labels/legend/annotations/context; similar colors; hard to interpret/read/understand/differentiate; unclear meaning/confusing,color variety/shading; easy/hard to interpret; labels/axes/legends; unclear meaning/confusing,4,4,2,chart --> whole.visualization [overall] | color_scheme --> property.color [data_area] | axes --> furniture.axes [axes] | data_elements --> content.data [data_area],same_shade_colors @ color_scheme (property.color) [+] | no_axis_labels @ axes (furniture.axes) [+] | hard_to_differentiate @ data_elements (content.data) [+] | unclear_subject_matter @ chart (whole.visualization) [+],color_scheme(property.color) --impedes_distinction_of--> data_elements(content.data) [+] | axes(furniture.axes) --lacks(raw:lacks_context_for)--> chart(whole.visualization) [+]
VASTJ.1698.5(4).png,Node-link,"this image is strange and difficult to analyze that why i found it complex; lines crossing; information depicted more granularly; I don't know how to read this, it's understandable; they were both complex but the depth and intersecting lines of the one one the right made it more complex for me",overlapping shapes/colors/lines; 2D/3D; information nuance expressed; intersecting lines; feeling strange; hard to interpret/read/understand; not interpretable/readable/understandable,"2D/3D; distracting/confusing/unclear; domain-specific concepts (e.g., chemical, biology, map); easy/hard to interpret; overlapping shapes/colors/lines; shapes and lines",4,7,3,lines --> mark.line [data_area] | intersections --> structure.link [data_area] | chart --> whole.visualization [overall] | data_encoding --> property.encoding [data_area],crossing_multiple_times @ lines (mark.line) [+] | intersecting_lines_present @ lines (mark.line) [+] | difficult_to_analyze @ chart (whole.visualization) [+] | strange_unfamiliar_form @ chart (whole.visualization) [+] | unknown_how_to_read @ chart (whole.visualization) [+] | granular_information_depth @ data_encoding (property.encoding) [+] | high_depth_of_data @ data_encoding (property.encoding) [+],lines(mark.line) --contributes_to(raw:creates)--> intersections(structure.link) [+] | intersections(structure.link) --increases_clutter_in--> chart(whole.visualization) [+] | data_encoding(property.encoding) --contributes_to_difficulty_of--> chart(whole.visualization) [+]
visMost76.png,Node-link,"difficult to follow, non familiar layout , overly colourfull; the non highlighted one was also brighter and cleaer in its image",clear colors/shapes; unfamiliar concepts/patterns; bright colors; too many colors; hard to focus/follow,"bright colors; clear colors/shapes; color variety/shading; domain-specific concepts (e.g., chemical, biology, map); easy/hard to interpret",3,5,2,chart --> whole.visualization [overall] | color_scheme --> property.color [data_area] | layout --> structure.layout [overall],non_familiar_layout @ layout (structure.layout) [+] | overly_colorful @ color_scheme (property.color) [+] | difficult_to_follow @ chart (whole.visualization) [+] | brighter_colors @ color_scheme (property.color) [-] | clearer_presentation @ chart (whole.visualization) [-],layout(structure.layout) --increases_effort(raw:increases_cognitive_load_of)--> chart(whole.visualization) [+] | color_scheme(property.color) --contributes_to_clutter_in--> chart(whole.visualization) [+]
InfoVisJ.339.3.png,Node-link,"It has considerably more going on than the other image. More text, colors, connections and information. The arrangement of the data is more complicated because of that, making it take a little bit longer to understand and go through. The colors of the image are strongly contrasting with each other. There's big text and smaller text, as in, titles and descriptions. Honestly, this image is complex but not confusing, it's okay.; I see more links and written information in the second image. There are also more types of information in the one I have selected.; both is understandable, but right one is more complex as it describes a process.; The left image is showing a very clear path to follow",much/more data/info/info spread; clear indication; context/text/description; mixed size; more texts/words; title/axis/label/descriptions; a specific technique; distinguishable/full/highly contrast color uses; easy to interpret/read/understand; take longer to interpret,"amount of words/context/numbers; distinguishable/full/highly contrast color uses; domain-specific concepts (e.g., chemical, biology, map); easy/hard to interpret; labels/axes/legends; much/little data/info; shapes and lines; take longer to interpret; unclear meaning/confusing",7,12,5,diagram --> whole.visualization [overall] | connections --> structure.link [data_area] | text_labels --> text.label [data_area] | titles --> text.title [title] | descriptions --> text.description [annotation] | color_scheme --> property.color [overall] | process_path --> structure.link [data_area],multiple_links_present @ connections (structure.link) [+] | high_connection_count @ connections (structure.link) [+] | mixed_text_sizes @ text_labels (text.label) [+] | written_information_dense @ text_labels (text.label) [+] | titles_present @ titles (text.title) [+] | descriptive_annotations_present @ descriptions (text.description) [+] | strongly_contrasting_colors @ color_scheme (property.color) [+] | sequential_process_structure @ process_path (structure.link) [+] | clear_path_to_follow @ process_path (structure.link) [-] | longer_to_understand @ diagram (whole.visualization) [+] | generally_understandable @ diagram (whole.visualization) [-] | multiple_information_types @ diagram (whole.visualization) [+],titles(text.title) --accompanies--> descriptions(text.description) [+] | connections(structure.link) --increases_clutter_in--> diagram(whole.visualization) [+] | process_path(structure.link) --provides_structure_to--> diagram(whole.visualization) [-] | color_scheme(property.color) --differentiates--> connections(structure.link) [+] | text_labels(text.label) --adds_cognitive_load_to--> diagram(whole.visualization) [+]
VisC.77.17.png,Node-link,3D will always be more difficult to interpret,2D/3D; more difficult to interpret/read/understand/differentiate,2D/3D; easy/hard to interpret,2,2,1,chart --> whole.visualization [overall] | data_area --> structure.region [data_area],three_dimensional_structure @ chart (whole.visualization) [+] | difficult_to_interpret @ chart (whole.visualization) [+],data_area(structure.region) --rendered_in--> chart(whole.visualization) [+]
InfoVisC.65.6(2).png,Node-link,"The one on the right looks like a lot of different bits of data interacting, so it seems more complex and a bit harder to understand.",multiple interacting elements; more difficult to interpret/read/understand/differentiate,easy/hard to interpret; more charts/points/lines/shapes/elements,2,2,1,chart --> whole.visualization [overall] | data_elements --> content.data [data_area],multiple_interacting_data_bits @ data_elements (content.data) [+] | harder_to_understand @ chart (whole.visualization) [+],data_elements(content.data) --increases_effort(raw:increases_cognitive_load_of)--> chart(whole.visualization) [+]
vis666.png,Node-link,"interconnecting lines, different colors, many text boxes, assortment of bigger red boxes",more charts/points/lines/shapes/elements; intersecting lines; more text boxes; color variety/arrangement/distribution,amount of words/context/numbers; color variety/shading; more charts/points/lines/shapes/elements; shapes and lines,4,5,3,red_boxes --> structure.panel [data_area] | interconnecting_lines --> mark.line [data_area] | text_boxes --> text.label [data_area] | colors --> property.color [overall],assortment_of_bigger_boxes @ red_boxes (structure.panel) [+] | red_colored_boxes @ red_boxes (structure.panel) [+] | multiple_interconnecting_lines @ interconnecting_lines (mark.line) [+] | many_text_boxes_present @ text_boxes (text.label) [+] | different_colors_used @ colors (property.color) [-],interconnecting_lines(mark.line) --connects--> text_boxes(text.label) [+] | red_boxes(structure.panel) --clutters--> text_boxes(text.label) [+] | colors(property.color) --differentiates--> text_boxes(text.label) [-]
InfoVisC.65.3.png,Node-link,The numbers and lines do not make sense nor do I know the context so they seem to be a bit more complicated which is why I chose that one.,indistinguishable/unintuitive lines; lack of/not enough axis labels/legend/annotations/context; no context or reference; more complicated; not interpretable/readable/understandable,"domain-specific concepts (e.g., chemical, biology, map); easy/hard to interpret; labels/axes/legends; shapes and lines",3,5,2,lines --> mark.line [data_area] | numbers --> content.number [axes] | chart --> whole.visualization [overall],visually_confusing_lines @ lines (mark.line) [+] | incomprehensible_numeric_values @ numbers (content.number) [+] | lacks_contextual_information @ chart (whole.visualization) [+] | overall_more_complicated @ chart (whole.visualization) [+] | elements_do_not_make_sense @ chart (whole.visualization) [+],lines(mark.line) --contributes_to_confusion_in--> chart(whole.visualization) [+] | numbers(content.number) --increases_effort(raw:increases_cognitive_load_of)--> chart(whole.visualization) [+]
VisC.11.12(2).png,Node-link,"In the orange highlighted image, there are a multitude of paths or routes between different points. These paths overlap, intersect, diverge, creating a visually intricate network The crossing and overlapping of the lines make it challenging to distinguish between individual routes or connections, requiring careful examination and interpretation to unravel the underlying structure of the network. It contain layered information, with different sets of lines representing various types of relationships or networks It makes it difficult to focus on the image for long; More intersecting lines, vast interpretations, less writing",overlapping shapes/colors/lines; network representation; little/less text/numbers/context; hard to compare/discern/distinguish; hard to focus/follow; more reading/interpretation/understanding; multiple interpretation,"domain-specific concepts (e.g., chemical, biology, map); easy/hard to interpret; little/less text/numbers/context; overlapping shapes/colors/lines; take longer to interpret",4,9,4,lines --> mark.line [data_area] | network --> structure.link [data_area] | paths --> structure.link [data_area] | text_labels --> text.label [axes],intersecting_and_crossing @ lines (mark.line) [+] | overlapping_lines @ lines (mark.line) [+] | visually_intricate_network @ network (structure.link) [+] | challenging_to_distinguish @ network (structure.link) [+] | multitude_of_routes @ paths (structure.link) [+] | paths_diverge_and_overlap @ paths (structure.link) [+] | less_writing_present @ text_labels (text.label) [+] | vast_interpretations_possible @ network (structure.link) [+] | difficult_to_focus_long @ network (structure.link) [+],lines(mark.line) --contributes_to(raw:creates)--> network(structure.link) [+] | paths(structure.link) --intersect_and_diverge_within--> network(structure.link) [+] | network(structure.link) --requires_careful_examination_of--> paths(structure.link) [+] | lines(mark.line) --overlap_making_hard_to_read--> text_labels(text.label) [+]
SciVisJ.896.3.png,Node-link,There are too many colors and it's not clear what they mean.,unclear meaning; too many colors,color variety/shading; unclear meaning/confusing,2,2,1,color_scheme --> property.color [overall] | legend --> furniture.legend [legend],too_many_colors @ color_scheme (property.color) [+] | unclear_meaning @ legend (furniture.legend) [+],color_scheme(property.color) --increases_cognitive_load_due_to--> legend(furniture.legend) [+]
InfoVisJ.2709.1.png,Node-link,"left one is a mess. Left one has more different types of info. (picture, graph, words etc)",messy/mixed up/noisy/intermingled elements; much/more data/info/info spread; word/text/sentence; looks random/messy/lack structure,amount of words/context/numbers; distracting/confusing/unclear; much/little data/info; overlapping shapes/colors/lines,4,4,2,left_chart --> whole.visualization [data_area] | right_chart --> whole.visualization [data_area] | text_labels --> text.label [axes] | data_types --> content.data [overall],visually_messy_layout @ left_chart (whole.visualization) [+] | cluttered_and_disordered @ left_chart (whole.visualization) [+] | words_aid_readability @ text_labels (text.label) [-] | multiple_info_types @ data_types (content.data) [+],left_chart(whole.visualization) --is_messier_than--> right_chart(whole.visualization) [+] | data_types(content.data) --increases_complexity(raw:increases_complexity_of)--> left_chart(whole.visualization) [+]
InfoVisC.27.6.png,Node-link,contains more information mix several colors the layout of the image,image layout; color variety/arrangement/distribution,2D/3D; color variety/shading,3,2,2,chart --> whole.visualization [overall] | color_scheme --> property.color [data_area] | layout --> structure.layout [overall],multiple_colors_mixed @ color_scheme (property.color) [+] | complex_spatial_arrangement @ layout (structure.layout) [+],color_scheme(property.color) --increases_clutter_in--> chart(whole.visualization) [+] | layout(structure.layout) --contributes_to_cognitive_load_of--> chart(whole.visualization) [+]
visMost38.png,Node-link,seemed very complex with overlapping lines - showing lots of information,much/more data/info/info spread; overlapping shapes/colors/lines,much/little data/info; overlapping shapes/colors/lines,2,2,1,chart --> whole.visualization [overall] | lines --> mark.line [data_area],lots_of_information @ chart (whole.visualization) [+] | overlapping_lines_present @ lines (mark.line) [+],lines(mark.line) --contributes_to_clutter_in--> chart(whole.visualization) [+]
SciVisJ.1290.8.png,Node-link,I don't understand what the labels mean. What do the colors represent? Are they chemicals?,"label meaning; domain-specific concepts (e.g., chemical, biology, map); unclear color meaning","color contrast/clarity; domain-specific concepts (e.g., chemical, biology, map); labels/axes/legends",3,3,2,labels --> text.label [axes] | color_encoding --> property.color [legend] | chemical_data --> content.data [data_area],ambiguous_label_meaning @ labels (text.label) [+] | unclear_color_representation @ color_encoding (property.color) [+] | domain_specific_chemicals @ chemical_data (content.data) [+],chemical_data(content.data) --requires_interpretation_of--> labels(text.label) [+] | chemical_data(content.data) --encoded_by--> color_encoding(property.color) [+]
InfoVisJ.2466.7.png,Node-link,The chosen image is more complex because overall it looks messy. The letters and tittles are so small you can not read them. Too many titles and small arrows.,hard to interpret/read/understand/differentiate,easy/hard to interpret,1,1,0,text_labels --> text.label [overall],illegible_unreadable_text @ text_labels (text.label) [+],
VASTC.1.7.png,Node-link,"No details color code Growth pattern; 1 - Abundance of individual objects 2 - Variation in Colours 3 - Number of vertical lines 4 - Contrasting patterns; Imaging seemed more arbitrary and complex in the orange one; the details in the orange one are finer and more intricate.; all of the dots seem like there more going on hard to make out what it means each box is significantly different; number of dots, color of dots; All of the dots make it seem like there's more going on; hard to make out what it means; each box is significantly different; clear color difference; i really dont understand that graphic. They look like stages of a process but it is not clear to me. intuitively I do not see it.; I have no experience with 'Wavelet Coefficients', therefore the coloured dots don't mean anything to me and is impossible to interpret; The way of connecting to its surroundings feels confusing and even though I somewhat understand it, it has created me confusion before; its more complex, at least for the viewer, as you first need to understand what each picture or image inside the columns tell you.","fine/layered details; little data/info; more charts/points/lines/shapes/elements; more detailed/things; confusing connection; number of vertical lines; shape size variation; shapes and lines; a specific technique; domain-specific concepts (e.g., chemical, biology, map); familiar representation; clear color uses; color variety/arrangement/distribution; low color contrast/separation/segmentation; unclear colormaps; arbitrary imaging; distracting/confusing/unclear; hard to interpret/read/understand; hard to interpret/read/understand/differentiate; more complicated; not interpretable/readable/understandable; unclear meaning/confusing","color contrast/clarity; color variety/shading; distinguishable/full/highly contrast color uses; distracting/confusing/unclear; domain-specific concepts (e.g., chemical, biology, map); easy/hard to interpret; more charts/points/lines/shapes/elements; much/little data/info; shapes and lines; unclear meaning/confusing",6,13,5,dots --> mark.point [data_area] | vertical_lines --> mark.line [data_area] | boxes --> mark.shape [data_area] | color_code --> furniture.legend [legend] | patterns --> structure.pattern [data_area] | wavelet_coefficients --> content.data [overall],high_dot_count @ dots (mark.point) [+] | varied_dot_colors @ dots (mark.point) [+] | dots_present @ dots (mark.point) [-] | numerous_vertical_lines @ vertical_lines (mark.line) [+] | each_box_significantly_different @ boxes (mark.shape) [+] | finer_intricate_details @ boxes (mark.shape) [+] | clear_color_difference @ color_code (furniture.legend) [-] | color_variation_present @ color_code (furniture.legend) [+] | contrasting_patterns @ patterns (structure.pattern) [+] | growth_pattern_implied @ patterns (structure.pattern) [+] | domain_specific_terminology @ wavelet_coefficients (content.data) [+] | impossible_to_interpret @ wavelet_coefficients (content.data) [+] | imaging_seems_arbitrary @ wavelet_coefficients (content.data) [+],dots(mark.point) --contributes_to_abundance_of--> boxes(mark.shape) [+] | color_code(furniture.legend) --fails_to_clarify--> wavelet_coefficients(content.data) [+] | patterns(structure.pattern) --increases_confusion_in--> boxes(mark.shape) [+] | boxes(mark.shape) --represents_stages_of--> wavelet_coefficients(content.data) [+] | vertical_lines(mark.line) --adds_clutter_to--> boxes(mark.shape) [+]
InfoVisC.65.4.png,Node-link,Small arrows make things hard to read so it become more complex,shapes and lines; hard to interpret/read/understand/differentiate,easy/hard to interpret; shapes and lines,2,3,1,arrows --> mark.symbol [data_area] | chart --> whole.visualization [overall],small_size @ arrows (mark.symbol) [+] | difficult_to_read @ arrows (mark.symbol) [+] | hard_to_interpret @ chart (whole.visualization) [+],arrows(mark.symbol) --increases_clutter_in--> chart(whole.visualization) [+]
InfoVisJ.349.1(2).png,Node-link,The other choice was more logical to read and was in black and white.,black-to-white/color gradient; intuitive,color variety/shading; easy/hard to interpret,2,2,1,chart --> whole.visualization [overall] | color_scheme --> property.color [overall],black_and_white_only @ color_scheme (property.color) [-] | logical_to_read @ chart (whole.visualization) [-],color_scheme(property.color) --simplifies(raw:reduces_complexity_of)--> chart(whole.visualization) [-]
VASTJ.1139.3(2).png,Node-link,The image on the left only has a few lines; The left one has less elements; clearer : there is a start and end that are easy to identify (you just have to follow the lines). It seems that there is less information (elements) to process in the second picture.; Simple colored dots and lines on a grid; structured and labeled plot; contains curves and different points but follows a discernible pattern; flat with two-dimensional geometric shapes.,few points/lines/shapes/elements; little data/info; curves and shapes; shape variety; shapes and lines; title/axis/label/descriptions; familiar representation; lack of color contrast / hard to distinguish colors; easy to interpret/read/understand,"color contrast/clarity; domain-specific concepts (e.g., chemical, biology, map); easy/hard to interpret; labels/axes/legends; more charts/points/lines/shapes/elements; much/little data/info; shapes and lines",6,8,5,grid --> structure.grid [data_area] | lines --> mark.line [data_area] | dots --> mark.point [data_area] | geometric_shapes --> mark.shape [data_area] | labels --> text.label [axes] | color --> property.color [overall],structured_layout @ grid (structure.grid) [-] | few_lines_present @ lines (mark.line) [-] | sparse_dot_count @ dots (mark.point) [-] | 2d_geometric_forms @ geometric_shapes (mark.shape) [-] | discernible_pattern @ geometric_shapes (mark.shape) [-] | structured_and_labeled @ labels (text.label) [-] | simple_coloring @ color (property.color) [-] | less_elements_overall @ grid (structure.grid) [-],lines(mark.line) --plotted_on--> grid(structure.grid) [-] | dots(mark.point) --plotted_on--> grid(structure.grid) [-] | geometric_shapes(mark.shape) --reduces--> color(property.color) [-] | labels(text.label) --aids_interpretation(raw:aids_interpretation_of)--> grid(structure.grid) [-] | lines(mark.line) --follows_pattern_with--> dots(mark.point) [-]
VisC.383.7.png,Node-link,"It was hard to decide between the 2 images, as both are very complex but, the image chosen contained a darker/denser area and also showed a receeding horizon point. I was more drawn to its pattern.",2D/3D; familiar representation; unclear coloring,"2D/3D; color contrast/clarity; domain-specific concepts (e.g., chemical, biology, map)",3,3,2,dense_region --> structure.region [data_area] | pattern --> structure.pattern [data_area] | horizon_point --> mark.point [data_area],darker_denser_area @ dense_region (structure.region) [+] | visible_repeating_pattern @ pattern (structure.pattern) [+] | receding_perspective_point @ horizon_point (mark.point) [+],dense_region(structure.region) --contributes_to--> pattern(structure.pattern) [+] | horizon_point(mark.point) --creates_depth_in--> pattern(structure.pattern) [+]
InfoVisC.65.4(2).png,Node-link,"Because al the dots were related to one, like a water fall but I didn't know why",understand/read shapes; waterfall-like,"domain-specific concepts (e.g., chemical, biology, map); understand/read shapes",2,2,1,dots --> mark.point [data_area] | waterfall_pattern --> structure.pattern [data_area],all_dots_interconnected @ dots (mark.point) [+] | cascading_visual_flow @ waterfall_pattern (structure.pattern) [+],dots(mark.point) --represents(raw:forms)--> waterfall_pattern(structure.pattern) [+]
VASTJ.200.8.png,Node-link,It is more difficult to follow the lines. There is no color guide and the names are too small to read. Also there is no order.,less organized elements; lines; word rotation/small font size; unclear color meaning; more difficult to focus/follow,color contrast/clarity; less organized elements; more difficult to focus/follow; shapes and lines; word rotation/small font size,4,5,3,lines --> mark.line [data_area] | labels --> text.label [data_area] | legend --> furniture.legend [legend] | layout --> structure.layout [overall],multiple_lines_present @ lines (mark.line) [+] | difficult_to_follow @ lines (mark.line) [+] | names_too_small_to_read @ labels (text.label) [+] | no_color_guide_present @ legend (furniture.legend) [+] | no_ordering_structure @ layout (structure.layout) [+],legend(furniture.legend) --absent_making_harder_to_decode--> lines(mark.line) [+] | layout(structure.layout) --increases_difficulty_tracing--> lines(mark.line) [+] | labels(text.label) --too_small_to_identify--> lines(mark.line) [+]
InfoVisJ.401.12.png,Node-link,More elements; the chosen image seems like there is a cluster of information that needs to be seen slowly one by one. It feels like the chosen visualization comes from a more scientific method than just showing information in text. Some kind of extra information would be needed to understand what these networks mean.,"clustered data/info; more charts/points/lines/shapes/elements; clear text/scale/information; a specific technique; domain-specific concepts (e.g., chemical, biology, map)","clear text/scale/information; domain-specific concepts (e.g., chemical, biology, map); more charts/points/lines/shapes/elements; much/little data/info",5,7,4,network --> structure.link [data_area] | text_labels --> text.label [data_area] | cluster --> structure.region [data_area] | nodes --> mark.node [data_area] | edges --> structure.link [data_area],network_structure_present @ network (structure.link) [+] | requires_domain_knowledge @ network (structure.link) [+] | information_shown_in_text @ text_labels (text.label) [+] | high_text_density @ text_labels (text.label) [+] | dense_cluster_of_elements @ cluster (structure.region) [+] | many_nodes_present @ nodes (mark.node) [+] | multiple_connecting_edges @ edges (structure.link) [+],cluster(structure.region) --increases_visual_clutter--> network(structure.link) [+] | text_labels(text.label) --adds_cognitive_load_to--> network(structure.link) [+] | nodes(mark.node) --connected_by--> edges(structure.link) [+] | network(structure.link) --requires_scientific_interpretation--> cluster(structure.region) [+]
InfoVisJ.339.10.png,Node-link,"There were visually more details in the pictures I chose; Excessive Data Points: When a chart contains too many data points, it can overwhelm the viewer and make it difficult to discern meaningful patterns or trends. Cluttered Labels and Annotations: If labels, titles, and annotations are excessively crowded or overlapping, it can make it challenging to identify specific elements within the chart. Poor Color Choices: Using too many colors or poorly contrasting colors can make it difficult to differentiate between different data series or categories. Data Overload: Including too much data in a single chart or diagram can make it difficult to focus on the most important information and can obscure key insights.; there are more information shown - you need more time to understand what this chart shows - you need time to understand what this chart even stands for; there are numbers, sticks and boxes and we don't know what is the distribution of numbers and what is the ratio between them; çizilen çizgilerin keskin renge sahip olmaması",much/more data/info/info spread; numbers and shapes; number distribution; text ratio; texture details; take longer to interpret,2D/3D; amount of words/context/numbers; much/little data/info; symbols; take longer to interpret,5,7,4,boxes --> mark.shape [data_area] | sticks --> mark.bar [data_area] | numbers --> content.number [data_area] | distribution --> content.data [data_area] | ratio --> content.number [data_area],multiple_box_elements @ boxes (mark.shape) [+] | multiple_stick_elements @ sticks (mark.bar) [+] | distributed_numeric_labels @ numbers (content.number) [+] | spread_of_values_shown @ distribution (content.data) [+] | ratio_information_present @ ratio (content.number) [+] | visually_more_details @ boxes (mark.shape) [+] | more_time_to_understand @ numbers (content.number) [+],sticks(mark.bar) --combined_with--> boxes(mark.shape) [+] | numbers(content.number) --describes(raw:annotates)--> boxes(mark.shape) [+] | distribution(content.data) --increases_information_in--> boxes(mark.shape) [+] | ratio(content.number) --adds_cognitive_load_to--> numbers(content.number) [+]
VASTJ.1448.5.png,Node-link,"Num of objects/words, how objects spread over the whole picture",more charts/points/lines/shapes/elements; much/more data/info/info spread; word/text/sentence,amount of words/context/numbers; more charts/points/lines/shapes/elements; much/little data/info,2,3,1,words --> text.label [data_area] | layout --> structure.layout [overall],few_words_present @ words (text.label) [-] | low_object_count @ words (text.label) [-] | spread_out_distribution @ layout (structure.layout) [-],words(text.label) --spread_across--> layout(structure.layout) [-]
vis796.png,Node-link,"Can't tell what the graph is trying to say, too many lines and similar colors",more charts/points/lines/shapes/elements; lack of color contrast / hard to distinguish colors; hard to interpret/read/understand/differentiate,color contrast/clarity; easy/hard to interpret; more charts/points/lines/shapes/elements,3,5,2,lines --> mark.line [data_area] | color_encoding --> property.color [legend] | chart --> whole.visualization [overall],excessive_line_count @ lines (mark.line) [+] | visually_cluttered_overlap @ lines (mark.line) [+] | similar_colors_used @ color_encoding (property.color) [+] | low_color_distinguishability @ color_encoding (property.color) [+] | unclear_message @ chart (whole.visualization) [+],lines(mark.line) --obscured_by--> color_encoding(property.color) [+] | lines(mark.line) --contributes_to_confusion_in--> chart(whole.visualization) [+]
InfoVisC.103.4.png,Node-link,"Easy to understand, comfortable for the eyes; informative",easy to interpret/read/understand,easy/hard to interpret,1,2,0,visualization --> whole.visualization [overall],easy_to_understand @ visualization (whole.visualization) [-] | comfortable_visual_appearance @ visualization (whole.visualization) [-],
VASTJ.111.5.png,Node-link,Visual clarity Information gets mixed with other information points At first sight I don't understand the chart,shape point of interest; not interpretable/readable/understandable,easy/hard to interpret; shape point of interest,2,2,1,chart --> whole.visualization [overall] | data_points --> mark.point [data_area],multiple_information_points @ data_points (mark.point) [+] | difficult_to_interpret @ chart (whole.visualization) [+],data_points(mark.point) --increases_effort(raw:increases_cognitive_load_of)--> chart(whole.visualization) [+]
InfoVisJ.349.8(4).png,Node-link,overall visually complexed. No data entry for the chosen one hard to understand that what is defined in the picture.,little data/info; hard to interpret/read/understand,easy/hard to interpret; much/little data/info,2,2,1,chart --> whole.visualization [overall] | data_area --> structure.region [data_area],no_data_present @ data_area (structure.region) [+] | hard_to_understand @ chart (whole.visualization) [+],data_area(structure.region) --contributes_to--> chart(whole.visualization) [+]
np_11.png,Node-link,"There is a lot of information to understand, there information is divided in more group, there are multiple area of interests; Multiple elements, includes text and image, in different sizes, and different colours, lots of information; Num of objects/words, how objects spread over the whole picture; too many things; Sports; The one to the right where I know they are talking about the total value of Forbes 50 most valuable sports team in 20112.","many points/lines/shapes/elements; more charts/points/lines/shapes/elements; more detailed/things; much/more data/info/info spread; multiple features/elements/graphs; element sizes; word/text/sentence; domain-specific concepts (e.g., chemical, biology, map); color variety/arrangement/distribution","amount of words/context/numbers; color variety/shading; domain-specific concepts (e.g., chemical, biology, map); more charts/points/lines/shapes/elements; much/little data/info; shapes and lines",5,12,5,chart --> whole.visualization [overall] | text_labels --> text.label [data_area] | data_elements --> content.data [data_area] | groups --> content.category [data_area] | colors --> property.color [data_area],too_many_elements @ chart (whole.visualization) [+] | lots_of_information @ chart (whole.visualization) [+] | multiple_areas_of_interest @ chart (whole.visualization) [+] | forbes_companies_context @ chart (whole.visualization) [-] | sports_team_context @ chart (whole.visualization) [-] | high_word_count @ text_labels (text.label) [+] | words_present @ text_labels (text.label) [-] | different_sizes @ data_elements (content.data) [+] | objects_spread_across_space @ data_elements (content.data) [-] | manageable_object_count @ data_elements (content.data) [-] | more_groups_present @ groups (content.category) [+] | different_colors_used @ colors (property.color) [-],text_labels(text.label) --contributes_to--> chart(whole.visualization) [+] | data_elements(content.data) --varies_in_size_within--> chart(whole.visualization) [+] | groups(content.category) --increases_complexity(raw:increases_complexity_of)--> chart(whole.visualization) [+] | colors(property.color) --differentiates_elements_in--> chart(whole.visualization) [-] | data_elements(content.data) --spread_across--> chart(whole.visualization) [-]
vis567.png,Node-link,I don't understand anything about the picture at all. It is all new to me and it doesn't seem to be something I can use my common sense to understand,unfamiliar concepts/patterns; not interpretable/readable/understandable,"domain-specific concepts (e.g., chemical, biology, map); easy/hard to interpret",3,5,2,visualization --> whole.visualization [overall] | chart_content --> whole.visualization [data_area] | encoding_scheme --> property.encoding [axes],unfamiliar_to_viewer @ visualization (whole.visualization) [+] | requires_specialized_knowledge @ visualization (whole.visualization) [+] | non_intuitive_representation @ chart_content (whole.visualization) [+] | difficult_to_interpret @ encoding_scheme (property.encoding) [+] | high_cognitive_effort_required @ visualization (whole.visualization) [+],chart_content(whole.visualization) --causes_comprehension_failure--> visualization(whole.visualization) [+] | encoding_scheme(property.encoding) --lacks_common_sense_mapping--> chart_content(whole.visualization) [+]
InfoVisJ.2072.7.png,Node-link,"I'm unsure what the second one is about, but it's tidier and cleaner. I also like the colours used.",organized/structured; appealing colors; unclear meaning/confusing,2D/3D; color variety/shading; unclear meaning/confusing,4,4,3,chart --> whole.visualization [overall] | color_scheme --> property.color [data_area] | layout --> structure.layout [overall] | title_or_label --> text.label [title],clean_visual_appearance @ chart (whole.visualization) [-] | tidy_organized_layout @ layout (structure.layout) [-] | appealing_color_choices @ color_scheme (property.color) [-] | unclear_subject_matter @ title_or_label (text.label) [-],layout(structure.layout) --reduces_perceived_clutter_of--> chart(whole.visualization) [-] | color_scheme(property.color) --positively_received_within--> chart(whole.visualization) [-] | title_or_label(text.label) --fails_to_clarify(raw:fails_to_clarify_topic_of)--> chart(whole.visualization) [-]
InfoVisJ.1063.13.png,Node-link,"The second one is much easier to understand than the first. The second graph only has black.; Image on the right is simple, although at the end it has many lines it's visually more pleasing than the one on the left.",more charts/points/lines/shapes/elements; black color; visual clarity/appealing; easier to interpret/read/understand,color variety/shading; distracting/confusing/unclear; easy/hard to interpret; more charts/points/lines/shapes/elements,3,4,2,lines --> mark.line [data_area] | color_scheme --> property.color [overall] | chart --> whole.visualization [overall],high_line_count @ lines (mark.line) [+] | only_black_color @ color_scheme (property.color) [-] | more_visually_pleasing @ chart (whole.visualization) [-] | easier_to_understand @ chart (whole.visualization) [-],color_scheme(property.color) --reduces_clutter_in--> lines(mark.line) [-] | lines(mark.line) --increases_clutter_of--> chart(whole.visualization) [+]
VASTJ.160.2.png,Node-link,"A lot of lines, which at first look very confusing. In the right there are a lot of numbers, which is difficult to understand. In the right not (no axes). A lot of colours in the right.; looks more messy, more colours, less clear information",messy/mixed up/noisy/intermingled elements; more charts/points/lines/shapes/elements; unclear meaning; amount of words/context/numbers; no measurement/metric/axis; color variety/arrangement/distribution; hard to interpret/read/understand,amount of words/context/numbers; color variety/shading; easy/hard to interpret; labels/axes/legends; more charts/points/lines/shapes/elements; overlapping shapes/colors/lines; unclear meaning/confusing,5,9,4,lines --> mark.line [data_area] | numbers --> content.number [data_area] | axes --> furniture.axes [axes] | colors --> property.color [data_area] | layout --> structure.layout [overall],high_line_quantity @ lines (mark.line) [+] | visually_cluttered_overlap @ lines (mark.line) [+] | high_numeric_density @ numbers (content.number) [+] | axes_absent @ axes (furniture.axes) [+] | many_colors_used @ colors (property.color) [+] | high_color_variety @ colors (property.color) [+] | difficult_to_interpret @ layout (structure.layout) [+] | less_clear_information @ layout (structure.layout) [+] | messy_visual_layout @ layout (structure.layout) [+],lines(mark.line) --contributes_to_clutter_with--> colors(property.color) [+] | axes(furniture.axes) --absence_increases_confusion_in--> layout(structure.layout) [+] | numbers(content.number) --adds_density_to--> layout(structure.layout) [+] | colors(property.color) --increases_cognitive_load_in--> layout(structure.layout) [+]
InfoVisC.65.3(2).png,Node-link,whilst the other is a simple picture of numbers,amount of words/context/numbers,amount of words/context/numbers,1,1,0,numbers --> content.number [data_area],numeric_content_only @ numbers (content.number) [-],
VisC.375.9(3).png,Node-link,The image on the right has nodes that are clearly connected with lines.,clear connection; lines; nodes,distracting/confusing/unclear; shapes and lines; symbols,2,2,1,lines --> mark.line [data_area] | nodes --> mark.node [data_area],multiple_lines_present @ lines (mark.line) [+] | limited_node_count @ nodes (mark.node) [-],nodes(mark.node) --has_clear_connection_via--> lines(mark.line) [-]
VisC.375.9(2).png,Node-link,in the right one you can clearly see the 2 point of each element,shape position; easy to interpret/read/understand,easy/hard to interpret; shape position,2,2,1,data_elements --> content.data [data_area] | data_points --> mark.point [data_area],limited_to_two_points @ data_elements (content.data) [-] | clearly_visible @ data_points (mark.point) [-],data_points(mark.point) --reduces_clutter_in--> data_elements(content.data) [-]
VisC.389.1(3).png,Node-link,The one on the left is less straightforward and has more details than the one on the right.,more detailed/things; less intuitive,easy/hard to interpret; much/little data/info,2,2,1,visualization --> whole.visualization [overall] | data_details --> content.data [data_area],high_detail_density @ data_details (content.data) [+] | not_immediately_interpretable @ visualization (whole.visualization) [+],data_details(content.data) --increases_effort(raw:increases_cognitive_load_of)--> visualization(whole.visualization) [+]
SciVisJ.645.3.png,Node-link,fast readability reading it top to bottom not having to zoom in,fast readability,easy/hard to interpret,1,1,0,visualization --> whole.visualization [overall],fast_readability @ visualization (whole.visualization) [-],
InfoVisJ.349.8.png,Node-link,not as sure on this one but at first glance the dots were hard to visualise. Having looked at it again i am not sure I would have selected same image but at time I thought that because there was not any text it would be hard to connect this.,lack of/not enough axis labels/legend/annotations/context; hard to interpret/read/understand; hard to see/tell/visualize; unclear meaning/confusing,easy/hard to interpret; labels/axes/legends; unclear meaning/confusing,3,5,2,dots --> mark.point [data_area] | text_labels --> text.label [axes] | chart --> whole.visualization [overall],hard_to_visualise @ dots (mark.point) [+] | visually_ambiguous_marks @ dots (mark.point) [+] | absent_text_elements @ text_labels (text.label) [+] | unclear_overall_interpretation @ chart (whole.visualization) [+] | uncertain_image_selection @ chart (whole.visualization) [+],text_labels(text.label) --missing_from--> chart(whole.visualization) [+] | dots(mark.point) --difficult_to_connect_to_meaning--> chart(whole.visualization) [+]
VASTJ.1407.9.png,Node-link,"The graphic on the left seems to have a simpler structure.; More line crossing each others which add complexity. Adding to the line, you have to look at the scale on the left and at the top; Too many lines. Too many different sections. The wording is on the chart itself, so it feels like it's all complied together onto one graph. The various shades of colour are similar yet somewhat different.",more charts/points/lines/shapes/elements; overlapping shapes/colors/lines; too many sections; lines and scales; small and simple; text; color shading,amount of words/context/numbers; color variety/shading; more charts/points/lines/shapes/elements; overlapping shapes/colors/lines; shapes and lines; word rotation/small font size,6,7,4,lines --> mark.line [data_area] | sections --> structure.region [data_area] | text_labels --> text.label [data_area] | color_shading --> property.color [data_area] | scale --> furniture.scale [axes] | chart_structure --> whole.visualization [overall],excessive_line_count @ lines (mark.line) [+] | lines_cross_each_other @ lines (mark.line) [+] | too_many_sections @ sections (structure.region) [+] | dense_chart_wording @ text_labels (text.label) [+] | various_color_shades @ color_shading (property.color) [+] | scale_adds_complexity @ scale (furniture.scale) [+] | simple_overall_structure @ chart_structure (whole.visualization) [-],lines(mark.line) --intersects_with--> lines(mark.line) [+] | lines(mark.line) --combined_with--> scale(furniture.scale) [+] | color_shading(property.color) --differentiates--> sections(structure.region) [+] | text_labels(text.label) --clutters--> chart_structure(whole.visualization) [+]
InfoVisJ.957.25.png,Node-link,It's easier to see the differences.,easier to see/tell/visualize,easy/hard to interpret,1,1,0,visualization --> whole.visualization [overall],differences_easily_visible @ visualization (whole.visualization) [-],
InfoVisJ.349.1(3).png,Node-link,The other image had a more apparent flow and pattern.,familiar representation,"domain-specific concepts (e.g., chemical, biology, map)",2,2,2,visualization --> whole.visualization [overall] | flow_pattern --> structure.pattern [data_area],apparent_flow_present @ flow_pattern (structure.pattern) [-] | complex_pattern @ flow_pattern (structure.pattern) [+],flow_pattern(structure.pattern) --reduces_cognitive_load_via--> visualization(whole.visualization) [-] | flow_pattern(structure.pattern) --increases_complexity_through--> visualization(whole.visualization) [+]
InfoVisJ.1257.5.png,Node-link,contains more information the layout of the image,dense/cluttered layout; much/more data/info/info spread; involves numbers; hard to interpret/read/understand,amount of words/context/numbers; easy/hard to interpret; much/little data/info; overlapping shapes/colors/lines,2,2,1,chart --> whole.visualization [overall] | data_content --> content.data [data_area],complex_layout_structure @ chart (whole.visualization) [+] | high_information_volume @ data_content (content.data) [+],data_content(content.data) --increases_effort(raw:increases_cognitive_load_of)--> chart(whole.visualization) [+]
wsj91.png,Node-link,"the other is a full map. I think the map is way more complex then the squares. I chose the one which made less sense. While understanding the map, its hard to choose the map over the grid of squares","domain-specific concepts (e.g., chemical, biology, map); hard to interpret/read/understand","domain-specific concepts (e.g., chemical, biology, map); easy/hard to interpret",2,3,1,map --> whole.visualization [overall] | geographic_regions --> structure.region [data_area],full_map_coverage @ map (whole.visualization) [+] | difficult_to_interpret @ map (whole.visualization) [+] | spatially_complex_layout @ geographic_regions (structure.region) [+],map(whole.visualization) --causes_interpretive_confusion--> geographic_regions(structure.region) [+]
VASTJ.1.5.png,Node-link,It just looks like a jumble of dots and colors spread randomly between 4 different center points.,messy/mixed up/noisy/intermingled elements; shape point of interest; shapes and lines; unclear colormaps,color contrast/clarity; overlapping shapes/colors/lines; shape point of interest; shapes and lines,3,4,3,dots --> mark.point [data_area] | colors --> property.color [data_area] | center_points --> mark.point [data_area],jumbled_visual_arrangement @ dots (mark.point) [+] | simple_mark_type @ dots (mark.point) [-] | multiple_colors_present @ colors (property.color) [+] | four_distinct_centers @ center_points (mark.point) [+],dots(mark.point) --co_occurs_with(raw:mixed_with)--> colors(property.color) [+] | dots(mark.point) --clustered_around--> center_points(mark.point) [+] | colors(property.color) --differentiates--> center_points(mark.point) [+]
np_48.png,Node-link,"Significantly more information is processed in the image, making it more difficult to capture",much/more data/info/info spread; more difficult to interpret/read/understand/differentiate,easy/hard to interpret; much/little data/info,2,3,1,visualization --> whole.visualization [overall] | data_content --> content.data [data_area],high_information_volume @ data_content (content.data) [+] | difficult_to_capture @ visualization (whole.visualization) [+] | increased_processing_demand @ visualization (whole.visualization) [+],data_content(content.data) --increases_effort(raw:increases_cognitive_load_of)--> visualization(whole.visualization) [+]
v488_n7410_15_f3.png,Node-link,"1. There's a lot of words and information presented in a small space. 2. There's a lot of colors in it, all taking a lot of space, and they're all very different from each other, creating a sense of ""a lot is going on"". 3. The arrangement of the data feels a little bit busier than the other image. 4. Lots of lines coming out of other lines. Though I don't think any of those traits are really negative, just more complex.",dense/cluttered data/info; overlapping shapes/colors/lines; amount of words/context/numbers; color variety/arrangement/distribution; very different colors,amount of words/context/numbers; color variety/shading; overlapping shapes/colors/lines,5,6,5,lines --> mark.line [data_area] | text_labels --> text.label [axes] | color_encoding --> property.color [data_area] | chart_area --> mark.area [overall] | legend --> furniture.legend [legend],branching_nested_lines @ lines (mark.line) [+] | visually_busy_layout @ lines (mark.line) [+] | high_word_count @ text_labels (text.label) [+] | many_distinct_colors @ color_encoding (property.color) [+] | all_colors_very_different @ color_encoding (property.color) [+] | dense_information_small_space @ chart_area (mark.area) [+],lines(mark.line) --branches_into--> lines(mark.line) [+] | text_labels(text.label) --crowds--> chart_area(mark.area) [+] | color_encoding(property.color) --increases_clutter_in--> chart_area(mark.area) [+] | lines(mark.line) --packed_within--> chart_area(mark.area) [+] | legend(furniture.legend) --adds_text_to--> chart_area(mark.area) [+]
v483_n7390_14_f3.png,Node-link,A phylogenetic tree involves a lot of different species being fit on the same tree and there is a lot of complexity in how lineages are tracked and how the evolutionary tree developed.,"more charts/points/lines/shapes/elements; domain-specific concepts (e.g., chemical, biology, map)","domain-specific concepts (e.g., chemical, biology, map); more charts/points/lines/shapes/elements",4,6,4,phylogenetic_tree --> structure.hierarchy [data_area] | species_labels --> text.label [axes] | lineages --> structure.hierarchy [data_area] | branches --> structure.link [data_area],evolutionary_tree_structure @ phylogenetic_tree (structure.hierarchy) [+] | requires_domain_knowledge @ phylogenetic_tree (structure.hierarchy) [+] | many_different_species @ species_labels (text.label) [+] | high_label_density @ species_labels (text.label) [+] | multiple_lineages_present @ lineages (structure.hierarchy) [+] | complex_branching_pattern @ branches (structure.link) [+],phylogenetic_tree(structure.hierarchy) --contains--> lineages(structure.hierarchy) [+] | phylogenetic_tree(structure.hierarchy) --labeled_by--> species_labels(text.label) [+] | lineages(structure.hierarchy) --represented_by--> branches(structure.link) [+] | phylogenetic_tree(structure.hierarchy) --increases_effort(raw:increases_cognitive_load)--> species_labels(text.label) [+]
InfoVisJ.2486.8.png,Node-link,"lines, relationships;  both are complex; The other image has somewhat of a color scheme. I could see that the red lines are forming some sort of network between the blue dots in the other image. I have seen the other image in data visualizations before.","design-data relationship; lines; shapes and lines; a specific technique; a specific technique, e.g., bar, pie, circle; color scale/scheme","color variety/shading; design-data relationship; domain-specific concepts (e.g., chemical, biology, map); shapes and lines",6,6,4,lines --> mark.line [data_area] | network --> structure.link [data_area] | dots --> mark.point [data_area] | color_scheme --> property.color [overall] | relationships --> structure.link [data_area] | data_visualization --> content.data [overall],numerous_connecting_lines @ lines (mark.line) [+] | complex_network_structure @ network (structure.link) [+] | simple_node_markers @ dots (mark.point) [-] | clear_color_differentiation @ color_scheme (property.color) [-] | readable_relationships @ relationships (structure.link) [-] | familiar_visualization_type @ data_visualization (content.data) [-],lines(mark.line) --increases_clutter_in--> network(structure.link) [+] | dots(mark.point) --connected_by--> lines(mark.line) [+] | color_scheme(property.color) --aids_interpretation(raw:aids_interpretation_of)--> relationships(structure.link) [-] | relationships(structure.link) --clarified_within--> data_visualization(content.data) [-]
InfoVisC.219.8.png,Node-link,- element size - number of details - complexity of shapes and contrasts,more detailed/things; element sizes; shapes and contrasts,color contrast/clarity; much/little data/info; shapes and lines,3,4,2,chart --> whole.visualization [overall] | data_elements --> content.data [data_area] | shapes --> mark.shape [data_area],low_detail_count @ chart (whole.visualization) [-] | large_element_size @ data_elements (content.data) [-] | varied_shapes_present @ shapes (mark.shape) [+] | high_contrast_marks @ shapes (mark.shape) [+],shapes(mark.shape) --increases_complexity(raw:increases_visual_complexity_of)--> chart(whole.visualization) [+] | data_elements(content.data) --reduces_clutter_in--> chart(whole.visualization) [-]
InfoVisJ.1063.13(3).png,Node-link,No legends at all and a lot of colours,lack of/not enough axis labels/legend/annotations/context; color variety/arrangement/distribution,color variety/shading; labels/axes/legends,3,2,1,chart --> whole.visualization [overall] | legend --> furniture.legend [legend] | color_encoding --> property.color [data_area],legend_absent @ legend (furniture.legend) [+] | high_color_variety @ color_encoding (property.color) [+],color_encoding(property.color) --lacks_explanatory--> legend(furniture.legend) [+]
VASTJ.1448.5(2).png,Node-link,,more complicated,easy/hard to interpret,2,2,1,data_points --> mark.point [data_area] | connections --> structure.link [data_area],links_between_points @ connections (structure.link) [+] | instantly_increases_complexity @ connections (structure.link) [+],connections(structure.link) --connects_between--> data_points(mark.point) [+]
VASTJ.1.10.png,Node-link,The information in the highlighted one is too detailed to effectively make out information in comparison to the other.,too many details/divisions; hard to interpret/read/understand,easy/hard to interpret; more charts/points/lines/shapes/elements,2,3,2,visualization --> whole.visualization [overall] | data_elements --> content.data [data_area],excessively_detailed @ visualization (whole.visualization) [+] | too_dense_to_read @ data_elements (content.data) [+] | information_hard_to_extract @ data_elements (content.data) [+],data_elements(content.data) --overwhelms--> visualization(whole.visualization) [+] | visualization(whole.visualization) --impedes_interpretation_of--> data_elements(content.data) [+]
vis216.png,Node-link,,text and imagery,amount of words/context/numbers,3,3,2,images --> whole.visualization [data_area] | text_labels --> text.label [data_area] | information_content --> content.data [overall],visual_image_elements_present @ images (whole.visualization) [+] | word_elements_present @ text_labels (text.label) [+] | high_information_volume @ information_content (content.data) [+],images(whole.visualization) --co_occurs_with(raw:mixed_with)--> text_labels(text.label) [+] | information_content(content.data) --increases_effort(raw:increases_cognitive_load_of)--> text_labels(text.label) [+]
InfoVisJ.1569.6.png,Point,fast readability reading it top to bottom not having to zoom in context; The line allows for processing,fast readability; easier to process/visualize,easy/hard to interpret,2,2,1,line --> mark.line [data_area] | chart --> whole.visualization [overall],enables_visual_processing @ line (mark.line) [+] | fast_readability @ chart (whole.visualization) [-],line(mark.line) --contributes_to_processing_of--> chart(whole.visualization) [+]
wsj533.png,Point,The image to the left is clear and concise and easier to read,clear and concise; easier to read,distracting/confusing/unclear; word rotation/small font size,2,2,1,chart --> whole.visualization [overall] | text_labels --> text.label [axes],clear_and_concise_layout @ chart (whole.visualization) [-] | easy_to_read @ text_labels (text.label) [-],text_labels(text.label) --contributes_to--> chart(whole.visualization) [-]
visMost634.png,Point,contrasting colours,good color contrast/separation/segmentation,color contrast/clarity,1,1,0,chart --> whole.visualization [overall],contrasting_color_scheme @ chart (whole.visualization) [-],
vis673.png,Node-link,,intuitive,easy/hard to interpret,5,6,3,visualization --> whole.visualization [overall] | data_area --> structure.region [data_area] | presentation_logic --> structure.layout [overall] | key_patterns --> structure.pattern [data_area] | information_noise --> content.data [data_area],initially_visually_attractive @ visualization (whole.visualization) [-] | invites_deeper_analysis @ visualization (whole.visualization) [-] | high_cognitive_load_to_decode @ presentation_logic (structure.layout) [+] | complex_presentation_logic @ presentation_logic (structure.layout) [+] | difficult_to_extract_takeaway @ key_patterns (structure.pattern) [+] | signal_noise_separation_hard @ information_noise (content.data) [+],visualization(whole.visualization) --requires_extended_time_to_understand--> presentation_logic(structure.layout) [+] | data_area(structure.region) --obscures--> key_patterns(structure.pattern) [+] | information_noise(content.data) --increases_cognitive_effort_in--> data_area(structure.region) [+]
v488_n7413_12_f2.png,Point,The image with the orange box has many data points; ambiguous numbers; different shapes of data points; more words that take longer to decode,more charts/points/lines/shapes/elements; shape size variation; ambiguous numbers; more texts/words; take longer to interpret,amount of words/context/numbers; more charts/points/lines/shapes/elements; shapes and lines; take longer to interpret,5,5,3,data_points --> mark.point [data_area] | point_shapes --> mark.point [data_area] | numeric_labels --> text.label [data_area] | text_elements --> text.label [overall] | chart --> whole.visualization [overall],high_data_point_count @ data_points (mark.point) [+] | multiple_distinct_shapes @ point_shapes (mark.point) [+] | ambiguous_numeric_values @ numeric_labels (text.label) [+] | high_word_count @ text_elements (text.label) [+] | requires_extended_decoding @ chart (whole.visualization) [+],point_shapes(mark.point) --increases_complexity(raw:increases_visual_complexity_of)--> data_points(mark.point) [+] | numeric_labels(text.label) --contributes_to_ambiguity_in--> chart(whole.visualization) [+] | text_elements(text.label) --prolongs_decoding_of--> chart(whole.visualization) [+]
InfoVisC.157.1.png,Point,"too many subplots, small fonts, lack of describing information of the elements; the image on the right I find that I will unlikely be able to interpret; It wasn't clear as to what is going on in the chart.",too many subplots; lack of legend; word rotation/small font size; hard to interpret/read/understand,easy/hard to interpret; labels/axes/legends; more charts/points/lines/shapes/elements; word rotation/small font size,4,5,3,subplots --> structure.panel [data_area] | fonts --> property.font_style [axes] | labels_annotations --> text.label [annotation] | overall_visualization --> whole.visualization [overall],excessive_subplot_count @ subplots (structure.panel) [+] | small_font_size @ fonts (property.font_style) [+] | lacks_describing_information @ labels_annotations (text.label) [+] | unclear_visual_content @ overall_visualization (whole.visualization) [+] | unlikely_to_interpret @ overall_visualization (whole.visualization) [+],subplots(structure.panel) --increases_clutter_in--> overall_visualization(whole.visualization) [+] | labels_annotations(text.label) --contributes_to_ambiguity_of--> overall_visualization(whole.visualization) [+] | fonts(property.font_style) --reduces_legibility_of--> labels_annotations(text.label) [+]
wsj294.png,Point,"Excessive Data Points: When a chart contains too many data points, it can overwhelm the viewer and make it difficult to discern meaningful patterns or trends. Cluttered Labels and Annotations: If labels, titles, and annotations are excessively crowded or overlapping, it can make it challenging to identify specific elements within the chart. Poor Color Choices: Using too many colors or poorly contrasting colors can make it difficult to differentiate between different data series or categories. Data Overload: Including too much data in a single chart or diagram can make it difficult to focus on the most important information and can obscure key insights.; less visually appealing, harder to discern information- more going on",dense points/lines/shapes/elements; dense/cluttered data/info; more detailed/things; too many points/lines/shapes/elements; too much data/info; cluttered labels/annotations; title/axis/label/descriptions; color variety/arrangement/distribution; too many colors; less attractive; more difficult to compare/discern/distinguish,color variety/shading; distracting/confusing/unclear; easy/hard to interpret; labels/axes/legends; more charts/points/lines/shapes/elements; much/little data/info; overlapping shapes/colors/lines,6,10,5,data_points --> mark.point [data_area] | labels --> text.label [data_area] | annotations --> text.annotation [annotation] | title --> text.title [title] | color_scheme --> property.color [overall] | legend --> furniture.legend [legend],excessive_data_points @ data_points (mark.point) [+] | too_much_data @ data_points (mark.point) [+] | crowded_overlapping_elements @ data_points (mark.point) [+] | cluttered_labels @ labels (text.label) [+] | overlapping_text @ labels (text.label) [+] | excessive_annotations @ annotations (text.annotation) [+] | poorly_contrasting_colors @ color_scheme (property.color) [+] | too_many_colors @ color_scheme (property.color) [+] | poor_color_choices @ color_scheme (property.color) [+] | less_visually_appealing @ legend (furniture.legend) [+],data_points(mark.point) --causes_difficulty_discerning--> labels(text.label) [+] | labels(text.label) --overlaps_with--> annotations(text.annotation) [+] | color_scheme(property.color) --increases_effort(raw:increases_cognitive_load_of)--> data_points(mark.point) [+] | annotations(text.annotation) --contributes_to_clutter_with--> labels(text.label) [+] | data_points(mark.point) --makes_harder_to_read--> legend(furniture.legend) [+]
whoK22.png,Point,the lines are going in different directiopns and amounts. i think it's harder to follow the sense of the graphic as there's no images or information that instantly falls into your view,indistinguishable/unintuitive lines; more difficult to focus/follow,more difficult to focus/follow; shapes and lines,2,3,1,lines --> mark.line [data_area] | graphic --> whole.visualization [overall],multiple_directions @ lines (mark.line) [+] | varying_amounts @ lines (mark.line) [+] | difficult_to_follow @ graphic (whole.visualization) [+],lines(mark.line) --increases_complexity(raw:increases_difficulty_of)--> graphic(whole.visualization) [+]
InfoVisJ.989.8.png,Point,- more information labeled on the image chosen - more legible,more labels/context; more legible,easy/hard to interpret; more labels/context,2,2,1,labels --> text.label [data_area] | text --> text.label [overall],more_information_labeled @ labels (text.label) [+] | more_legible @ text (text.label) [+],labels(text.label) --increases_data_density--> text(text.label) [+]
vis652.png,Point,"The composition of the one on the right is a lot more convoluted; Difference of clarity; 1. More unrelated data elements; 2. Busier infographic layout; 3. Text on top of pictures; the right image only has 4 data points and one more bit of info on the top right; hard to differentiate 2nd and 4th from the image; -More colors -Bad color choice in regard to contrasts -Small font sizes -Different font sizes; not simple data; Less clear writing; it has more text, is less intuitive, is not as simple color wise; How easy it is to interpret information",dense/cluttered layout; little data/info; more charts/points/lines/shapes/elements; much/more data/info/info spread; different clarity; different font/word sizes/structure; more texts/words; text on picture; unclear relation between words; word rotation/small font size; color variety/arrangement/distribution; low color contrast/separation/segmentation; not simple color-wise; convoluted composition; distracting/confusing/unclear; unclear colors/contrast; hard to interpret/read/understand/differentiate; less intuitive; not intuitive/simple data,amount of words/context/numbers; color contrast/clarity; color variety/shading; distracting/confusing/unclear; easy/hard to interpret; more charts/points/lines/shapes/elements; much/little data/info; overlapping shapes/colors/lines; unclear colors/contrast; unclear meaning/confusing; word rotation/small font size,6,14,4,data_points --> mark.point [data_area] | text_labels --> text.label [data_area] | color_scheme --> property.color [overall] | legend --> furniture.legend [legend] | layout --> structure.layout [overall] | background_images --> structure.background [data_area],only_four_data_points @ data_points (mark.point) [-] | not_simple_data @ data_points (mark.point) [+] | more_text_present @ text_labels (text.label) [+] | different_font_sizes @ text_labels (text.label) [+] | small_font_sizes @ text_labels (text.label) [+] | less_clear_writing @ text_labels (text.label) [+] | more_colors_used @ color_scheme (property.color) [+] | bad_contrast_color_choice @ color_scheme (property.color) [+] | not_simple_color_wise @ color_scheme (property.color) [+] | hard_to_differentiate @ color_scheme (property.color) [+] | busier_layout @ layout (structure.layout) [+] | composition_more_convoluted @ layout (structure.layout) [+] | more_unrelated_data_elements @ layout (structure.layout) [+] | less_intuitive_overall @ layout (structure.layout) [+],text_labels(text.label) --overlaid_on--> background_images(structure.background) [+] | color_scheme(property.color) --reduces_clarity_of--> data_points(mark.point) [+] | layout(structure.layout) --increases_effort(raw:increases_cognitive_load_of)--> legend(furniture.legend) [+] | text_labels(text.label) --contributes_to_difference_in_clarity_of--> layout(structure.layout) [+]
VASTJ.151.12.png,Point,The circle graphs look less important than the bar graphs,"a specific technique, e.g., bar, pie, circle; not intuitive/simple data","distracting/confusing/unclear; domain-specific concepts (e.g., chemical, biology, map)",2,2,1,circle_graph --> whole.visualization [data_area] | visual_elements --> mark.element [overall],familiar_circular_form @ circle_graph (whole.visualization) [-] | appears_less_important @ visual_elements (mark.element) [-],circle_graph(whole.visualization) --reduces_perceived_complexity_of--> visual_elements(mark.element) [-]
InfoVisJ.669.4.png,Point,More data points on second image. Labelled axis; #NAME?,more charts/points/lines/shapes/elements; labeled axis,labels/axes/legends; more charts/points/lines/shapes/elements,2,2,1,data_points --> mark.point [data_area] | axis_labels --> text.axis_label [axes],high_quantity_of_points @ data_points (mark.point) [+] | labeled_axes_present @ axis_labels (text.axis_label) [+],data_points(mark.point) --increases_clutter_relative_to--> axis_labels(text.axis_label) [+]
economist_daily_chart_349.png,Point,"Reading the graph in the orange region is more challenging compared to the other graph because at first glance, there appears to be complexity. The distribution is not clearly discernible, the intervals are wide, making accurate interpretation challenging. Having a certain linearity would have been more helpful.",hard to interpret/read/understand/differentiate,easy/hard to interpret,1,1,0,chart --> whole.visualization [overall],accurate_interpretation_challenging @ chart (whole.visualization) [+],
v485_n7399_9_f5.png,Point,"Despite the other image (the less complex one) having a legend with chemical compounds (which could be considered complex), the lines in the graph show a clear shape that can be interpreted in less than a second.","clear colors/shapes; lines; too much legend; domain-specific concepts (e.g., chemical, biology, map); easy to interpret/read/understand","clear colors/shapes; domain-specific concepts (e.g., chemical, biology, map); easy/hard to interpret; labels/axes/legends; shapes and lines",4,5,3,chart_shape --> whole.visualization [data_area] | lines --> mark.line [data_area] | legend --> furniture.legend [legend] | chemical_compound_labels --> text.label [axes],clear_recognizable_shape @ chart_shape (whole.visualization) [-] | multiple_lines_present @ lines (mark.line) [+] | legend_adds_complexity @ legend (furniture.legend) [+] | familiar_domain_labels @ chemical_compound_labels (text.label) [-] | instantly_interpretable @ chart_shape (whole.visualization) [-],lines(mark.line) --increases_clutter_in--> chart_shape(whole.visualization) [+] | legend(furniture.legend) --requires_reference_to--> lines(mark.line) [+] | chemical_compound_labels(text.label) --reduces_ambiguity_of--> chart_shape(whole.visualization) [-]
VisC.251.7.png,Point,There is more information to process in the first image,much/more data/info/info spread,much/little data/info,1,1,1,visualization --> whole.visualization [overall],high_information_volume @ visualization (whole.visualization) [+],visualization(whole.visualization) --increases_complexity(raw:increases)--> visualization(whole.visualization) [+]
v487_n7407_14_f4.png,Point,"In the other image, even if it is still complex, we can clearly see what the graph is about, what each axis is measuring, and the shapes and colors can be distinguished.",shapes; axis meaning; unclear colormaps,color contrast/clarity; labels/axes/legends; shapes and lines,4,3,3,chart --> whole.visualization [overall] | shapes --> mark.shape [data_area] | axes --> furniture.axes [axes] | colors --> property.color [data_area],shapes_aid_interpretation @ shapes (mark.shape) [-] | axis_measurements_clear @ axes (furniture.axes) [-] | multiple_colors_present @ colors (property.color) [+],colors(property.color) --increases_complexity(raw:increases_complexity_of)--> chart(whole.visualization) [+] | axes(furniture.axes) --reduces_ambiguity_in--> chart(whole.visualization) [-] | shapes(mark.shape) --simplifies_reading_of--> chart(whole.visualization) [-]
InfoVisJ.479.13.png,Point,- Colors make a chart easier to read. - Ammount of information to understand the daya,much/more data/info/info spread; readable/distinguishable colors,distinguishable color variety/arrangement/distribution; much/little data/info,3,2,2,chart --> whole.visualization [overall] | color_encoding --> property.color [data_area] | data_content --> content.data [data_area],aids_readability @ color_encoding (property.color) [+] | high_information_volume @ data_content (content.data) [+],color_encoding(property.color) --reduces_difficulty_of--> chart(whole.visualization) [+] | data_content(content.data) --increases_effort(raw:increases_cognitive_load_of)--> chart(whole.visualization) [+]
vis639.png,Point,The one on the left has a random collection of multicoloured circles and I dont know what they mean.,unclear shape meaning; color variety/arrangement/distribution; looks random/messy/lack structure,color variety/shading; distracting/confusing/unclear; unclear meaning/confusing,3,3,3,circles --> mark.point [data_area] | colors --> property.color [data_area] | legend --> furniture.legend [legend],random_collection_layout @ circles (mark.point) [+] | meaning_unclear @ circles (mark.point) [+] | multicolored_encoding @ colors (property.color) [+],colors(property.color) --applied_to--> circles(mark.point) [+] | legend(furniture.legend) --fails_to_clarify--> circles(mark.point) [+] | circles(mark.point) --lacks_clear_spatial_structure--> circles(mark.point) [+]
VisJ.1431.19.png,Point,"The image I selected looked a lot less neater and more scattered than the other image. There's a lot more going on. There's different shapes, it's hard to make sense of why the dots are scattered the way they are. It's hard to see what kind of story the image I selected is trying to tell. I am unfamiliar with the kind of image I selected. I have never seen a piece of art of data visualization that looks like the image I selected.","scattered shapes (e.g., dots, squares, pictures); shape size variation; unfamiliar concepts/patterns; hard to interpret/read/understand/differentiate; hard to see/tell/visualize","domain-specific concepts (e.g., chemical, biology, map); easy/hard to interpret; scattered shapes (e.g., dots, squares, pictures); shapes and lines",4,7,3,data_points --> mark.point [data_area] | shapes --> mark.shape [data_area] | visualization --> whole.visualization [overall] | layout --> structure.layout [data_area],scattered_distribution @ data_points (mark.point) [+] | dots_scattered_widely @ data_points (mark.point) [+] | multiple_different_shapes @ shapes (mark.shape) [+] | unfamiliar_visualization_type @ visualization (whole.visualization) [+] | never_seen_before @ visualization (whole.visualization) [+] | hard_to_make_sense @ visualization (whole.visualization) [+] | hard_to_see_story @ layout (structure.layout) [+],data_points(mark.point) --distributed_across(raw:scattered_across)--> layout(structure.layout) [+] | shapes(mark.shape) --increases_encoding_complexity_of--> visualization(whole.visualization) [+] | visualization(whole.visualization) --requires_unfamiliar_schema_for--> layout(structure.layout) [+]
VisC.375.2.png,Point,"1. The image has many points plotted, indicating a rich and dense data set. 2. It shows a wide range of information with different colors and shapes representing various data subsets. 3. The y-axis is non-linear, which makes it more complex to interpret. 4. The legend adds another layer of complexity to the understanding of the graph.",dense/cluttered data/info; more charts/points/lines/shapes/elements; shape subset representation; nonlinear measurement/metric/axis; too much legend; color variety/arrangement/distribution; more difficult to interpret/read/understand/differentiate,"color variety/shading; domain-specific concepts (e.g., chemical, biology, map); easy/hard to interpret; labels/axes/legends; more charts/points/lines/shapes/elements; overlapping shapes/colors/lines; shapes and lines",5,6,4,data_points --> mark.point [data_area] | legend --> furniture.legend [legend] | y_axis --> furniture.axes [axes] | color_encoding --> property.color [data_area] | shape_encoding --> property.encoding [data_area],dense_data_set @ data_points (mark.point) [+] | many_data_points @ data_points (mark.point) [+] | adds_visual_complexity @ legend (furniture.legend) [+] | non_linear_scale @ y_axis (furniture.axes) [+] | different_colors_used @ color_encoding (property.color) [-] | shapes_represent_subsets @ shape_encoding (property.encoding) [+],shape_encoding(property.encoding) --increases_effort(raw:increases_interpretive_difficulty_of)--> data_points(mark.point) [+] | y_axis(furniture.axes) --complicates_reading_of--> data_points(mark.point) [+] | color_encoding(property.color) --aids_differentiation_of--> shape_encoding(property.encoding) [-] | legend(furniture.legend) --required_to_decode--> shape_encoding(property.encoding) [+]
v488_n7410_20_f4.png,Point,The image on the left is harder to undertand as again no metrics is provided making it harder to make sense,no measurement/metric/axis; more difficult to interpret/read/understand/differentiate,easy/hard to interpret; labels/axes/legends,2,2,1,visualization --> whole.visualization [overall] | metrics --> content.number [axes],no_metrics_present @ metrics (content.number) [+] | difficult_to_interpret @ visualization (whole.visualization) [-],metrics(content.number) --absence_increases_difficulty_of--> visualization(whole.visualization) [+]
VASTJ.1683.4(3).png,Point,"I see the image on the left as being more in order, more capable of being understood, more likely able to establish something from it; I found them equally difficult.",ordered; more difficult; more interpretable/readable/understandable,easy/hard to interpret; ordered,3,3,2,visualization --> whole.visualization [overall] | layout --> structure.layout [overall] | data_elements --> content.data [data_area],equally_difficult_to_parse @ visualization (whole.visualization) [-] | ordered_arrangement @ layout (structure.layout) [-] | understandable_content @ data_elements (content.data) [-],layout(structure.layout) --facilitates_comprehension_of--> data_elements(content.data) [-] | layout(structure.layout) --reduces_cognitive_load_of--> visualization(whole.visualization) [-]
v487_n7406_13_f2.png,Point,"To be honest they are both complex, The chosen image has more detail and more information to consume; 3 Dimensional elements; Lack of legend; Graph mixing numbers, colors, animal shapes, abstract shapes, dots, lines, numbers","much/more data/info/info spread; 2D/3D; abstract shapes or colors; lines; shapes and lines; lack of/not enough axis labels/legend/annotations/context; domain-specific concepts (e.g., chemical, biology, map); unclear colormaps","2D/3D; abstract shapes or colors; color contrast/clarity; domain-specific concepts (e.g., chemical, biology, map); labels/axes/legends; much/little data/info; shapes and lines",7,9,4,3d_elements --> mark.element [data_area] | abstract_shapes --> mark.shape [data_area] | animal_shapes --> mark.shape [data_area] | dots --> mark.point [data_area] | lines --> mark.line [data_area] | legend --> furniture.legend [overall] | colors --> property.color [overall],three_dimensional_structure @ 3d_elements (mark.element) [+] | abstract_visual_forms @ abstract_shapes (mark.shape) [+] | animal_shaped_marks @ animal_shapes (mark.shape) [+] | simple_point_markers @ dots (mark.point) [-] | multiple_lines_present @ lines (mark.line) [+] | legend_absent @ legend (furniture.legend) [+] | multiple_colors_used @ colors (property.color) [+] | high_detail_content @ abstract_shapes (mark.shape) [+] | increased_cognitive_load @ 3d_elements (mark.element) [+],legend(furniture.legend) --absent_making_harder_to_interpret--> colors(property.color) [+] | animal_shapes(mark.shape) --adds_visual_complexity_alongside--> abstract_shapes(mark.shape) [+] | lines(mark.line) --increases_clutter_with--> dots(mark.point) [+] | 3d_elements(mark.element) --contributes_more_information_than--> dots(mark.point) [+]
VASTC.107.7.png,Point,"on the right, the x and y axes could represent geo coordinates (like in the left). i also thought each country in the map could be represented as a dot (of the capital or of the middle of the shape) without losing info so i assumed the country shapes weren't that much more complex than dots. in the end, i thought on the right there are more colors and there are more areas (circles) so it's a bit more complex. now that i think about it, on the right there is also no text which adds complexity since we have to guess a legend (it also makes it look more abstract).","more detailed/things; shapes; shapes and lines; lack of/not enough axis labels/legend/annotations/context; more title/axis/label; too much legend; domain-specific concepts (e.g., chemical, biology, map); color variety/arrangement/distribution","color variety/shading; domain-specific concepts (e.g., chemical, biology, map); labels/axes/legends; much/little data/info; shapes and lines",6,9,4,map --> whole.visualization [data_area] | country_shapes --> mark.shape [data_area] | circles --> mark.point [data_area] | dots --> mark.point [data_area] | legend --> furniture.legend [legend] | axes --> furniture.axes [axes],familiar_map_format @ map (whole.visualization) [-] | recognizable_country_shapes @ country_shapes (mark.shape) [-] | multiple_circles_present @ circles (mark.point) [+] | simple_dot_marks @ dots (mark.point) [-] | legend_adds_complexity @ legend (furniture.legend) [+] | x_and_y_axes_present @ axes (furniture.axes) [+] | more_distinct_areas @ map (whole.visualization) [+] | no_text_labels @ map (whole.visualization) [+] | more_colors_used @ country_shapes (mark.shape) [+],circles(mark.point) --overlaid_on--> country_shapes(mark.shape) [+] | legend(furniture.legend) --encodes_colors_of--> country_shapes(mark.shape) [+] | axes(furniture.axes) --adds_structure_to--> map(whole.visualization) [+] | dots(mark.point) --simpler_than--> circles(mark.point) [-]
InfoVisJ.459.15.png,Point,1 I don't even understand what its talking about in 5 sec 2 this is bland not a lot of colour,inadequate/few coloring; not interpretable/readable/understandable,easy/hard to interpret; inadequate/few coloring,3,2,2,chart --> whole.visualization [overall] | color_scheme --> property.color [data_area] | text_content --> text.label [overall],limited_color_variety @ color_scheme (property.color) [+] | not_immediately_interpretable @ text_content (text.label) [+],color_scheme(property.color) --contributes_to_difficulty_of--> text_content(text.label) [+] | text_content(text.label) --requires_extended_processing_in--> chart(whole.visualization) [+]
wsj124.png,Point,You can clearly see the data that is being expressed.,easy to interpret/read/understand,easy/hard to interpret,1,1,0,chart --> whole.visualization [overall],data_clearly_visible @ chart (whole.visualization) [-],
InfoVisJ.1161.5.png,Point,The opposite one is just a collection of 3 different dots,unclear colormaps,color contrast/clarity,1,1,0,dots --> mark.point [data_area],small_collection_three_dots @ dots (mark.point) [-],
v486_n7401_7_f1.png,Point,"The other image is a basic graph with two or three data points. In comparison to earth and all it's detail, politics, geography, it is lacking.","little data/info; more detailed/things; a specific domain; a specific technique; domain-specific concepts (e.g., chemical, biology, map)","domain-specific concepts (e.g., chemical, biology, map); much/little data/info",3,4,2,graph --> whole.visualization [overall] | data_points --> mark.point [data_area] | earth_geography --> structure.region [data_area],basic_simple_structure @ graph (whole.visualization) [-] | low_detail_overall @ graph (whole.visualization) [-] | very_few_data_points @ data_points (mark.point) [-] | geographic_domain_context @ earth_geography (structure.region) [-],data_points(mark.point) --minimally_populates--> graph(whole.visualization) [-] | earth_geography(structure.region) --provides_familiar_context_for--> graph(whole.visualization) [-]
np_21.png,Point,"there has a lot of pictures and words and also picture of world; More text More individual elements Harder to understand hierarchy at first glance More variety in shapes; Small text; Different sections; Image of Earth with lines; more context, has text and information to read and understand the visualisation better.","more charts/points/lines/shapes/elements; shape variation; clear text/scale/information; more labels/context; more texts/words; word rotation/small font size; word/text/sentence; a specific domain; domain-specific concepts (e.g., chemical, biology, map); more difficult to interpret/read/understand/differentiate","amount of words/context/numbers; clear text/scale/information; domain-specific concepts (e.g., chemical, biology, map); easy/hard to interpret; more charts/points/lines/shapes/elements; more labels/context; shape variation; word rotation/small font size",6,8,5,earth_image --> whole.visualization [data_area] | lines --> mark.line [data_area] | text_labels --> text.label [overall] | shapes --> mark.shape [data_area] | hierarchy_structure --> structure.hierarchy [overall] | legend --> furniture.legend [legend],small_text_size @ text_labels (text.label) [+] | high_text_quantity @ text_labels (text.label) [+] | provides_context @ text_labels (text.label) [-] | text_aids_interpretation @ text_labels (text.label) [-] | pictorial_world_element @ earth_image (whole.visualization) [+] | high_shape_variety @ shapes (mark.shape) [+] | hierarchy_hard_to_parse @ hierarchy_structure (structure.hierarchy) [+] | many_individual_elements @ legend (furniture.legend) [+],earth_image(whole.visualization) --overlaid_with--> lines(mark.line) [+] | text_labels(text.label) --accompanies--> earth_image(whole.visualization) [+] | lines(mark.line) --connects--> shapes(mark.shape) [+] | hierarchy_structure(structure.hierarchy) --increases_effort(raw:increases_cognitive_load_of)--> text_labels(text.label) [+] | text_labels(text.label) --provides_information_for--> hierarchy_structure(structure.hierarchy) [-]
InfoVisJ.349.10.png,Point,Too many shapes Too many colours Too many variables,more charts/points/lines/shapes/elements; more parameters/variables; amount of / too many colors,color variety/shading; more charts/points/lines/shapes/elements; more parameters/variables,3,3,3,shapes --> mark.shape [data_area] | variables --> content.data [data_area] | colors --> property.color [overall],excessive_shape_variety @ shapes (mark.shape) [+] | too_many_variables @ variables (content.data) [+] | excessive_color_count @ colors (property.color) [+],shapes(mark.shape) --increases_visual_clutter--> colors(property.color) [+] | variables(content.data) --raises_cognitive_load--> shapes(mark.shape) [+] | colors(property.color) --encodes_multiple--> variables(content.data) [+]
v490_n7419_13_f3.png,Point,The image on the right is easier to take in information and not as cluttered as the one on the left.,organized/structured; easier to process/visualize,2D/3D; easy/hard to interpret,2,3,1,chart --> whole.visualization [overall] | data_area --> structure.region [data_area],low_visual_clutter @ chart (whole.visualization) [-] | easy_information_intake @ chart (whole.visualization) [-] | uncluttered_layout @ data_area (structure.region) [-],data_area(structure.region) --reduces_cognitive_load_of--> chart(whole.visualization) [-]
InfoVisJ.1032.5.png,Point,The layout of the grid and point position. More colours present. y-axis variable hard to make sense of,grid layout; shape position; y-axis meaning unclear; color variety/arrangement/distribution,2D/3D; color variety/shading; shape position; unclear meaning/confusing,4,4,3,grid --> structure.grid [data_area] | data_points --> mark.point [data_area] | color_encoding --> property.color [data_area] | y_axis --> furniture.axes [axes],complex_grid_layout @ grid (structure.grid) [+] | varied_point_positions @ data_points (mark.point) [+] | multiple_colors_used @ color_encoding (property.color) [+] | variable_hard_to_interpret @ y_axis (furniture.axes) [+],data_points(mark.point) --distributed_across(raw:scattered_across)--> grid(structure.grid) [+] | color_encoding(property.color) --encodes_variation_in--> data_points(mark.point) [+] | y_axis(furniture.axes) --increases_effort(raw:increases_cognitive_load_for)--> data_points(mark.point) [+]
InfoVisJ.629.8.png,Point,"i thought on the right, there are 4 or 5 axes: x, y, color, circle , white circle around the shape.",shapes; shapes and lines; more title/axis/label; title/axis/label/descriptions; unclear colormaps,color contrast/clarity; labels/axes/legends; shapes and lines,6,6,3,circle --> mark.point [data_area] | shape --> mark.shape [data_area] | axes --> furniture.axes [axes] | x_axis --> furniture.axes [axes] | y_axis --> furniture.axes [axes] | color --> property.color [data_area],circular_mark_present @ circle (mark.point) [+] | complex_graphical_form @ shape (mark.shape) [+] | multiple_axes_four_or_five @ axes (furniture.axes) [+] | straightforward_x_axis @ x_axis (furniture.axes) [-] | additional_y_dimension @ y_axis (furniture.axes) [+] | color_encoding_used @ color (property.color) [+],circle(mark.point) --contributes_to--> shape(mark.shape) [+] | axes(furniture.axes) --increases_cognitive_load_via--> y_axis(furniture.axes) [+] | color(property.color) --encodes_data_in--> circle(mark.point) [+]
v488_n7412_8_f1.png,Point,"well on the right is a picture of the pacific ocean, its easily noticable and it has labels for islands. it is something i am familiar with.","title/axis/label/descriptions; domain-specific concepts (e.g., chemical, biology, map); familiar representation","domain-specific concepts (e.g., chemical, biology, map); labels/axes/legends",3,3,2,map --> whole.visualization [overall] | labels --> text.label [data_area] | pacific_ocean --> structure.region [data_area],aids_interpretation @ labels (text.label) [-] | familiar_geographic_region @ pacific_ocean (structure.region) [-] | recognizable_visual_schema @ map (whole.visualization) [-],labels(text.label) --reduces_ambiguity_of--> map(whole.visualization) [-] | pacific_ocean(structure.region) --provides_familiar_context_for--> map(whole.visualization) [-]
visMost460.png,Point,There are a lot more aspects to keep track of in the highlighted one. the other does that and more.,more charts/points/lines/shapes/elements,more charts/points/lines/shapes/elements,1,1,0,visualization --> whole.visualization [overall],many_data_aspects_present @ visualization (whole.visualization) [+],
whoQ30_1.png,Point,-Lots of points -To much to look at,more charts/points/lines/shapes/elements,more charts/points/lines/shapes/elements,1,1,0,data_points --> mark.point [data_area],high_point_count @ data_points (mark.point) [+],
v490_n7419_7_f3.png,Point,"4 axes in one graph is too much no legends, two graphs",multiple features/elements/graphs; lack of/not enough axis labels/legend/annotations/context; more title/axis/label,labels/axes/legends; more charts/points/lines/shapes/elements,4,4,4,graph_panel_left --> whole.visualization [data_area] | graph_panel_right --> whole.visualization [data_area] | axes --> furniture.axes [axes] | legend --> furniture.legend [legend],one_of_two_panels @ graph_panel_left (whole.visualization) [+] | one_of_two_panels @ graph_panel_right (whole.visualization) [+] | four_axes_present @ axes (furniture.axes) [+] | no_legend_provided @ legend (furniture.legend) [+],graph_panel_left(whole.visualization) --paired_with--> graph_panel_right(whole.visualization) [+] | axes(furniture.axes) --spans_across--> graph_panel_left(whole.visualization) [+] | axes(furniture.axes) --spans_across--> graph_panel_right(whole.visualization) [+] | legend(furniture.legend) --absent_from--> graph_panel_left(whole.visualization) [+]
VisC.501.7(2).png,Point,"a lot of different colours, details, no clear sceme",more detailed/things; unfamiliar concepts/patterns; color variety/arrangement/distribution; texture details,"color variety/shading; domain-specific concepts (e.g., chemical, biology, map); much/little data/info; symbols",3,3,2,chart --> whole.visualization [overall] | color_scheme --> property.color [data_area] | details --> content.detail [data_area],many_different_colors @ color_scheme (property.color) [+] | no_clear_color_scheme @ color_scheme (property.color) [+] | high_detail_density @ details (content.detail) [+],color_scheme(property.color) --increases_clutter_in--> chart(whole.visualization) [+] | details(content.detail) --raises_cognitive_load_of--> chart(whole.visualization) [+]
v485_n7396_14_f4.png,Point,"-The image on the left is more involved in terms of what would be required to interpret it. -There's a lot more happening, visually, in terms of the level of fine detail, in the image on the left. -The preciseness of the various aspects of the image on the left is more intricate than the one on the right.",fine/layered details; precision of aspect; more intricate; more to read/analyze/understand,easy/hard to interpret; much/little data/info; shape point of interest; take longer to interpret,4,5,3,chart --> whole.visualization [overall] | data_elements --> content.data [data_area] | visual_marks --> mark.element [data_area] | annotations --> text.annotation [annotation],fine_detail_present @ data_elements (content.data) [+] | intricate_visual_structure @ visual_marks (mark.element) [+] | highly_involved_composition @ chart (whole.visualization) [+] | precise_aspect_labeling @ annotations (text.annotation) [+] | multiple_precise_components @ data_elements (content.data) [+],data_elements(content.data) --contributes_to_intricacy_of--> chart(whole.visualization) [+] | visual_marks(mark.element) --requires_careful_interpretation_in--> chart(whole.visualization) [+] | annotations(text.annotation) --adds_precision_detail_to--> chart(whole.visualization) [+]
InfoVisJ.1161.6.png,Point,The one with 2 dimensions.,2D/3D,2D/3D,1,1,0,visualization --> whole.visualization [overall],two_dimensional_structure @ visualization (whole.visualization) [-],
SciVisJ.1580.11(2).png,Point,"The left image was easy to decipher, showing a zoom in on a certain area with a simple bar to indicate the measurement. It is a clear image that would help at a glance if you knew the context.",organized/structured; bars as individual lines; easy to interpret/read/understand,2D/3D; easy/hard to interpret; shapes and lines,4,5,3,left_image --> structure.panel [data_area] | zoom_area --> mark.area [data_area] | measurement_bar --> mark.bar [annotation] | overall_image --> whole.visualization [overall],easy_to_decipher @ left_image (structure.panel) [-] | zoomed_in_region @ zoom_area (mark.area) [-] | simple_measurement_indicator @ measurement_bar (mark.bar) [-] | clear_at_a_glance @ overall_image (whole.visualization) [-] | requires_prior_context @ overall_image (whole.visualization) [+],left_image(structure.panel) --contains--> zoom_area(mark.area) [-] | zoom_area(mark.area) --annotated_by--> measurement_bar(mark.bar) [-] | overall_image(whole.visualization) --interpretable_only_with--> overall_image(whole.visualization) [+]
economist_daily_chart_208.png,Point,"The image I chose had more colors, shapes, text, and data (numbers, etc.).",shapes; amount of words/context/numbers; word/text/sentence; color variety/arrangement/distribution,amount of words/context/numbers; color variety/shading; shapes and lines,4,4,3,chart_shapes --> whole.visualization [data_area] | numbers --> content.number [axes] | text_labels --> text.label [overall] | color_encoding --> property.color [data_area],multiple_shape_types @ chart_shapes (whole.visualization) [+] | numerous_numeric_values @ numbers (content.number) [+] | high_text_density @ text_labels (text.label) [+] | multiple_colors_used @ color_encoding (property.color) [+],chart_shapes(whole.visualization) --increases_visual_load_with--> color_encoding(property.color) [+] | text_labels(text.label) --accompanies--> numbers(content.number) [+] | color_encoding(property.color) --differentiates--> chart_shapes(whole.visualization) [+]
InfoVisJ.1229.6.png,Point,Less visually familiar,unfamiliar concepts/patterns,"domain-specific concepts (e.g., chemical, biology, map)",1,1,0,visualization --> whole.visualization [overall],unfamiliar_visual_form @ visualization (whole.visualization) [+],
v485_n7397_5_f1.png,Point,"Items in the graphic are not as clear and smaller, nor do they show some kind of pattern, contrary to the other graphic.",small; unfamiliar concepts/patterns; distracting/confusing/unclear,"distracting/confusing/unclear; domain-specific concepts (e.g., chemical, biology, map); word rotation/small font size",3,3,2,chart --> whole.visualization [overall] | data_elements --> content.data [data_area] | pattern --> structure.pattern [data_area],small_visual_size @ chart (whole.visualization) [+] | unclear_encoding @ data_elements (content.data) [+] | no_discernible_pattern @ pattern (structure.pattern) [+],chart(whole.visualization) --lacks_clear--> pattern(structure.pattern) [+] | data_elements(content.data) --rendered_with_reduced--> chart(whole.visualization) [+]
VASTJ.1683.4(2).png,Point,There is no titles that point what exactly we are looking at.,lack of/not enough axis labels/legend/annotations/context,labels/axes/legends,1,1,0,chart --> whole.visualization [overall],missing_title @ chart (whole.visualization) [+],
SciVisJ.561.7.png,Point,"Unfamiliar design Cluttered ""zoom""",dense/cluttered data/info; unfamiliar concepts/patterns,"domain-specific concepts (e.g., chemical, biology, map); overlapping shapes/colors/lines",2,2,1,chart --> whole.visualization [overall] | layout --> structure.layout [data_area],visually_cluttered @ chart (whole.visualization) [+] | unfamiliar_design @ layout (structure.layout) [+],layout(structure.layout) --increases_effort(raw:increases_cognitive_load_of)--> chart(whole.visualization) [+]
v485_n7400_14_f2.png,Point,-too many elements and shapes in one visual -small text font,more charts/points/lines/shapes/elements; too many points/lines/shapes/elements; word rotation/small font size,more charts/points/lines/shapes/elements; word rotation/small font size,3,3,2,chart --> whole.visualization [overall] | shapes --> mark.shape [data_area] | text_labels --> text.label [overall],too_many_elements @ chart (whole.visualization) [+] | too_many_shapes @ shapes (mark.shape) [+] | small_text_size @ text_labels (text.label) [+],shapes(mark.shape) --contributes_to_clutter_in--> chart(whole.visualization) [+] | text_labels(text.label) --increases_cognitive_load_in--> chart(whole.visualization) [+]
InfoVisJ.647.13(2).png,Text,How fast I can comprehend the content,easy to interpret/read/understand,easy/hard to interpret,1,1,0,visualization --> whole.visualization [overall],fast_content_comprehension @ visualization (whole.visualization) [-],
economist_daily_chart_372.png,Point,,amount of / too many colors; looks random/messy/lack structure,color variety/shading; distracting/confusing/unclear,5,5,4,chart --> whole.visualization [overall] | entities --> content.data [data_area] | labels --> text.label [data_area] | shapes --> mark.shape [data_area] | colors --> property.color [legend],disorganised_layout @ chart (whole.visualization) [+] | multiple_entity_types @ entities (content.data) [+] | numbers_on_entities @ labels (text.label) [+] | multiple_unique_shapes @ shapes (mark.shape) [+] | multiple_unique_colors @ colors (property.color) [+],entities(content.data) --encoded_with--> shapes(mark.shape) [+] | entities(content.data) --encoded_with--> colors(property.color) [+] | labels(text.label) --describes(raw:annotates)--> entities(content.data) [+] | entities(content.data) --contributes_to_clutter_in--> chart(whole.visualization) [+]
InfoVisJ.599.10(2).png,Point,,amount of / too many colors,color variety/shading,4,4,3,chart --> whole.visualization [overall] | data_elements --> content.data [data_area] | parameters --> content.data [axes] | color_encoding --> property.color [legend],high_element_count @ data_elements (content.data) [+] | multiple_parameters_present @ parameters (content.data) [+] | many_colors_used @ color_encoding (property.color) [+] | generally_complex_layout @ chart (whole.visualization) [+],data_elements(content.data) --increases_clutter_in--> chart(whole.visualization) [+] | color_encoding(property.color) --encodes_multiple_parameters_of--> data_elements(content.data) [+] | parameters(content.data) --raises_cognitive_load_of--> chart(whole.visualization) [+]
InfoVisJ.2556.7(2).png,Text,The image looks more difficult to comprehend at first glance.,hard to interpret/read/understand,easy/hard to interpret,1,1,0,visualization --> whole.visualization [overall],high_initial_cognitive_load @ visualization (whole.visualization) [+],
VASTJ.51.7.png,Point,,intuitive; more effort/reading/detailed analysis; take longer to interpret,easy/hard to interpret; take longer to interpret,4,6,3,visualization --> whole.visualization [overall] | presentation_logic --> structure.layout [overall] | key_patterns --> structure.pattern [data_area] | information_content --> content.data [data_area],initially_visually_attractive @ visualization (whole.visualization) [-] | invites_deeper_analysis @ visualization (whole.visualization) [-] | high_cognitive_load_to_decode @ presentation_logic (structure.layout) [+] | complex_presentation_logic @ presentation_logic (structure.layout) [+] | difficult_signal_noise_separation @ key_patterns (structure.pattern) [+] | high_information_processing_effort @ information_content (content.data) [+],visualization(whole.visualization) --requires_extended_time_to_understand--> presentation_logic(structure.layout) [+] | visualization(whole.visualization) --obscures_key_takeaway_within--> key_patterns(structure.pattern) [+] | information_content(content.data) --demands_effort_to_extract_from--> key_patterns(structure.pattern) [+]
InfoVisJ.621.9.png,Text,"simple, bare and not much is going in there that you wouldn't understand in one read.",little data/info,much/little data/info,1,1,0,visualization --> whole.visualization [overall],low_visual_activity @ visualization (whole.visualization) [-],
wsj200.png,Point,,more reading/interpretation/understanding; more to read/analyze/understand; take longer to interpret,take longer to interpret,5,5,3,chart --> whole.visualization [overall] | data_elements --> content.data [data_area] | axes --> furniture.axes [axes] | labels --> text.label [annotation] | legend --> furniture.legend [legend],high_information_volume @ data_elements (content.data) [+] | information_spread_across_image @ data_elements (content.data) [+] | requires_contextual_evaluation @ chart (whole.visualization) [+] | difficult_data_interpretation @ chart (whole.visualization) [+] | moderate_text_density @ labels (text.label) [-],data_elements(content.data) --distributed_across(raw:spreads_across)--> chart(whole.visualization) [+] | chart(whole.visualization) --demands_extended--> axes(furniture.axes) [+] | labels(text.label) --aids_interpretation(raw:aids_interpretation_of)--> data_elements(content.data) [-]
VASTC.159.2.png,Text,The image on the right is a lot more simple because there are only four highlighted words from a textbook that are also amplified so that they can be seen more clearly. Almost anything would be more complex than this image.,amount of words/context/numbers; highlighted words; more texts/words,amount of words/context/numbers; labels/axes/legends,1,1,0,highlighted_words --> text.label [data_area],only_four_highlighted @ highlighted_words (text.label) [-],
VASTJ.1612.1(3).png,Text,The first image is kinda difficult to understand and has many elements intermingled,messy/mixed up/noisy/intermingled elements; hard to interpret/read/understand,easy/hard to interpret; overlapping shapes/colors/lines,2,2,1,chart --> whole.visualization [overall] | data_elements --> content.data [data_area],many_elements_intermingled @ data_elements (content.data) [+] | difficult_to_understand @ chart (whole.visualization) [+],data_elements(content.data) --contributes_to_difficulty_of--> chart(whole.visualization) [+]
InfoVisJ.1169.5(2).png,Text,"The right one has too many lines, you have to check from each word where every line goes.",more charts/points/lines/shapes/elements; indistinguishable/unintuitive lines; word/text/sentence,amount of words/context/numbers; more charts/points/lines/shapes/elements; shapes and lines,3,4,3,lines --> mark.line [data_area] | text_labels --> text.label [axes] | chart --> whole.visualization [overall],too_many_lines @ lines (mark.line) [+] | difficult_to_trace_paths @ lines (mark.line) [+] | text_word_present @ text_labels (text.label) [+] | high_visual_clutter @ chart (whole.visualization) [+],lines(mark.line) --overwhelms--> chart(whole.visualization) [+] | text_labels(text.label) --describes(raw:labels)--> lines(mark.line) [+] | lines(mark.line) --obscures_destination_of--> chart(whole.visualization) [+]
InfoVisJ.621.2.png,Text,whilst the other one only has 2 (title and link).,many points/lines/shapes/elements; -; title/axis/label/descriptions,labels/axes/legends; more charts/points/lines/shapes/elements,3,3,2,chart --> whole.visualization [overall] | link --> structure.link [data_area] | title --> text.title [title],only_two_elements @ chart (whole.visualization) [-] | single_link_present @ link (structure.link) [-] | title_present @ title (text.title) [-],link(structure.link) --contributes_to--> chart(whole.visualization) [-] | title(text.title) --describes(raw:labels)--> chart(whole.visualization) [-]
InfoVisJ.2412.17(2).png,Text,I have to read every single item to understand the relationship.,more reading/interpretation/understanding,take longer to interpret,2,2,1,visualization --> whole.visualization [overall] | text_items --> text.label [data_area],requires_reading_each_item @ text_items (text.label) [+] | high_reading_demand @ text_items (text.label) [+],visualization(whole.visualization) --requires_reading_to_understand--> text_items(text.label) [+]
VASTJ.1763.6.png,Text,"Colours variety, hard to read",hard to read; color variety/arrangement/distribution,color variety/shading; easy/hard to interpret,3,2,2,visualization --> whole.visualization [overall] | color_encoding --> property.color [data_area] | text_labels --> text.label [axes],hard_to_read @ text_labels (text.label) [+] | high_color_variety @ color_encoding (property.color) [+],color_encoding(property.color) --increases_effort(raw:increases_cognitive_load_of)--> visualization(whole.visualization) [+] | text_labels(text.label) --contributes_to_clutter_in--> visualization(whole.visualization) [+]
VASTC.183.14(1).png,Text,I can sort of understand Image 2 because it has words that I recognize.,recognizable objects,"domain-specific concepts (e.g., chemical, biology, map)",1,1,0,text_labels --> text.label [overall],familiar_recognizable_words @ text_labels (text.label) [-],
InfoVisJ.953.10.png,Text,"I chose the second picture because the names of the countries were familiar and easier to process. I could understand the image and therefore it was less complex. The indications ""lowest"" and ""highest"" helped me to understand why there are two colors in the second image.","indication; domain-specific concepts (e.g., chemical, biology, map); two colors; easier to process/visualize","domain-specific concepts (e.g., chemical, biology, map); easy/hard to interpret; two colors; unclear meaning/confusing",4,4,3,chart --> whole.visualization [overall] | country_labels --> text.label [axes] | color_encoding --> property.color [data_area] | indicators --> mark.symbol [data_area],country_names_labeled @ country_labels (text.label) [-] | only_two_colors_used @ color_encoding (property.color) [-] | clear_indications_present @ indicators (mark.symbol) [-] | easier_to_process @ chart (whole.visualization) [-],color_encoding(property.color) --simplifies(raw:reduces_complexity_of)--> chart(whole.visualization) [-] | country_labels(text.label) --aids_interpretation(raw:aids_interpretation_of)--> chart(whole.visualization) [-] | indicators(mark.symbol) --aids_interpretation(raw:supports_readability_of)--> chart(whole.visualization) [-]
InfoVisJ.1190.8.png,Text,There are a bunch of words mixed in there that makes so difficult to read each one of them with no color difference or font.; rotation of words different word sizes,different font/word sizes/structure; lack of/not enough axis labels/legend/annotations/context; more labels/context; word rotation/small font size; no color difference; hard to interpret/read/understand/differentiate,color contrast/clarity; easy/hard to interpret; labels/axes/legends; more labels/context; word rotation/small font size,4,6,3,word_cloud --> whole.visualization [data_area] | text_labels --> text.label [data_area] | font_styling --> property.font_style [data_area] | color_scheme --> property.color [overall],dense_word_mixture @ word_cloud (whole.visualization) [+] | rotated_word_orientations @ word_cloud (whole.visualization) [+] | difficult_to_read @ text_labels (text.label) [+] | varying_word_sizes @ text_labels (text.label) [+] | no_font_differentiation @ font_styling (property.font_style) [+] | no_color_difference @ color_scheme (property.color) [+],word_cloud(whole.visualization) --causes_high_cognitive_load--> text_labels(text.label) [+] | font_styling(property.font_style) --contributes_to_clutter_in--> word_cloud(whole.visualization) [+] | color_scheme(property.color) --reduces_distinguishability_in--> text_labels(text.label) [+]
InfoVisJ.2556.8.png,Text,I think the second image is not that complex because u can easily understand it; The one on the right seems like a simple map; many writings and squeezed writings.; the left one seemed more complex.,"cluttered labels/annotations; title/axis/label/descriptions; domain-specific concepts (e.g., chemical, biology, map); easy to interpret/read/understand","domain-specific concepts (e.g., chemical, biology, map); easy/hard to interpret; labels/axes/legends; overlapping shapes/colors/lines",3,4,2,map --> whole.visualization [overall] | text_labels --> text.label [data_area] | layout --> structure.layout [overall],many_text_elements @ text_labels (text.label) [+] | squeezed_dense_writing @ text_labels (text.label) [+] | simple_map_structure @ map (whole.visualization) [-] | easily_understandable @ layout (structure.layout) [-],text_labels(text.label) --increases_clutter_on--> map(whole.visualization) [+] | map(whole.visualization) --supports_easy_interpretation_despite--> text_labels(text.label) [-]
MorphableWordClouds5.png,Text,"The image not highlighted seemed to be simply a chart showing frequency of words used. The bigger the word, the most often the use.","word frequency; word rotation/small font size; a specific technique, e.g., bar, pie, circle","amount of words/context/numbers; domain-specific concepts (e.g., chemical, biology, map); word rotation/small font size",4,4,2,word_cloud --> whole.visualization [overall] | large_words --> text.label [data_area] | small_words --> text.label [data_area] | word_frequency --> content.data [data_area],shows_word_frequency @ word_cloud (whole.visualization) [-] | larger_size_encodes_higher_frequency @ large_words (text.label) [-] | smaller_size_encodes_lower_frequency @ small_words (text.label) [-] | frequency_directly_readable @ word_frequency (content.data) [-],large_words(text.label) --encodes_higher_frequency_than--> small_words(text.label) [-] | word_cloud(whole.visualization) --communicates_frequency_via--> word_frequency(content.data) [-]
MorphableWordClouds8.png,Text,Too much information.; The image has a lot of writing to it; it is not consistent; the shape is hard to read from,too much data/info; understand/read shapes; amount of words/context/numbers; inconsistent; hard to read shape,amount of words/context/numbers; distracting/confusing/unclear; easy/hard to interpret; much/little data/info; understand/read shapes,3,5,3,word_cloud --> whole.visualization [overall] | text_labels --> text.label [data_area] | shape_outline --> mark.shape [data_area],excessive_information_volume @ word_cloud (whole.visualization) [+] | high_density_writing @ text_labels (text.label) [+] | inconsistent_text_arrangement @ text_labels (text.label) [+] | hard_to_read_shape @ shape_outline (mark.shape) [+] | high_cognitive_load @ word_cloud (whole.visualization) [+],text_labels(text.label) --clutters--> shape_outline(mark.shape) [+] | shape_outline(mark.shape) --obscured_by--> text_labels(text.label) [+] | text_labels(text.label) --lacks_consistency_with--> shape_outline(mark.shape) [+]
InfoVisJ.2556.10.png,Text,"1. Text not easily readable. 2. No regularity in design. (empty spaces for example). 3. Totally arbitrary color application. 4. No clear visual ""cut off points"", the frames are fading out. This looks ""messy"" and confusing.",no clear indication; hard to read; unfamiliar concepts/patterns; ambiguous/confusing colors; irregular; unclear meaning/confusing,"color contrast/clarity; distracting/confusing/unclear; domain-specific concepts (e.g., chemical, biology, map); easy/hard to interpret; unclear meaning/confusing",5,6,3,text_labels --> text.label [axes] | layout --> structure.layout [overall] | color_encoding --> property.color [data_area] | data_elements --> content.data [data_area] | empty_spaces --> structure.background [overall],not_easily_readable @ text_labels (text.label) [+] | no_regularity_in_design @ layout (structure.layout) [+] | totally_arbitrary_color_application @ color_encoding (property.color) [+] | no_clear_visual_cutoff_points @ data_elements (content.data) [+] | messy_and_confusing @ layout (structure.layout) [+] | irregular_empty_spaces @ empty_spaces (structure.background) [+],color_encoding(property.color) --increases_confusion_in--> layout(structure.layout) [+] | empty_spaces(structure.background) --contributes_to_irregularity_of--> layout(structure.layout) [+] | data_elements(content.data) --lacks_clear_boundaries_within--> layout(structure.layout) [+]
InfoVisJ.647.7(2).png,Text,the right one is more complex because it is not tidy like the other one,looks random/messy/lack structure,distracting/confusing/unclear,1,1,0,visualization --> whole.visualization [overall],untidy_disorganized_layout @ visualization (whole.visualization) [+],
VASTC.91.5(1).png,Text,"Lots of information to go through while keeping track of colour and position.; The words selected, the color scheme of the wording and the structure of the letters. Compared to the map graph, it look more like a heat graph to me.","much/more data/info/info spread; shape position; different font/word sizes/structure; lack of meaning; a specific technique; domain-specific concepts (e.g., chemical, biology, map); unclear colormaps","color contrast/clarity; domain-specific concepts (e.g., chemical, biology, map); much/little data/info; shape position; unclear meaning/confusing; word rotation/small font size",5,9,4,heat_graph --> whole.visualization [data_area] | map_graph --> whole.visualization [data_area] | text_labels --> text.label [axes] | color_scheme --> property.color [overall] | layout_position --> structure.layout [overall],dense_data_encoding @ heat_graph (whole.visualization) [+] | complex_grid_structure @ heat_graph (whole.visualization) [+] | spatial_complexity @ map_graph (whole.visualization) [+] | requires_geographic_knowledge @ map_graph (whole.visualization) [+] | complex_letter_structure @ text_labels (text.label) [+] | many_words_selected @ text_labels (text.label) [+] | varied_color_wording @ color_scheme (property.color) [+] | multiple_colors_used @ color_scheme (property.color) [+] | complex_element_positioning @ layout_position (structure.layout) [+],heat_graph(whole.visualization) --combined_with--> map_graph(whole.visualization) [+] | color_scheme(property.color) --applied_to--> text_labels(text.label) [+] | layout_position(structure.layout) --increases_effort(raw:increases_cognitive_load_of)--> heat_graph(whole.visualization) [+] | heat_graph(whole.visualization) --contributes_to--> layout_position(structure.layout) [+]
MorphableWordClouds12.png,Text,Design Order of words Ease of understanding,order of words; easy to interpret/read/understand,easy/hard to interpret; word rotation/small font size,2,2,1,word_cloud --> whole.visualization [overall] | words --> text.label [data_area],non_linear_word_order @ words (text.label) [+] | difficult_to_interpret @ word_cloud (whole.visualization) [+],words(text.label) --arranged_in_complex_order--> word_cloud(whole.visualization) [+]
InfoVisJ.1137.1.png,Text,here you can see words and thats a bit easier to understand,clear title/axis/label; easy to understand,easy/hard to interpret; labels/axes/legends,2,2,1,text_labels --> text.label [data_area] | visualization --> whole.visualization [overall],words_visible @ text_labels (text.label) [-] | easier_to_understand @ visualization (whole.visualization) [-],text_labels(text.label) --aids_interpretation(raw:aids_interpretation_of)--> visualization(whole.visualization) [-]
InfoVisJ.2556.10(2).png,Text,il.logic; The density of text - Hard to understand,clear text arrangement/density; hard to interpret/read/understand; not intuitive/simple data,clear text arrangement/density; distracting/confusing/unclear; easy/hard to interpret,3,3,2,chart --> whole.visualization [overall] | text_elements --> text.label [axes] | layout_structure --> structure.layout [overall],high_text_density @ text_elements (text.label) [+] | illogical_organization @ layout_structure (structure.layout) [-] | hard_to_understand @ chart (whole.visualization) [+],text_elements(text.label) --increases_effort(raw:increases_cognitive_load_of)--> chart(whole.visualization) [+] | layout_structure(structure.layout) --undermines_clarity_of--> chart(whole.visualization) [+]
VASTC.59.11(2).png,Text,wording too small and unreadable,unreadable; word rotation/small font size,easy/hard to interpret; word rotation/small font size,2,2,1,text_labels --> text.label [overall] | chart --> whole.visualization [overall],unreadable_text @ text_labels (text.label) [+] | wording_too_small @ text_labels (text.label) [+],text_labels(text.label) --increases_effort(raw:increases_cognitive_load_of)--> chart(whole.visualization) [+]
InfoVisJ.621.8.png,Text,Words are easier to understand - Football is a topic I am more familiar with,"word/text/sentence; domain-specific concepts (e.g., chemical, biology, map); familiar representation; easy to interpret/read/understand","amount of words/context/numbers; domain-specific concepts (e.g., chemical, biology, map); easy/hard to interpret",2,4,2,text_labels --> text.label [overall] | football_imagery --> content.domain [data_area],multiple_words_present @ text_labels (text.label) [+] | words_easier_to_understand @ text_labels (text.label) [-] | familiar_domain_context @ football_imagery (content.domain) [-] | football_theme_recognizable @ football_imagery (content.domain) [-],text_labels(text.label) --aids_interpretation(raw:aids_interpretation_of)--> football_imagery(content.domain) [-] | football_imagery(content.domain) --reduces_complexity_via--> text_labels(text.label) [-]
InfoVisJ.691.6(3).png,Text,"The colour of the images, the right one is more simplistic. There are none (pictures) on the right.",little data/info; simple visual elements,much/little data/info; simple visual elements,1,2,1,visualization --> whole.visualization [overall],no_complex_elements @ visualization (whole.visualization) [-] | simplistic_design @ visualization (whole.visualization) [-],visualization(whole.visualization) --requires_minimal--> visualization(whole.visualization) [-]
InfoVisJ.647.8(2).png,Text,1.Image size. 2. Small details in the image. 3. The number of shapes in the image,fine/layered details; more charts/points/lines/shapes/elements,more charts/points/lines/shapes/elements; much/little data/info,2,3,1,shapes --> mark.shape [data_area] | details --> content.detail [overall],high_number_of_shapes @ shapes (mark.shape) [+] | shape_variety_aids_reading @ shapes (mark.shape) [-] | small_fine_details @ details (content.detail) [+],details(content.detail) --increases_cognitive_effort_in--> shapes(mark.shape) [+]
InfoVisJ.1149.17.png,Text,amount of text,much/more data/info/info spread,much/little data/info,1,2,0,text_elements --> text.label [overall],high_volume_of_text @ text_elements (text.label) [+] | text_aids_interpretation @ text_elements (text.label) [-],
VASTC.91.5.png,Text,"the image has more colors, it also has shapes.",shapes; color variety/arrangement/distribution,color variety/shading; shapes and lines,2,2,1,shapes --> mark.shape [data_area] | colors --> property.color [data_area],multiple_distinct_shapes @ shapes (mark.shape) [+] | high_color_variety @ colors (property.color) [+],shapes(mark.shape) --encoded_with--> colors(property.color) [+]
MorphableWordClouds20.png,Text,a word with weight graph,word/text/sentence; a specific technique,"amount of words/context/numbers; domain-specific concepts (e.g., chemical, biology, map)",2,2,1,word_cloud --> whole.visualization [data_area] | weight_graph --> whole.visualization [overall],multiple_words_present @ word_cloud (whole.visualization) [+] | simplifies_structure @ weight_graph (whole.visualization) [-],word_cloud(whole.visualization) --perceived_as_more_complex_than--> weight_graph(whole.visualization) [+]
InfoVisJ.2412.16(2).png,Text,"The second image is simpler: It is monochrome, the main points are clearly visible at a glance and there does not seem to be much more meaning to it other than the frequency at which each word is used.",word frequency; monochrome; easy to interpret/read/understand,amount of words/context/numbers; easy/hard to interpret; monochrome,3,3,2,word_cloud --> whole.visualization [data_area] | word_frequency --> content.data [data_area] | color_scheme --> property.color [overall],encodes_word_frequency @ word_frequency (content.data) [-] | monochrome_palette @ color_scheme (property.color) [-] | clearly_visible_at_glance @ word_cloud (whole.visualization) [-],word_frequency(content.data) --reduces_clutter_via--> color_scheme(property.color) [-] | word_cloud(whole.visualization) --communicates_quickly--> word_frequency(content.data) [-]
InfoVisJ.621.3.png,Text,"I have chosen the image on the left to be more complex because of the amount of words in some columns, and the size of those words. Therefore, even if the one on the left is not extremely complex, it is more so than the one on the right.",more texts/words; word rotation/small font size,amount of words/context/numbers; word rotation/small font size,2,2,1,columns --> mark.bar [data_area] | words --> text.label [data_area],high_word_count @ words (text.label) [+] | large_word_size @ words (text.label) [+],words(text.label) --densely_packed_in--> columns(mark.bar) [+]
CiteRivers5(1).png,Text,"The left chart color separation helped to despite have more information, keep the visual simple.",low color contrast/separation/segmentation,color contrast/clarity,2,1,1,chart --> whole.visualization [overall] | color_bands --> mark.color_segment [data_area],distinct_color_separation @ color_bands (mark.color_segment) [-],color_bands(mark.color_segment) --reduces_clutter_in--> chart(whole.visualization) [-]
InfoVisJ.1169.1.png,Text,The amount of informations The size Reading,much/more data/info/info spread; element sizes,much/little data/info; shapes and lines,2,2,1,visualization --> whole.visualization [overall] | data_content --> content.data [data_area],high_information_volume @ data_content (content.data) [+] | large_overall_size @ visualization (whole.visualization) [+],visualization(whole.visualization) --contains_dense--> data_content(content.data) [+]
VASTJ.220.1(2).png,Text,Letter size variation; Word meaning difference; Color difference; Ugly calligraphy,different font/word sizes/structure; different word meaning; color variety/arrangement/distribution; less attractive,color variety/shading; distracting/confusing/unclear; unclear meaning/confusing; word rotation/small font size,4,4,3,text_display --> text.label [overall] | letters --> text.label [data_area] | words --> text.label [data_area] | calligraphy --> property.font_style [overall],variable_letter_size @ letters (text.label) [+] | differing_word_meanings @ words (text.label) [+] | color_variation_present @ letters (text.label) [+] | ugly_irregular_calligraphy @ calligraphy (property.font_style) [+],letters(text.label) --varies_in_size_across--> text_display(text.label) [+] | words(text.label) --differ_semantically_within--> text_display(text.label) [+] | calligraphy(property.font_style) --increases_clutter_in--> text_display(text.label) [+]
VASTJ.250.13.png,Text,more words,more texts/words,amount of words/context/numbers,1,1,1,text_labels --> text.label [overall],high_word_count @ text_labels (text.label) [+],text_labels(text.label) --increases_complexity(raw:increases)--> text_labels(text.label) [+]
InfoVisJ.2546.1.png,Text,"A lot of words and letters, too many divisions, different sizes of font",too many details/divisions; different font/word sizes/structure; more texts/words,amount of words/context/numbers; more charts/points/lines/shapes/elements; word rotation/small font size,4,3,2,chart --> whole.visualization [overall] | divisions --> structure.grid [data_area] | text_labels --> text.label [data_area] | font --> property.font_style [overall],too_many_divisions @ divisions (structure.grid) [+] | varying_font_sizes @ font (property.font_style) [+] | high_word_and_letter_count @ text_labels (text.label) [+],text_labels(text.label) --rendered_in--> font(property.font_style) [+] | divisions(structure.grid) --increases_clutter_via--> text_labels(text.label) [+]
MorphableWordClouds13.png,Text,"sizes of words, readability",readability; word rotation/small font size,word rotation/small font size,2,2,1,word_cloud --> whole.visualization [data_area] | words --> text.label [data_area],varied_word_sizes @ words (text.label) [-] | low_readability @ word_cloud (whole.visualization) [+],words(text.label) --affects_readability_of--> word_cloud(whole.visualization) [+]
VASTC.51.10.png,Text,contains a lot of information the size of the graphics,much/more data/info/info spread; element sizes,much/little data/info; shapes and lines,2,2,1,chart --> whole.visualization [overall] | graphics --> whole.visualization [data_area],high_information_volume @ chart (whole.visualization) [+] | large_graphic_size @ graphics (whole.visualization) [+],graphics(whole.visualization) --contributes_to_clutter_in--> chart(whole.visualization) [+]
InfoVisC.24.3(2).png,Text,just text on the (less complex) and code/text; In the image with orange highlight I'm seeing programming and for me it's more difficult.,code/text; word/text/sentence; a specific technique; more difficult,"amount of words/context/numbers; domain-specific concepts (e.g., chemical, biology, map); easy/hard to interpret",2,4,2,text_content --> text.label [overall] | code_block --> structure.panel [data_area],primarily_text_based @ text_content (text.label) [-] | just_text_present @ text_content (text.label) [-] | programming_syntax_present @ code_block (structure.panel) [+] | increases_interpretive_difficulty @ code_block (structure.panel) [+],code_block(structure.panel) --requires_expertise(raw:requires_domain_knowledge)--> text_content(text.label) [+] | text_content(text.label) --reduces_visual_clutter--> code_block(structure.panel) [-]
MorphableWordClouds11.png,Text,,provokes thought and understanding,take longer to interpret,1,1,0,word_cloud --> whole.visualization [overall],high_visual_impact @ word_cloud (whole.visualization) [-],
InfoVisJ.2556.9.png,Text,The map on the left is immediately recognizable; the labels on the left image are clear and easy to read; the title of the visualization and therefore the purpose of the visualization is clearer on the left.,clear title/axis/label; familiar representation,"domain-specific concepts (e.g., chemical, biology, map); labels/axes/legends",3,3,2,chart --> whole.visualization [overall] | labels --> text.label [axes] | title --> text.title [title],immediately_recognizable_form @ chart (whole.visualization) [-] | clear_and_legible @ labels (text.label) [-] | purpose_clearly_stated @ title (text.title) [-],title(text.title) --reduces_ambiguity_of--> chart(whole.visualization) [-] | labels(text.label) --supports_interpretation_of--> chart(whole.visualization) [-]
VASTJ.1612.1.png,Text,The words are very difficult to see and it has two different colors.,unclear relation between words; two colors; hard to see/tell/visualize,easy/hard to interpret; two colors; unclear meaning/confusing,2,3,2,text_labels --> text.label [overall] | color_encoding --> property.color [data_area],words_difficult_to_see @ text_labels (text.label) [+] | low_legibility @ text_labels (text.label) [+] | two_distinct_colors @ color_encoding (property.color) [+],text_labels(text.label) --contributes_to--> color_encoding(property.color) [+] | color_encoding(property.color) --makes_harder_to_read--> text_labels(text.label) [+]
MorphableWordClouds7.png,Text,,more complicated; more intricate,easy/hard to interpret,3,3,2,word_cloud --> whole.visualization [overall] | color_scheme --> property.color [data_area] | layout --> structure.layout [overall],complex_color_scheme @ color_scheme (property.color) [+] | non_linear_arrangement @ layout (structure.layout) [+] | asymmetrical_layout @ layout (structure.layout) [+],color_scheme(property.color) --increases_complexity(raw:increases_complexity_of)--> word_cloud(whole.visualization) [+] | layout(structure.layout) --contributes_disorder_to--> word_cloud(whole.visualization) [+]
InfoVisJ.2546.10.png,Text,,amount of words/context/numbers; easier to interpret/read/understand; easy to interpret/read/understand; more reading/interpretation/understanding,amount of words/context/numbers; easy/hard to interpret; take longer to interpret,3,3,2,chart --> whole.visualization [overall] | text_labels --> text.label [axes] | data_area --> structure.region [data_area],easily_understandable_information @ chart (whole.visualization) [-] | quickly_interpretable_content @ chart (whole.visualization) [-] | high_reading_demand @ text_labels (text.label) [+],text_labels(text.label) --increases_reading_load_of--> chart(whole.visualization) [+] | data_area(structure.region) --supports_quick_understanding_of--> chart(whole.visualization) [-]
VASTJ.1612.1(4).png,Text,,word rotation/small font size; unclear color meaning; hard to interpret/read/understand; less intuitive,color contrast/clarity; easy/hard to interpret; word rotation/small font size,4,4,3,chart --> whole.visualization [overall] | color_encoding --> property.color [data_area] | text_labels --> text.label [data_area] | vertical_layout --> structure.layout [overall],unclear_color_meaning @ color_encoding (property.color) [+] | small_text_size @ text_labels (text.label) [+] | difficult_to_read_words @ text_labels (text.label) [+] | vertical_orientation @ vertical_layout (structure.layout) [+],color_encoding(property.color) --increases_effort(raw:increases_cognitive_load_of)--> chart(whole.visualization) [+] | text_labels(text.label) --reduces_legibility_within--> chart(whole.visualization) [+] | vertical_layout(structure.layout) --contributes_to_clutter_of--> chart(whole.visualization) [+]
