imageName,VisType,finalPhrases,subj_raw,subj_synset,subj_category,subj_attrs,pred_raw,pred_canon,obj_raw,obj_synset,obj_category,obj_attrs,sentiment,topic
whoO06_2.png,Bar,labels/axes/legends,legend,furniture.legend,furniture,increases_perceived_complexity,adds_complexity_relative_to,adds_complexity_relative_to,title,text.title,text,aids_quick_interpretation,[+],Immediacy / Cognitive Load
visMost97.png,Area,"color variety/shading; domain-specific concepts (e.g., chemical, biology, map); easy/hard to interpret; much/little data/info",color_encoding,property.color,property,distinguished_distinctive_colors,aids_interpretation_of,aids_interpretation,data_content,content.data,content,simple_information; common_knowledge_domain,[-],Visual Encoding Clarity
visMost97.png,Area,"color variety/shading; domain-specific concepts (e.g., chemical, biology, map); easy/hard to interpret; much/little data/info",data_content,content.data,content,simple_information; common_knowledge_domain,requires_minimal_cognitive_load,requires_minimal_cognitive_load,chart,whole.visualization,whole,easy_to_understand,[-],Immediacy / Cognitive Load
wsj135.png,Bar,color variety/shading; easy/hard to interpret; much/little data/info; scale difference; shapes and lines,dataset_1,content.data,content,,distinguished_from,distinguished_from,dataset_2,content.data,content,,[-],"Color, Symbol, and Texture Details"
wsj135.png,Bar,color variety/shading; easy/hard to interpret; much/little data/info; scale difference; shapes and lines,dataset_1,content.data,content,,shares_time_axis_with,shares_time_axis_with,dataset_2,content.data,content,,[-],Data Density / Image Clutter
InfoVisC.133.5(3).png,Node-link,color contrast/clarity; much/little data/info; shapes and lines,shapes,mark.shape,mark,varied_shapes_present; high_contrast_marks,increases_visual_complexity_of,increases_complexity,chart,whole.visualization,whole,low_detail_count,[+],Aesthetics Uncertainty
InfoVisC.133.5(3).png,Node-link,color contrast/clarity; much/little data/info; shapes and lines,data_elements,content.data,content,large_element_size,reduces_clutter_in,reduces_clutter_in,chart,whole.visualization,whole,low_detail_count,[-],Data Density / Image Clutter
SciVisJ.1025.11.png,Point,"amount of words/context/numbers; color contrast/clarity; color variety/shading; domain-specific concepts (e.g., chemical, biology, map); little/less text/numbers/context; much/little data/info; word rotation/small font size",text_labels,text.label,text,lots_of_inscriptions; detailed_annotations; sparse_text_present,increases_cognitive_load,increases_effort,data_elements,content.data,content,high_information_volume; nuanced_data_content; more_data_points,[+],Immediacy / Cognitive Load
SciVisJ.1025.11.png,Point,"amount of words/context/numbers; color contrast/clarity; color variety/shading; domain-specific concepts (e.g., chemical, biology, map); little/less text/numbers/context; much/little data/info; word rotation/small font size",numbers,content.number,content,numeric_labels_present,contributes_to_clutter_in,contributes_to_clutter_in,measurements,content.number,content,several_measurements_shown,[+],Data Density / Image Clutter
SciVisJ.1025.11.png,Point,"amount of words/context/numbers; color contrast/clarity; color variety/shading; domain-specific concepts (e.g., chemical, biology, map); little/less text/numbers/context; much/little data/info; word rotation/small font size",colors,property.color,property,multiple_colors_used; high_color_contrast,aids_differentiation_of,aids_differentiation_of,data_elements,content.data,content,high_information_volume; nuanced_data_content; more_data_points,[-],Visual Encoding Clarity
SciVisJ.1025.11.png,Point,"amount of words/context/numbers; color contrast/clarity; color variety/shading; domain-specific concepts (e.g., chemical, biology, map); little/less text/numbers/context; much/little data/info; word rotation/small font size",measurements,content.number,content,several_measurements_shown,adds_detail_to,adds_detail_to,data_elements,content.data,content,high_information_volume; nuanced_data_content; more_data_points,[+],Data Density / Image Clutter
InfoVisJ.619.17.png,Point,easy/hard to interpret; more charts/points/lines/shapes/elements; much/little data/info; overlapping shapes/colors/lines,dots,mark.point,mark,scattered_everywhere; spread_around,contributes_to,contributes_to,layout,structure.layout,structure,cluttered_appearance; easier_to_figure_out,[+],Aesthetics Uncertainty
economist_daily_chart_165.png,Bar,2D/3D; color variety/shading; easy/hard to interpret; labels/axes/legends; much/little data/info; take longer to interpret,color_encoding,property.color,property,mixes_several_colors; distinct_colors_used,encodes_variation_in,encodes_variation_in,data_elements,content.data,content,lot_of_details; more_details_present; data_easier_to_see; content_hard_to_see,[+],"Color, Symbol, and Texture Details"
economist_daily_chart_165.png,Bar,2D/3D; color variety/shading; easy/hard to interpret; labels/axes/legends; much/little data/info; take longer to interpret,text_labels,text.label,text,requires_reading; clear_text,adds_reading_burden_to,adds_reading_burden_to,chart,whole.visualization,whole,contains_more_information; two_dimensional_layout; understandable_visual; requires_concentration,[+],Semantics / Text Legibility
economist_daily_chart_165.png,Bar,2D/3D; color variety/shading; easy/hard to interpret; labels/axes/legends; much/little data/info; take longer to interpret,data_elements,content.data,content,lot_of_details; more_details_present; data_easier_to_see; content_hard_to_see,contributes_detail_to,contributes_detail_to,chart,whole.visualization,whole,contains_more_information; two_dimensional_layout; understandable_visual; requires_concentration,[+],Data Density / Image Clutter
economist_daily_chart_165.png,Bar,2D/3D; color variety/shading; easy/hard to interpret; labels/axes/legends; much/little data/info; take longer to interpret,title,text.title,text,,aids_interpretation_of,aids_interpretation,chart,whole.visualization,whole,contains_more_information; two_dimensional_layout; understandable_visual; requires_concentration,[-],Immediacy / Cognitive Load
VisJ.1499.8.png,Glyph,2D/3D; much/little data/info,information_content,content.data,content,requires_more_thinking,increases_cognitive_demand_of,increases_cognitive_demand_of,chart,whole.visualization,whole,,[+],Immediacy / Cognitive Load
VisJ.1499.8.png,Glyph,2D/3D; much/little data/info,data_points,mark.point,mark,low_number_of_points,limited_quantity_reduces_clutter_in,limited_quantity_reduces_clutter_in,chart,whole.visualization,whole,,[-],Data Density / Image Clutter
wsj603.png,Line,color variety/shading; easy/hard to interpret; much/little data/info; shapes and lines,lines,mark.line,mark,multiple_lines_present,combined_with,combined_with,shapes,mark.shape,mark,varied_shape_marks,[+],Visual Encoding Clarity
wsj603.png,Line,color variety/shading; easy/hard to interpret; much/little data/info; shapes and lines,small_details,content.detail,content,many_small_details,contributes_to,contributes_to,information_content,content.data,content,high_information_volume; fairly_easy_to_read,[+],Data Density / Image Clutter
wsj603.png,Line,color variety/shading; easy/hard to interpret; much/little data/info; shapes and lines,color_scheme,property.color,property,more_colors_used,increases_complexity_of,increases_complexity,information_content,content.data,content,high_information_volume; fairly_easy_to_read,[+],"Color, Symbol, and Texture Details"
whoQ44_4.png,Area,"2D/3D; amount of words/context/numbers; color contrast/clarity; color variety/shading; domain-specific concepts (e.g., chemical, biology, map); easy/hard to interpret; labels/axes/legends; more charts/points/lines/shapes/elements; more parameters/variables; much/little data/info; shapes and lines; word rotation/small font size",graphic_elements,mark.element,mark,high_number_of_elements; more_forms_present,increases_visual_clutter_in,increases_visual_clutter_in,chart,whole.visualization,whole,data_in_different_format; more_information_present; clear_and_clean_layout; quicker_easier_to_process; easier_to_read; understand_easily_what_about; reading_data_more_difficult; reduced_readability,[+],Aesthetics Uncertainty
whoQ44_4.png,Area,"2D/3D; amount of words/context/numbers; color contrast/clarity; color variety/shading; domain-specific concepts (e.g., chemical, biology, map); easy/hard to interpret; labels/axes/legends; more charts/points/lines/shapes/elements; more parameters/variables; much/little data/info; shapes and lines; word rotation/small font size",colors,property.color,property,difficult_to_tell_apart; variations_of_shade; more_colors_used; different_colors_present,complicates_interpretation_of,complicates_interpretation_of,legend,furniture.legend,furniture,legend_adds_complexity,[+],"Color, Symbol, and Texture Details"
whoQ44_4.png,Area,"2D/3D; amount of words/context/numbers; color contrast/clarity; color variety/shading; domain-specific concepts (e.g., chemical, biology, map); easy/hard to interpret; labels/axes/legends; more charts/points/lines/shapes/elements; more parameters/variables; much/little data/info; shapes and lines; word rotation/small font size",variables,content.data,content,lots_of_variables,adds_cognitive_load_to,adds_cognitive_load_to,chart,whole.visualization,whole,data_in_different_format; more_information_present; clear_and_clean_layout; quicker_easier_to_process; easier_to_read; understand_easily_what_about; reading_data_more_difficult; reduced_readability,[+],Immediacy / Cognitive Load
whoQ44_4.png,Area,"2D/3D; amount of words/context/numbers; color contrast/clarity; color variety/shading; domain-specific concepts (e.g., chemical, biology, map); easy/hard to interpret; labels/axes/legends; more charts/points/lines/shapes/elements; more parameters/variables; much/little data/info; shapes and lines; word rotation/small font size",shapes,mark.shape,mark,shapes_more_complex,increases_encoding_complexity_in,increases_encoding_complexity_in,chart,whole.visualization,whole,data_in_different_format; more_information_present; clear_and_clean_layout; quicker_easier_to_process; easier_to_read; understand_easily_what_about; reading_data_more_difficult; reduced_readability,[+],Visual Encoding Clarity
whoQ44_4.png,Area,"2D/3D; amount of words/context/numbers; color contrast/clarity; color variety/shading; domain-specific concepts (e.g., chemical, biology, map); easy/hard to interpret; labels/axes/legends; more charts/points/lines/shapes/elements; more parameters/variables; much/little data/info; shapes and lines; word rotation/small font size",numbers,content.number,content,small_numbers_present; large_numbers_present,contributes_to_readability_of,contributes_to_readability_of,chart,whole.visualization,whole,data_in_different_format; more_information_present; clear_and_clean_layout; quicker_easier_to_process; easier_to_read; understand_easily_what_about; reading_data_more_difficult; reduced_readability,[-],Semantics / Text Legibility
VisJ.1515.12.png,Cont.-ColorPatn,"color contrast/clarity; domain-specific concepts (e.g., chemical, biology, map); easy/hard to interpret; labels/axes/legends; more charts/points/lines/shapes/elements; more difficult to focus/follow; much/little data/info; shapes and lines; unclear colors/contrast; understand/read shapes",colors,property.color,property,color_coded_separation; weird_color_contrast; hard_to_focus_eyes,causes_difficulty_identifying,causes_difficulty_identifying,lines,mark.line,mark,multiple_lines_present; difficult_to_differentiate,[+],Visual Encoding Clarity
VisJ.1515.12.png,Cont.-ColorPatn,"color contrast/clarity; domain-specific concepts (e.g., chemical, biology, map); easy/hard to interpret; labels/axes/legends; more charts/points/lines/shapes/elements; more difficult to focus/follow; much/little data/info; shapes and lines; unclear colors/contrast; understand/read shapes",background,structure.background,structure,too_dark,increases_visual_strain_on,increases_visual_strain_on,colors,property.color,property,color_coded_separation; weird_color_contrast; hard_to_focus_eyes,[+],Aesthetics Uncertainty
VisJ.1515.12.png,Cont.-ColorPatn,"color contrast/clarity; domain-specific concepts (e.g., chemical, biology, map); easy/hard to interpret; labels/axes/legends; more charts/points/lines/shapes/elements; more difficult to focus/follow; much/little data/info; shapes and lines; unclear colors/contrast; understand/read shapes",legend,furniture.legend,furniture,provides_no_context; gives_no_further_information,fails_to_clarify,fails_to_clarify,shapes,mark.shape,mark,ambiguous_shape_encoding; unclear_resemblance,[+],Immediacy / Cognitive Load
VisJ.1515.12.png,Cont.-ColorPatn,"color contrast/clarity; domain-specific concepts (e.g., chemical, biology, map); easy/hard to interpret; labels/axes/legends; more charts/points/lines/shapes/elements; more difficult to focus/follow; much/little data/info; shapes and lines; unclear colors/contrast; understand/read shapes",lines,mark.line,mark,multiple_lines_present; difficult_to_differentiate,contributes_to_clutter_with,contributes_to_clutter_with,shapes,mark.shape,mark,ambiguous_shape_encoding; unclear_resemblance,[+],Data Density / Image Clutter
VisJ.1515.12.png,Cont.-ColorPatn,"color contrast/clarity; domain-specific concepts (e.g., chemical, biology, map); easy/hard to interpret; labels/axes/legends; more charts/points/lines/shapes/elements; more difficult to focus/follow; much/little data/info; shapes and lines; unclear colors/contrast; understand/read shapes",labels,text.label,text,hard_to_find_features; measure_not_clear,lacks_context_for,lacks,lines,mark.line,mark,multiple_lines_present; difficult_to_differentiate,[+],Schema
v487_n7406_7_f3.png,Glyph,color variety/shading; easy/hard to interpret; much/little data/info; overlapping shapes/colors/lines,color_scheme,property.color,property,multiple_colors_present,increases_clutter_in,increases_clutter_in,chart,whole.visualization,whole,difficult_to_understand,[+],Aesthetics Uncertainty
v487_n7406_7_f3.png,Glyph,color variety/shading; easy/hard to interpret; much/little data/info; overlapping shapes/colors/lines,details,content.detail,content,high_detail_density,contributes_to_difficulty_of,contributes_to_difficulty_of,chart,whole.visualization,whole,difficult_to_understand,[+],Immediacy / Cognitive Load
v487_n7406_7_f3.png,Glyph,color variety/shading; easy/hard to interpret; much/little data/info; overlapping shapes/colors/lines,layout,structure.layout,structure,mixed_up_arrangement,appears_mixed_up_within,appears_mixed_up_within,chart,whole.visualization,whole,difficult_to_understand,[+],Visual Encoding Clarity
SciVisJ.980.12(2).png,Glyph,color variety/shading; labels/axes/legends,color_encoding,property.color,property,distinct_color_variety,contrasts_with,differentiates,text_labels,text.label,text,clear_and_legible,[+],Aesthetics Uncertainty
SciVisJ.1236.10.png,Grid,"blurry colors/images; domain-specific concepts (e.g., chemical, biology, map); easy/hard to interpret; labels/axes/legends; more charts/points/lines/shapes/elements; shapes and lines; take longer to interpret; unclear meaning/confusing",columns_and_rows,structure.grid,structure,structured_layout,makes_easier_to_visualize,makes_easier_to_visualize,grid,structure.grid,structure,requires_domain_knowledge; unfamiliar_visualization_type; needs_intense_study,[-],Visual Encoding Clarity
SciVisJ.1236.10.png,Grid,"blurry colors/images; domain-specific concepts (e.g., chemical, biology, map); easy/hard to interpret; labels/axes/legends; more charts/points/lines/shapes/elements; shapes and lines; take longer to interpret; unclear meaning/confusing",colors,property.color,property,purple_and_green_hues; colors_carry_meaning,encodes_unclear_meaning_in,encodes_unclear_meaning_in,squares,mark.shape,mark,different_shapes_and_sizes; blurred_appearance; high_quantity_of_squares; variety_of_data_within,[+],Schema
SciVisJ.1236.10.png,Grid,"blurry colors/images; domain-specific concepts (e.g., chemical, biology, map); easy/hard to interpret; labels/axes/legends; more charts/points/lines/shapes/elements; shapes and lines; take longer to interpret; unclear meaning/confusing",labels,text.label,text,aids_interpretation,partially_clarifies,partially_clarifies,squares,mark.shape,mark,different_shapes_and_sizes; blurred_appearance; high_quantity_of_squares; variety_of_data_within,[-],Semantics / Text Legibility
SciVisJ.1236.10.png,Grid,"blurry colors/images; domain-specific concepts (e.g., chemical, biology, map); easy/hard to interpret; labels/axes/legends; more charts/points/lines/shapes/elements; shapes and lines; take longer to interpret; unclear meaning/confusing",squares,mark.shape,mark,different_shapes_and_sizes; blurred_appearance; high_quantity_of_squares; variety_of_data_within,contributes_to_clutter_in,contributes_to_clutter_in,grid,structure.grid,structure,requires_domain_knowledge; unfamiliar_visualization_type; needs_intense_study,[+],Aesthetics Uncertainty
v483_n7391_8_f5.png,Cont.-ColorPatn,"2D/3D; amount of words/context/numbers; color contrast/clarity; color variety/shading; distracting/confusing/unclear; domain-specific concepts (e.g., chemical, biology, map); easy/hard to interpret; labels/axes/legends; more charts/points/lines/shapes/elements; much/little data/info; ordered; shapes and lines; take longer to interpret",colored_surface,mark.area,mark,visually_striking_surface; difficult_to_read; conveys_more_data; harder_to_discern; requires_specialized_education; unfamiliar_chart_type; more_difficult_to_understand; organized_structured_layout; easy_to_understand; understand_at_a_glance,encoded_with,encoded_with,color_scale,property.color,property,separate_color_scale; too_many_similar_colors; more_colors_present; identical_colors_both_sides,[+],"Color, Symbol, and Texture Details"
v483_n7391_8_f5.png,Cont.-ColorPatn,"2D/3D; amount of words/context/numbers; color contrast/clarity; color variety/shading; distracting/confusing/unclear; domain-specific concepts (e.g., chemical, biology, map); easy/hard to interpret; labels/axes/legends; more charts/points/lines/shapes/elements; much/little data/info; ordered; shapes and lines; take longer to interpret",colored_surface,mark.area,mark,visually_striking_surface; difficult_to_read; conveys_more_data; harder_to_discern; requires_specialized_education; unfamiliar_chart_type; more_difficult_to_understand; organized_structured_layout; easy_to_understand; understand_at_a_glance,bounded_by,bounded_by,axes,furniture.axes,furniture,four_labeled_axes; more_axes_present; axis_aids_orientation,[+],Schema
v483_n7391_8_f5.png,Cont.-ColorPatn,"2D/3D; amount of words/context/numbers; color contrast/clarity; color variety/shading; distracting/confusing/unclear; domain-specific concepts (e.g., chemical, biology, map); easy/hard to interpret; labels/axes/legends; more charts/points/lines/shapes/elements; much/little data/info; ordered; shapes and lines; take longer to interpret",axes,furniture.axes,furniture,four_labeled_axes; more_axes_present; axis_aids_orientation,labeled_with,labeled_with,axis_labels,text.axis_label,text,more_numbers_present; words_aid_reading,[+],Semantics / Text Legibility
v483_n7391_8_f5.png,Cont.-ColorPatn,"2D/3D; amount of words/context/numbers; color contrast/clarity; color variety/shading; distracting/confusing/unclear; domain-specific concepts (e.g., chemical, biology, map); easy/hard to interpret; labels/axes/legends; more charts/points/lines/shapes/elements; much/little data/info; ordered; shapes and lines; take longer to interpret",colored_surface,mark.area,mark,visually_striking_surface; difficult_to_read; conveys_more_data; harder_to_discern; requires_specialized_education; unfamiliar_chart_type; more_difficult_to_understand; organized_structured_layout; easy_to_understand; understand_at_a_glance,contains,contains,data_points,mark.point,mark,multiple_data_points; much_more_data; more_details_present,[+],Data Density / Image Clutter
v483_n7391_8_f5.png,Cont.-ColorPatn,"2D/3D; amount of words/context/numbers; color contrast/clarity; color variety/shading; distracting/confusing/unclear; domain-specific concepts (e.g., chemical, biology, map); easy/hard to interpret; labels/axes/legends; more charts/points/lines/shapes/elements; much/little data/info; ordered; shapes and lines; take longer to interpret",colored_surface,mark.area,mark,visually_striking_surface; difficult_to_read; conveys_more_data; harder_to_discern; requires_specialized_education; unfamiliar_chart_type; more_difficult_to_understand; organized_structured_layout; easy_to_understand; understand_at_a_glance,overlaid_with,overlaid_with,curve_lines,mark.line,mark,lines_not_straightforward; curve_lines_simple,[+],Visual Encoding Clarity
v483_n7391_8_f5.png,Cont.-ColorPatn,"2D/3D; amount of words/context/numbers; color contrast/clarity; color variety/shading; distracting/confusing/unclear; domain-specific concepts (e.g., chemical, biology, map); easy/hard to interpret; labels/axes/legends; more charts/points/lines/shapes/elements; much/little data/info; ordered; shapes and lines; take longer to interpret",color_scale,property.color,property,separate_color_scale; too_many_similar_colors; more_colors_present; identical_colors_both_sides,increases_clutter_of,increases_clutter_of,colored_surface,mark.area,mark,visually_striking_surface; difficult_to_read; conveys_more_data; harder_to_discern; requires_specialized_education; unfamiliar_chart_type; more_difficult_to_understand; organized_structured_layout; easy_to_understand; understand_at_a_glance,[+],Aesthetics Uncertainty
InfoVisJ.2699.12.png,Node-link,color contrast/clarity; overlapping shapes/colors/lines; shapes and lines,lines,mark.line,mark,high_overlap_density; straight_line_encoding,overlaps_with,overlaps_with,lines,mark.line,mark,high_overlap_density; straight_line_encoding,[+],Data Density / Image Clutter
InfoVisJ.2699.12.png,Node-link,color contrast/clarity; overlapping shapes/colors/lines; shapes and lines,shapes,mark.shape,mark,varied_shape_types,increases_clutter_over,increases_clutter_over,dots,mark.point,mark,simple_point_marks,[+],Aesthetics Uncertainty
InfoVisJ.2699.12.png,Node-link,color contrast/clarity; overlapping shapes/colors/lines; shapes and lines,red_colors,property.color,property,prominent_red_coloring,visually_dominates,visually_dominates,lines,mark.line,mark,high_overlap_density; straight_line_encoding,[+],"Color, Symbol, and Texture Details"
VisJ.1197.5(3).png,Glyph,"domain-specific concepts (e.g., chemical, biology, map); easy/hard to interpret; more charts/points/lines/shapes/elements; much/little data/info; shapes and lines; symbols",cubes,mark.shape,mark,large_quantity_of_cubes; difficult_to_visualize; high_item_quantity,arranged_in,arranged_in,layers,structure.layout,structure,layered_shapes_and_details; overlapping_shape_complexity,[+],Data Density / Image Clutter
VisJ.1197.5(3).png,Glyph,"domain-specific concepts (e.g., chemical, biology, map); easy/hard to interpret; more charts/points/lines/shapes/elements; much/little data/info; shapes and lines; symbols",layers,structure.layout,structure,layered_shapes_and_details; overlapping_shape_complexity,contributes_to,contributes_to,texture,property.texture,property,visually_stimulating_texture,[+],"Color, Symbol, and Texture Details"
VisJ.1197.5(3).png,Glyph,"domain-specific concepts (e.g., chemical, biology, map); easy/hard to interpret; more charts/points/lines/shapes/elements; much/little data/info; shapes and lines; symbols",context,content.domain,content,no_context_provided; absence_aids_simplicity,increases_ambiguity_of,increases_ambiguity,cubes,mark.shape,mark,large_quantity_of_cubes; difficult_to_visualize; high_item_quantity,[+],Immediacy / Cognitive Load
VisC.503.6.png,Bar,"domain-specific concepts (e.g., chemical, biology, map); easy/hard to interpret",bar_graph,whole.visualization,whole,increases_visual_complexity,combined_with,combined_with,circle_graph,whole.visualization,whole,simple_circular_form; easy_to_understand,[+],Data Density / Image Clutter
whoJ44.png,Line,much/little data/info; shapes and lines,lines,mark.line,mark,multiple_lines_present,increases_clutter_in,increases_clutter_in,chart,whole.visualization,whole,less_information_present,[+],Aesthetics Uncertainty
InfoVisJ.2402.12(1).png,Area,"color variety/shading; domain-specific concepts (e.g., chemical, biology, map); more charts/points/lines/shapes/elements; shapes and lines",size_encoding,property.encoding,property,size_varies_small_to_large; different_sizes_and_figures,encodes_variation_via,encodes_variation_via,color_encoding,property.color,property,multiple_colors_distributed; different_colors_present,[+],Visual Encoding Clarity
InfoVisJ.2402.12(1).png,Area,"color variety/shading; domain-specific concepts (e.g., chemical, biology, map); more charts/points/lines/shapes/elements; shapes and lines",data_points,mark.point,mark,multitude_of_observations,rendered_with,rendered_with,size_encoding,property.encoding,property,size_varies_small_to_large; different_sizes_and_figures,[+],Data Density / Image Clutter
InfoVisJ.2402.12(1).png,Area,"color variety/shading; domain-specific concepts (e.g., chemical, biology, map); more charts/points/lines/shapes/elements; shapes and lines",chart_type,whole.visualization,whole,unfamiliar_chart_form,requires_domain_knowledge_for,requires_expertise,data_points,mark.point,mark,multitude_of_observations,[+],Immediacy / Cognitive Load
wsj340.png,Bar,"color contrast/clarity; domain-specific concepts (e.g., chemical, biology, map); easy/hard to interpret; labels/axes/legends; word rotation/small font size",title,text.title,text,clear_informative_title,reduces_interpretive_effort_of,reduces_interpretive_effort_of,chart,whole.visualization,whole,low_visual_demand,[-],Immediacy / Cognitive Load
wsj340.png,Bar,"color contrast/clarity; domain-specific concepts (e.g., chemical, biology, map); easy/hard to interpret; labels/axes/legends; word rotation/small font size",description,text.description,text,explanatory_description_present,supplements_encoding_of,supplements_encoding_of,colored_segments,mark.color_segment,mark,limited_color_segments,[-],Visual Encoding Clarity
wsj340.png,Bar,"color contrast/clarity; domain-specific concepts (e.g., chemical, biology, map); easy/hard to interpret; labels/axes/legends; word rotation/small font size",labels,text.label,text,readable_labels_present,clarifies_meaning_of,clarifies,colored_segments,mark.color_segment,mark,limited_color_segments,[-],Semantics / Text Legibility
VisC.167.11.png,Bar,"color variety/shading; domain-specific concepts (e.g., chemical, biology, map); easy/hard to interpret",bars,mark.bar,mark,grouped_by_color,encoded_with,encoded_with,color_encoding,property.color,property,colors_represent_groups,[-],"Color, Symbol, and Texture Details"
VisC.167.11.png,Bar,"color variety/shading; domain-specific concepts (e.g., chemical, biology, map); easy/hard to interpret",bar_graph,whole.visualization,whole,familiar_chart_type; rapidly_interpretable_message,enables_quick_comprehension,enables_quick_comprehension,bars,mark.bar,mark,grouped_by_color,[-],Immediacy / Cognitive Load
VASTJ.2908.2.png,Grid,"color contrast/clarity; domain-specific concepts (e.g., chemical, biology, map); easy/hard to interpret",color_encoding,property.color,property,similar_looking_colors,makes_harder_to_read,makes_harder_to_read,data_points,mark.point,mark,hard_to_distinguish_points,[+],Immediacy / Cognitive Load
VASTJ.2908.2.png,Grid,"color contrast/clarity; domain-specific concepts (e.g., chemical, biology, map); easy/hard to interpret",grid,structure.grid,structure,absent_grid_lines,absence_impedes_reading,absence_impedes_reading,data_points,mark.point,mark,hard_to_distinguish_points,[+],Visual Encoding Clarity
InfoVisJ.1236.13.png,Area,2D/3D; clear text/scale/information,scale,furniture.scale,furniture,aids_data_interpretation,supports_readability_of,aids_interpretation,frame,structure.panel,structure,provides_value_reference,[-],Semantics / Text Legibility
economist_daily_chart_153.png,Area,distracting/confusing/unclear; easy/hard to interpret; soft/layered/overlapping colors,color_palette,property.color,property,soft_color_tones; visually_pleasant_appearance,reduces_cognitive_load_of,reduces_cognitive_load_of,chart,whole.visualization,whole,easy_to_comprehend,[-],Immediacy / Cognitive Load
economist_daily_chart_153.png,Area,distracting/confusing/unclear; easy/hard to interpret; soft/layered/overlapping colors,color_palette,property.color,property,soft_color_tones; visually_pleasant_appearance,contributes_to_pleasant_feel_of,contributes_to_pleasant_feel_of,chart,whole.visualization,whole,easy_to_comprehend,[-],Aesthetics Uncertainty
InfoVisC.73.6.png,Text,amount of words/context/numbers; color contrast/clarity; easy/hard to interpret; labels/axes/legends; more charts/points/lines/shapes/elements; much/little data/info; overlapping shapes/colors/lines; shapes and lines; unclear meaning/confusing; word rotation/small font size,text_labels,text.label,text,text_present; few_readable_words,contributes_to,contributes_to,chart,whole.visualization,whole,spread_of_information; high_volume_of_information; cluttered_screen_layout; unclear_purpose_or_use; meaning_not_apparent,[+],Aesthetics Uncertainty
InfoVisC.73.6.png,Text,amount of words/context/numbers; color contrast/clarity; easy/hard to interpret; labels/axes/legends; more charts/points/lines/shapes/elements; much/little data/info; overlapping shapes/colors/lines; shapes and lines; unclear meaning/confusing; word rotation/small font size,lines,mark.line,mark,multiple_lines_present,adds_clutter_to,adds_clutter_to,chart,whole.visualization,whole,spread_of_information; high_volume_of_information; cluttered_screen_layout; unclear_purpose_or_use; meaning_not_apparent,[+],Data Density / Image Clutter
InfoVisC.73.6.png,Text,amount of words/context/numbers; color contrast/clarity; easy/hard to interpret; labels/axes/legends; more charts/points/lines/shapes/elements; much/little data/info; overlapping shapes/colors/lines; shapes and lines; unclear meaning/confusing; word rotation/small font size,color_encoding,property.color,property,dark_green_color_used,reduces_complexity_of,simplifies,chart,whole.visualization,whole,spread_of_information; high_volume_of_information; cluttered_screen_layout; unclear_purpose_or_use; meaning_not_apparent,[-],"Color, Symbol, and Texture Details"
InfoVisC.73.6.png,Text,amount of words/context/numbers; color contrast/clarity; easy/hard to interpret; labels/axes/legends; more charts/points/lines/shapes/elements; much/little data/info; overlapping shapes/colors/lines; shapes and lines; unclear meaning/confusing; word rotation/small font size,font_styling,property.font_style,property,changing_fonts_present,reduces_legibility_of,reduces_legibility_of,text_labels,text.label,text,text_present; few_readable_words,[-],Semantics / Text Legibility
SciVisJ.822.18.png,Grid,easy/hard to interpret; word rotation/small font size,text_elements,text.label,text,low_readability,hinders_interpretation_of,hinders_reading,visualization,whole.visualization,whole,generally_comprehensible,[+],Immediacy / Cognitive Load
VisJ.1949.18(3).png,Glyph,"color contrast/clarity; color variety/shading; domain-specific concepts (e.g., chemical, biology, map); labels/axes/legends; more charts/points/lines/shapes/elements; white/black background / other background",numbers,content.number,content,numeric_labels_present,combined_with,combined_with,legend,furniture.legend,furniture,legend_adds_elements,[+],Data Density / Image Clutter
VisJ.1949.18(3).png,Glyph,"color contrast/clarity; color variety/shading; domain-specific concepts (e.g., chemical, biology, map); labels/axes/legends; more charts/points/lines/shapes/elements; white/black background / other background",color_encoding,property.color,property,high_color_intensity; high_contrast_level,contributes_to,contributes_to,data_elements,content.data,content,more_elements_present; pattern_search_required,[+],Visual Encoding Clarity
VisJ.1949.18(3).png,Glyph,"color contrast/clarity; color variety/shading; domain-specific concepts (e.g., chemical, biology, map); labels/axes/legends; more charts/points/lines/shapes/elements; white/black background / other background",data_elements,content.data,content,more_elements_present; pattern_search_required,requires_pattern_finding_in,requires_pattern_finding_in,color_encoding,property.color,property,high_color_intensity; high_contrast_level,[+],Immediacy / Cognitive Load
VASTJ.422.7.png,Point,color variety/shading; labels/axes/legends; much/little data/info,dataset,content.data,content,larger_dataset_size; more_visual_elements,increases_entries_in,increases_entries_in,legend,furniture.legend,furniture,bigger_key_size,[+],Data Density / Image Clutter
VASTJ.422.7.png,Point,color variety/shading; labels/axes/legends; much/little data/info,color_scheme,property.color,property,more_colors_used,adds_visual_complexity_to,adds_visual_complexity_to,dataset,content.data,content,larger_dataset_size; more_visual_elements,[+],"Color, Symbol, and Texture Details"
InfoVisJ.1558.9.png,Glyph,"color contrast/clarity; color variety/shading; domain-specific concepts (e.g., chemical, biology, map); easy/hard to interpret; labels/axes/legends; overlapping shapes/colors/lines; shape size; shapes and lines; take longer to interpret",circles,mark.point,mark,clustered_together; varying_sizes; overlapping_data_elements; pellet_money_appearance; straightforward_shape,clusters_increase_difficulty,clusters_increase_difficulty,legend,furniture.legend,furniture,unlabeled_legend_data; too_close_to_visualization,[+],Immediacy / Cognitive Load
InfoVisJ.1558.9.png,Glyph,"color contrast/clarity; color variety/shading; domain-specific concepts (e.g., chemical, biology, map); easy/hard to interpret; labels/axes/legends; overlapping shapes/colors/lines; shape size; shapes and lines; take longer to interpret",legend,furniture.legend,furniture,unlabeled_legend_data; too_close_to_visualization,lacks_labels_for,lacks_labels_for,circles,mark.point,mark,clustered_together; varying_sizes; overlapping_data_elements; pellet_money_appearance; straightforward_shape,[+],Semantics / Text Legibility
InfoVisJ.1558.9.png,Glyph,"color contrast/clarity; color variety/shading; domain-specific concepts (e.g., chemical, biology, map); easy/hard to interpret; labels/axes/legends; overlapping shapes/colors/lines; shape size; shapes and lines; take longer to interpret",circles,mark.point,mark,clustered_together; varying_sizes; overlapping_data_elements; pellet_money_appearance; straightforward_shape,overlaps_with,overlaps_with,squares,mark.shape,mark,blue_colored_squares; orange_colored_shapes,[+],Data Density / Image Clutter
InfoVisJ.1558.9.png,Glyph,"color contrast/clarity; color variety/shading; domain-specific concepts (e.g., chemical, biology, map); easy/hard to interpret; labels/axes/legends; overlapping shapes/colors/lines; shape size; shapes and lines; take longer to interpret",colors,property.color,property,similar_color_palette; colors_draw_attention; little_shade_variation,similarity_hinders_distinction_of,similarity_hinders_distinction_of,squares,mark.shape,mark,blue_colored_squares; orange_colored_shapes,[+],Visual Encoding Clarity
InfoVisJ.1558.9.png,Glyph,"color contrast/clarity; color variety/shading; domain-specific concepts (e.g., chemical, biology, map); easy/hard to interpret; labels/axes/legends; overlapping shapes/colors/lines; shape size; shapes and lines; take longer to interpret",legend,furniture.legend,furniture,unlabeled_legend_data; too_close_to_visualization,positioned_too_close_to,positioned_too_close_to,circles,mark.point,mark,clustered_together; varying_sizes; overlapping_data_elements; pellet_money_appearance; straightforward_shape,[+],Aesthetics Uncertainty
v488_n7409_12_f4.png,Node-link,much/little data/info,data_points,mark.point,mark,high_data_volume,increases_clutter_in,increases_clutter_in,chart,whole.visualization,whole,,[+],Data Density / Image Clutter
VASTJ.2012.9(2).png,Text,color variety/shading; easy/hard to interpret; less organized elements; more charts/points/lines/shapes/elements; much/little data/info; overlapping shapes/colors/lines,data_elements,content.data,content,many_different_elements; high_amount_of_items,contributes_to_clutter_in,contributes_to_clutter_in,chart,whole.visualization,whole,visually_busy,[+],Aesthetics Uncertainty
VASTJ.2012.9(2).png,Text,color variety/shading; easy/hard to interpret; less organized elements; more charts/points/lines/shapes/elements; much/little data/info; overlapping shapes/colors/lines,layout,structure.layout,structure,poor_element_organization,increases_difficulty_of,increases_complexity,information_content,content.data,content,large_information_volume; hard_to_quickly_understand,[+],Immediacy / Cognitive Load
VASTJ.2012.9(2).png,Text,color variety/shading; easy/hard to interpret; less organized elements; more charts/points/lines/shapes/elements; much/little data/info; overlapping shapes/colors/lines,color_scheme,property.color,property,high_color_variety,adds_visual_complexity_to,adds_visual_complexity_to,chart,whole.visualization,whole,visually_busy,[+],"Color, Symbol, and Texture Details"
VASTJ.2012.9(2).png,Text,color variety/shading; easy/hard to interpret; less organized elements; more charts/points/lines/shapes/elements; much/little data/info; overlapping shapes/colors/lines,information_content,content.data,content,large_information_volume; hard_to_quickly_understand,increases_cognitive_load_of,increases_effort,chart,whole.visualization,whole,visually_busy,[+],Immediacy / Cognitive Load
InfoVisJ.349.1.png,Node-link,color contrast/clarity; distracting/confusing/unclear; easy/hard to interpret; labels/axes/legends; monochrome; more charts/points/lines/shapes/elements; overlapping shapes/colors/lines; random-like shapes; shapes and lines; unclear meaning/confusing; word rotation/small font size,lines,mark.line,mark,numerous_lines_present; easy_to_follow,creates,contributes_to,intersections,structure.link,structure,numerous_intersections,[+],Data Density / Image Clutter
InfoVisJ.349.1.png,Node-link,color contrast/clarity; distracting/confusing/unclear; easy/hard to interpret; labels/axes/legends; monochrome; more charts/points/lines/shapes/elements; overlapping shapes/colors/lines; random-like shapes; shapes and lines; unclear meaning/confusing; word rotation/small font size,intersections,structure.link,structure,numerous_intersections,makes_confusing_to_read,makes_confusing_to_read,lines,mark.line,mark,numerous_lines_present; easy_to_follow,[+],Immediacy / Cognitive Load
InfoVisJ.349.1.png,Node-link,color contrast/clarity; distracting/confusing/unclear; easy/hard to interpret; labels/axes/legends; monochrome; more charts/points/lines/shapes/elements; overlapping shapes/colors/lines; random-like shapes; shapes and lines; unclear meaning/confusing; word rotation/small font size,labels,text.label,text,lack_of_labels_explanation,absent_from,absent_from,shapes,mark.shape,mark,distinct_recognizable_shapes; random_like_shapes,[+],Semantics / Text Legibility
InfoVisJ.349.1.png,Node-link,color contrast/clarity; distracting/confusing/unclear; easy/hard to interpret; labels/axes/legends; monochrome; more charts/points/lines/shapes/elements; overlapping shapes/colors/lines; random-like shapes; shapes and lines; unclear meaning/confusing; word rotation/small font size,datapoints,content.data,content,random_like_movement; close_proximity_of_items,clustered_near,clustered_near,datapoints,content.data,content,random_like_movement; close_proximity_of_items,[-],Aesthetics Uncertainty
VASTJ.1.7.png,Node-link,"scattered shapes (e.g., dots, squares, pictures); take longer to interpret",data_points,mark.point,mark,scattered_distribution,increases_clutter_in,increases_clutter_in,chart,whole.visualization,whole,requires_extended_viewing,[+],Aesthetics Uncertainty
vis734.png,Grid,more charts/points/lines/shapes/elements; white/black background / other background,data_points,mark.point,mark,excessive_point_count,clutters,clutters,background,structure.background,structure,black_background_color,[+],Data Density / Image Clutter
VisJ.1541.1(2).png,Cont.-ColorPatn,"2D/3D; color variety/shading; domain-specific concepts (e.g., chemical, biology, map); overlapping shapes/colors/lines; take longer to interpret",data_marks,content.data,content,high_visual_noise; cluttered_data_elements,increases_cognitive_load_of,increases_effort,semantic_content,content.domain,content,unclear_portrayed_subject; requires_longer_processing; provides_interpretive_context,[+],Immediacy / Cognitive Load
VisJ.1541.1(2).png,Cont.-ColorPatn,"2D/3D; color variety/shading; domain-specific concepts (e.g., chemical, biology, map); overlapping shapes/colors/lines; take longer to interpret",color_encoding,property.color,property,distinct_color_hues,aids_interpretation_of,aids_interpretation,data_marks,content.data,content,high_visual_noise; cluttered_data_elements,[-],Visual Encoding Clarity
v488_n7409_19_f1.png,Grid,"amount of words/context/numbers; color contrast/clarity; color variety/shading; distinguishable/full/highly contrast color uses; distracting/confusing/unclear; easy/hard to interpret; labels/axes/legends; more charts/points/lines/shapes/elements; more parameters/variables; much/little data/info; overlapping shapes/colors/lines; read/analyze many figures/items; scattered shapes (e.g., dots, squares, pictures); shapes and lines; take longer to interpret; unclear meaning/confusing; word rotation/small font size",squares,mark.shape,mark,scattered_all_over; numerous_isolated_marks; outnumber_dots; many_visual_components,outnumbers,outnumbers,dots,mark.point,mark,more_points_present,[+],Data Density / Image Clutter
v488_n7409_19_f1.png,Grid,"amount of words/context/numbers; color contrast/clarity; color variety/shading; distinguishable/full/highly contrast color uses; distracting/confusing/unclear; easy/hard to interpret; labels/axes/legends; more charts/points/lines/shapes/elements; more parameters/variables; much/little data/info; overlapping shapes/colors/lines; read/analyze many figures/items; scattered shapes (e.g., dots, squares, pictures); shapes and lines; take longer to interpret; unclear meaning/confusing; word rotation/small font size",squares,mark.shape,mark,scattered_all_over; numerous_isolated_marks; outnumber_dots; many_visual_components,scattered_across,distributed_across,axes,furniture.axes,furniture,multiple_axes; many_parameters_on_axes; more_variables_represented,[+],Aesthetics Uncertainty
v488_n7409_19_f1.png,Grid,"amount of words/context/numbers; color contrast/clarity; color variety/shading; distinguishable/full/highly contrast color uses; distracting/confusing/unclear; easy/hard to interpret; labels/axes/legends; more charts/points/lines/shapes/elements; more parameters/variables; much/little data/info; overlapping shapes/colors/lines; read/analyze many figures/items; scattered shapes (e.g., dots, squares, pictures); shapes and lines; take longer to interpret; unclear meaning/confusing; word rotation/small font size",text_labels,text.label,text,small_font_size; illegible_small_writing; lot_of_terms; many_more_words,labels_multiple,labels_multiple,axes,furniture.axes,furniture,multiple_axes; many_parameters_on_axes; more_variables_represented,[+],Semantics / Text Legibility
v488_n7409_19_f1.png,Grid,"amount of words/context/numbers; color contrast/clarity; color variety/shading; distinguishable/full/highly contrast color uses; distracting/confusing/unclear; easy/hard to interpret; labels/axes/legends; more charts/points/lines/shapes/elements; more parameters/variables; much/little data/info; overlapping shapes/colors/lines; read/analyze many figures/items; scattered shapes (e.g., dots, squares, pictures); shapes and lines; take longer to interpret; unclear meaning/confusing; word rotation/small font size",colors,property.color,property,many_unique_colors; colors_more_appealing; color_adds_factor_to_consider; difficult_to_understand; not_intuitive,encodes,encodes,squares,mark.shape,mark,scattered_all_over; numerous_isolated_marks; outnumber_dots; many_visual_components,[+],"Color, Symbol, and Texture Details"
v488_n7409_19_f1.png,Grid,"amount of words/context/numbers; color contrast/clarity; color variety/shading; distinguishable/full/highly contrast color uses; distracting/confusing/unclear; easy/hard to interpret; labels/axes/legends; more charts/points/lines/shapes/elements; more parameters/variables; much/little data/info; overlapping shapes/colors/lines; read/analyze many figures/items; scattered shapes (e.g., dots, squares, pictures); shapes and lines; take longer to interpret; unclear meaning/confusing; word rotation/small font size",legend,furniture.legend,furniture,key_present_in_image; labels_aid_reading,explains,explains,colors,property.color,property,many_unique_colors; colors_more_appealing; color_adds_factor_to_consider; difficult_to_understand; not_intuitive,[+],Immediacy / Cognitive Load
VASTC.13.9.png,Text,"color variety/shading; domain-specific concepts (e.g., chemical, biology, map); labels/axes/legends; much/little data/info",color_encoding,property.color,property,varied_colors_present,increases_clutter_in,increases_clutter_in,graph,whole.visualization,whole,complex_graph_design,[+],Aesthetics Uncertainty
VASTC.13.9.png,Text,"color variety/shading; domain-specific concepts (e.g., chemical, biology, map); labels/axes/legends; much/little data/info",labels_values,text.label,text,unclear_defining_values,reduces_interpretability_of,reduces_interpretability_of,graph,whole.visualization,whole,complex_graph_design,[-],Immediacy / Cognitive Load
VASTC.13.9.png,Text,"color variety/shading; domain-specific concepts (e.g., chemical, biology, map); labels/axes/legends; much/little data/info",data_details,content.data,content,more_details_included,adds_complexity_to,increases_complexity,graph,whole.visualization,whole,complex_graph_design,[+],Data Density / Image Clutter
InfoVisJ.1149.6(1).png,Grid,amount of words/context/numbers; distracting/confusing/unclear; labels/axes/legends; overlapping shapes/colors/lines; take longer to interpret; word rotation/small font size,text_labels,text.label,text,large_amount_of_text; many_different_labels,contributes_to_clutter_in,contributes_to_clutter_in,visualization,whole.visualization,whole,high_information_density; visually_overwhelming_layout; mentally_taxing_to_interpret,[+],Data Density / Image Clutter
InfoVisJ.1149.6(1).png,Grid,amount of words/context/numbers; distracting/confusing/unclear; labels/axes/legends; overlapping shapes/colors/lines; take longer to interpret; word rotation/small font size,hierarchical_structure,structure.hierarchy,structure,hierarchical_text_organization,increases_structural_complexity_of,increases_structural_complexity_of,visualization,whole.visualization,whole,high_information_density; visually_overwhelming_layout; mentally_taxing_to_interpret,[+],Schema
InfoVisJ.1149.6(1).png,Grid,amount of words/context/numbers; distracting/confusing/unclear; labels/axes/legends; overlapping shapes/colors/lines; take longer to interpret; word rotation/small font size,small_text,text.label,text,many_small_writings,reduces_legibility_within,reduces_legibility_within,visualization,whole.visualization,whole,high_information_density; visually_overwhelming_layout; mentally_taxing_to_interpret,[+],Semantics / Text Legibility
InfoVisC.65.5(2).png,Node-link,"domain-specific concepts (e.g., chemical, biology, map); easy/hard to interpret; monochrome; more charts/points/lines/shapes/elements; overlapping shapes/colors/lines; shapes and lines",lines,mark.line,mark,high_line_quantity; diffuse_distribution; hard_to_discern,creates,contributes_to,layout,structure.layout,structure,nothing_clearly_readable; complex_domain_info,[+],Aesthetics Uncertainty
InfoVisC.65.5(2).png,Node-link,"domain-specific concepts (e.g., chemical, biology, map); easy/hard to interpret; monochrome; more charts/points/lines/shapes/elements; overlapping shapes/colors/lines; shapes and lines",lines,mark.line,mark,high_line_quantity; diffuse_distribution; hard_to_discern,converge_at,converge_at,meeting_points,mark.point,mark,numerous_intersections,[+],Data Density / Image Clutter
InfoVisC.65.5(2).png,Node-link,"domain-specific concepts (e.g., chemical, biology, map); easy/hard to interpret; monochrome; more charts/points/lines/shapes/elements; overlapping shapes/colors/lines; shapes and lines",color_scheme,property.color,property,single_color_only,reduces_differentiation_in,reduces_differentiation_in,lines,mark.line,mark,high_line_quantity; diffuse_distribution; hard_to_discern,[+],Visual Encoding Clarity
InfoVisC.65.5(2).png,Node-link,"domain-specific concepts (e.g., chemical, biology, map); easy/hard to interpret; monochrome; more charts/points/lines/shapes/elements; overlapping shapes/colors/lines; shapes and lines",meeting_points,mark.point,mark,numerous_intersections,increases_cognitive_load_of,increases_effort,layout,structure.layout,structure,nothing_clearly_readable; complex_domain_info,[+],Immediacy / Cognitive Load
visMost573.png,Area,"2D/3D; abstract shapes or colors; amount of words/context/numbers; color contrast/clarity; color variety/shading; distinguishable color variety/arrangement/distribution; distracting/confusing/unclear; domain-specific concepts (e.g., chemical, biology, map); easy/hard to interpret; labels/axes/legends; more charts/points/lines/shapes/elements; much/little data/info; overlapping shapes/colors/lines; shape size; shapes and lines; simple visual elements; soft/layered/overlapping colors; symbols; white/black background / other background; word rotation/small font size",circles,mark.point,mark,too_many_circles; overlapping_circle_areas; circles_of_various_sizes; different_size_circles; smaller_icons_present; abstract_painting_appearance; multiple_features_present; difficult_to_discern; visual_elements_relatively_simple,overlaps_with,overlaps_with,colors,property.color,property,intense_colors; too_many_colors; ambiguous_colors_used; overlapping_color_superposition; different_colors_present,[+],Aesthetics Uncertainty
visMost573.png,Area,"2D/3D; abstract shapes or colors; amount of words/context/numbers; color contrast/clarity; color variety/shading; distinguishable color variety/arrangement/distribution; distracting/confusing/unclear; domain-specific concepts (e.g., chemical, biology, map); easy/hard to interpret; labels/axes/legends; more charts/points/lines/shapes/elements; much/little data/info; overlapping shapes/colors/lines; shape size; shapes and lines; simple visual elements; soft/layered/overlapping colors; symbols; white/black background / other background; word rotation/small font size",circles,mark.point,mark,too_many_circles; overlapping_circle_areas; circles_of_various_sizes; different_size_circles; smaller_icons_present; abstract_painting_appearance; multiple_features_present; difficult_to_discern; visual_elements_relatively_simple,mixed_with,co_occurs_with,colors,property.color,property,intense_colors; too_many_colors; ambiguous_colors_used; overlapping_color_superposition; different_colors_present,[+],Visual Encoding Clarity
visMost573.png,Area,"2D/3D; abstract shapes or colors; amount of words/context/numbers; color contrast/clarity; color variety/shading; distinguishable color variety/arrangement/distribution; distracting/confusing/unclear; domain-specific concepts (e.g., chemical, biology, map); easy/hard to interpret; labels/axes/legends; more charts/points/lines/shapes/elements; much/little data/info; overlapping shapes/colors/lines; shape size; shapes and lines; simple visual elements; soft/layered/overlapping colors; symbols; white/black background / other background; word rotation/small font size",legend,furniture.legend,furniture,clearly_links_to_data; large_key_present; easy_to_understand; number_of_items_manageable,clarifies,clarifies,colors,property.color,property,intense_colors; too_many_colors; ambiguous_colors_used; overlapping_color_superposition; different_colors_present,[-],Immediacy / Cognitive Load
visMost573.png,Area,"2D/3D; abstract shapes or colors; amount of words/context/numbers; color contrast/clarity; color variety/shading; distinguishable color variety/arrangement/distribution; distracting/confusing/unclear; domain-specific concepts (e.g., chemical, biology, map); easy/hard to interpret; labels/axes/legends; more charts/points/lines/shapes/elements; much/little data/info; overlapping shapes/colors/lines; shape size; shapes and lines; simple visual elements; soft/layered/overlapping colors; symbols; white/black background / other background; word rotation/small font size",text_labels,text.label,text,text_is_too_small; labels_are_clear; more_text_present,associated_with,associated_with,circles,mark.point,mark,too_many_circles; overlapping_circle_areas; circles_of_various_sizes; different_size_circles; smaller_icons_present; abstract_painting_appearance; multiple_features_present; difficult_to_discern; visual_elements_relatively_simple,[+],Data Density / Image Clutter
visMost573.png,Area,"2D/3D; abstract shapes or colors; amount of words/context/numbers; color contrast/clarity; color variety/shading; distinguishable color variety/arrangement/distribution; distracting/confusing/unclear; domain-specific concepts (e.g., chemical, biology, map); easy/hard to interpret; labels/axes/legends; more charts/points/lines/shapes/elements; much/little data/info; overlapping shapes/colors/lines; shape size; shapes and lines; simple visual elements; soft/layered/overlapping colors; symbols; white/black background / other background; word rotation/small font size",circles,mark.point,mark,too_many_circles; overlapping_circle_areas; circles_of_various_sizes; different_size_circles; smaller_icons_present; abstract_painting_appearance; multiple_features_present; difficult_to_discern; visual_elements_relatively_simple,makes_cluttered,makes_cluttered,background,structure.background,structure,background_color_adds_complexity,[+],Aesthetics Uncertainty
visMost573.png,Area,"2D/3D; abstract shapes or colors; amount of words/context/numbers; color contrast/clarity; color variety/shading; distinguishable color variety/arrangement/distribution; distracting/confusing/unclear; domain-specific concepts (e.g., chemical, biology, map); easy/hard to interpret; labels/axes/legends; more charts/points/lines/shapes/elements; much/little data/info; overlapping shapes/colors/lines; shape size; shapes and lines; simple visual elements; soft/layered/overlapping colors; symbols; white/black background / other background; word rotation/small font size",explanation_text,text.label,text,description_easy_to_read; not_straight_to_point,adds_density_to,adds_density_to,circles,mark.point,mark,too_many_circles; overlapping_circle_areas; circles_of_various_sizes; different_size_circles; smaller_icons_present; abstract_painting_appearance; multiple_features_present; difficult_to_discern; visual_elements_relatively_simple,[+],Data Density / Image Clutter
wsj108.png,Line,color variety/shading; word rotation/small font size,color_scheme,property.color,property,good_color_choices,enhances_readability_of,enhances_readability_of,chart,whole.visualization,whole,low_cognitive_load,[-],Aesthetics Uncertainty
wsj108.png,Line,color variety/shading; word rotation/small font size,text_labels,text.label,text,readable_text,contributes_to_clarity_of,contributes_to_clarity_of,chart,whole.visualization,whole,low_cognitive_load,[-],Visual Encoding Clarity
InfoVisJ.1933.13.png,Grid,distracting/confusing/unclear; read/analyze many figures/items,multi_panel_figure,structure.layout,structure,visually_painful_to_view; fifteen_separate_figures,composed_of_many,composed_of_many,individual_panel,structure.panel,structure,requires_individual_reading,[+],Data Density / Image Clutter
InfoVisJ.1933.13.png,Grid,distracting/confusing/unclear; read/analyze many figures/items,individual_panel,structure.panel,structure,requires_individual_reading,increases_reading_effort,increases_effort,multi_panel_figure,structure.layout,structure,visually_painful_to_view; fifteen_separate_figures,[+],Immediacy / Cognitive Load
SciVisJ.259.7.png,Cont.-ColorPatn,color contrast/clarity; more charts/points/lines/shapes/elements; much/little data/info; several elements,data_elements,content.data,content,high_element_quantity,increases_cognitive_load,increases_effort,visualization,whole.visualization,whole,several_visual_elements,[+],Immediacy / Cognitive Load
SciVisJ.259.7.png,Cont.-ColorPatn,color contrast/clarity; more charts/points/lines/shapes/elements; much/little data/info; several elements,color_scheme,property.color,property,multiple_colors_present,contributes_to_complexity,contributes_to_complexity,visualization,whole.visualization,whole,several_visual_elements,[+],"Color, Symbol, and Texture Details"
SciVisJ.259.7.png,Cont.-ColorPatn,color contrast/clarity; more charts/points/lines/shapes/elements; much/little data/info; several elements,detail_features,content.detail,content,rich_visual_details,adds_clutter_to,adds_clutter_to,visualization,whole.visualization,whole,several_visual_elements,[+],Aesthetics Uncertainty
SciVisJ.635.6.png,Cont.-ColorPatn,color variety/shading; distinguishable/full/highly contrast color uses; much/little data/info; overlapping shapes/colors/lines; symbols,color_scheme,property.color,property,no_white_space; multiple_color_shades; fully_saturated_palette,increases_cognitive_load_of,increases_effort,visualization,whole.visualization,whole,visually_stimulating,[+],Immediacy / Cognitive Load
SciVisJ.635.6.png,Cont.-ColorPatn,color variety/shading; distinguishable/full/highly contrast color uses; much/little data/info; overlapping shapes/colors/lines; symbols,design_elements,mark.element,mark,complex_visual_designs,contributes_to_clutter_in,contributes_to_clutter_in,visualization,whole.visualization,whole,visually_stimulating,[+],Aesthetics Uncertainty
SciVisJ.635.6.png,Cont.-ColorPatn,color variety/shading; distinguishable/full/highly contrast color uses; much/little data/info; overlapping shapes/colors/lines; symbols,data_content,content.data,content,high_information_volume,densifies,densifies,visualization,whole.visualization,whole,visually_stimulating,[+],Data Density / Image Clutter
VisC.163.2.png,Line,labels/axes/legends; much/little data/info; shapes and lines; unclear meaning/confusing,curved_lines,mark.line,mark,curved_line_marks,contributes_to,contributes_to,chart,whole.visualization,whole,lacks_detail; causes_confusion,[+],Visual Encoding Clarity
VisC.163.2.png,Line,labels/axes/legends; much/little data/info; shapes and lines; unclear meaning/confusing,legend,furniture.legend,furniture,legend_absent,missing_from,missing_from,chart,whole.visualization,whole,lacks_detail; causes_confusion,[+],Semantics / Text Legibility
treasuryG07_2.png,Line,"domain-specific concepts (e.g., chemical, biology, map); easy/hard to interpret; shapes and lines; word rotation/small font size",lines,mark.line,mark,straightforward_line_paths; multiple_lines_present,rendered_as,rendered_as,line_chart,whole.visualization,whole,easier_to_read; easier_to_discern; graph_adds_complexity,[-],Visual Encoding Clarity
treasuryG07_2.png,Line,"domain-specific concepts (e.g., chemical, biology, map); easy/hard to interpret; shapes and lines; word rotation/small font size",lines,mark.line,mark,straightforward_line_paths; multiple_lines_present,plotted_within,plotted_within,axes,furniture.axes,furniture,,[-],Visual Encoding Clarity
SciVisJ.867.6.png,Line,"domain-specific concepts (e.g., chemical, biology, map); easy/hard to interpret; more charts/points/lines/shapes/elements; shapes and lines",circles,mark.point,mark,,combined_with,combined_with,lines,mark.line,mark,many_lines_present,[+],Visual Encoding Clarity
SciVisJ.867.6.png,Line,"domain-specific concepts (e.g., chemical, biology, map); easy/hard to interpret; more charts/points/lines/shapes/elements; shapes and lines",data_points,mark.point,mark,data_points_closely_spaced,causes_visual_clutter_in,causes_visual_clutter_in,chart,whole.visualization,whole,unfamiliar_chart_type; harder_to_read_discern,[+],Aesthetics Uncertainty
whoK27_2.png,Line,"amount of words/context/numbers; clear colors/shapes; domain-specific concepts (e.g., chemical, biology, map); easy/hard to interpret; take longer to interpret; unclear meaning/confusing",text_labels,text.label,text,short_cryptic_labels; text_requires_processing,increases_cognitive_load_of,increases_effort,chart,whole.visualization,whole,relatively_clear_layout; easy_to_identify_elements,[+],Immediacy / Cognitive Load
whoK27_2.png,Line,"amount of words/context/numbers; clear colors/shapes; domain-specific concepts (e.g., chemical, biology, map); easy/hard to interpret; take longer to interpret; unclear meaning/confusing",metric_representation,property.encoding,property,metric_meaning_unclear,requires_domain_knowledge_for,requires_expertise,chart,whole.visualization,whole,relatively_clear_layout; easy_to_identify_elements,[+],Schema
whoK27_2.png,Line,"amount of words/context/numbers; clear colors/shapes; domain-specific concepts (e.g., chemical, biology, map); easy/hard to interpret; take longer to interpret; unclear meaning/confusing",text_labels,text.label,text,short_cryptic_labels; text_requires_processing,partially_offset_by_clarity_of,partially_offset_by_clarity_of,legend,furniture.legend,furniture,,[-],Semantics / Text Legibility
VisC.527.1.png,Point,easy/hard to interpret; labels/axes/legends; much/little data/info; shape increase/decrease point,dots,mark.point,mark,few_data_items; linear_arrangement,arranged_along,arranged_along,axis,furniture.axes,furniture,standard_axis_present; easy_to_interpret,[-],Visual Encoding Clarity
economist_daily_chart_152.png,Point,more charts/points/lines/shapes/elements; much/little data/info; take longer to interpret,dots,mark.point,mark,high_dot_quantity,increases_clutter_in,increases_clutter_in,chart,whole.visualization,whole,high_information_volume; requires_more_processing_time; visually_dense_overall,[+],Data Density / Image Clutter
economist_daily_chart_152.png,Point,more charts/points/lines/shapes/elements; much/little data/info; take longer to interpret,lines,mark.line,mark,multiple_lines_present,adds_complexity_to,increases_complexity,chart,whole.visualization,whole,high_information_volume; requires_more_processing_time; visually_dense_overall,[+],Visual Encoding Clarity
economist_daily_chart_152.png,Point,more charts/points/lines/shapes/elements; much/little data/info; take longer to interpret,data_items,content.data,content,many_data_items,prolongs_interpretation_of,prolongs_interpretation_of,chart,whole.visualization,whole,high_information_volume; requires_more_processing_time; visually_dense_overall,[+],Immediacy / Cognitive Load
SciVisJ.728.14.png,Grid,amount of words/context/numbers; clear text arrangement/density; color contrast/clarity; distinguishable color variety/arrangement/distribution; distracting/confusing/unclear; easy/hard to interpret; labels/axes/legends; more regions/space; much/little data/info; overlapping shapes/colors/lines; read/analyze many figures/items; take longer to interpret; word rotation/small font size,text_labels,text.label,text,lots_of_words; needs_much_reading; many_lines_of_text; text_arrangement_complex; harder_to_read,increases_cognitive_load_of,increases_effort,data_content,content.data,content,high_information_volume; needs_interpretation; intuitive_graph_understanding; easy_to_read,[+],Immediacy / Cognitive Load
SciVisJ.728.14.png,Grid,amount of words/context/numbers; clear text arrangement/density; color contrast/clarity; distinguishable color variety/arrangement/distribution; distracting/confusing/unclear; easy/hard to interpret; labels/axes/legends; more regions/space; much/little data/info; overlapping shapes/colors/lines; read/analyze many figures/items; take longer to interpret; word rotation/small font size,color_encoding,property.color,property,colors_too_similar; number_of_colors_manageable; use_of_color_aids_clarity; visually_appealing,partially_clarifies,partially_clarifies,data_content,content.data,content,high_information_volume; needs_interpretation; intuitive_graph_understanding; easy_to_read,[-],Visual Encoding Clarity
SciVisJ.728.14.png,Grid,amount of words/context/numbers; clear text arrangement/density; color contrast/clarity; distinguishable color variety/arrangement/distribution; distracting/confusing/unclear; easy/hard to interpret; labels/axes/legends; more regions/space; much/little data/info; overlapping shapes/colors/lines; read/analyze many figures/items; take longer to interpret; word rotation/small font size,legend,furniture.legend,furniture,present_and_complex; clear_and_concise_key; aids_interpretation,supports_readability_of,aids_interpretation,color_encoding,property.color,property,colors_too_similar; number_of_colors_manageable; use_of_color_aids_clarity; visually_appealing,[-],"Color, Symbol, and Texture Details"
SciVisJ.728.14.png,Grid,amount of words/context/numbers; clear text arrangement/density; color contrast/clarity; distinguishable color variety/arrangement/distribution; distracting/confusing/unclear; easy/hard to interpret; labels/axes/legends; more regions/space; much/little data/info; overlapping shapes/colors/lines; read/analyze many figures/items; take longer to interpret; word rotation/small font size,chart_layout,structure.layout,structure,too_cramped; less_blank_space; explanations_provided,contributes_to_clutter_of,contributes_to_clutter_of,text_labels,text.label,text,lots_of_words; needs_much_reading; many_lines_of_text; text_arrangement_complex; harder_to_read,[+],Aesthetics Uncertainty
SciVisJ.728.14.png,Grid,amount of words/context/numbers; clear text arrangement/density; color contrast/clarity; distinguishable color variety/arrangement/distribution; distracting/confusing/unclear; easy/hard to interpret; labels/axes/legends; more regions/space; much/little data/info; overlapping shapes/colors/lines; read/analyze many figures/items; take longer to interpret; word rotation/small font size,font,property.font_style,property,font_adds_complexity,affects_legibility_of,affects_legibility_of,text_labels,text.label,text,lots_of_words; needs_much_reading; many_lines_of_text; text_arrangement_complex; harder_to_read,[+],Semantics / Text Legibility
whoQ32_2.png,Point,"domain-specific concepts (e.g., chemical, biology, map); easy/hard to interpret; more charts/points/lines/shapes/elements; overlapping shapes/colors/lines",data_points,mark.point,mark,overlapping_data_points,increases_clutter_in,increases_clutter_in,graph,whole.visualization,whole,requires_time_to_understand,[+],Aesthetics Uncertainty
whoQ32_2.png,Point,"domain-specific concepts (e.g., chemical, biology, map); easy/hard to interpret; more charts/points/lines/shapes/elements; overlapping shapes/colors/lines",elements,mark.element,mark,high_element_count,raises_cognitive_load_of,raises_cognitive_load_of,graph,whole.visualization,whole,requires_time_to_understand,[+],Immediacy / Cognitive Load
InfoVisJ.485.9.png,Point,"amount of words/context/numbers; color contrast/clarity; domain-specific concepts (e.g., chemical, biology, map); easy/hard to interpret; more charts/points/lines/shapes/elements; much/little data/info; overlapping shapes/colors/lines; unclear meaning/confusing",scatter_plots,whole.visualization,whole,multiple_separate_charts; easier_to_compare; difficult_to_focus_on; unsure_where_to_start,contains_many,contains,data_points,mark.point,mark,too_many_data_points; high_data_volume; varied_number_of_shapes; small_detail_elements,[+],Data Density / Image Clutter
InfoVisJ.485.9.png,Point,"amount of words/context/numbers; color contrast/clarity; domain-specific concepts (e.g., chemical, biology, map); easy/hard to interpret; more charts/points/lines/shapes/elements; much/little data/info; overlapping shapes/colors/lines; unclear meaning/confusing",overlapping_lines,mark.line,mark,overlapping_lines_present; difficult_to_discern,increases_clutter_in,increases_clutter_in,scatter_plots,whole.visualization,whole,multiple_separate_charts; easier_to_compare; difficult_to_focus_on; unsure_where_to_start,[+],Aesthetics Uncertainty
InfoVisJ.485.9.png,Point,"amount of words/context/numbers; color contrast/clarity; domain-specific concepts (e.g., chemical, biology, map); easy/hard to interpret; more charts/points/lines/shapes/elements; much/little data/info; overlapping shapes/colors/lines; unclear meaning/confusing",labels_annotations,text.label,text,excessively_crowded_labels; overlapping_annotations; words_sentences_present,crowds_around,crowds_around,data_points,mark.point,mark,too_many_data_points; high_data_volume; varied_number_of_shapes; small_detail_elements,[+],Semantics / Text Legibility
InfoVisJ.485.9.png,Point,"amount of words/context/numbers; color contrast/clarity; domain-specific concepts (e.g., chemical, biology, map); easy/hard to interpret; more charts/points/lines/shapes/elements; much/little data/info; overlapping shapes/colors/lines; unclear meaning/confusing",color_encoding,property.color,property,multiple_colors_used; challenging_to_identify,encodes_across,encodes_across,scatter_plots,whole.visualization,whole,multiple_separate_charts; easier_to_compare; difficult_to_focus_on; unsure_where_to_start,[+],"Color, Symbol, and Texture Details"
InfoVisJ.485.9.png,Point,"amount of words/context/numbers; color contrast/clarity; domain-specific concepts (e.g., chemical, biology, map); easy/hard to interpret; more charts/points/lines/shapes/elements; much/little data/info; overlapping shapes/colors/lines; unclear meaning/confusing",codes_numbers,content.number,content,codes_and_numbers_present,adds_cognitive_load_to,adds_cognitive_load_to,scatter_plots,whole.visualization,whole,multiple_separate_charts; easier_to_compare; difficult_to_focus_on; unsure_where_to_start,[+],Schema
VASTJ.1763.8(2).png,Text,2D/3D; two colors; word rotation/small font size,color_scheme,property.color,property,only_two_main_colors,contributes_to,contributes_to,chart,whole.visualization,whole,uniform_visual_design,[-],Visual Encoding Clarity
VASTJ.1763.8(2).png,Text,2D/3D; two colors; word rotation/small font size,typography,property.font_style,property,single_font_used,reinforces,reinforces,chart,whole.visualization,whole,uniform_visual_design,[-],Immediacy / Cognitive Load
MorphableWordClouds21.png,Text,amount of words/context/numbers; color variety/shading; shapes and lines,text_words,text.label,text,high_text_quantity,fills,fills,shape_outline,mark.shape,mark,complex_irregular_shape,[+],Data Density / Image Clutter
MorphableWordClouds21.png,Text,amount of words/context/numbers; color variety/shading; shapes and lines,color_scheme,property.color,property,multiple_colors_present,applied_to,applied_to,text_words,text.label,text,high_text_quantity,[+],"Color, Symbol, and Texture Details"
MorphableWordClouds21.png,Text,amount of words/context/numbers; color variety/shading; shapes and lines,shape_outline,mark.shape,mark,complex_irregular_shape,increases_cognitive_load_of,increases_effort,word_cloud,whole.visualization,whole,,[+],Immediacy / Cognitive Load
InfoVisJ.621.6(2).png,Text,"amount of words/context/numbers; domain-specific concepts (e.g., chemical, biology, map)",text_labels,text.label,text,contains_words; familiar_format,combined_with,combined_with,numeric_values,content.number,content,contains_numbers,[-],Immediacy / Cognitive Load
economist_daily_chart_393.png,Point,"color contrast/clarity; domain-specific concepts (e.g., chemical, biology, map); easy/hard to interpret; labels/axes/legends; more charts/points/lines/shapes/elements; more parameters/variables; much/little data/info; shapes and lines; unclear meaning/confusing",data_lines,mark.line,mark,straight_line_paths; few_lines_present,easy_to_follow,easy_to_follow,line_chart,whole.visualization,whole,simple_to_digest; few_data_points; clear_layout; multiple_variables_present; contains_factual_information; less_simple_overall,[-],Immediacy / Cognitive Load
economist_daily_chart_393.png,Point,"color contrast/clarity; domain-specific concepts (e.g., chemical, biology, map); easy/hard to interpret; labels/axes/legends; more charts/points/lines/shapes/elements; more parameters/variables; much/little data/info; shapes and lines; unclear meaning/confusing",color_encoding,property.color,property,red_green_meaning_unclear; high_color_contrast,adds_interpretive_difficulty_to,adds_interpretive_difficulty_to,line_chart,whole.visualization,whole,simple_to_digest; few_data_points; clear_layout; multiple_variables_present; contains_factual_information; less_simple_overall,[+],Schema
economist_daily_chart_393.png,Point,"color contrast/clarity; domain-specific concepts (e.g., chemical, biology, map); easy/hard to interpret; labels/axes/legends; more charts/points/lines/shapes/elements; more parameters/variables; much/little data/info; shapes and lines; unclear meaning/confusing",axis_labels,text.axis_label,text,unfamiliar_label_names,contains_confusing_names_in,contains_confusing_names_in,line_chart,whole.visualization,whole,simple_to_digest; few_data_points; clear_layout; multiple_variables_present; contains_factual_information; less_simple_overall,[+],Semantics / Text Legibility
economist_daily_chart_393.png,Point,"color contrast/clarity; domain-specific concepts (e.g., chemical, biology, map); easy/hard to interpret; labels/axes/legends; more charts/points/lines/shapes/elements; more parameters/variables; much/little data/info; shapes and lines; unclear meaning/confusing",annotations,text.annotation,text,,increases_information_load_of,increases_information_load_of,line_chart,whole.visualization,whole,simple_to_digest; few_data_points; clear_layout; multiple_variables_present; contains_factual_information; less_simple_overall,[+],Data Density / Image Clutter
VASTJ.2012.4.png,Text,"amount of words/context/numbers; color variety/shading; design-data relationship; distracting/confusing/unclear; domain-specific concepts (e.g., chemical, biology, map); easy/hard to interpret; labels/axes/legends; much/little data/info; scale difference; shapes and lines; word rotation/small font size",magnification_inset,structure.panel,structure,magnification_effect_present; visually_confusing_layout,increases_clutter_of,increases_clutter_of,lines,mark.line,mark,multiple_overlapping_lines,[+],Data Density / Image Clutter
VASTJ.2012.4.png,Text,"amount of words/context/numbers; color variety/shading; design-data relationship; distracting/confusing/unclear; domain-specific concepts (e.g., chemical, biology, map); easy/hard to interpret; labels/axes/legends; much/little data/info; scale difference; shapes and lines; word rotation/small font size",color_scheme,property.color,property,too_many_colors,compounds_confusion_with,compounds_confusion_with,geometric_shapes,mark.shape,mark,various_geometrical_shapes; hard_to_intuitively_ascertain,[+],"Color, Symbol, and Texture Details"
VASTJ.2012.4.png,Text,"amount of words/context/numbers; color variety/shading; design-data relationship; distracting/confusing/unclear; domain-specific concepts (e.g., chemical, biology, map); easy/hard to interpret; labels/axes/legends; much/little data/info; scale difference; shapes and lines; word rotation/small font size",date_labels,text.label,text,dense_date_annotations,adds_density_to,adds_density_to,longitudinal_axis,furniture.axes,furniture,longitudinal_graph_structure; quantitative_relations_encoded,[+],Semantics / Text Legibility
VASTJ.2012.4.png,Text,"amount of words/context/numbers; color variety/shading; design-data relationship; distracting/confusing/unclear; domain-specific concepts (e.g., chemical, biology, map); easy/hard to interpret; labels/axes/legends; much/little data/info; scale difference; shapes and lines; word rotation/small font size",edge_detail,structure.link,structure,extra_peripheral_detail,increases_cognitive_load_of,increases_effort,magnification_inset,structure.panel,structure,magnification_effect_present; visually_confusing_layout,[+],Immediacy / Cognitive Load
VASTJ.2012.4.png,Text,"amount of words/context/numbers; color variety/shading; design-data relationship; distracting/confusing/unclear; domain-specific concepts (e.g., chemical, biology, map); easy/hard to interpret; labels/axes/legends; much/little data/info; scale difference; shapes and lines; word rotation/small font size",text_labels,text.label,text,high_word_count; different_fonts_used,complicates_reading_of,complicates_reading_of,longitudinal_axis,furniture.axes,furniture,longitudinal_graph_structure; quantitative_relations_encoded,[+],Immediacy / Cognitive Load
v484_n7395_11_f2.png,Area,color variety/shading; easy/hard to interpret; much/little data/info,color_key,property.color,property,multiple_color_keys_present,increases_difficulty_of,increases_complexity,chart,whole.visualization,whole,hard_to_ascertain_meaning,[+],Immediacy / Cognitive Load
v484_n7395_11_f2.png,Area,color variety/shading; easy/hard to interpret; much/little data/info,data_content,content.data,content,multitude_of_differing_information,contributes_clutter_to,contributes_clutter_to,chart,whole.visualization,whole,hard_to_ascertain_meaning,[+],Data Density / Image Clutter
InfoVisJ.1009.9.png,Area,color contrast/clarity; color variety/shading; labels/axes/legends,legend,furniture.legend,furniture,missing_data_key,absent_from,absent_from,chart,whole.visualization,whole,,[+],Semantics / Text Legibility
InfoVisJ.1009.9.png,Area,color contrast/clarity; color variety/shading; labels/axes/legends,color_encoding,property.color,property,multiple_colors_present; different_colors_confusing; color_shades_vary,increases_cognitive_load_of,increases_effort,chart,whole.visualization,whole,,[+],Immediacy / Cognitive Load
wsj21.png,Area,easy/hard to interpret; several elements,visual_elements,mark.element,mark,varied_visual_encoding,facilitates_interpretation_of,facilitates_interpretation_of,data,content.data,content,supports_data_analysis,[-],Immediacy / Cognitive Load
wsj21.png,Area,easy/hard to interpret; several elements,visual_elements,mark.element,mark,varied_visual_encoding,reduces_complexity_of,simplifies,chart,whole.visualization,whole,easier_to_understand,[-],Visual Encoding Clarity
visMost777.png,Area,"2D/3D; color contrast/clarity; domain-specific concepts (e.g., chemical, biology, map)",color_encoding,property.color,property,color_meaning_undefined; poorly_defined_color_legend,increases_ambiguity_in,increases_ambiguity_in,visualization,whole.visualization,whole,interpretive_uncertainty_present,[+],Aesthetics Uncertainty
visMost777.png,Area,"2D/3D; color contrast/clarity; domain-specific concepts (e.g., chemical, biology, map)",spatial_dimension,structure.layout,structure,physical_dimension_present,adds_structural_complexity_to,adds_structural_complexity_to,visualization,whole.visualization,whole,interpretive_uncertainty_present,[+],Schema
vis3.png,Area,color variety/shading; shapes and lines; take longer to interpret; word rotation/small font size,marks,mark.element,mark,varied_shape_types,increases_visual_clutter,increases_visual_clutter,chart,whole.visualization,whole,requires_longer_interpretation,[+],Aesthetics Uncertainty
vis3.png,Area,color variety/shading; shapes and lines; take longer to interpret; word rotation/small font size,color_scheme,property.color,property,multiple_color_schemes,complicates_encoding_of,complicates_encoding_of,marks,mark.element,mark,varied_shape_types,[+],"Color, Symbol, and Texture Details"
vis3.png,Area,color variety/shading; shapes and lines; take longer to interpret; word rotation/small font size,text_labels,text.label,text,differing_font_sizes,adds_cognitive_load_to,adds_cognitive_load_to,chart,whole.visualization,whole,requires_longer_interpretation,[+],Immediacy / Cognitive Load
whoJ40_2.png,Area,color variety/shading; distracting/confusing/unclear; easy/hard to interpret,color_scheme,property.color,property,bold_colors_used,distracts_from,distracts,information_content,content.data,content,,[+],Aesthetics Uncertainty
VASTC.107.10.png,Area,"color contrast/clarity; domain-specific concepts (e.g., chemical, biology, map); much/little data/info",data_elements,content.data,content,high_amount_of_details,increases_clutter_via,increases_clutter_via,color_encoding,property.color,property,multiple_colors_present,[+],Aesthetics Uncertainty
VASTC.107.10.png,Area,"color contrast/clarity; domain-specific concepts (e.g., chemical, biology, map); much/little data/info",graphical_marks,mark.element,mark,complex_draw_style,contributes_to,contributes_to,chart,whole.visualization,whole,,[+],Immediacy / Cognitive Load
economist_daily_chart_493.png,Area,"color contrast/clarity; domain-specific concepts (e.g., chemical, biology, map); much/little data/info",data_elements,content.data,content,high_detail_density,contributes_to_clutter,contributes_to_clutter,chart,whole.visualization,whole,,[+],Aesthetics Uncertainty
economist_daily_chart_493.png,Area,"color contrast/clarity; domain-specific concepts (e.g., chemical, biology, map); much/little data/info",color_scheme,property.color,property,multiple_colors_used,increases_visual_complexity,increases_complexity,chart,whole.visualization,whole,,[+],"Color, Symbol, and Texture Details"
economist_daily_chart_493.png,Area,"color contrast/clarity; domain-specific concepts (e.g., chemical, biology, map); much/little data/info",draw_style,property.encoding,property,complex_draw_style,raises_cognitive_load_of,raises_cognitive_load_of,chart,whole.visualization,whole,,[+],Immediacy / Cognitive Load
VisJ.1261.4.png,Area,easy/hard to interpret; labels/axes/legends,labels,text.label,text,no_numeric_labels,lacks_numeric_identifiers_on,lacks_numeric_identifiers_on,data_marks,content.data,content,unidentifiable_elements,[+],Semantics / Text Legibility
VisJ.1261.4.png,Area,easy/hard to interpret; labels/axes/legends,chart,whole.visualization,whole,difficult_to_interpret,requires_domain_knowledge_to_read,requires_expertise,data_marks,content.data,content,unidentifiable_elements,[+],Schema
visMost325.png,Area,"color contrast/clarity; color variety/shading; domain-specific concepts (e.g., chemical, biology, map); easy/hard to interpret; much/little data/info; word rotation/small font size",map,whole.visualization,whole,familiar_map_format; dark_coloring; harder_to_see; high_visual_detail,contains_detail_of,contains_detail_of,continents,structure.region,structure,multiple_continents_shown,[+],Data Density / Image Clutter
visMost325.png,Area,"color contrast/clarity; color variety/shading; domain-specific concepts (e.g., chemical, biology, map); easy/hard to interpret; much/little data/info; word rotation/small font size",map,whole.visualization,whole,familiar_map_format; dark_coloring; harder_to_see; high_visual_detail,has_more_going_on_than_expected,has_more_going_on_than_expected,table,structure.grid,structure,small_table_size,[+],Aesthetics Uncertainty
visMost325.png,Area,"color contrast/clarity; color variety/shading; domain-specific concepts (e.g., chemical, biology, map); easy/hard to interpret; much/little data/info; word rotation/small font size",text_labels,text.label,text,tiny_writing,difficult_to_read_within,difficult_to_read_within,table,structure.grid,structure,small_table_size,[+],Semantics / Text Legibility
v484_n7395_11_f1.png,Area,easy/hard to interpret,color_encoding,property.color,property,hard_to_identify_colors,increases_difficulty_of,increases_complexity,legend,furniture.legend,furniture,,[+],"Color, Symbol, and Texture Details"
v484_n7395_11_f1.png,Area,easy/hard to interpret,chart,whole.visualization,whole,difficult_to_understand,imposes_high_cognitive_load_on,imposes_high_cognitive_load_on,legend,furniture.legend,furniture,,[+],Immediacy / Cognitive Load
visMost147.png,Area,"color variety/shading; domain-specific concepts (e.g., chemical, biology, map); easy/hard to interpret; more charts/points/lines/shapes/elements; overlapping shapes/colors/lines; word rotation/small font size",dots,mark.point,mark,many_individual_dots; small_and_sparse; tough_to_identify,adds_detail_to,adds_detail_to,world_map,whole.visualization,whole,familiar_representation; reduces_comprehension_effort,[+],Data Density / Image Clutter
visMost147.png,Area,"color variety/shading; domain-specific concepts (e.g., chemical, biology, map); easy/hard to interpret; more charts/points/lines/shapes/elements; overlapping shapes/colors/lines; word rotation/small font size",world_map,whole.visualization,whole,familiar_representation; reduces_comprehension_effort,provides_familiar_schema,provides_familiar_schema,dots,mark.point,mark,many_individual_dots; small_and_sparse; tough_to_identify,[-],Schema
visMost147.png,Area,"color variety/shading; domain-specific concepts (e.g., chemical, biology, map); easy/hard to interpret; more charts/points/lines/shapes/elements; overlapping shapes/colors/lines; word rotation/small font size",active_region,structure.region,structure,concentrated_in_one_third,limits_spread_of,limits_spread_of,dots,mark.point,mark,many_individual_dots; small_and_sparse; tough_to_identify,[-],Aesthetics Uncertainty
visMost147.png,Area,"color variety/shading; domain-specific concepts (e.g., chemical, biology, map); easy/hard to interpret; more charts/points/lines/shapes/elements; overlapping shapes/colors/lines; word rotation/small font size",color_encoding,property.color,property,too_much_color,encodes_data_on,encodes_data_on,world_map,whole.visualization,whole,familiar_representation; reduces_comprehension_effort,[+],"Color, Symbol, and Texture Details"
InfoVisJ.678.17.png,Area,2D/3D; easy/hard to interpret,chart,whole.visualization,whole,layered_structure,contains_only,contains_only,visual_element,mark.element,mark,single_visual_element,[-],Immediacy / Cognitive Load
whoK06_1.png,Area,color variety/shading; take longer to interpret,color_encoding,property.color,property,multiple_colors_present,increases_visual_complexity_of,increases_complexity,chart,whole.visualization,whole,,[+],"Color, Symbol, and Texture Details"
whoK06_1.png,Area,color variety/shading; take longer to interpret,data_elements,content.data,content,high_information_volume; requires_extended_analysis,adds_analytical_burden_to,adds_analytical_burden_to,chart,whole.visualization,whole,,[+],Immediacy / Cognitive Load
whoQ26.png,Area,"domain-specific concepts (e.g., chemical, biology, map); easy/hard to interpret; inadequate/few coloring; labels/axes/legends; shape point of interest; shapes and lines; unclear meaning/confusing",legend,furniture.legend,furniture,key_positioned_at_top,annotates,describes,world_map,whole.visualization,whole,familiar_geographic_shape; easily_recognizable; easy_to_read; straightforward_spatial_encoding; seemed_more_complicated; not_familiar_to_some,[+],Semantics / Text Legibility
whoQ26.png,Area,"domain-specific concepts (e.g., chemical, biology, map); easy/hard to interpret; inadequate/few coloring; labels/axes/legends; shape point of interest; shapes and lines; unclear meaning/confusing",points_of_interest,mark.point,mark,multiple_points_of_interest,overlaid_on,overlaid_on,world_map,whole.visualization,whole,familiar_geographic_shape; easily_recognizable; easy_to_read; straightforward_spatial_encoding; seemed_more_complicated; not_familiar_to_some,[+],Data Density / Image Clutter
whoQ26.png,Area,"domain-specific concepts (e.g., chemical, biology, map); easy/hard to interpret; inadequate/few coloring; labels/axes/legends; shape point of interest; shapes and lines; unclear meaning/confusing",regions,structure.region,structure,distinct_regions_shown,partitions,partitions,world_map,whole.visualization,whole,familiar_geographic_shape; easily_recognizable; easy_to_read; straightforward_spatial_encoding; seemed_more_complicated; not_familiar_to_some,[+],Visual Encoding Clarity
whoQ26.png,Area,"domain-specific concepts (e.g., chemical, biology, map); easy/hard to interpret; inadequate/few coloring; labels/axes/legends; shape point of interest; shapes and lines; unclear meaning/confusing",color_encoding,property.color,property,no_more_than_three_colors,encodes,encodes,regions,structure.region,structure,distinct_regions_shown,[-],"Color, Symbol, and Texture Details"
economist_daily_chart_140.png,Area,"color contrast/clarity; color variety/shading; domain-specific concepts (e.g., chemical, biology, map); easy/hard to interpret; labels/axes/legends; unclear meaning/confusing",highlighted_countries,structure.region,structure,unrecognized_countries; multiple_countries_shown,causes_confusion_on,causes_confusion_on,world_map,whole.visualization,whole,unfamiliar_geographic_schema; overall_easier_to_understand,[+],Aesthetics Uncertainty
economist_daily_chart_140.png,Area,"color contrast/clarity; color variety/shading; domain-specific concepts (e.g., chemical, biology, map); easy/hard to interpret; labels/axes/legends; unclear meaning/confusing",color_encoding,property.color,property,orange_color_complex; color_adds_complexity,encodes_data_on,encodes_data_on,highlighted_countries,structure.region,structure,unrecognized_countries; multiple_countries_shown,[+],"Color, Symbol, and Texture Details"
economist_daily_chart_140.png,Area,"color contrast/clarity; color variety/shading; domain-specific concepts (e.g., chemical, biology, map); easy/hard to interpret; labels/axes/legends; unclear meaning/confusing",x_axis,furniture.axes,furniture,easy_to_read_axis,paired_with,paired_with,y_axis,furniture.axes,furniture,harder_to_interpret_axis,[-],Visual Encoding Clarity
economist_daily_chart_140.png,Area,"color contrast/clarity; color variety/shading; domain-specific concepts (e.g., chemical, biology, map); easy/hard to interpret; labels/axes/legends; unclear meaning/confusing",legend,furniture.legend,furniture,summarizes_at_glance,summarizes,summarizes,world_map,whole.visualization,whole,unfamiliar_geographic_schema; overall_easier_to_understand,[-],Immediacy / Cognitive Load
economist_daily_chart_267.png,Area,"domain-specific concepts (e.g., chemical, biology, map); shapes and lines; soft/layered/overlapping colors",circles,mark.point,mark,size_mismatches_values,does_not_proportionally_encode,does_not_proportionally_encode,brand_labels,text.label,text,unfamiliar_brand_names,[+],Visual Encoding Clarity
economist_daily_chart_267.png,Area,"domain-specific concepts (e.g., chemical, biology, map); shapes and lines; soft/layered/overlapping colors",brand_labels,text.label,text,unfamiliar_brand_names,requires_domain_knowledge_for,requires_expertise,circles,mark.point,mark,size_mismatches_values,[+],Schema
economist_daily_chart_317.png,Area,"color contrast/clarity; color variety/shading; distracting/confusing/unclear; domain-specific concepts (e.g., chemical, biology, map); easy/hard to interpret; labels/axes/legends; little/less text/numbers/context; more charts/points/lines/shapes/elements; much/little data/info; take longer to interpret; word rotation/small font size",countries,structure.region,structure,many_similar_instances,displayed_on,displayed_on,world_map,whole.visualization,whole,universally_familiar_format; easier_to_read_than_chart; simple_to_understand; less_structural_organization; requires_graphical_inference; much_more_detailed; takes_more_time_to_understand; minimal_attention_needed; easier_to_process,[-],Data Density / Image Clutter
economist_daily_chart_317.png,Area,"color contrast/clarity; color variety/shading; distracting/confusing/unclear; domain-specific concepts (e.g., chemical, biology, map); easy/hard to interpret; labels/axes/legends; little/less text/numbers/context; more charts/points/lines/shapes/elements; much/little data/info; take longer to interpret; word rotation/small font size",color_encoding,property.color,property,colors_aid_recognition; little_to_no_numbers,encodes_data_across,encodes_data_across,countries,structure.region,structure,many_similar_instances,[-],"Color, Symbol, and Texture Details"
economist_daily_chart_317.png,Area,"color contrast/clarity; color variety/shading; distracting/confusing/unclear; domain-specific concepts (e.g., chemical, biology, map); easy/hard to interpret; labels/axes/legends; little/less text/numbers/context; more charts/points/lines/shapes/elements; much/little data/info; take longer to interpret; word rotation/small font size",world_map,whole.visualization,whole,universally_familiar_format; easier_to_read_than_chart; simple_to_understand; less_structural_organization; requires_graphical_inference; much_more_detailed; takes_more_time_to_understand; minimal_attention_needed; easier_to_process,lacks_structured_axes_like,lacks_structured_axes_like,axis_numbers,furniture.axes,furniture,axis_numbers_present,[+],Visual Encoding Clarity
economist_daily_chart_317.png,Area,"color contrast/clarity; color variety/shading; distracting/confusing/unclear; domain-specific concepts (e.g., chemical, biology, map); easy/hard to interpret; labels/axes/legends; little/less text/numbers/context; more charts/points/lines/shapes/elements; much/little data/info; take longer to interpret; word rotation/small font size",color_encoding,property.color,property,colors_aid_recognition; little_to_no_numbers,requires_graphical_gauging_from,requires_graphical_gauging_from,legend,furniture.legend,furniture,,[+],Immediacy / Cognitive Load
wsj72.png,Area,easy/hard to interpret,data_elements,content.data,content,easy_to_compare,facilitates_interpretation_of,facilitates_interpretation_of,chart,whole.visualization,whole,easy_to_understand; straightforward_to_process,[-],Immediacy / Cognitive Load
InfoVisJ.2402.12.png,Area,color variety/shading; more charts/points/lines/shapes/elements; scale difference; shapes and lines; word rotation/small font size,shapes,mark.shape,mark,high_number_of_details; varied_shape_types; size_grows_small,encoded_by,encoded_by,color_encoding,property.color,property,multiple_distinct_colors; uneven_color_distribution,[-],"Color, Symbol, and Texture Details"
InfoVisJ.2402.12.png,Area,color variety/shading; more charts/points/lines/shapes/elements; scale difference; shapes and lines; word rotation/small font size,shapes,mark.shape,mark,high_number_of_details; varied_shape_types; size_grows_small,varies_across,varies_across,scale,furniture.scale,furniture,significant_scale_difference,[+],Visual Encoding Clarity
InfoVisJ.2402.12.png,Area,color variety/shading; more charts/points/lines/shapes/elements; scale difference; shapes and lines; word rotation/small font size,scale,furniture.scale,furniture,significant_scale_difference,affects_legibility_of,affects_legibility_of,text_labels,text.label,text,reduced_readability,[+],Immediacy / Cognitive Load
wsj99.png,Area,easy/hard to interpret; much/little data/info,data_figures,content.data,content,high_volume_of_details; numerous_figures_present,increases_cognitive_load_of,increases_effort,chart,whole.visualization,whole,,[+],Immediacy / Cognitive Load
wsj99.png,Area,easy/hard to interpret; much/little data/info,text_labels,text.label,text,difficult_to_read,contributes_to_difficulty_of,contributes_to_difficulty_of,chart,whole.visualization,whole,,[+],Immediacy / Cognitive Load
economist_daily_chart_406.png,Area,"domain-specific concepts (e.g., chemical, biology, map); labels/axes/legends",title,text.title,text,purpose_clearly_communicated,clarifies_intent_of,clarifies_intent_of,chart,whole.visualization,whole,immediately_recognizable_form,[-],Immediacy / Cognitive Load
economist_daily_chart_406.png,Area,"domain-specific concepts (e.g., chemical, biology, map); labels/axes/legends",labels,text.label,text,clear_and_easy_to_read,supports_readability_of,aids_interpretation,chart,whole.visualization,whole,immediately_recognizable_form,[-],Semantics / Text Legibility
treasuryL03_2.png,Area,"domain-specific concepts (e.g., chemical, biology, map); much/little data/info; take longer to interpret",data_segments,content.data,content,high_information_volume,increases_cognitive_load_of,increases_effort,pie_chart,whole.visualization,whole,circular_chart_form; slow_to_process,[+],Immediacy / Cognitive Load
treasuryL03_2.png,Area,"domain-specific concepts (e.g., chemical, biology, map); much/little data/info; take longer to interpret",labels_text,text.label,text,requires_extended_reading,adds_information_density_to,adds_information_density_to,pie_chart,whole.visualization,whole,circular_chart_form; slow_to_process,[+],Data Density / Image Clutter
VASTJ.91.6.png,Area,clear text/scale/information; unclear meaning/confusing,text_labels,text.label,text,repeated_multiple_times,increases_clutter_in,increases_clutter_in,visualization,whole.visualization,whole,unclear_purpose,[+],Data Density / Image Clutter
visMost457.png,Area,much/little data/info; take longer to interpret,details,content.detail,content,high_detail_density,increases_cognitive_load_of,increases_effort,visualization,whole.visualization,whole,requires_extended_interpretation_time,[+],Immediacy / Cognitive Load
InfoVisC.115.3.png,Area,"color variety/shading; domain-specific concepts (e.g., chemical, biology, map); easy/hard to interpret; labels/axes/legends",color_encoding,property.color,property,multiple_colors_used,increases_clutter_in,increases_clutter_in,chart,whole.visualization,whole,difficult_to_understand,[+],Data Density / Image Clutter
InfoVisC.115.3.png,Area,"color variety/shading; domain-specific concepts (e.g., chemical, biology, map); easy/hard to interpret; labels/axes/legends",axes,furniture.axes,furniture,different_axis_types,complicates_interpretation_of,complicates_interpretation_of,data_pattern,structure.pattern,structure,non_linear_pattern,[+],Visual Encoding Clarity
InfoVisC.115.3.png,Area,"color variety/shading; domain-specific concepts (e.g., chemical, biology, map); easy/hard to interpret; labels/axes/legends",data_pattern,structure.pattern,structure,non_linear_pattern,raises_cognitive_load_of,raises_cognitive_load_of,chart,whole.visualization,whole,difficult_to_understand,[+],Immediacy / Cognitive Load
vis853.png,Area,color contrast/clarity; word rotation/small font size,text_label,text.label,text,very_small_writing,reduces_legibility_of,reduces_legibility_of,image,whole.visualization,whole,varied_color_usage,[+],Immediacy / Cognitive Load
whoQ58_3.png,Area,"amount of words/context/numbers; color contrast/clarity; color variety/shading; distinguishable color variety/arrangement/distribution; distracting/confusing/unclear; domain-specific concepts (e.g., chemical, biology, map); easy/hard to interpret; labels/axes/legends; much/little data/info; overlapping shapes/colors/lines; shapes and lines; take longer to interpret; unclear colors/contrast",lines,mark.line,mark,stacked_on_each_other; curve_seems_complex,difficult_to_decipher_while,difficult_to_decipher_while,chart,whole.visualization,whole,easy_to_understand; can_be_confusing; took_longer_to_understand; too_much_information; traditional_statistics_reporting; cohesive_whole; information_over_many_years; difficult_to_read; low_readability,[+],Immediacy / Cognitive Load
whoQ58_3.png,Area,"amount of words/context/numbers; color contrast/clarity; color variety/shading; distinguishable color variety/arrangement/distribution; distracting/confusing/unclear; domain-specific concepts (e.g., chemical, biology, map); easy/hard to interpret; labels/axes/legends; much/little data/info; overlapping shapes/colors/lines; shapes and lines; take longer to interpret; unclear colors/contrast",colors,property.color,property,many_different_colors; similar_colors; different_shades_of_orange; boring_color_choice; number_of_colors; color_coding_present,layered_causing_clutter_in,layered_causing_clutter_in,lines,mark.line,mark,stacked_on_each_other; curve_seems_complex,[+],Aesthetics Uncertainty
whoQ58_3.png,Area,"amount of words/context/numbers; color contrast/clarity; color variety/shading; distinguishable color variety/arrangement/distribution; distracting/confusing/unclear; domain-specific concepts (e.g., chemical, biology, map); easy/hard to interpret; labels/axes/legends; much/little data/info; overlapping shapes/colors/lines; shapes and lines; take longer to interpret; unclear colors/contrast",colors,property.color,property,many_different_colors; similar_colors; different_shades_of_orange; boring_color_choice; number_of_colors; color_coding_present,are_similar_making_hard_to_distinguish_in,are_similar_making_hard_to_distinguish_in,lines,mark.line,mark,stacked_on_each_other; curve_seems_complex,[+],"Color, Symbol, and Texture Details"
whoQ58_3.png,Area,"amount of words/context/numbers; color contrast/clarity; color variety/shading; distinguishable color variety/arrangement/distribution; distracting/confusing/unclear; domain-specific concepts (e.g., chemical, biology, map); easy/hard to interpret; labels/axes/legends; much/little data/info; overlapping shapes/colors/lines; shapes and lines; take longer to interpret; unclear colors/contrast",numbers,content.number,content,lots_of_numbers; numbers_do_not_make_sense,contributes_to_high_density_of,contributes_to_high_density_of,chart,whole.visualization,whole,easy_to_understand; can_be_confusing; took_longer_to_understand; too_much_information; traditional_statistics_reporting; cohesive_whole; information_over_many_years; difficult_to_read; low_readability,[+],Data Density / Image Clutter
whoQ58_3.png,Area,"amount of words/context/numbers; color contrast/clarity; color variety/shading; distinguishable color variety/arrangement/distribution; distracting/confusing/unclear; domain-specific concepts (e.g., chemical, biology, map); easy/hard to interpret; labels/axes/legends; much/little data/info; overlapping shapes/colors/lines; shapes and lines; take longer to interpret; unclear colors/contrast",axes,furniture.axes,furniture,x_and_y_axis_present; no_graph_metrics_given,aids_easy_following_of,aids_easy_following_of,chart,whole.visualization,whole,easy_to_understand; can_be_confusing; took_longer_to_understand; too_much_information; traditional_statistics_reporting; cohesive_whole; information_over_many_years; difficult_to_read; low_readability,[-],Visual Encoding Clarity
wsj511.png,Area,clear colors/shapes; easy/hard to interpret,chart,whole.visualization,whole,visually_clear_layout; low_cognitive_load,enables_at_a_glance_reading,enables_at_a_glance_reading,data_area,structure.region,structure,quickly_interpretable,[-],Immediacy / Cognitive Load
vis630.png,Area,amount of words/context/numbers; bright colors,text_labels,text.label,text,high_word_count,increases_cognitive_load_with,increases_cognitive_load_with,color_encoding,property.color,property,bright_vivid_colors,[+],Immediacy / Cognitive Load
economist_daily_chart_124.png,Area,"2D/3D; amount of words/context/numbers; color contrast/clarity; color variety/shading; domain-specific concepts (e.g., chemical, biology, map); easy/hard to interpret; labels/axes/legends; more charts/points/lines/shapes/elements; more regions/space; much/little data/info; overlapping shapes/colors/lines; shapes and lines; soft/layered/overlapping colors; take longer to interpret; unclear meaning/confusing",legend,furniture.legend,furniture,many_legend_categories; legend_present,encodes_via,encodes_via,color_coding,property.color,property,color_coding_present; nonlinear_color_scale; colors_unclear_meaning,[+],"Color, Symbol, and Texture Details"
economist_daily_chart_124.png,Area,"2D/3D; amount of words/context/numbers; color contrast/clarity; color variety/shading; domain-specific concepts (e.g., chemical, biology, map); easy/hard to interpret; labels/axes/legends; more charts/points/lines/shapes/elements; more regions/space; much/little data/info; overlapping shapes/colors/lines; shapes and lines; soft/layered/overlapping colors; take longer to interpret; unclear meaning/confusing",color_coding,property.color,property,color_coding_present; nonlinear_color_scale; colors_unclear_meaning,applied_to,applied_to,countries,structure.region,structure,lots_of_regions; country_shapes_familiar; continent_with_countries,[+],Visual Encoding Clarity
economist_daily_chart_124.png,Area,"2D/3D; amount of words/context/numbers; color contrast/clarity; color variety/shading; domain-specific concepts (e.g., chemical, biology, map); easy/hard to interpret; labels/axes/legends; more charts/points/lines/shapes/elements; more regions/space; much/little data/info; overlapping shapes/colors/lines; shapes and lines; soft/layered/overlapping colors; take longer to interpret; unclear meaning/confusing",text_labels,text.label,text,lots_of_words; amount_of_descriptive_text,annotates,describes,map,whole.visualization,whole,geo_map_format; africa_map_recognized; familiar_spatial_form; spatial_organization_complex; more_cluttered_layout; less_clear_at_glance,[+],Semantics / Text Legibility
economist_daily_chart_124.png,Area,"2D/3D; amount of words/context/numbers; color contrast/clarity; color variety/shading; domain-specific concepts (e.g., chemical, biology, map); easy/hard to interpret; labels/axes/legends; more charts/points/lines/shapes/elements; more regions/space; much/little data/info; overlapping shapes/colors/lines; shapes and lines; soft/layered/overlapping colors; take longer to interpret; unclear meaning/confusing",color_scheme,property.color,property,variation_in_color_shades; range_and_contrast_of_colors; many_colors_used; different_colors_distinguishable,differentiates,differentiates,countries,structure.region,structure,lots_of_regions; country_shapes_familiar; continent_with_countries,[-],Immediacy / Cognitive Load
economist_daily_chart_124.png,Area,"2D/3D; amount of words/context/numbers; color contrast/clarity; color variety/shading; domain-specific concepts (e.g., chemical, biology, map); easy/hard to interpret; labels/axes/legends; more charts/points/lines/shapes/elements; more regions/space; much/little data/info; overlapping shapes/colors/lines; shapes and lines; soft/layered/overlapping colors; take longer to interpret; unclear meaning/confusing",legend,furniture.legend,furniture,many_legend_categories; legend_present,increases_complexity_of,increases_complexity,map,whole.visualization,whole,geo_map_format; africa_map_recognized; familiar_spatial_form; spatial_organization_complex; more_cluttered_layout; less_clear_at_glance,[+],Aesthetics Uncertainty
VASTJ.828.7.png,Area,color contrast/clarity; much/little data/info,data_elements,content.data,content,few_or_no_data_points,contributes_to_ambiguity_in,contributes_to_ambiguity_in,chart,whole.visualization,whole,,[+],Immediacy / Cognitive Load
VASTJ.828.7.png,Area,color contrast/clarity; much/little data/info,color_scheme,property.color,property,low_color_contrast,reduces_distinguishability_in,reduces_distinguishability_in,chart,whole.visualization,whole,,[+],Visual Encoding Clarity
VASTJ.320.11.png,Area,labels/axes/legends,axis,furniture.axes,furniture,axis_absent,absent_from,absent_from,chart,whole.visualization,whole,,[+],Visual Encoding Clarity
VASTJ.320.11.png,Area,labels/axes/legends,legend,furniture.legend,furniture,graphic_legend_missing,absent_from,absent_from,chart,whole.visualization,whole,,[+],Semantics / Text Legibility
VASTJ.320.11.png,Area,labels/axes/legends,annotation,text.annotation,text,almost_no_explanation,insufficient_context_for,insufficient_context_for,chart,whole.visualization,whole,,[+],Immediacy / Cognitive Load
InfoVisJ.599.4.png,Area,"domain-specific concepts (e.g., chemical, biology, map); easy/hard to interpret",geographical_map,whole.visualization,whole,familiar_map_format; low_perceived_complexity,reduces_cognitive_load,reduces_cognitive_load,geographical_map,whole.visualization,whole,familiar_map_format; low_perceived_complexity,[-],Immediacy / Cognitive Load
whoJ48_2.png,Area,"color contrast/clarity; domain-specific concepts (e.g., chemical, biology, map)",colors,property.color,property,multiple_colors_present,applied_across,applied_across,map,whole.visualization,whole,familiar_map_format,[+],"Color, Symbol, and Texture Details"
InfoVisJ.1634.1.png,Area,labels/axes/legends; unclear meaning/confusing,visualization,whole.visualization,whole,no_descriptive_text; purpose_unclear; requires_domain_knowledge; high_interpretive_difficulty,lacks_contextual_explanation,lacks_contextual_explanation,visualization,whole.visualization,whole,no_descriptive_text; purpose_unclear; requires_domain_knowledge; high_interpretive_difficulty,[+],Semantics / Text Legibility
InfoVisC.211.8.png,Area,"bright colors; clear text arrangement/density; color variety/shading; domain-specific concepts (e.g., chemical, biology, map); labels/axes/legends",legend,furniture.legend,furniture,explanatory_and_clear,reduces_complexity_of,simplifies,color_segments,mark.color_segment,mark,segmented_color_regions; variety_of_bright_colors,[-],7. Immediacy / Cognitive Load
InfoVisC.211.8.png,Area,"bright colors; clear text arrangement/density; color variety/shading; domain-specific concepts (e.g., chemical, biology, map); labels/axes/legends",color_segments,mark.color_segment,mark,segmented_color_regions; variety_of_bright_colors,increases_clutter_in,increases_clutter_in,map,whole.visualization,whole,familiar_structure,[+],Data Density / Image Clutter
InfoVisC.211.8.png,Area,"bright colors; clear text arrangement/density; color variety/shading; domain-specific concepts (e.g., chemical, biology, map); labels/axes/legends",bottom_text,text.label,text,dense_bottom_text,adds_cognitive_load_to,adds_cognitive_load_to,map,whole.visualization,whole,familiar_structure,[+],Semantics / Text Legibility
InfoVisJ.2072.16.png,Area,amount of words/context/numbers; color variety/shading; more charts/points/lines/shapes/elements,boxes,mark.shape,mark,high_quantity_boxes,contains,contains,text,text.label,text,high_text_volume,[+],Aesthetics Uncertainty
InfoVisJ.2072.16.png,Area,amount of words/context/numbers; color variety/shading; more charts/points/lines/shapes/elements,boxes,mark.shape,mark,high_quantity_boxes,encoded_with,encoded_with,colors,property.color,property,many_colors_present,[+],"Color, Symbol, and Texture Details"
InfoVisJ.2072.16.png,Area,amount of words/context/numbers; color variety/shading; more charts/points/lines/shapes/elements,text,text.label,text,high_text_volume,increases_load_alongside,increases_load_alongside,colors,property.color,property,many_colors_present,[+],Immediacy / Cognitive Load
InfoVisJ.881.15.png,Area,more parameters/variables; much/little data/info,data_points,mark.point,mark,high_data_volume,increases_clutter_in,increases_clutter_in,chart,whole.visualization,whole,,[+],Data Density / Image Clutter
InfoVisJ.881.15.png,Area,more parameters/variables; much/little data/info,variables,content.data,content,multiple_variables_present,adds_interpretive_demand_to,adds_interpretive_demand_to,chart,whole.visualization,whole,,[+],Immediacy / Cognitive Load
InfoVisC.115.4.png,Area,color variety/shading; easy/hard to interpret; more charts/points/lines/shapes/elements,chart_elements,whole.visualization,whole,many_elements_same_area,overlaps_within,overlaps_within,data_area,structure.region,structure,difficult_to_interpret_content,[+],Aesthetics Uncertainty
InfoVisC.115.4.png,Area,color variety/shading; easy/hard to interpret; more charts/points/lines/shapes/elements,color_encoding,property.color,property,multiple_colors_same_area,clutters,clutters,data_area,structure.region,structure,difficult_to_interpret_content,[+],Data Density / Image Clutter
economist_daily_chart_110.png,Area,"color contrast/clarity; color variety/shading; domain-specific concepts (e.g., chemical, biology, map); more charts/points/lines/shapes/elements",text_labels,text.label,text,text_overlaid_on_geography,overlaps_with,overlaps_with,geographic_shapes,structure.region,structure,complex_geographic_shapes,[+],Data Density / Image Clutter
economist_daily_chart_110.png,Area,"color contrast/clarity; color variety/shading; domain-specific concepts (e.g., chemical, biology, map); more charts/points/lines/shapes/elements",red_region,structure.region,structure,harsh_red_color,contrasts_with,differentiates,dark_green_region,structure.region,structure,dark_green_color,[+],"Color, Symbol, and Texture Details"
economist_daily_chart_110.png,Area,"color contrast/clarity; color variety/shading; domain-specific concepts (e.g., chemical, biology, map); more charts/points/lines/shapes/elements",color_scheme,property.color,property,wide_color_range,increases_cognitive_load_of,increases_effort,map,whole.visualization,whole,high_physical_content,[+],Immediacy / Cognitive Load
InfoVisC.173.9(1).png,Area,color variety/shading; distracting/confusing/unclear,color_scheme,property.color,property,mixed_color_variety,contributes_to,contributes_to,visualization,whole.visualization,whole,overwhelming_first_impression; high_cognitive_load,[+],Aesthetics Uncertainty
InfoVisC.24.8.png,Area,distracting/confusing/unclear; much/little data/info,data_elements,content.data,content,high_data_volume,contributes_to,contributes_to,chart,whole.visualization,whole,chaotic_visual_appearance,[+],Data Density / Image Clutter
InfoVisC.24.8.png,Area,distracting/confusing/unclear; much/little data/info,layout_structure,structure.layout,structure,lacks_clear_organization,increases_cognitive_load_of,increases_effort,chart,whole.visualization,whole,chaotic_visual_appearance,[+],Immediacy / Cognitive Load
InfoVisC.24.8(1).png,Area,2D/3D; labels/axes/legends,graphic,whole.visualization,whole,has_internal_logic,aligned_with,aligned_with,values,content.number,content,logically_structured_values,[+],Visual Encoding Clarity
InfoVisJ.1054.3.png,Area,color variety/shading; word rotation/small font size,data_entities,content.data,content,high_entity_count,increases_clutter_in,increases_clutter_in,chart,whole.visualization,whole,high_information_density,[+],Aesthetics Uncertainty
InfoVisJ.1054.3.png,Area,color variety/shading; word rotation/small font size,color_encoding,property.color,property,numerous_colors_used,complicates_interpretation_of,complicates_interpretation_of,data_entities,content.data,content,high_entity_count,[+],Visual Encoding Clarity
InfoVisJ.1054.3.png,Area,color variety/shading; word rotation/small font size,text_labels,text.label,text,poor_readability,hinders_comprehension_of,hinders_comprehension_of,chart,whole.visualization,whole,high_information_density,[+],Immediacy / Cognitive Load
InfoVisC.57.4.png,Bar,color variety/shading; unclear meaning/confusing,color_scheme,property.color,property,many_colors_present; colors_densely_clustered,increases_clutter_around,increases_clutter_around,circles,mark.point,mark,unclear_representation; ambiguous_visual_encoding,[+],Aesthetics Uncertainty
InfoVisC.57.4.png,Bar,color variety/shading; unclear meaning/confusing,circles,mark.point,mark,unclear_representation; ambiguous_visual_encoding,requires_interpretation_effort,requires_interpretation_effort,color_scheme,property.color,property,many_colors_present; colors_densely_clustered,[+],Immediacy / Cognitive Load
wsj226.png,Bar,shapes and lines,country_region,structure.region,structure,multiple_countries_regions,mapped_to,mapped_to,crop_type,content.category,content,multiple_crop_categories,[+],Data Density / Image Clutter
wsj226.png,Bar,shapes and lines,chart,whole.visualization,whole,temporal_comparison_required,encodes_change_over,encodes_change_over,time_period,content.category,content,one_year_change_shown,[+],Immediacy / Cognitive Load
InfoVisJ.1204.7.png,Bar,easy/hard to interpret; more charts/points/lines/shapes/elements,data_elements,content.data,content,high_object_count,increases_cognitive_load_of,increases_effort,chart,whole.visualization,whole,large_data_volume,[+],Immediacy / Cognitive Load
economist_daily_chart_75.png,Bar,easy/hard to interpret; more charts/points/lines/shapes/elements; shapes and lines,bars,mark.bar,mark,high_bar_count; extends_horizontally,increases_clutter_in,increases_clutter_in,chart,whole.visualization,whole,harder_to_read,[+],Data Density / Image Clutter
economist_daily_chart_75.png,Bar,easy/hard to interpret; more charts/points/lines/shapes/elements; shapes and lines,bars,mark.bar,mark,high_bar_count; extends_horizontally,extends_along,extends_along,horizontal_axis,furniture.axes,furniture,,[+],Visual Encoding Clarity
VASTJ.1720.4.png,Bar,"domain-specific concepts (e.g., chemical, biology, map); easy/hard to interpret",bar_graph,whole.visualization,whole,simple_chart_type; easily_interpretable,affords_quick_understanding,affords_quick_understanding,bars,mark.bar,mark,straightforward_encoding,[-],Immediacy / Cognitive Load
InfoVisJ.2639.8.png,Bar,color variety/shading; easy/hard to interpret; take longer to interpret; unclear meaning/confusing,color_bar,mark.bar,mark,adds_visual_complexity,increases_cognitive_load_of,increases_effort,visualization,whole.visualization,whole,requires_longer_interpretation,[+],Immediacy / Cognitive Load
InfoVisC.65.8.png,Bar,color variety/shading; easy/hard to interpret; shapes and lines,numerical_labels,text.label,text,numbers_increase_complexity,more_complex_than,compared_with,dot_marks,mark.point,mark,,[+],Visual Encoding Clarity
InfoVisC.65.8.png,Bar,color variety/shading; easy/hard to interpret; shapes and lines,color_encoding,property.color,property,clearer_distinct_colors; two_color_dimensions,aids_interpretation_of,aids_interpretation,chart,whole.visualization,whole,simple_to_grasp,[-],Immediacy / Cognitive Load
whoB32_1.png,Bar,color contrast/clarity; distinguishable/full/highly contrast color uses; easy/hard to interpret,blue_colors,property.color,property,insufficient_contrast,lacks_contrast_within,lacks_contrast_within,color_scheme,property.color,property,poor_color_choice,[+],Visual Encoding Clarity
whoB32_1.png,Bar,color contrast/clarity; distinguishable/full/highly contrast color uses; easy/hard to interpret,color_scheme,property.color,property,poor_color_choice,increases_cognitive_difficulty_of,increases_cognitive_difficulty_of,chart,whole.visualization,whole,difficult_to_understand,[+],Immediacy / Cognitive Load
visMost533.png,Bar,color contrast/clarity; easy/hard to interpret; labels/axes/legends; more charts/points/lines/shapes/elements; shapes and lines; take longer to interpret,elements,mark.element,mark,many_visual_elements; varied_element_sizes,contributes_to_clutter_in,contributes_to_clutter_in,chart,whole.visualization,whole,very_complex_to_process; lacks_contextual_information; requires_domain_understanding,[+],Aesthetics Uncertainty
visMost533.png,Bar,color contrast/clarity; easy/hard to interpret; labels/axes/legends; more charts/points/lines/shapes/elements; shapes and lines; take longer to interpret,labels,text.label,text,numerous_names_present,increases_cognitive_load_of,increases_effort,chart,whole.visualization,whole,very_complex_to_process; lacks_contextual_information; requires_domain_understanding,[+],Immediacy / Cognitive Load
visMost533.png,Bar,color contrast/clarity; easy/hard to interpret; labels/axes/legends; more charts/points/lines/shapes/elements; shapes and lines; take longer to interpret,colors,property.color,property,high_color_variety,adds_visual_complexity_to,adds_visual_complexity_to,elements,mark.element,mark,many_visual_elements; varied_element_sizes,[+],"Color, Symbol, and Texture Details"
visMost533.png,Bar,color contrast/clarity; easy/hard to interpret; labels/axes/legends; more charts/points/lines/shapes/elements; shapes and lines; take longer to interpret,context,content.domain,content,,absent_from,absent_from,chart,whole.visualization,whole,very_complex_to_process; lacks_contextual_information; requires_domain_understanding,[+],Schema
economist_daily_chart_5.png,Bar,easy/hard to interpret; much/little data/info,data_elements,content.data,content,high_data_volume,increases_cognitive_demand_of,increases_cognitive_demand_of,chart,whole.visualization,whole,requires_focused_interpretation,[+],Immediacy / Cognitive Load
InfoVisJ.631.1(2).png,Bar,more charts/points/lines/shapes/elements; unclear colors/contrast; unclear meaning/confusing; word rotation/small font size,words,text.label,text,unclear_inter_word_relations,packed_into,packed_into,word_cloud,whole.visualization,whole,densely_packed_information,[+],Aesthetics Uncertainty
InfoVisJ.631.1(2).png,Bar,more charts/points/lines/shapes/elements; unclear colors/contrast; unclear meaning/confusing; word rotation/small font size,color_encoding,property.color,property,unclear_color_value_meaning,ambiguously_encodes,ambiguously_encodes,words,text.label,text,unclear_inter_word_relations,[+],"Color, Symbol, and Texture Details"
InfoVisJ.631.1(2).png,Bar,more charts/points/lines/shapes/elements; unclear colors/contrast; unclear meaning/confusing; word rotation/small font size,text_orientations,text.label,text,mixed_text_orientations,increases_cognitive_load_of,increases_effort,words,text.label,text,unclear_inter_word_relations,[+],Immediacy / Cognitive Load
SciVisJ.995.5.png,Bar,"domain-specific concepts (e.g., chemical, biology, map); labels/axes/legends; take longer to interpret",axes,furniture.axes,furniture,multiple_axes_present,annotated_with,annotated_with,numerical_values,content.number,content,dense_numerical_labels,[+],Semantics / Text Legibility
SciVisJ.995.5.png,Bar,"domain-specific concepts (e.g., chemical, biology, map); labels/axes/legends; take longer to interpret",numerical_values,content.number,content,dense_numerical_labels,increases_cognitive_load_of,increases_effort,data_content,content.data,content,rich_information_presented; provokes_thought_and_understanding,[+],Immediacy / Cognitive Load
InfoVisJ.924.5.png,Bar,easy/hard to interpret; labels/axes/legends,legend,furniture.legend,furniture,easy_to_understand,aids_interpretation_of,aids_interpretation,description,text.description,text,easy_to_read,[-],Immediacy / Cognitive Load
InfoVisJ.924.5.png,Bar,easy/hard to interpret; labels/axes/legends,labels,text.label,text,clear_labeling,supports_readability_of,aids_interpretation,description,text.description,text,easy_to_read,[-],Semantics / Text Legibility
VASTJ.412.3.png,Bar,easy/hard to interpret; two colors,color_scheme,property.color,property,only_two_colors_used,reduces_clutter_in,reduces_clutter_in,chart,whole.visualization,whole,easy_to_understand,[-],Aesthetics Uncertainty
whoK23_2.png,Bar,amount of words/context/numbers; easy/hard to interpret; much/little data/info,data_elements,content.data,content,high_data_volume,contributes_to_clutter_in,contributes_to_clutter_in,chart,whole.visualization,whole,difficult_to_interpret,[+],Data Density / Image Clutter
whoK23_2.png,Bar,amount of words/context/numbers; easy/hard to interpret; much/little data/info,text_labels,text.label,text,abundant_text_present,increases_cognitive_load_of,increases_effort,chart,whole.visualization,whole,difficult_to_interpret,[+],Immediacy / Cognitive Load
InfoVisJ.459.8.png,Bar,clear colors/shapes; unclear meaning/confusing,visualization,whole.visualization,whole,visually_clear_layout,perceived_as_clearer_despite,perceived_as_clearer_despite,purpose_label,text.label,text,unclear_semantic_purpose,[-],Immediacy / Cognitive Load
wsj28.png,Bar,amount of words/context/numbers; color variety/shading,text_elements,text.label,text,high_volume_of_writing,combined_with,combined_with,color_scheme,property.color,property,prominent_colors_present,[+],Aesthetics Uncertainty
SciVisJ.603.12.png,Bar,distracting/confusing/unclear; more charts/points/lines/shapes/elements; shapes and lines,graphs,whole.visualization,whole,many_graphs_present; arranged_side_by_side,contains,contains,bars,mark.bar,mark,vary_in_length,[+],Data Density / Image Clutter
SciVisJ.603.12.png,Bar,distracting/confusing/unclear; more charts/points/lines/shapes/elements; shapes and lines,bars,mark.bar,mark,vary_in_length,requires_interpretation_of,requires_interpretation_of,labels,text.label,text,unknown_details,[+],Immediacy / Cognitive Load
VASTC.72.13.png,Bar,color variety/shading; much/little data/info,color_encoding,property.color,property,multiple_colors_present,increases_complexity_of,increases_complexity,chart,whole.visualization,whole,,[+],"Color, Symbol, and Texture Details"
VASTC.72.13.png,Bar,color variety/shading; much/little data/info,data_content,content.data,content,high_information_volume,increases_cognitive_load_of,increases_effort,chart,whole.visualization,whole,,[+],Immediacy / Cognitive Load
vis678.png,Bar,color variety/shading; design-data relationship; distracting/confusing/unclear; easy/hard to interpret; labels/axes/legends; more charts/points/lines/shapes/elements; much/little data/info; overlapping shapes/colors/lines,charts,whole.visualization,whole,multiple_charts_present; lots_of_details; difficult_to_describe,mixed_with,co_occurs_with,timeline,furniture.axes,furniture,mixed_with_charts,[+],Visual Encoding Clarity
vis678.png,Bar,color variety/shading; design-data relationship; distracting/confusing/unclear; easy/hard to interpret; labels/axes/legends; more charts/points/lines/shapes/elements; much/little data/info; overlapping shapes/colors/lines,color_scheme,property.color,property,varied_vibrant_colors; notable_color_differences,increases_clutter_of,increases_clutter_of,layout,structure.layout,structure,dense_element_clutter; very_busy_layout; overall_confusing; complex_design_and_concept,[+],Aesthetics Uncertainty
vis678.png,Bar,color variety/shading; design-data relationship; distracting/confusing/unclear; easy/hard to interpret; labels/axes/legends; more charts/points/lines/shapes/elements; much/little data/info; overlapping shapes/colors/lines,charts,whole.visualization,whole,multiple_charts_present; lots_of_details; difficult_to_describe,contributes_to_confusion_with,contributes_to_confusion_with,text,text.label,text,some_text_present; harder_to_read,[+],Immediacy / Cognitive Load
vis678.png,Bar,color variety/shading; design-data relationship; distracting/confusing/unclear; easy/hard to interpret; labels/axes/legends; more charts/points/lines/shapes/elements; much/little data/info; overlapping shapes/colors/lines,layout,structure.layout,structure,dense_element_clutter; very_busy_layout; overall_confusing; complex_design_and_concept,makes_harder_to_read,makes_harder_to_read,text,text.label,text,some_text_present; harder_to_read,[+],Semantics / Text Legibility
VASTC.51.6.png,Bar,labels/axes/legends; unclear meaning/confusing,numbers,content.number,content,no_semantic_meaning,increases_cognitive_load_alongside,increases_cognitive_load_alongside,colors,property.color,property,no_semantic_meaning,[+],Immediacy / Cognitive Load
VASTJ.1332.5.png,Bar,labels/axes/legends; much/little data/info,data_points,mark.point,mark,fewer_data_points,plotted_along,plotted_along,axes,furniture.axes,furniture,two_axes_only,[-],Visual Encoding Clarity
wsj536.png,Bar,color variety/shading; more charts/points/lines/shapes/elements; soft/layered/overlapping colors,shading,property.color,property,shading_increases_complexity,contributes_to_clutter_in,contributes_to_clutter_in,chart,whole.visualization,whole,multiple_visual_elements,[+],Aesthetics Uncertainty
wsj536.png,Bar,color variety/shading; more charts/points/lines/shapes/elements; soft/layered/overlapping colors,color,property.color,property,varied_color_usage,adds_encoding_complexity_to,adds_encoding_complexity_to,chart,whole.visualization,whole,multiple_visual_elements,[+],Visual Encoding Clarity
whoQ14_2.png,Bar,more charts/points/lines/shapes/elements; more labels/context; shapes and lines,bars,mark.bar,mark,rendered_as_individual_lines,contributes_to_clutter_in,contributes_to_clutter_in,chart,whole.visualization,whole,many_elements_present,[+],Data Density / Image Clutter
whoQ14_2.png,Bar,more charts/points/lines/shapes/elements; more labels/context; shapes and lines,labels,text.label,text,many_different_labels,increases_cognitive_load_of,increases_effort,chart,whole.visualization,whole,many_elements_present,[+],Immediacy / Cognitive Load
whoQ14_2.png,Bar,more charts/points/lines/shapes/elements; more labels/context; shapes and lines,data_elements,content.data,content,high_item_count,increases_density_of,increases_complexity,chart,whole.visualization,whole,many_elements_present,[+],Data Density / Image Clutter
v487_n7408_15_f3.png,Bar,color variety/shading; shapes and lines,horizontal_lines,mark.line,mark,multiple_horizontal_lines,increases_clutter_in,increases_clutter_in,color_scheme,property.color,property,black_and_white_only,[+],Aesthetics Uncertainty
VASTJ.101.1.png,Bar,color variety/shading; shapes and lines,color_scheme,property.color,property,multiple_colors_used,increases_clutter_of,increases_clutter_of,chart_shapes,whole.visualization,whole,complex_geometric_shapes,[+],Aesthetics Uncertainty
visMost54.png,Bar,amount of words/context/numbers; more charts/points/lines/shapes/elements,lines,mark.line,mark,high_line_quantity,increases_clutter_alongside,increases_clutter_alongside,text_labels,text.label,text,many_words_present,[+],Aesthetics Uncertainty
v490_n7418_1_f2.png,Bar,color contrast/clarity; more charts/points/lines/shapes/elements; shapes and lines,boxes,mark.shape,mark,numerous_small_boxes; many_box_elements,increases_clutter_via,increases_clutter_via,colors,property.color,property,confusing_color_variety; colorful_appearance,[+],Aesthetics Uncertainty
v490_n7418_1_f2.png,Bar,color contrast/clarity; more charts/points/lines/shapes/elements; shapes and lines,straight_line,mark.line,mark,simple_straight_line,reduces_complexity_relative_to,reduces_complexity_relative_to,boxes,mark.shape,mark,numerous_small_boxes; many_box_elements,[-],Immediacy / Cognitive Load
wsj299.png,Bar,color variety/shading; take longer to interpret,graphics,whole.visualization,whole,high_detail_level,increases_cognitive_load,increases_effort,statistics,content.data,content,multiple_statistics_present,[+],Immediacy / Cognitive Load
wsj299.png,Bar,color variety/shading; take longer to interpret,color_scheme,property.color,property,multiple_colors_used,adds_visual_complexity_to,adds_visual_complexity_to,graphics,whole.visualization,whole,high_detail_level,[+],Aesthetics Uncertainty
whoB17_1.png,Bar,take longer to interpret,title_or_label,text.label,text,provides_contextual_information,clarifies_content_of,clarifies_content_of,visualization,whole.visualization,whole,,[-],Immediacy / Cognitive Load
VASTC.107.8.png,Cont.-ColorPatn,color contrast/clarity; distracting/confusing/unclear,color_encoding,property.color,property,colors_hard_to_distinguish,contributes_to,contributes_to,visual_display,whole.visualization,whole,causes_visual_blur; high_cognitive_strain,[+],Aesthetics Uncertainty
SciVisJ.1043.12(4).png,Cont.-ColorPatn,color variety/shading; more charts/points/lines/shapes/elements; overlapping shapes/colors/lines,color_scheme,property.color,property,single_color_used,reduces_distinguishability_of,hinders_reading,data_points,mark.point,mark,hard_to_discern_individually,[+],"Color, Symbol, and Texture Details"
SciVisJ.1043.12(4).png,Cont.-ColorPatn,color variety/shading; more charts/points/lines/shapes/elements; overlapping shapes/colors/lines,data_points,mark.point,mark,hard_to_discern_individually,overlaps_obscuring,overlaps_obscuring,point_boundaries,mark.point,mark,boundaries_visually_unclear,[+],Aesthetics Uncertainty
SciVisJ.1043.12(4).png,Cont.-ColorPatn,color variety/shading; more charts/points/lines/shapes/elements; overlapping shapes/colors/lines,color_scheme,property.color,property,single_color_used,increases_cognitive_load_for,increases_effort,data_points,mark.point,mark,hard_to_discern_individually,[+],Immediacy / Cognitive Load
v484_n7392_13_f1(1).png,Cont.-ColorPatn,"domain-specific concepts (e.g., chemical, biology, map); labels/axes/legends",y_axis,furniture.axes,furniture,provides_clear_labels,aids_interpretation_of,aids_interpretation,heatmap,whole.visualization,whole,familiar_chart_type,[-],Immediacy / Cognitive Load
VisC.233.1.png,Cont.-ColorPatn,easy/hard to interpret; more charts/points/lines/shapes/elements; much/little data/info; shapes and lines,colors,property.color,property,no_easy_color_distinction,hinders_interpretation_of,hinders_reading,shapes,mark.shape,mark,many_shapes_present,[+],Visual Encoding Clarity
VisC.233.1.png,Cont.-ColorPatn,easy/hard to interpret; more charts/points/lines/shapes/elements; much/little data/info; shapes and lines,shapes,mark.shape,mark,many_shapes_present,contributes_to_clutter_in,contributes_to_clutter_in,chart,whole.visualization,whole,large_image_size; hard_to_extract_info,[+],Aesthetics Uncertainty
VisC.233.1.png,Cont.-ColorPatn,easy/hard to interpret; more charts/points/lines/shapes/elements; much/little data/info; shapes and lines,details,content.detail,content,small_detail_elements,increases_cognitive_load_of,increases_effort,chart,whole.visualization,whole,large_image_size; hard_to_extract_info,[+],Immediacy / Cognitive Load
VisJ.1413.7.png,Cont.-ColorPatn,color variety/shading; unclear meaning/confusing,color_scheme,property.color,property,various_colors_present,contributes_to_confusion_in,contributes_to_confusion_in,chart,whole.visualization,whole,no_clear_indication_of_content,[+],Aesthetics Uncertainty
VisJ.1413.7.png,Cont.-ColorPatn,color variety/shading; unclear meaning/confusing,graphics,whole.visualization,whole,multiple_graphic_elements,obscures_meaning_in,obscures_meaning_in,chart,whole.visualization,whole,no_clear_indication_of_content,[+],Visual Encoding Clarity
SciVisJ.1246.8.png,Cont.-ColorPatn,color variety/shading; more charts/points/lines/shapes/elements; shapes and lines; unclear meaning/confusing,shapes,mark.shape,mark,high_shape_quantity,contributes_to_clutter_with,contributes_to_clutter_with,colors,property.color,property,many_colors_present,[+],Aesthetics Uncertainty
SciVisJ.1246.8.png,Cont.-ColorPatn,color variety/shading; more charts/points/lines/shapes/elements; shapes and lines; unclear meaning/confusing,visualization,whole.visualization,whole,unclear_representation,lacks_interpretive_clarity_due_to,lacks_interpretive_clarity_due_to,shapes,mark.shape,mark,high_shape_quantity,[+],Immediacy / Cognitive Load
SciVisJ.259.14.png,Cont.-ColorPatn,"domain-specific concepts (e.g., chemical, biology, map); labels/axes/legends",chart,whole.visualization,whole,easily_recognizable_form,resembles,compared_with,weather_map,whole.visualization,whole,familiar_map_format,[-],Schema
SciVisJ.259.14.png,Cont.-ColorPatn,"domain-specific concepts (e.g., chemical, biology, map); labels/axes/legends",x_axis,furniture.axes,furniture,missing_axis_label,lacks_label_on,lacks_label_on,chart,whole.visualization,whole,easily_recognizable_form,[+],Semantics / Text Legibility
SciVisJ.1819.4(5).png,Cont.-ColorPatn,color contrast/clarity; unclear colors/contrast,color_scheme,property.color,property,light_and_dark_contrast; colors_harder_to_look_at,increases_cognitive_difficulty_of,increases_cognitive_difficulty_of,visualization,whole.visualization,whole,,[+],Immediacy / Cognitive Load
SciVisJ.796.18.png,Cont.-ColorPatn,labels/axes/legends,legend,furniture.legend,furniture,unlabeled_legend_entries; positioned_close_to_data,too_close_to,too_close_to,visualization,whole.visualization,whole,,[-],Aesthetics Uncertainty
SciVisJ.796.18.png,Cont.-ColorPatn,labels/axes/legends,legend,furniture.legend,furniture,unlabeled_legend_entries; positioned_close_to_data,lacks_labels_for,lacks_labels_for,visualization,whole.visualization,whole,,[+],Semantics / Text Legibility
InfoVisJ.651.7.png,Cont.-ColorPatn,"2D/3D; blurry colors/images; color variety/shading; domain-specific concepts (e.g., chemical, biology, map); unclear meaning/confusing",color_overlay,property.color,property,blurring_applied,overlaid_with,overlaid_with,gradient,property.color,property,wide_variety_of_colors,[+],"Color, Symbol, and Texture Details"
InfoVisJ.651.7.png,Cont.-ColorPatn,"2D/3D; blurry colors/images; color variety/shading; domain-specific concepts (e.g., chemical, biology, map); unclear meaning/confusing",visualization,whole.visualization,whole,illusion_of_depth_3d; no_discernible_patterns,increases,increases_complexity,structure,structure.layout,structure,lacks_clear_form_structure,[+],Immediacy / Cognitive Load
InfoVisJ.651.7.png,Cont.-ColorPatn,"2D/3D; blurry colors/images; color variety/shading; domain-specific concepts (e.g., chemical, biology, map); unclear meaning/confusing",color_overlay,property.color,property,blurring_applied,contributes_to,contributes_to,visualization,whole.visualization,whole,illusion_of_depth_3d; no_discernible_patterns,[+],Aesthetics Uncertainty
VisC.623.5.png,Cont.-ColorPatn,"color variety/shading; domain-specific concepts (e.g., chemical, biology, map)",color_scheme,property.color,property,multiple_colors_present,increases_confusion_in,increases_confusion_in,visualization,whole.visualization,whole,unclear_visual_purpose; ambiguous_encoding,[+],Aesthetics Uncertainty
SciVisJ.625.5.png,Cont.-ColorPatn,color contrast/clarity; easy/hard to interpret,pixel,mark.element,mark,encodes_data_collection,represents,represents,color,property.color,property,encodes_data_collection,[+],Data Density / Image Clutter
SciVisJ.625.5.png,Cont.-ColorPatn,color contrast/clarity; easy/hard to interpret,color,property.color,property,encodes_data_collection,encodes_dense_information_in,encodes_dense_information_in,visualization,whole.visualization,whole,requires_analysis_to_interpret,[+],Visual Encoding Clarity
InfoVisJ.2181.9.png,Cont.-ColorPatn,easy/hard to interpret; more charts/points/lines/shapes/elements,arrows,mark.symbol,mark,extra_arrows_present,increases_clutter_in,increases_clutter_in,visual_items,mark.element,mark,four_separate_components; requires_interpretation_effort,[+],Aesthetics Uncertainty
InfoVisJ.2181.9.png,Cont.-ColorPatn,easy/hard to interpret; more charts/points/lines/shapes/elements,information_elements,content.data,content,additional_information_added,adds_cognitive_load_to,adds_cognitive_load_to,visual_items,mark.element,mark,four_separate_components; requires_interpretation_effort,[+],Immediacy / Cognitive Load
InfoVisJ.2181.9.png,Cont.-ColorPatn,easy/hard to interpret; more charts/points/lines/shapes/elements,visual_items,mark.element,mark,four_separate_components; requires_interpretation_effort,requires_understanding_of,requires_understanding_of,information_elements,content.data,content,additional_information_added,[+],Schema
VASTC.19.8.png,Cont.-ColorPatn,"blurry colors/images; color variety/shading; distracting/confusing/unclear; domain-specific concepts (e.g., chemical, biology, map); take longer to interpret",color_gradient,property.color,property,gradient_color_encoding; dull_and_blended_colors,contributes_to,contributes_to,visualization,whole.visualization,whole,image_is_blurry; lacks_visual_clarity; requires_squinting_to_understand; unclear_representation,[+],Immediacy / Cognitive Load
VASTC.19.8.png,Cont.-ColorPatn,"blurry colors/images; color variety/shading; distracting/confusing/unclear; domain-specific concepts (e.g., chemical, biology, map); take longer to interpret",color_gradient,property.color,property,gradient_color_encoding; dull_and_blended_colors,obscures_meaning_in,obscures_meaning_in,visualization,whole.visualization,whole,image_is_blurry; lacks_visual_clarity; requires_squinting_to_understand; unclear_representation,[+],Schema
VASTC.19.8.png,Cont.-ColorPatn,"blurry colors/images; color variety/shading; distracting/confusing/unclear; domain-specific concepts (e.g., chemical, biology, map); take longer to interpret",text_labels,text.label,text,,fails_to_clarify,fails_to_clarify,visualization,whole.visualization,whole,image_is_blurry; lacks_visual_clarity; requires_squinting_to_understand; unclear_representation,[+],Semantics / Text Legibility
VisC.495.10(1).png,Cont.-ColorPatn,color contrast/clarity,color_encoding,property.color,property,multiple_colors_used,differentiates,differentiates,data_values,content.data,content,values_separated_by_color,[+],"Color, Symbol, and Texture Details"
SciVisJ.796.5(1).png,Cont.-ColorPatn,"color contrast/clarity; domain-specific concepts (e.g., chemical, biology, map); labels/axes/legends",color_encoding,property.color,property,color_meaning_unclear,lacks_legend_for,lacks_legend_for,visualization,whole.visualization,whole,,[+],"Color, Symbol, and Texture Details"
SciVisJ.796.5(1).png,Cont.-ColorPatn,"color contrast/clarity; domain-specific concepts (e.g., chemical, biology, map); labels/axes/legends",measurements,content.number,content,no_measurements_present,absent_from,absent_from,visualization,whole.visualization,whole,,[+],Semantics / Text Legibility
SciVisJ.796.5(1).png,Cont.-ColorPatn,"color contrast/clarity; domain-specific concepts (e.g., chemical, biology, map); labels/axes/legends",pattern,structure.pattern,structure,pattern_interpretation_uncertain,increases_cognitive_load_of,increases_effort,visualization,whole.visualization,whole,,[+],Immediacy / Cognitive Load
VisC.433.1.png,Cont.-ColorPatn,color variety/shading; more charts/points/lines/shapes/elements; more regions/space; much/little data/info,color_encoding,property.color,property,multiple_colors_used,increases_visual_load_of,increases_visual_load_of,chart,whole.visualization,whole,high_information_density; large_spatial_footprint,[+],Immediacy / Cognitive Load
VisC.433.1.png,Cont.-ColorPatn,color variety/shading; more charts/points/lines/shapes/elements; more regions/space; much/little data/info,data_elements,content.data,content,high_pixel_density,contributes_clutter_to,contributes_clutter_to,chart,whole.visualization,whole,high_information_density; large_spatial_footprint,[+],Data Density / Image Clutter
VisC.599.6.png,Cont.-ColorPatn,easy/hard to interpret; labels/axes/legends; shapes and lines; unclear meaning/confusing,data_points,mark.point,mark,exact_values_unreadable,lacks_precise_readability_on,lacks_precise_readability_on,axis_labels,text.axis_label,text,contains_letters_and_numbers,[+],Data Density / Image Clutter
VisC.599.6.png,Cont.-ColorPatn,easy/hard to interpret; labels/axes/legends; shapes and lines; unclear meaning/confusing,axis_labels,text.axis_label,text,contains_letters_and_numbers,combines_alphanumeric_encoding_with,combines_alphanumeric_encoding_with,data_points,mark.point,mark,exact_values_unreadable,[+],Semantics / Text Legibility
SciVisJ.1043.12(5).png,Cont.-ColorPatn,easy/hard to interpret; labels/axes/legends,legend,furniture.legend,furniture,legend_absent,missing_from,missing_from,visualization,whole.visualization,whole,difficult_to_interpret,[+],Semantics / Text Legibility
SciVisJ.1043.12(5).png,Cont.-ColorPatn,easy/hard to interpret; labels/axes/legends,text_labels,text.label,text,insufficient_text_present,lacks_context_in,lacks_context_in,visualization,whole.visualization,whole,difficult_to_interpret,[+],Immediacy / Cognitive Load
SciVisJ.744.13.png,Cont.-ColorPatn,2D/3D; color variety/shading; easy/hard to interpret; much/little data/info; take longer to interpret,dimension_matrix,structure.grid,structure,four_dimension_matrix,contains_high_volume_of,contains_high_volume_of,details,content.detail,content,high_detail_volume; less_details_present,[+],Data Density / Image Clutter
SciVisJ.744.13.png,Cont.-ColorPatn,2D/3D; color variety/shading; easy/hard to interpret; much/little data/info; take longer to interpret,color_encoding,property.color,property,multiple_different_colors,increases_complexity_of,increases_complexity,3d_visualization,whole.visualization,whole,three_dimensional_structure; difficult_to_model; not_understandable_at_all; only_for_trained_eyes,[+],Visual Encoding Clarity
SciVisJ.744.13.png,Cont.-ColorPatn,2D/3D; color variety/shading; easy/hard to interpret; much/little data/info; take longer to interpret,dimension_matrix,structure.grid,structure,four_dimension_matrix,requires_domain_knowledge_to_interpret,requires_expertise,3d_visualization,whole.visualization,whole,three_dimensional_structure; difficult_to_model; not_understandable_at_all; only_for_trained_eyes,[+],Schema
SciVisJ.744.13.png,Cont.-ColorPatn,2D/3D; color variety/shading; easy/hard to interpret; much/little data/info; take longer to interpret,3d_visualization,whole.visualization,whole,three_dimensional_structure; difficult_to_model; not_understandable_at_all; only_for_trained_eyes,imposes_high_cognitive_load_on,imposes_high_cognitive_load_on,details,content.detail,content,high_detail_volume; less_details_present,[+],Immediacy / Cognitive Load
VisC.233.3(2).png,Cont.-ColorPatn,color variety/shading; more charts/points/lines/shapes/elements,color_gradient,property.color,property,black_to_white_transition,applied_across,applied_across,circles,mark.point,mark,large_quantity_of_circles,[+],Visual Encoding Clarity
VisC.295.3.png,Cont.-ColorPatn,easy/hard to interpret; unclear colors/contrast,color_scheme,property.color,property,very_weird_color,causes_visual_discomfort_in,causes_visual_discomfort_in,visualization,whole.visualization,whole,difficult_to_focus_on,[+],Immediacy / Cognitive Load
VisC.175.1(3).png,Cont.-ColorPatn,color variety/shading,color_scheme,property.color,property,multiple_colors_used,increases_complexity_of,increases_complexity,chart,whole.visualization,whole,,[+],"Color, Symbol, and Texture Details"
SciVisJ.857.8(3).png,Cont.-ColorPatn,"color contrast/clarity; domain-specific concepts (e.g., chemical, biology, map)",colors,property.color,property,multiple_colors_present,applied_to,applied_to,map,whole.visualization,whole,familiar_map_format,[+],"Color, Symbol, and Texture Details"
SciVisJ.801.15.png,Cont.-ColorPatn,distracting/confusing/unclear; much/little data/info,stimulus,whole.visualization,whole,low_discernibility,obscured_within,obscured_within,visualization,whole.visualization,whole,high_detail_level,[+],Aesthetics Uncertainty
InfoVisJ.413.3.png,Cont.-ColorPatn,color variety/shading,color_palette,property.color,property,high_number_of_colors,increases_complexity_of,increases_complexity,chart,whole.visualization,whole,,[+],"Color, Symbol, and Texture Details"
SciVisJ.1819.4.png,Cont.-ColorPatn,"color variety/shading; domain-specific concepts (e.g., chemical, biology, map); easy/hard to interpret; shapes and lines",shapes,mark.shape,mark,complex_shape_variety,contributes_to,contributes_to,visual_layout,structure.layout,structure,nothing_clearly_interpretable,[+],Aesthetics Uncertainty
SciVisJ.1819.4.png,Cont.-ColorPatn,"color variety/shading; domain-specific concepts (e.g., chemical, biology, map); easy/hard to interpret; shapes and lines",color_scheme,property.color,property,high_color_variation,increases_ambiguity_of,increases_ambiguity,field_information,content.domain,content,dense_field_information,[+],Visual Encoding Clarity
SciVisJ.1819.4.png,Cont.-ColorPatn,"color variety/shading; domain-specific concepts (e.g., chemical, biology, map); easy/hard to interpret; shapes and lines",field_information,content.domain,content,dense_field_information,overwhelms,overwhelms,visual_layout,structure.layout,structure,nothing_clearly_interpretable,[+],Immediacy / Cognitive Load
VASTJ.170.6.png,Cont.-ColorPatn,color variety/shading; overlapping shapes/colors/lines; shapes and lines,circular_shapes,mark.shape,mark,transitioning_to_rectangular,transitions_to,transitions_to,rectangular_shapes,mark.shape,mark,less_uniform_shapes,[+],Visual Encoding Clarity
VASTJ.170.6.png,Cont.-ColorPatn,color variety/shading; overlapping shapes/colors/lines; shapes and lines,rectangular_shapes,mark.shape,mark,less_uniform_shapes,increases_visual_disorder_over,increases_visual_disorder_over,circular_shapes,mark.shape,mark,transitioning_to_rectangular,[+],Aesthetics Uncertainty
VASTJ.170.6.png,Cont.-ColorPatn,color variety/shading; overlapping shapes/colors/lines; shapes and lines,color_palette,property.color,property,increased_color_variety,reduces_contrast_with,reduces_contrast_with,background,structure.background,structure,reduced_white_space,[+],"Color, Symbol, and Texture Details"
InfoVisJ.681.1.png,Cont.-ColorPatn,2D/3D; abstract shapes or colors; color contrast/clarity; color variety/shading; more charts/points/lines/shapes/elements; shapes and lines; symbols,color_scale,property.color,property,color_scale_encoding,encodes_via,encodes_via,data_elements,content.data,content,many_elements_present,[+],"Color, Symbol, and Texture Details"
InfoVisJ.681.1.png,Cont.-ColorPatn,2D/3D; abstract shapes or colors; color contrast/clarity; color variety/shading; more charts/points/lines/shapes/elements; shapes and lines; symbols,box_indicators,structure.panel,structure,small_box_indicators,contributes_to_clutter_in,contributes_to_clutter_in,chart,whole.visualization,whole,high_abstraction_level; multiple_colors_used,[+],Data Density / Image Clutter
InfoVisJ.681.1.png,Cont.-ColorPatn,2D/3D; abstract shapes or colors; color contrast/clarity; color variety/shading; more charts/points/lines/shapes/elements; shapes and lines; symbols,trend_line,mark.line,mark,upwards_trend_visible,requires_interpretation_within,requires_interpretation_within,chart,whole.visualization,whole,high_abstraction_level; multiple_colors_used,[+],Immediacy / Cognitive Load
SciVisJ.765.11.png,Cont.-ColorPatn,color variety/shading; labels/axes/legends; more charts/points/lines/shapes/elements; shapes and lines,data_points,mark.point,mark,high_data_point_count,encoded_with,encoded_with,shapes,mark.shape,mark,variety_of_shapes,[+],Visual Encoding Clarity
SciVisJ.765.11.png,Cont.-ColorPatn,color variety/shading; labels/axes/legends; more charts/points/lines/shapes/elements; shapes and lines,data_points,mark.point,mark,high_data_point_count,differentiated_by,differentiated_by,colors,property.color,property,multiple_colors_used,[+],"Color, Symbol, and Texture Details"
SciVisJ.765.11.png,Cont.-ColorPatn,color variety/shading; labels/axes/legends; more charts/points/lines/shapes/elements; shapes and lines,axes,furniture.axes,furniture,axis_data_present,contextualizes,contextualizes,data_points,mark.point,mark,high_data_point_count,[+],Data Density / Image Clutter
InfoVisJ.1558.9(2).png,Glyph,distracting/confusing/unclear; easy/hard to interpret; shapes and lines,spots,mark.point,mark,multiple_different_shapes; irregular_form,increases_difficulty_of,increases_complexity,chart,whole.visualization,whole,extra_challenge_to_read,[+],Immediacy / Cognitive Load
InfoVisJ.1558.9(2).png,Glyph,distracting/confusing/unclear; easy/hard to interpret; shapes and lines,spots,mark.point,mark,multiple_different_shapes; irregular_form,contributes_clutter_to,contributes_clutter_to,chart,whole.visualization,whole,extra_challenge_to_read,[+],Aesthetics Uncertainty
SciVisJ.975.7.png,Cont.-ColorPatn,distracting/confusing/unclear,content,content.data,content,unknown_data_meaning,contributes_to,contributes_to,visualization,whole.visualization,whole,meaningless_presentation; ambiguous_complexity_level,[+],Immediacy / Cognitive Load
VisJ.1197.3.png,Glyph,more charts/points/lines/shapes/elements; take longer to interpret,shapes,mark.shape,mark,multiple_shape_types,increases_cognitive_load_of,increases_effort,chart,whole.visualization,whole,requires_longer_assimilation,[+],Immediacy / Cognitive Load
VisJ.1329.4(2).png,Glyph,"domain-specific concepts (e.g., chemical, biology, map); shapes and lines",color_fill,property.color,property,colored_within_shape,fills,fills,shape,mark.shape,mark,distinct_defined_shape,[+],"Color, Symbol, and Texture Details"
VisJ.1329.4(2).png,Glyph,"domain-specific concepts (e.g., chemical, biology, map); shapes and lines",shape,mark.shape,mark,distinct_defined_shape,makes_appear_as,makes_appear_as,visualization,whole.visualization,whole,resembles_picture_not_chart,[+],Immediacy / Cognitive Load
InfoVisJ.2576.2.png,Glyph,"distracting/confusing/unclear; domain-specific concepts (e.g., chemical, biology, map); labels/axes/legends",labels,text.label,text,more_labels_present,aids_interpretation_of,aids_interpretation,chart,whole.visualization,whole,clearly_delineated_regions,[-],Immediacy / Cognitive Load
InfoVisJ.2576.2.png,Glyph,"distracting/confusing/unclear; domain-specific concepts (e.g., chemical, biology, map); labels/axes/legends",symbols,mark.symbol,mark,easily_recognizable_symbols,reduces_ambiguity_in,reduces_ambiguity_in,chart,whole.visualization,whole,clearly_delineated_regions,[-],Immediacy / Cognitive Load
VisC.249.5.png,Glyph,2D/3D; shapes and lines; unclear meaning/confusing,cross_shape,mark.symbol,mark,cross_at_bottom,increases_confusion_in,increases_confusion_in,chart,whole.visualization,whole,overall_confusing_layout,[+],Visual Encoding Clarity
VisC.249.5.png,Glyph,2D/3D; shapes and lines; unclear meaning/confusing,intersection_point,mark.point,mark,ambiguous_data_intersection,obscures_meaning_of,obscures,criteria_labels,text.label,text,undefinable_criteria,[+],Schema
VisC.249.5.png,Glyph,2D/3D; shapes and lines; unclear meaning/confusing,criteria_labels,text.label,text,undefinable_criteria,contributes_to_ambiguity_of,contributes_to_ambiguity_of,chart,whole.visualization,whole,overall_confusing_layout,[+],Immediacy / Cognitive Load
VisJ.1595.7.png,Glyph,color contrast/clarity; distracting/confusing/unclear; easy/hard to interpret; shapes and lines,shapes,mark.shape,mark,categorized_in_unclear_way; unable_to_sort_elements,encoded_by,encoded_by,color_encoding,property.color,property,multiple_colors_present,[+],"Color, Symbol, and Texture Details"
VisJ.1595.7.png,Glyph,color contrast/clarity; distracting/confusing/unclear; easy/hard to interpret; shapes and lines,color_encoding,property.color,property,multiple_colors_present,fails_to_clarify,fails_to_clarify,categorization_scheme,content.category,content,cannot_identify_categories,[+],Immediacy / Cognitive Load
VisJ.1595.7.png,Glyph,color contrast/clarity; distracting/confusing/unclear; easy/hard to interpret; shapes and lines,categorization_scheme,content.category,content,cannot_identify_categories,lacks_interpretable_structure,lacks_interpretable_structure,shapes,mark.shape,mark,categorized_in_unclear_way; unable_to_sort_elements,[+],Schema
InfoVisJ.1558.11(6).png,Glyph,2D/3D; labels/axes/legends; shapes and lines,dots,mark.point,mark,only_dots_present,spread_across,spread_across,distribution,content.data,content,evenly_distributed_layout,[-],Aesthetics Uncertainty
InfoVisJ.1558.11(6).png,Glyph,2D/3D; labels/axes/legends; shapes and lines,dots,mark.point,mark,only_dots_present,exhibits_few,exhibits_few,interactions,structure.link,structure,minimal_interactions,[-],Immediacy / Cognitive Load
VisJ.1949.11.png,Glyph,color contrast/clarity; distracting/confusing/unclear; labels/axes/legends; unclear meaning/confusing,color_encoding,property.color,property,unclear_color_differentiation,increases_ambiguity_of,increases_ambiguity,chart,whole.visualization,whole,unclear_what_displayed,[+],Visual Encoding Clarity
VisJ.1949.11.png,Glyph,color contrast/clarity; distracting/confusing/unclear; labels/axes/legends; unclear meaning/confusing,measurements,content.number,content,no_measurements_present,absence_raises_cognitive_load_of,absence_raises_cognitive_load_of,chart,whole.visualization,whole,unclear_what_displayed,[+],Immediacy / Cognitive Load
VisJ.1949.11.png,Glyph,color contrast/clarity; distracting/confusing/unclear; labels/axes/legends; unclear meaning/confusing,pattern,structure.pattern,structure,no_clear_pattern,contributes_to_disorder_of,contributes_to_disorder_of,chart,whole.visualization,whole,unclear_what_displayed,[+],Aesthetics Uncertainty
SciVisJ.891.13.png,Glyph,"domain-specific concepts (e.g., chemical, biology, map); much/little data/info",visualization,whole.visualization,whole,high_visual_busyness,contains_many_elements,contains_many_elements,computer_screen,structure.panel,structure,familiar_display_context,[+],Data Density / Image Clutter
VisJ.1197.5.png,Glyph,color contrast/clarity; more charts/points/lines/shapes/elements,data_items,content.data,content,items_in_close_proximity,grouped_by,grouped_by,color_encoding,property.color,property,multiple_colors_present,[+],Visual Encoding Clarity
VisJ.1197.5.png,Glyph,color contrast/clarity; more charts/points/lines/shapes/elements,data_items,content.data,content,items_in_close_proximity,proximity_reduces_clutter,proximity_reduces_clutter,chart,whole.visualization,whole,,[-],Aesthetics Uncertainty
InfoVisJ.2251.3(3).png,Glyph,easy/hard to interpret; more charts/points/lines/shapes/elements,lines,mark.line,mark,few_lines_joined,contributes_to_confusion_in,contributes_to_confusion_in,chart,whole.visualization,whole,difficult_to_understand,[+],Immediacy / Cognitive Load
SciVisJ.728.4(2).png,Glyph,"color variety/shading; domain-specific concepts (e.g., chemical, biology, map); easy/hard to interpret",dark_regions,structure.region,structure,dark_and_black_coloring,conceals,conceals,hidden_content,content.detail,content,obscured_underlying_data,[+],Immediacy / Cognitive Load
SciVisJ.728.4(2).png,Glyph,"color variety/shading; domain-specific concepts (e.g., chemical, biology, map); easy/hard to interpret",hidden_content,content.detail,content,obscured_underlying_data,increases_uncertainty_in,increases_uncertainty_in,visualization,whole.visualization,whole,visually_complex_overall,[+],Immediacy / Cognitive Load
VisC.27.5.png,Glyph,labels/axes/legends; much/little data/info; unclear meaning/confusing,title,text.title,text,missing_title,absent_from,absent_from,chart,whole.visualization,whole,high_visual_busyness; unclear_subject_matter,[+],Semantics / Text Legibility
VisC.27.5.png,Glyph,labels/axes/legends; much/little data/info; unclear meaning/confusing,visual_elements,mark.element,mark,many_elements_present,overwhelms,overwhelms,chart,whole.visualization,whole,high_visual_busyness; unclear_subject_matter,[+],Aesthetics Uncertainty
VisC.27.5.png,Glyph,labels/axes/legends; much/little data/info; unclear meaning/confusing,chart,whole.visualization,whole,high_visual_busyness; unclear_subject_matter,lacks_interpretive_context_for,lacks_interpretive_context_for,visual_elements,mark.element,mark,many_elements_present,[+],Immediacy / Cognitive Load
VASTC.43.2.png,Glyph,less organized elements; more charts/points/lines/shapes/elements,chart_elements,whole.visualization,whole,high_element_count,contributes_to,contributes_to,layout,structure.layout,structure,disordered_arrangement,[+],Aesthetics Uncertainty
VisJ.1329.1(4).png,Glyph,unclear meaning/confusing,motion,property.encoding,property,confusing_movement_pattern; unexplained_animation_behavior,increases_confusion_of,increases_confusion_of,shapes,mark.shape,mark,unclear_shape_meaning; unrecognizable_visual_encoding,[+],Immediacy / Cognitive Load
VisC.559.6.png,Glyph,distracting/confusing/unclear; labels/axes/legends; more charts/points/lines/shapes/elements; overlapping shapes/colors/lines; unclear meaning/confusing,elements,mark.element,mark,too_many_moving_parts; meaning_not_interpretable,interact_with_each_other,interact_with_each_other,arrows,mark.symbol,mark,pointing_in_different_directions; no_apparent_directional_flow,[+],Data Density / Image Clutter
VisC.559.6.png,Glyph,distracting/confusing/unclear; labels/axes/legends; more charts/points/lines/shapes/elements; overlapping shapes/colors/lines; unclear meaning/confusing,arrows,mark.symbol,mark,pointing_in_different_directions; no_apparent_directional_flow,lacks_association_with,lacks_association_with,letters,text.label,text,random_letter_labels,[+],Schema
VisC.559.6.png,Glyph,distracting/confusing/unclear; labels/axes/legends; more charts/points/lines/shapes/elements; overlapping shapes/colors/lines; unclear meaning/confusing,layout,structure.layout,structure,messy_overall_layout; very_confusing_appearance,absence_of,absence_of,numbers,content.number,content,no_numbers_present,[+],Semantics / Text Legibility
InfoVisJ.2251.1(3).png,Glyph,color variety/shading; ordered; shapes and lines; unclear meaning/confusing,color_shades,property.color,property,different_shades_used,reduces_ambiguity_of,reduces_ambiguity_of,geometric_shapes,mark.shape,mark,geometry_set_unclear,[-],Visual Encoding Clarity
InfoVisJ.2251.1(3).png,Glyph,color variety/shading; ordered; shapes and lines; unclear meaning/confusing,geometric_shapes,mark.shape,mark,geometry_set_unclear,increases_interpretive_difficulty_of,increases_effort,chart,whole.visualization,whole,unclear_visualization_purpose,[+],Immediacy / Cognitive Load
SciVisJ.797.13(3).png,Glyph,easy/hard to interpret; much/little data/info; shapes and lines,ranking_system,structure.hierarchy,structure,beyond_comprehension,increases_cognitive_load_of,increases_effort,visualization,whole.visualization,whole,high_detail_density,[+],Immediacy / Cognitive Load
SciVisJ.797.13(3).png,Glyph,easy/hard to interpret; much/little data/info; shapes and lines,images,whole.visualization,whole,difficult_to_interpret,contributes_clutter_to,contributes_clutter_to,visualization,whole.visualization,whole,high_detail_density,[+],Aesthetics Uncertainty
InfoVisJ.1558.5.png,Glyph,"color contrast/clarity; domain-specific concepts (e.g., chemical, biology, map); easy/hard to interpret; shapes and lines",oval_shape,mark.shape,mark,oval_shaped_form; stretched_differently,contributes_to,contributes_to,pattern,structure.pattern,structure,recognizable_pattern_present; not_overly_complicated,[-],Visual Encoding Clarity
InfoVisJ.1558.5.png,Glyph,"color contrast/clarity; domain-specific concepts (e.g., chemical, biology, map); easy/hard to interpret; shapes and lines",blue_box,structure.panel,structure,blue_colored_box,part_of,part_of,pattern,structure.pattern,structure,recognizable_pattern_present; not_overly_complicated,[-],Aesthetics Uncertainty
VisJ.1421.5(2).png,Glyph,easy/hard to interpret; labels/axes/legends,legend,furniture.legend,furniture,legend_absent,missing_from,missing_from,chart,whole.visualization,whole,difficult_to_interpret,[+],Visual Encoding Clarity
VisJ.1595.6(2).png,Glyph,"amount of words/context/numbers; color variety/shading; distracting/confusing/unclear; domain-specific concepts (e.g., chemical, biology, map); easy/hard to interpret; more charts/points/lines/shapes/elements; much/little data/info; shapes and lines; take longer to interpret; unclear meaning/confusing; word rotation/small font size",shapes,mark.shape,mark,multiple_shapes_present; objects_spread_over_area,increases_clutter_with,increases_clutter_with,dashed_box,structure.panel,structure,dashed_box_present,[+],Aesthetics Uncertainty
VisJ.1595.6(2).png,Glyph,"amount of words/context/numbers; color variety/shading; distracting/confusing/unclear; domain-specific concepts (e.g., chemical, biology, map); easy/hard to interpret; more charts/points/lines/shapes/elements; much/little data/info; shapes and lines; take longer to interpret; unclear meaning/confusing; word rotation/small font size",shapes,mark.shape,mark,multiple_shapes_present; objects_spread_over_area,combined_with,combined_with,dashed_line,mark.line,mark,dashed_line_present,[+],Visual Encoding Clarity
VisJ.1595.6(2).png,Glyph,"amount of words/context/numbers; color variety/shading; distracting/confusing/unclear; domain-specific concepts (e.g., chemical, biology, map); easy/hard to interpret; more charts/points/lines/shapes/elements; much/little data/info; shapes and lines; take longer to interpret; unclear meaning/confusing; word rotation/small font size",color_encoding,property.color,property,multiple_colors_used,adds_complexity_to,increases_complexity,shapes,mark.shape,mark,multiple_shapes_present; objects_spread_over_area,[+],"Color, Symbol, and Texture Details"
VisJ.1595.6(2).png,Glyph,"amount of words/context/numbers; color variety/shading; distracting/confusing/unclear; domain-specific concepts (e.g., chemical, biology, map); easy/hard to interpret; more charts/points/lines/shapes/elements; much/little data/info; shapes and lines; take longer to interpret; unclear meaning/confusing; word rotation/small font size",text_labels,text.label,text,hard_to_read; dense_writing; unfamiliar_domain_terms,associated_with,associated_with,terminology,content.domain,content,unfamiliar_concepts; domain_knowledge_required,[+],Immediacy / Cognitive Load
VisJ.1595.6(2).png,Glyph,"amount of words/context/numbers; color variety/shading; distracting/confusing/unclear; domain-specific concepts (e.g., chemical, biology, map); easy/hard to interpret; more charts/points/lines/shapes/elements; much/little data/info; shapes and lines; take longer to interpret; unclear meaning/confusing; word rotation/small font size",shapes,mark.shape,mark,multiple_shapes_present; objects_spread_over_area,spread_across,spread_across,dashed_box,structure.panel,structure,dashed_box_present,[+],Data Density / Image Clutter
SciVisJ.797.13(4).png,Glyph,"domain-specific concepts (e.g., chemical, biology, map); easy/hard to interpret",visualization,whole.visualization,whole,requires_domain_knowledge; difficult_to_interpret,contains_unfamiliar,contains_unfamiliar,graphic_design,whole.visualization,whole,unfamiliar_graphic_design; unclear_design_purpose,[+],Schema
SciVisJ.797.13(4).png,Glyph,"domain-specific concepts (e.g., chemical, biology, map); easy/hard to interpret",graphic_design,whole.visualization,whole,unfamiliar_graphic_design; unclear_design_purpose,increases_cognitive_load_of,increases_effort,visualization,whole.visualization,whole,requires_domain_knowledge; difficult_to_interpret,[+],Immediacy / Cognitive Load
SciVisC.49.5.png,Glyph,easy/hard to interpret; more charts/points/lines/shapes/elements; shapes and lines,figures,whole.visualization,whole,multiple_figures_present,increases_clutter_via,increases_clutter_via,layout,structure.layout,structure,hard_to_understand,[+],Data Density / Image Clutter
SciVisC.49.5.png,Glyph,easy/hard to interpret; more charts/points/lines/shapes/elements; shapes and lines,volume,property.size,property,different_volume_encodings,contributes_to_difficulty_of,contributes_to_difficulty_of,layout,structure.layout,structure,hard_to_understand,[+],Immediacy / Cognitive Load
VisJ.1329.5(3).png,Glyph,"color contrast/clarity; domain-specific concepts (e.g., chemical, biology, map); shapes and lines",shape,mark.shape,mark,undefined_shape,contributes_to,contributes_to,pattern,structure.pattern,structure,pattern_not_understandable,[+],Aesthetics Uncertainty
VisJ.1329.5(3).png,Glyph,"color contrast/clarity; domain-specific concepts (e.g., chemical, biology, map); shapes and lines",color,property.color,property,undefined_color,contributes_to,contributes_to,pattern,structure.pattern,structure,pattern_not_understandable,[+],Aesthetics Uncertainty
SciVisJ.980.7.png,Glyph,color variety/shading; easy/hard to interpret; unclear meaning/confusing,shapes,mark.shape,mark,odd_irregular_shapes,increases_clutter_in,increases_clutter_in,visualization,whole.visualization,whole,difficult_to_understand,[+],Aesthetics Uncertainty
SciVisJ.980.7.png,Glyph,color variety/shading; easy/hard to interpret; unclear meaning/confusing,color_encoding,property.color,property,multiple_different_colors,aids_differentiation_in,aids_differentiation_in,visualization,whole.visualization,whole,difficult_to_understand,[-],"Color, Symbol, and Texture Details"
VisC.647.8.png,Glyph,easy/hard to interpret; labels/axes/legends,explanation_text,text.label,text,absent_or_insufficient,fails_to_clarify,fails_to_clarify,data_content,content.data,content,no_data_explanation,[+],Immediacy / Cognitive Load
VisC.647.8.png,Glyph,easy/hard to interpret; labels/axes/legends,data_content,content.data,content,no_data_explanation,increases_interpretive_difficulty_of,increases_effort,visualization,whole.visualization,whole,nothing_is_understood; difficult_to_interpret,[+],Schema
VASTC.81.3(2).png,Glyph,inadequate/few coloring; shapes and lines,shapes,mark.shape,mark,multiple_shape_types,encoded_with,encoded_with,color_palette,property.color,property,limited_color_range,[-],"Color, Symbol, and Texture Details"
SciVisJ.980.9.png,Glyph,"domain-specific concepts (e.g., chemical, biology, map); easy/hard to interpret; symbols",matrix,structure.grid,structure,recognizable_pattern_structure,contains,contains,symbols,mark.symbol,mark,easily_recognizable_symbols; simple_symbol_variety,[-],Data Density / Image Clutter
SciVisJ.980.9.png,Glyph,"domain-specific concepts (e.g., chemical, biology, map); easy/hard to interpret; symbols",symbols,mark.symbol,mark,easily_recognizable_symbols; simple_symbol_variety,aids_interpretation_of,aids_interpretation,matrix,structure.grid,structure,recognizable_pattern_structure,[-],Immediacy / Cognitive Load
VisJ.1949.13.png,Glyph,color contrast/clarity; color variety/shading; more charts/points/lines/shapes/elements,dots,mark.point,mark,high_dot_quantity; visually_cluttered_marks,encoded_with,encoded_with,color,property.color,property,darker_tone; multiple_different_colors,[+],Visual Encoding Clarity
VisJ.1949.13.png,Glyph,color contrast/clarity; color variety/shading; more charts/points/lines/shapes/elements,color,property.color,property,darker_tone; multiple_different_colors,increases_cognitive_load_of,increases_effort,dots,mark.point,mark,high_dot_quantity; visually_cluttered_marks,[+],Immediacy / Cognitive Load
VisJ.1949.18.png,Glyph,2D/3D; color variety/shading; shapes and lines,color_distribution,property.color,property,varied_color_distribution,increases_clutter_of,increases_clutter_of,visualization,whole.visualization,whole,ambiguous_spatial_location,[+],Aesthetics Uncertainty
VisJ.1949.18.png,Glyph,2D/3D; color variety/shading; shapes and lines,shape,mark.shape,mark,complex_overall_shape,contributes_to_complexity_of,contributes_to_complexity_of,visualization,whole.visualization,whole,ambiguous_spatial_location,[+],Immediacy / Cognitive Load
VisJ.1949.2.png,Glyph,color contrast/clarity; shapes and lines,shapes,mark.shape,mark,various_shape_types,encoded_with,encoded_with,colors,property.color,property,multiple_colors_present,[+],Visual Encoding Clarity
VisJ.1329.1.png,Glyph,distracting/confusing/unclear; inadequate/few coloring,color_scheme,property.color,property,insufficient_color_variety,contributes_to_unclarity_of,contributes_to_unclarity_of,visualization,whole.visualization,whole,unclear_visual_presentation,[+],Visual Encoding Clarity
VisC.248.3.png,Glyph,"domain-specific concepts (e.g., chemical, biology, map); easy/hard to interpret; much/little data/info; shapes and lines",lines,mark.line,mark,fine_detail_present; precise_line_thickness; precise_line_intensity,contributes_fine_detail_to,contributes_fine_detail_to,pattern,structure.pattern,structure,overall_pleasing_pattern,[+],Data Density / Image Clutter
VisC.248.3.png,Glyph,"domain-specific concepts (e.g., chemical, biology, map); easy/hard to interpret; much/little data/info; shapes and lines",pattern,structure.pattern,structure,overall_pleasing_pattern,facilitates_understanding_of,facilitates_understanding_of,visualization,whole.visualization,whole,holistic_comprehension_available,[-],Immediacy / Cognitive Load
SciVisJ.877.8(2).png,Glyph,"domain-specific concepts (e.g., chemical, biology, map)",wind_map,whole.visualization,whole,familiar_chart_type; recognizable_wind_map,reduces_cognitive_load_via,reduces_cognitive_load_via,wind_map,whole.visualization,whole,familiar_chart_type; recognizable_wind_map,[-],Immediacy / Cognitive Load
SciVisJ.995.10(3).png,Glyph,color contrast/clarity; color variety/shading; distracting/confusing/unclear; much/little data/info; shapes and lines; unclear meaning/confusing,shapes,mark.shape,mark,complex_arrangement_of_shapes; fewer_visual_items,encoded_with,encoded_with,colors,property.color,property,complex_color_arrangement; random_color_usage,[+],"Color, Symbol, and Texture Details"
SciVisJ.995.10(3).png,Glyph,color contrast/clarity; color variety/shading; distracting/confusing/unclear; much/little data/info; shapes and lines; unclear meaning/confusing,visual_cues,property.encoding,property,multiple_visual_cues_present,increases_cognitive_load_of,increases_effort,layout,structure.layout,structure,randomly_placed_elements,[+],Immediacy / Cognitive Load
SciVisJ.995.10(3).png,Glyph,color contrast/clarity; color variety/shading; distracting/confusing/unclear; much/little data/info; shapes and lines; unclear meaning/confusing,shapes,mark.shape,mark,complex_arrangement_of_shapes; fewer_visual_items,distributed_across,distributed_across,layout,structure.layout,structure,randomly_placed_elements,[-],Aesthetics Uncertainty
v490_n7420_13_f1.png,Glyph,shapes and lines,line,mark.line,mark,present_in_chart,combined_with,combined_with,shape,mark.shape,mark,present_in_chart,[+],Visual Encoding Clarity
VisC.73.8(2).png,Glyph,color contrast/clarity; color variety/shading; distracting/confusing/unclear; inadequate/few coloring; more charts/points/lines/shapes/elements,data_points,mark.point,mark,high_quantity_of_points,encoded_with,encoded_with,gradient,property.color,property,gradient_color_transition; introduces_visual_uncertainty,[+],Visual Encoding Clarity
VisC.73.8(2).png,Glyph,color contrast/clarity; color variety/shading; distracting/confusing/unclear; inadequate/few coloring; more charts/points/lines/shapes/elements,gradient,property.color,property,gradient_color_transition; introduces_visual_uncertainty,spans_colors_including,spans_colors_including,black_elements,mark.element,mark,black_color_present,[+],"Color, Symbol, and Texture Details"
VisC.73.8(2).png,Glyph,color contrast/clarity; color variety/shading; distracting/confusing/unclear; inadequate/few coloring; more charts/points/lines/shapes/elements,gradient,property.color,property,gradient_color_transition; introduces_visual_uncertainty,spans_colors_including,spans_colors_including,green_elements,mark.element,mark,green_color_present,[+],"Color, Symbol, and Texture Details"
VisC.73.8(2).png,Glyph,color contrast/clarity; color variety/shading; distracting/confusing/unclear; inadequate/few coloring; more charts/points/lines/shapes/elements,gradient,property.color,property,gradient_color_transition; introduces_visual_uncertainty,spans_colors_including,spans_colors_including,yellow_elements,mark.element,mark,yellow_color_present,[+],"Color, Symbol, and Texture Details"
VisC.73.8(2).png,Glyph,color contrast/clarity; color variety/shading; distracting/confusing/unclear; inadequate/few coloring; more charts/points/lines/shapes/elements,data_points,mark.point,mark,high_quantity_of_points,creates_interpretive_uncertainty,creates_interpretive_uncertainty,gradient,property.color,property,gradient_color_transition; introduces_visual_uncertainty,[+],Immediacy / Cognitive Load
VisJ.1595.9(2).png,Glyph,2D/3D; more charts/points/lines/shapes/elements; much/little data/info; white/black background / other background,white_space,structure.background,structure,excessive_white_space,dominates,dominates,data_points,mark.point,mark,few_or_no_data,[+],Data Density / Image Clutter
VisJ.1595.9(2).png,Glyph,2D/3D; more charts/points/lines/shapes/elements; much/little data/info; white/black background / other background,chart,whole.visualization,whole,three_dimensional_structure,rendered_in,rendered_in,graphic_element,mark.element,mark,more_graphic_content,[+],Visual Encoding Clarity
InfoVisJ.1073.3.png,Grid,"domain-specific concepts (e.g., chemical, biology, map); unclear meaning/confusing",biological_content,content.domain,content,domain_specific_biology,increases_cognitive_load_of,increases_effort,visualization,whole.visualization,whole,causes_viewer_confusion,[+],Immediacy / Cognitive Load
SciVisJ.867.7.png,Glyph,amount of words/context/numbers; easy/hard to interpret; take longer to interpret,text_labels,text.label,text,high_reading_demand,increases_cognitive_effort_of,increases_cognitive_effort_of,visualization,whole.visualization,whole,easily_understandable_information; quickly_interpreted_meaning,[+],Semantics / Text Legibility
SciVisJ.867.7.png,Glyph,amount of words/context/numbers; easy/hard to interpret; take longer to interpret,data_content,content.data,content,clear_information_presentation,supports_quick_interpretation_of,supports_quick_interpretation_of,visualization,whole.visualization,whole,easily_understandable_information; quickly_interpreted_meaning,[-],Immediacy / Cognitive Load
SciVisJ.2664.2.png,Glyph,color variety/shading; take longer to interpret,color_range,property.color,property,range_of_colors_present; colors_convey_meaning,aids_interpretation_of,aids_interpretation,semantic_content,content.domain,content,imaginable_meaning,[-],Immediacy / Cognitive Load
VisJ.1949.16(2).png,Glyph,color variety/shading; more charts/points/lines/shapes/elements; shape size; unclear meaning/confusing,squares,mark.shape,mark,large_amount_of_shapes; varying_size_of_shapes,lacks_distinguishing,lacks_distinguishing,color,property.color,property,same_color_used,[+],"Color, Symbol, and Texture Details"
VisJ.1949.16(2).png,Glyph,color variety/shading; more charts/points/lines/shapes/elements; shape size; unclear meaning/confusing,squares,mark.shape,mark,large_amount_of_shapes; varying_size_of_shapes,has_no_associated,has_no_associated,legend,furniture.legend,furniture,no_information_about_squares,[+],Schema
VisJ.1949.16(2).png,Glyph,color variety/shading; more charts/points/lines/shapes/elements; shape size; unclear meaning/confusing,squares,mark.shape,mark,large_amount_of_shapes; varying_size_of_shapes,varies_in_size_increasing,varies_in_size_increasing,annotation,text.annotation,text,missing_explanatory_labels,[+],Aesthetics Uncertainty
InfoVisJ.1073.1.png,Grid,more charts/points/lines/shapes/elements; overlapping shapes/colors/lines,graphs,whole.visualization,whole,jumbled_arrangement,creates_cluttered_layout,creates_cluttered_layout,visual_elements,mark.element,mark,scattered_all_over,[+],Aesthetics Uncertainty
VASTJ.31.2.png,Grid,amount of words/context/numbers; color variety/shading; unclear colors/contrast,black_element,mark.element,mark,grabs_visual_attention; discordant_color_choice,increases_clutter_in,increases_clutter_in,text,text.label,text,text_present,[+],Aesthetics Uncertainty
v487_n7407_7_f2.png,Grid,"domain-specific concepts (e.g., chemical, biology, map); easy/hard to interpret; labels/axes/legends; much/little data/info",chart,whole.visualization,whole,high_visual_activity,accompanied_by,accompanied_by,labels,text.label,text,clarifies_content,[-],Semantics / Text Legibility
v487_n7407_7_f2.png,Grid,"domain-specific concepts (e.g., chemical, biology, map); easy/hard to interpret; labels/axes/legends; much/little data/info",legend,furniture.legend,furniture,aids_interpretation,breaks_down_meaning_of,breaks_down_meaning_of,chart,whole.visualization,whole,high_visual_activity,[-],Immediacy / Cognitive Load
v487_n7407_7_f2.png,Grid,"domain-specific concepts (e.g., chemical, biology, map); easy/hard to interpret; labels/axes/legends; much/little data/info",table,structure.grid,structure,organized_structure,organizes,structures,chart,whole.visualization,whole,high_visual_activity,[-],Visual Encoding Clarity
InfoVisJ.1149.8(2).png,Grid,color variety/shading; easy/hard to interpret; more charts/points/lines/shapes/elements; much/little data/info; overlapping shapes/colors/lines,layout,structure.layout,structure,tiny_image_layout,hinders_visibility_of,hinders_visibility_of,data_items,content.data,content,large_number_of_items; immense_detail_present,[+],Immediacy / Cognitive Load
InfoVisJ.1149.8(2).png,Grid,color variety/shading; easy/hard to interpret; more charts/points/lines/shapes/elements; much/little data/info; overlapping shapes/colors/lines,color_encoding,property.color,property,vast_colorization_use,increases_clutter_in,increases_clutter_in,visualization,whole.visualization,whole,too_tiny_to_read; virtually_impossible_to_decipher,[+],"Color, Symbol, and Texture Details"
InfoVisJ.1149.8(2).png,Grid,color variety/shading; easy/hard to interpret; more charts/points/lines/shapes/elements; much/little data/info; overlapping shapes/colors/lines,data_items,content.data,content,large_number_of_items; immense_detail_present,overwhelms_readability_of,overwhelms_readability_of,text_labels,text.label,text,illegible_at_small_size,[+],Aesthetics Uncertainty
InfoVisJ.1149.8(2).png,Grid,color variety/shading; easy/hard to interpret; more charts/points/lines/shapes/elements; much/little data/info; overlapping shapes/colors/lines,visualization,whole.visualization,whole,too_tiny_to_read; virtually_impossible_to_decipher,requires_domain_knowledge_to_interpret,requires_expertise,data_items,content.data,content,large_number_of_items; immense_detail_present,[+],Schema
InfoVisJ.2102.16.png,Grid,amount of words/context/numbers; distinguishable/full/highly contrast color uses; much/little data/info; shapes and lines; unclear meaning/confusing,filled_bars,mark.bar,mark,visually_unclear_encoding,contributes_to_clutter_in,contributes_to_clutter_in,data_elements,content.data,content,excessive_data_volume,[+],Data Density / Image Clutter
InfoVisJ.2102.16.png,Grid,amount of words/context/numbers; distinguishable/full/highly contrast color uses; much/little data/info; shapes and lines; unclear meaning/confusing,text_labels,text.label,text,mixed_text_and_imagery,combined_with,combined_with,imagery,whole.visualization,whole,,[+],Semantics / Text Legibility
InfoVisJ.2102.16.png,Grid,amount of words/context/numbers; distinguishable/full/highly contrast color uses; much/little data/info; shapes and lines; unclear meaning/confusing,color_contrast,property.color,property,high_contrast_coloring,amplifies_visual_complexity_of,amplifies_visual_complexity_of,shapes,mark.shape,mark,non_organic_geometric_forms; uneven_irregular_shape,[+],"Color, Symbol, and Texture Details"
SciVisJ.807.5(2).png,Grid,easy/hard to interpret; inadequate/few coloring; labels/axes/legends; several elements,squares,mark.shape,mark,few_square_elements; easy_to_understand,supported_by,supported_by,axes,furniture.axes,furniture,axis_present,[-],Visual Encoding Clarity
SciVisJ.807.5(2).png,Grid,easy/hard to interpret; inadequate/few coloring; labels/axes/legends; several elements,color_scheme,property.color,property,few_colors_used,reduces_complexity_of,simplifies,squares,mark.shape,mark,few_square_elements; easy_to_understand,[-],Immediacy / Cognitive Load
VASTC.3.3.png,Grid,easy/hard to interpret; shapes and lines; soft/layered/overlapping colors,color_scheme,property.color,property,muted_colors_used,makes_harder_to_distinguish,makes_harder_to_distinguish,boxes,mark.shape,mark,similar_box_sizes; harder_to_distinguish,[+],Immediacy / Cognitive Load
VASTC.3.3.png,Grid,easy/hard to interpret; shapes and lines; soft/layered/overlapping colors,boxes,mark.shape,mark,similar_box_sizes; harder_to_distinguish,uniform_size_reduces_differentiation,uniform_size_reduces_differentiation,color_scheme,property.color,property,muted_colors_used,[+],Visual Encoding Clarity
VASTC.123.3.png,Grid,"domain-specific concepts (e.g., chemical, biology, map); inadequate/few coloring; much/little data/info; overlapping shapes/colors/lines",chart_collection,whole.visualization,whole,high_image_count,increases_cognitive_load_via,increases_cognitive_load_via,information_content,content.data,content,high_information_volume,[+],Immediacy / Cognitive Load
VASTC.123.3.png,Grid,"domain-specific concepts (e.g., chemical, biology, map); inadequate/few coloring; much/little data/info; overlapping shapes/colors/lines",chart_type,whole.visualization,whole,unfamiliar_chart_forms,requires_domain_knowledge_for,requires_expertise,information_content,content.data,content,high_information_volume,[+],Schema
VASTC.123.3.png,Grid,"domain-specific concepts (e.g., chemical, biology, map); inadequate/few coloring; much/little data/info; overlapping shapes/colors/lines",color_scheme,property.color,property,limited_color_range,contributes_to_ambiguity_in,contributes_to_ambiguity_in,chart_collection,whole.visualization,whole,high_image_count,[+],"Color, Symbol, and Texture Details"
VASTC.59.11(1).png,Grid,distinguishable/full/highly contrast color uses; distracting/confusing/unclear; more charts/points/lines/shapes/elements; much/little data/info; take longer to interpret,data_elements,content.data,content,high_data_volume; numerous_data_points,increases_clutter_in,increases_clutter_in,chart,whole.visualization,whole,confusing_layout; requires_extra_effort,[+],Data Density / Image Clutter
VASTC.59.11(1).png,Grid,distinguishable/full/highly contrast color uses; distracting/confusing/unclear; more charts/points/lines/shapes/elements; much/little data/info; take longer to interpret,visual_marks,mark.element,mark,many_visual_elements,contributes_to_confusion_in,contributes_to_confusion_in,chart,whole.visualization,whole,confusing_layout; requires_extra_effort,[+],Aesthetics Uncertainty
VASTC.59.11(1).png,Grid,distinguishable/full/highly contrast color uses; distracting/confusing/unclear; more charts/points/lines/shapes/elements; much/little data/info; take longer to interpret,color_scheme,property.color,property,high_color_contrast,raises_cognitive_load_of,raises_cognitive_load_of,chart,whole.visualization,whole,confusing_layout; requires_extra_effort,[+],Immediacy / Cognitive Load
VASTJ.1160.6.png,Grid,amount of words/context/numbers; color contrast/clarity; more charts/points/lines/shapes/elements,shapes,mark.shape,mark,densely_packed_arrangement,creates_visual_clutter_with,creates_visual_clutter_with,colors,property.color,property,high_color_contrast,[+],Aesthetics Uncertainty
VASTJ.1160.6.png,Grid,amount of words/context/numbers; color contrast/clarity; more charts/points/lines/shapes/elements,text,text.label,text,high_text_volume,increases_cognitive_load_alongside,increases_cognitive_load_alongside,shapes,mark.shape,mark,densely_packed_arrangement,[+],Immediacy / Cognitive Load
visMost83.png,Grid,color contrast/clarity; much/little data/info,data_elements,content.data,content,high_visual_contrast; dense_information_content,increases_cognitive_load_of,increases_effort,chart,whole.visualization,whole,,[+],Immediacy / Cognitive Load
InfoVisJ.946.6.png,Grid,much/little data/info; take longer to interpret,data_content,content.data,content,high_information_volume,increases_cognitive_load_of,increases_effort,visualization,whole.visualization,whole,requires_extended_processing_time,[+],Immediacy / Cognitive Load
InfoVisJ.2072.12.png,Grid,color variety/shading; take longer to interpret,color_encoding,property.color,property,multiple_colors_present,increases_cognitive_load_of,increases_effort,chart,whole.visualization,whole,,[+],Immediacy / Cognitive Load
InfoVisJ.2072.12.png,Grid,color variety/shading; take longer to interpret,visual_elements,mark.element,mark,requires_extra_processing_time,demands_extra_interpretation_from,demands_extra_interpretation_from,chart,whole.visualization,whole,,[+],Immediacy / Cognitive Load
VisC.147.8(2).png,Grid,symbols,symbols,mark.symbol,mark,varied_symbol_types,combined_with,combined_with,shading,property.color,property,shading_present,[+],Aesthetics Uncertainty
VASTJ.31.12(3).png,Grid,more charts/points/lines/shapes/elements; much/little data/info,data_content,content.data,content,high_information_volume; manageable_information_volume,distributed_across,distributed_across,visualization,whole.visualization,whole,well_spread_information,[-],Aesthetics Uncertainty
VASTC.41.5.png,Grid,color variety/shading; more charts/points/lines/shapes/elements; take longer to interpret,shapes,mark.shape,mark,high_quantity_of_shapes,encoded_with,encoded_with,colors,property.color,property,multiple_distinct_colors,[-],Visual Encoding Clarity
VASTC.41.5.png,Grid,color variety/shading; more charts/points/lines/shapes/elements; take longer to interpret,shapes,mark.shape,mark,high_quantity_of_shapes,contributes_to_difficulty_of,contributes_to_difficulty_of,chart,whole.visualization,whole,requires_long_interpretation_time,[+],Immediacy / Cognitive Load
VASTJ.1764.2.png,Grid,color variety/shading; easy/hard to interpret,half_shading,property.opacity,property,unusual_shading_technique; difficult_to_interpret,causes_confusion_in,causes_confusion_in,chart,whole.visualization,whole,unclear_meaning,[+],Immediacy / Cognitive Load
vis393.png,Grid,more charts/points/lines/shapes/elements; take longer to interpret,components,mark.element,mark,multiple_distinct_components,increases_cognitive_load_of,increases_effort,visualization,whole.visualization,whole,high_interpretive_demand,[+],Immediacy / Cognitive Load
VASTJ.1160.7.png,Grid,easy/hard to interpret; more charts/points/lines/shapes/elements,details,content.detail,content,high_detail_density,overwhelms,overwhelms,visualization,whole.visualization,whole,difficult_to_interpret; unclear_meaning,[+],Aesthetics Uncertainty
VASTJ.1160.7.png,Grid,easy/hard to interpret; more charts/points/lines/shapes/elements,visualization,whole.visualization,whole,difficult_to_interpret; unclear_meaning,requires_specialized_understanding,requires_specialized_understanding,details,content.detail,content,high_detail_density,[+],Schema
VASTC.24.5.png,Grid,2D/3D; amount of words/context/numbers; color variety/shading; distracting/confusing/unclear; easy/hard to interpret; labels/axes/legends; several elements; take longer to interpret; unclear meaning/confusing; word rotation/small font size,numbers,content.number,content,too_many_numbers,combined_with,combined_with,letters,text.label,text,too_many_letters,[+],Semantics / Text Legibility
VASTC.24.5.png,Grid,2D/3D; amount of words/context/numbers; color variety/shading; distracting/confusing/unclear; easy/hard to interpret; labels/axes/legends; several elements; take longer to interpret; unclear meaning/confusing; word rotation/small font size,midpoint_values,content.number,content,values_placed_in_middle,embedded_within,embedded_within,bars,mark.bar,mark,multiple_different_bars; hard_to_distinguish,[+],Data Density / Image Clutter
VASTC.24.5.png,Grid,2D/3D; amount of words/context/numbers; color variety/shading; distracting/confusing/unclear; easy/hard to interpret; labels/axes/legends; several elements; take longer to interpret; unclear meaning/confusing; word rotation/small font size,labels,text.label,text,,increases_clutter_of,increases_clutter_of,chart,whole.visualization,whole,not_clearly_stated; not_easily_understood; requires_extended_processing_time; confusing_overall_understandability; complicated_to_look_at,[+],Aesthetics Uncertainty
VASTC.24.5.png,Grid,2D/3D; amount of words/context/numbers; color variety/shading; distracting/confusing/unclear; easy/hard to interpret; labels/axes/legends; several elements; take longer to interpret; unclear meaning/confusing; word rotation/small font size,numbers,content.number,content,too_many_numbers,contributes_to_confusion_in,contributes_to_confusion_in,chart,whole.visualization,whole,not_clearly_stated; not_easily_understood; requires_extended_processing_time; confusing_overall_understandability; complicated_to_look_at,[+],Immediacy / Cognitive Load
InfoVisJ.449.8.png,Grid,color variety/shading; much/little data/info; unclear meaning/confusing,data_elements,content.data,content,densely_packed_content,contributes_to,contributes_to,chart,whole.visualization,whole,high_information_volume; confusing_and_complex,[+],Aesthetics Uncertainty
InfoVisJ.449.8.png,Grid,color variety/shading; much/little data/info; unclear meaning/confusing,color_encoding,property.color,property,variety_of_colors,increases_complexity_of,increases_complexity,chart,whole.visualization,whole,high_information_volume; confusing_and_complex,[+],"Color, Symbol, and Texture Details"
VASTJ.320.9.png,Grid,color contrast/clarity,color_encoding,property.color,property,meaning_unclear_to_viewer,increases_cognitive_load_of,increases_effort,chart,whole.visualization,whole,,[+],Immediacy / Cognitive Load
InfoVisJ.935.6.png,Grid,color variety/shading,color_scheme,property.color,property,multiple_colors_used,increases_complexity_of,increases_complexity,chart,whole.visualization,whole,,[+],"Color, Symbol, and Texture Details"
VisC.297.4.png,Grid,2D/3D; color variety/shading; more charts/points/lines/shapes/elements; shapes and lines,copies,content.data,content,multiple_copies_present,plotted_on,plotted_on,axis,furniture.axes,furniture,,[-],Visual Encoding Clarity
VisC.297.4.png,Grid,2D/3D; color variety/shading; more charts/points/lines/shapes/elements; shapes and lines,shape,mark.shape,mark,single_shape_type,repeated_along,repeated_along,axis,furniture.axes,furniture,,[-],Data Density / Image Clutter
InfoVisJ.2082.3.png,Grid,"2D/3D; amount of words/context/numbers; color variety/shading; domain-specific concepts (e.g., chemical, biology, map); easy/hard to interpret; inadequate/few coloring; labels/axes/legends; more charts/points/lines/shapes/elements; more parameters/variables; much/little data/info; read/analyze many figures/items",labels,text.label,text,labels_aid_understanding,facilitates_interpretation_of,facilitates_interpretation_of,histogram,whole.visualization,whole,histogram_like_structure; organized_layout; many_elements_present,[-],Immediacy / Cognitive Load
InfoVisJ.2082.3.png,Grid,"2D/3D; amount of words/context/numbers; color variety/shading; domain-specific concepts (e.g., chemical, biology, map); easy/hard to interpret; inadequate/few coloring; labels/axes/legends; more charts/points/lines/shapes/elements; more parameters/variables; much/little data/info; read/analyze many figures/items",variables,content.data,content,multiple_variables; more_factors_to_consider,increases_information_volume_in,increases_information_volume_in,histogram,whole.visualization,whole,histogram_like_structure; organized_layout; many_elements_present,[+],Data Density / Image Clutter
InfoVisJ.2082.3.png,Grid,"2D/3D; amount of words/context/numbers; color variety/shading; domain-specific concepts (e.g., chemical, biology, map); easy/hard to interpret; inadequate/few coloring; labels/axes/legends; more charts/points/lines/shapes/elements; more parameters/variables; much/little data/info; read/analyze many figures/items",ink_marks,mark.element,mark,high_ink_density; fine_detail_present,contributes_clutter_to,contributes_clutter_to,histogram,whole.visualization,whole,histogram_like_structure; organized_layout; many_elements_present,[+],Aesthetics Uncertainty
InfoVisJ.2082.3.png,Grid,"2D/3D; amount of words/context/numbers; color variety/shading; domain-specific concepts (e.g., chemical, biology, map); easy/hard to interpret; inadequate/few coloring; labels/axes/legends; more charts/points/lines/shapes/elements; more parameters/variables; much/little data/info; read/analyze many figures/items",text_elements,text.label,text,more_writing_on_page,adds_cognitive_load_to,adds_cognitive_load_to,histogram,whole.visualization,whole,histogram_like_structure; organized_layout; many_elements_present,[+],Immediacy / Cognitive Load
SciVisJ.807.5.png,Grid,"domain-specific concepts (e.g., chemical, biology, map)",grid,structure.grid,structure,,composed_of,composed_of,squares,mark.shape,mark,arranged_in_grid,[-],Data Density / Image Clutter
InfoVisJ.369.3.png,Grid,distinguishable color variety/arrangement/distribution; labels/axes/legends; overlapping shapes/colors/lines,legend,furniture.legend,furniture,few_legend_items,reflects_few_colors_in,reflects_few_colors_in,color_scheme,property.color,property,limited_color_count,[-],"Color, Symbol, and Texture Details"
InfoVisJ.369.3.png,Grid,distinguishable color variety/arrangement/distribution; labels/axes/legends; overlapping shapes/colors/lines,chart,whole.visualization,whole,low_information_density,has_low_clutter_due_to,has_low_clutter_due_to,legend,furniture.legend,furniture,few_legend_items,[-],Aesthetics Uncertainty
SciVisJ.891.2.png,Grid,color variety/shading,color_scheme,property.color,property,high_color_saturation; high_color_variability,increases_complexity_of,increases_complexity,visualization,whole.visualization,whole,,[+],Aesthetics Uncertainty
SciVisJ.857.9.png,Grid,"amount of words/context/numbers; color contrast/clarity; color variety/shading; domain-specific concepts (e.g., chemical, biology, map); more charts/points/lines/shapes/elements; overlapping shapes/colors/lines",data_points,mark.point,mark,multiple_data_points,increases_clutter_in,increases_clutter_in,data_area,structure.region,structure,visually_busy_layout,[+],Data Density / Image Clutter
SciVisJ.857.9.png,Grid,"amount of words/context/numbers; color contrast/clarity; color variety/shading; domain-specific concepts (e.g., chemical, biology, map); more charts/points/lines/shapes/elements; overlapping shapes/colors/lines",color_palette,property.color,property,more_colors_present; weird_color_palette,complicates_interpretation_of,complicates_interpretation_of,data_points,mark.point,mark,multiple_data_points,[+],Visual Encoding Clarity
SciVisJ.857.9.png,Grid,"amount of words/context/numbers; color contrast/clarity; color variety/shading; domain-specific concepts (e.g., chemical, biology, map); more charts/points/lines/shapes/elements; overlapping shapes/colors/lines",numbers,content.number,content,high_number_density,adds_cognitive_load_to,adds_cognitive_load_to,chart_layout,structure.layout,structure,not_recognizable_form,[+],Immediacy / Cognitive Load
VASTJ.51.8.png,Grid,labels/axes/legends; more parameters/variables,x_axis,furniture.axes,furniture,x_position_encoding,increases_cognitive_load_with,increases_cognitive_load_with,y_axis,furniture.axes,furniture,y_position_encoding,[+],Immediacy / Cognitive Load
VASTJ.51.8.png,Grid,labels/axes/legends; more parameters/variables,variables,content.data,content,too_many_variables,contributes_to_clutter_in,contributes_to_clutter_in,chart,whole.visualization,whole,three_aspects_present,[+],Data Density / Image Clutter
InfoVisJ.2023.3.png,Grid,"domain-specific concepts (e.g., chemical, biology, map)",visualization,whole.visualization,whole,technical_presentation_style,requires_specialized_knowledge,requires_specialized_knowledge,visualization,whole.visualization,whole,technical_presentation_style,[+],Immediacy / Cognitive Load
InfoVisJ.522.15.png,Grid,easy/hard to interpret; more charts/points/lines/shapes/elements,data_points,mark.point,mark,high_quantity_of_points,increases_clutter_in,increases_clutter_in,chart,whole.visualization,whole,differences_unclear,[+],Data Density / Image Clutter
VASTJ.1139.4.png,Grid,color variety/shading; distinguishable/full/highly contrast color uses; distracting/confusing/unclear; overlapping shapes/colors/lines,color_scheme,property.color,property,higher_contrast_colors; more_colors_used,contributes_to,contributes_to,visual_layout,structure.layout,structure,messy_arrangement,[+],Aesthetics Uncertainty
VASTJ.1139.4.png,Grid,color variety/shading; distinguishable/full/highly contrast color uses; distracting/confusing/unclear; overlapping shapes/colors/lines,visual_layout,structure.layout,structure,messy_arrangement,increases_cognitive_load_of,increases_effort,chart,whole.visualization,whole,less_attractive_appearance,[+],Immediacy / Cognitive Load
VASTJ.111.8.png,Grid,"color variety/shading; domain-specific concepts (e.g., chemical, biology, map); labels/axes/legends",grid,structure.grid,structure,grid_adds_visual_clutter,overlaps_with,overlaps_with,color_encoding,property.color,property,multiple_color_differences,[+],Aesthetics Uncertainty
VASTJ.111.8.png,Grid,"color variety/shading; domain-specific concepts (e.g., chemical, biology, map); labels/axes/legends",axes,furniture.axes,furniture,complex_axis_labeling,combined_with,combined_with,color_encoding,property.color,property,multiple_color_differences,[+],Immediacy / Cognitive Load
InfoVisJ.464.11.png,Grid,amount of words/context/numbers; more charts/points/lines/shapes/elements,data_subjects,content.data,content,high_subject_count,increases_clutter_via,increases_clutter_via,text_labels,text.label,text,numerous_words_present,[+],Aesthetics Uncertainty
InfoVisJ.451.5.png,Grid,shapes and lines,lines,mark.line,mark,varying_line_thickness,increases_clutter_with,increases_clutter_with,shapes,mark.shape,mark,multiple_different_sizes; variety_of_shapes,[+],Aesthetics Uncertainty
SciVisJ.1005.12.png,Grid,amount of words/context/numbers; color contrast/clarity; more charts/points/lines/shapes/elements; much/little data/info,lines,mark.line,mark,high_line_count; small_fine_details,increases_clutter_in,increases_clutter_in,color_contrasts,property.color,property,multiple_unique_contrasts,[+],Aesthetics Uncertainty
SciVisJ.1005.12.png,Grid,amount of words/context/numbers; color contrast/clarity; more charts/points/lines/shapes/elements; much/little data/info,text_labels,text.label,text,numerous_text_elements,adds_cognitive_load_with,adds_cognitive_load_with,annotations,text.annotation,text,dense_word_content,[+],Immediacy / Cognitive Load
SciVisJ.1005.12.png,Grid,amount of words/context/numbers; color contrast/clarity; more charts/points/lines/shapes/elements; much/little data/info,color_contrasts,property.color,property,multiple_unique_contrasts,differentiates,differentiates,lines,mark.line,mark,high_line_count; small_fine_details,[+],"Color, Symbol, and Texture Details"
VASTJ.270.11.png,Grid,color contrast/clarity; much/little data/info,color_scheme,property.color,property,strong_color_contrast,reduces_cognitive_load_of,reduces_cognitive_load_of,visualization,whole.visualization,whole,high_information_volume,[-],Immediacy / Cognitive Load
SciVisC.25.4.png,Grid,easy/hard to interpret; much/little data/info,details,content.detail,content,high_detail_density,increases_cognitive_load_of,increases_effort,visualization,whole.visualization,whole,not_easily_decipherable,[+],Immediacy / Cognitive Load
SciVisC.25.4.png,Grid,easy/hard to interpret; much/little data/info,data_elements,content.data,content,nuanced_visual_features,adds_nuance_to,adds_nuance_to,visualization,whole.visualization,whole,not_easily_decipherable,[+],Data Density / Image Clutter
VASTC.1.8.png,Grid,amount of words/context/numbers; color contrast/clarity; much/little data/info; shapes and lines,text_elements,text.label,text,abundant_text_present,increases_clutter_in,increases_clutter_in,chart,whole.visualization,whole,high_information_volume,[+],Aesthetics Uncertainty
VASTC.1.8.png,Grid,amount of words/context/numbers; color contrast/clarity; much/little data/info; shapes and lines,boxes,mark.shape,mark,multiple_boxes_present,contributes_to_density_of,contributes_to_density_of,chart,whole.visualization,whole,high_information_volume,[+],Data Density / Image Clutter
VASTC.1.8.png,Grid,amount of words/context/numbers; color contrast/clarity; much/little data/info; shapes and lines,colors,property.color,property,multiple_colors_used,adds_visual_complexity_to,adds_visual_complexity_to,boxes,mark.shape,mark,multiple_boxes_present,[+],"Color, Symbol, and Texture Details"
VASTC.123.1.png,Grid,color variety/shading; overlapping shapes/colors/lines,white_color,property.color,property,contributes_to_complexity,produces_illusion_of,produces_illusion_of,negative_space,structure.background,structure,creates_depth_illusion,[+],Visual Encoding Clarity
VASTC.123.1.png,Grid,color variety/shading; overlapping shapes/colors/lines,negative_space,structure.background,structure,creates_depth_illusion,increases_clutter_in,increases_clutter_in,chart,whole.visualization,whole,visually_noisy,[+],Aesthetics Uncertainty
SciVisJ.700.11.png,Grid,amount of words/context/numbers; color variety/shading,text_elements,text.label,text,high_text_volume,increases_cognitive_load_of,increases_effort,color_shading,property.color,property,multiple_blue_shades,[+],Immediacy / Cognitive Load
VASTC.115.2.png,Grid,color contrast/clarity; labels/axes/legends; more charts/points/lines/shapes/elements,data_points,mark.point,mark,various_data_points,encoded_by,encoded_by,color_codes,property.color,property,multiple_color_codes,[+],Visual Encoding Clarity
VASTC.115.2.png,Grid,color contrast/clarity; labels/axes/legends; more charts/points/lines/shapes/elements,title,text.title,text,title_present,labels,describes,data_points,mark.point,mark,various_data_points,[+],Semantics / Text Legibility
SciVisJ.1005.1.png,Grid,color contrast/clarity; distracting/confusing/unclear; much/little data/info,background,structure.background,structure,excessively_dark,obscures,obscures,data_content,content.data,content,no_data_present; nothing_visible,[+],Aesthetics Uncertainty
SciVisJ.1005.1.png,Grid,color contrast/clarity; distracting/confusing/unclear; much/little data/info,visualization,whole.visualization,whole,,lacks_interpretable,lacks_interpretable,data_content,content.data,content,no_data_present; nothing_visible,[+],Immediacy / Cognitive Load
VASTC.115.5.png,Grid,more charts/points/lines/shapes/elements,image_panels,whole.visualization,whole,multiple_image_panels,increases_clutter_in,increases_clutter_in,visualization,whole.visualization,whole,,[+],Data Density / Image Clutter
VASTC.115.5.png,Grid,more charts/points/lines/shapes/elements,shapes,mark.shape,mark,multiple_shape_types,adds_visual_complexity_to,adds_visual_complexity_to,visualization,whole.visualization,whole,,[+],Visual Encoding Clarity
InfoVisC.173.9.png,Grid,"color variety/shading; domain-specific concepts (e.g., chemical, biology, map); much/little data/info",color_scheme,property.color,property,high_color_variety; bold_color_usage,increases_complexity_of,increases_complexity,chart,whole.visualization,whole,,[+],"Color, Symbol, and Texture Details"
InfoVisC.173.9.png,Grid,"color variety/shading; domain-specific concepts (e.g., chemical, biology, map); much/little data/info",data_content,content.data,content,sparse_data_elements,reduces_clutter_in,reduces_clutter_in,chart,whole.visualization,whole,,[-],Data Density / Image Clutter
InfoVisC.173.9.png,Grid,"color variety/shading; domain-specific concepts (e.g., chemical, biology, map); much/little data/info",subject_matter,content.domain,content,familiar_earthquake_topic,lowers_cognitive_load_of,lowers_cognitive_load_of,chart,whole.visualization,whole,,[-],Immediacy / Cognitive Load
v490_n7420_13_f4.png,Line,color contrast/clarity; labels/axes/legends; shapes and lines,color_scheme,property.color,property,varied_color_formats,draws_attention_to,draws_attention_to,line,mark.line,mark,visible_line_movement,[+],Aesthetics Uncertainty
v490_n7420_13_f4.png,Line,color contrast/clarity; labels/axes/legends; shapes and lines,annotation,text.annotation,text,eye_catching_descriptions,accompanies,accompanies,line,mark.line,mark,visible_line_movement,[+],Immediacy / Cognitive Load
whoB09_1.png,Line,amount of words/context/numbers; color variety/shading; labels/axes/legends; more charts/points/lines/shapes/elements; more parameters/variables; unclear meaning/confusing,color_encoding,property.color,property,colors_carry_no_meaning; multiple_different_colors,does_not_encode,does_not_encode,data_elements,content.data,content,many_visual_elements; lots_of_variables,[+],Aesthetics Uncertainty
whoB09_1.png,Line,amount of words/context/numbers; color variety/shading; labels/axes/legends; more charts/points/lines/shapes/elements; more parameters/variables; unclear meaning/confusing,data_elements,content.data,content,many_visual_elements; lots_of_variables,plotted_across,plotted_across,axes,furniture.axes,furniture,multiple_different_axes,[+],Visual Encoding Clarity
whoB09_1.png,Line,amount of words/context/numbers; color variety/shading; labels/axes/legends; more charts/points/lines/shapes/elements; more parameters/variables; unclear meaning/confusing,axis_labels,text.axis_label,text,large_numeric_values,displays_large_numbers_on,displays_large_numbers_on,axes,furniture.axes,furniture,multiple_different_axes,[+],Immediacy / Cognitive Load
VisC.199.5.png,Line,easy/hard to interpret,content,content.data,content,easily_understood,makes_sense_to,makes_sense_to,visualization,whole.visualization,whole,low_cognitive_effort,[-],Semantics / Text Legibility
VisC.199.5.png,Line,easy/hard to interpret,layout,structure.layout,structure,less_time_consuming,supports_quick_interpretation_of,supports_quick_interpretation_of,content,content.data,content,easily_understood,[-],Immediacy / Cognitive Load
v484_n7393_1_f6.png,Line,"color variety/shading; distracting/confusing/unclear; domain-specific concepts (e.g., chemical, biology, map); easy/hard to interpret",color_scheme,property.color,property,visually_harsh_colors; eye_straining_palette,increases_difficulty_of,increases_complexity,data_points,mark.point,mark,confusing_data_encoding; hard_to_distinguish_points,[+],Immediacy / Cognitive Load
v484_n7393_1_f6.png,Line,"color variety/shading; distracting/confusing/unclear; domain-specific concepts (e.g., chemical, biology, map); easy/hard to interpret",data_points,mark.point,mark,confusing_data_encoding; hard_to_distinguish_points,contributes_to_confusion_in,contributes_to_confusion_in,chart,whole.visualization,whole,unfamiliar_chart_type; difficult_to_interpret,[+],Visual Encoding Clarity
economist_daily_chart_118.png,Line,"domain-specific concepts (e.g., chemical, biology, map); easy/hard to interpret",chart_type,whole.visualization,whole,familiar_chart_format,reduces_cognitive_load_of,reduces_cognitive_load_of,chart,whole.visualization,whole,easy_to_follow,[-],Immediacy / Cognitive Load
VisC.375.5.png,Line,easy/hard to interpret; shapes and lines; unclear meaning/confusing,lines,mark.line,mark,indistinguishable_from_each_other,causes_confusion_in,causes_confusion_in,chart,whole.visualization,whole,difficult_to_read; unclear_subject_matter,[+],Data Density / Image Clutter
VisC.375.5.png,Line,easy/hard to interpret; shapes and lines; unclear meaning/confusing,chart,whole.visualization,whole,difficult_to_read; unclear_subject_matter,requires_high_effort_to_interpret,requires_high_effort_to_interpret,labels,text.label,text,insufficient_contextual_cues,[+],Immediacy / Cognitive Load
InfoVisJ.1247.10.png,Line,color variety/shading; easy/hard to interpret; labels/axes/legends; more charts/points/lines/shapes/elements; overlapping shapes/colors/lines,crossing_lines,mark.line,mark,lines_crossing_each_other,increases_clutter_in,increases_clutter_in,diagram,whole.visualization,whole,difficult_to_understand; high_information_density,[+],Aesthetics Uncertainty
InfoVisJ.1247.10.png,Line,color variety/shading; easy/hard to interpret; labels/axes/legends; more charts/points/lines/shapes/elements; overlapping shapes/colors/lines,text_labels,text.label,text,text_and_numbers_present,adds_information_elements_to,adds_information_elements_to,diagram,whole.visualization,whole,difficult_to_understand; high_information_density,[+],Data Density / Image Clutter
InfoVisJ.1247.10.png,Line,color variety/shading; easy/hard to interpret; labels/axes/legends; more charts/points/lines/shapes/elements; overlapping shapes/colors/lines,mathematical_formulae,text.annotation,text,mathematical_formulae_present,requires_domain_knowledge_for,requires_expertise,diagram,whole.visualization,whole,difficult_to_understand; high_information_density,[+],Schema
InfoVisJ.1247.10.png,Line,color variety/shading; easy/hard to interpret; labels/axes/legends; more charts/points/lines/shapes/elements; overlapping shapes/colors/lines,color_encoding,property.color,property,colored_graphic_chart,encodes_data_within,encodes_data_within,diagram,whole.visualization,whole,difficult_to_understand; high_information_density,[+],Visual Encoding Clarity
VisJ.1431.7.png,Line,shape increase/decrease point; unclear meaning/confusing,data_points,mark.point,mark,arranged_in_single_line,fails_to_convey_meaning_in,fails_to_convey_meaning_in,chart,whole.visualization,whole,unclear_semantic_meaning; lacks_interpretive_context,[-],Immediacy / Cognitive Load
wsj371.png,Line,"amount of words/context/numbers; color contrast/clarity; color variety/shading; domain-specific concepts (e.g., chemical, biology, map); easy/hard to interpret; labels/axes/legends; shape variation; shapes and lines; take longer to interpret",lines,mark.line,mark,two_lines_present; more_variability_shown,encodes_differences_via,encodes_differences_via,colors,property.color,property,multiple_colors_used; color_choice_complex,[+],"Color, Symbol, and Texture Details"
wsj371.png,Line,"amount of words/context/numbers; color contrast/clarity; color variety/shading; domain-specific concepts (e.g., chemical, biology, map); easy/hard to interpret; labels/axes/legends; shape variation; shapes and lines; take longer to interpret",lines,mark.line,mark,two_lines_present; more_variability_shown,increases_interpretive_effort,increases_interpretive_effort,chart,whole.visualization,whole,size_variations_present; takes_longer_to_understand; pretty_self_explanatory,[+],Immediacy / Cognitive Load
wsj371.png,Line,"amount of words/context/numbers; color contrast/clarity; color variety/shading; domain-specific concepts (e.g., chemical, biology, map); easy/hard to interpret; labels/axes/legends; shape variation; shapes and lines; take longer to interpret",captions,text.description,text,provides_necessary_context; captions_aid_comprehension,reduces_complexity_of,simplifies,chart,whole.visualization,whole,size_variations_present; takes_longer_to_understand; pretty_self_explanatory,[-],Immediacy / Cognitive Load
wsj371.png,Line,"amount of words/context/numbers; color contrast/clarity; color variety/shading; domain-specific concepts (e.g., chemical, biology, map); easy/hard to interpret; labels/axes/legends; shape variation; shapes and lines; take longer to interpret",title,text.title,text,title_clarifies_content,provides_context_for,clarifies,chart,whole.visualization,whole,size_variations_present; takes_longer_to_understand; pretty_self_explanatory,[-],Semantics / Text Legibility
wsj371.png,Line,"amount of words/context/numbers; color contrast/clarity; color variety/shading; domain-specific concepts (e.g., chemical, biology, map); easy/hard to interpret; labels/axes/legends; shape variation; shapes and lines; take longer to interpret",text_labels,text.label,text,involves_words_sentences,accompanies,accompanies,numbers,content.number,content,involves_numbers,[+],Data Density / Image Clutter
economist_daily_chart_521.png,Line,"distracting/confusing/unclear; domain-specific concepts (e.g., chemical, biology, map); easy/hard to interpret",data_area,structure.region,structure,high_visual_clutter,causes_visual_strain_in,causes_visual_strain_in,chart,whole.visualization,whole,visually_overwhelming_layout; hard_to_understand,[+],Aesthetics Uncertainty
economist_daily_chart_521.png,Line,"distracting/confusing/unclear; domain-specific concepts (e.g., chemical, biology, map); easy/hard to interpret",visual_encoding,property.encoding,property,nasa_like_complexity; strains_vision,increases_cognitive_load_of,increases_effort,chart,whole.visualization,whole,visually_overwhelming_layout; hard_to_understand,[+],Immediacy / Cognitive Load
economist_daily_chart_521.png,Line,"distracting/confusing/unclear; domain-specific concepts (e.g., chemical, biology, map); easy/hard to interpret",text_labels,text.label,text,,contributes_to_difficulty_of,contributes_to_difficulty_of,chart,whole.visualization,whole,visually_overwhelming_layout; hard_to_understand,[+],Semantics / Text Legibility
whoQ42_6.png,Line,color variety/shading; distracting/confusing/unclear; easy/hard to interpret; take longer to interpret,color_scheme,property.color,property,low_color_diversity,contributes_to_poor_design_of,contributes_to_poor_design_of,graph,whole.visualization,whole,poor_visual_design; unclear_conveyed_message,[+],"Color, Symbol, and Texture Details"
whoQ42_6.png,Line,color variety/shading; distracting/confusing/unclear; easy/hard to interpret; take longer to interpret,layout,structure.layout,structure,messy_disorganized_layout,increases_difficulty_interpreting,increases_difficulty_interpreting,data_elements,content.data,content,requires_extra_cognitive_effort,[+],Visual Encoding Clarity
whoQ42_6.png,Line,color variety/shading; distracting/confusing/unclear; easy/hard to interpret; take longer to interpret,graph,whole.visualization,whole,poor_visual_design; unclear_conveyed_message,makes_harder_to_extract,makes_harder_to_extract,data_elements,content.data,content,requires_extra_cognitive_effort,[+],Immediacy / Cognitive Load
v482_n7386_10_f2.png,Line,"domain-specific concepts (e.g., chemical, biology, map); labels/axes/legends",x_axis,furniture.axes,furniture,standard_axis_present,paired_with,paired_with,y_axis,furniture.axes,furniture,standard_axis_present,[-],Visual Encoding Clarity
v482_n7386_10_f2.png,Line,"domain-specific concepts (e.g., chemical, biology, map); labels/axes/legends",seismic_waveform,mark.line,mark,familiar_waveform_encoding,plotted_on,plotted_on,x_axis,furniture.axes,furniture,standard_axis_present,[-],Schema
v484_n7392_1_f4.png,Line,more charts/points/lines/shapes/elements; much/little data/info,plotted_points,mark.point,mark,high_point_density,contributes_to_clutter_in,contributes_to_clutter_in,chart,whole.visualization,whole,too_much_information,[+],Aesthetics Uncertainty
SciVisJ.1025.10.png,Line,"domain-specific concepts (e.g., chemical, biology, map)",ranking_structure,structure.hierarchy,structure,ranked_ordering_present,reduces_cognitive_load_of,reduces_cognitive_load_of,chart,whole.visualization,whole,familiar_chart_type,[-],Immediacy / Cognitive Load
v487_n7405_7_f1.png,Line,shapes and lines; word rotation/small font size,error_bars,mark.bar,mark,bidirectional_error_bars,adds_visual_clutter_to,adds_visual_clutter_to,text_labels,text.label,text,requires_reading_effort,[+],Aesthetics Uncertainty
VisC.255.4.png,Line,color variety/shading; overlapping shapes/colors/lines; shapes and lines,lines,mark.line,mark,multiple_lines_intersecting; represent_different_quantities,intersects_with,intersects_with,lines,mark.line,mark,multiple_lines_intersecting; represent_different_quantities,[+],Aesthetics Uncertainty
VisC.255.4.png,Line,color variety/shading; overlapping shapes/colors/lines; shapes and lines,color_encoding,property.color,property,different_colors_used,differentiates,differentiates,lines,mark.line,mark,multiple_lines_intersecting; represent_different_quantities,[-],"Color, Symbol, and Texture Details"
VisC.255.4.png,Line,color variety/shading; overlapping shapes/colors/lines; shapes and lines,circles,mark.point,mark,varying_circle_sizes,co_occurs_with,co_occurs_with,lines,mark.line,mark,multiple_lines_intersecting; represent_different_quantities,[+],Data Density / Image Clutter
wsj270.png,Line,"design-data relationship; domain-specific concepts (e.g., chemical, biology, map); easy/hard to interpret",country_labels,text.label,text,country_related_context,aids_interpretation_of,aids_interpretation,chart,whole.visualization,whole,easy_to_read_glance; easy_to_evaluate,[-],Immediacy / Cognitive Load
wsj270.png,Line,"design-data relationship; domain-specific concepts (e.g., chemical, biology, map); easy/hard to interpret",data_values,content.data,content,provides_more_data_information,supports_evaluation_of,supports_evaluation_of,chart,whole.visualization,whole,easy_to_read_glance; easy_to_evaluate,[-],Immediacy / Cognitive Load
VisC.171.4.png,Line,"domain-specific concepts (e.g., chemical, biology, map); labels/axes/legends; unclear meaning/confusing",numerical_values,content.number,content,unfamiliar_numbers_displayed; numbers_lack_meaning,confounds_interpretation_due_to,confounds_interpretation_due_to,subject_label,text.label,text,subject_domain_unclear,[+],Immediacy / Cognitive Load
VisC.171.4.png,Line,"domain-specific concepts (e.g., chemical, biology, map); labels/axes/legends; unclear meaning/confusing",graph_metrics,whole.visualization,whole,no_graph_metrics_present,absent_reducing_clutter_from,absent_reducing_clutter_from,numerical_values,content.number,content,unfamiliar_numbers_displayed; numbers_lack_meaning,[-],Data Density / Image Clutter
VisC.87.8.png,Line,labels/axes/legends; shapes and lines; symbols,data_lines,mark.line,mark,two_separate_lines,annotated_with,annotated_with,numerical_labels,text.label,text,numerical_details_present,[-],Semantics / Text Legibility
VisC.87.8.png,Line,labels/axes/legends; shapes and lines; symbols,data_lines,mark.line,mark,two_separate_lines,plotted_on,plotted_on,axis_labels,text.axis_label,text,precise_axis_naming; x_and_y_scales_present,[-],Visual Encoding Clarity
VisC.87.8.png,Line,labels/axes/legends; shapes and lines; symbols,striped_pattern,structure.pattern,structure,striped_background_texture,underlies,contains,data_lines,mark.line,mark,two_separate_lines,[-],Aesthetics Uncertainty
VisJ.1243.3.png,Line,"domain-specific concepts (e.g., chemical, biology, map); scale difference; shapes and lines; word rotation/small font size",axes,furniture.axes,furniture,two_axes_present,labeled_with,labeled_with,numeric_scale,furniture.scale,furniture,scaled_by_numbers,[+],Semantics / Text Legibility
VisJ.1243.3.png,Line,"domain-specific concepts (e.g., chemical, biology, map); scale difference; shapes and lines; word rotation/small font size",formula_symbol,mark.symbol,mark,complicated_formulas_symbols,annotates,describes,plot,whole.visualization,whole,multiple_plots_present; exact_values_displayed,[+],Immediacy / Cognitive Load
VisJ.1243.3.png,Line,"domain-specific concepts (e.g., chemical, biology, map); scale difference; shapes and lines; word rotation/small font size",graph,whole.visualization,whole,multiple_graphs_present,contains,contains,plot,whole.visualization,whole,multiple_plots_present; exact_values_displayed,[+],Data Density / Image Clutter
wsj359.png,Line,color variety/shading; easy/hard to interpret; shape increase/decrease point,color,property.color,property,multiple_colors_present,increases_complexity_of,increases_complexity,chart,whole.visualization,whole,difficult_to_understand,[+],"Color, Symbol, and Texture Details"
wsj359.png,Line,color variety/shading; easy/hard to interpret; shape increase/decrease point,data_points,mark.point,mark,increase_decrease_points,adds_visual_complexity_to,adds_visual_complexity_to,chart,whole.visualization,whole,difficult_to_understand,[+],Visual Encoding Clarity
VisC.263.7.png,Line,distracting/confusing/unclear; easy/hard to interpret; unclear colors/contrast,pixel_elements,mark.element,mark,pixelated_appearance,increases_clutter_in,increases_clutter_in,visualization,whole.visualization,whole,hard_to_understand,[+],Aesthetics Uncertainty
VisC.263.7.png,Line,distracting/confusing/unclear; easy/hard to interpret; unclear colors/contrast,color_scheme,property.color,property,poor_color_choices,hinders_interpretation_of,hinders_reading,visualization,whole.visualization,whole,hard_to_understand,[+],Immediacy / Cognitive Load
whoI19.png,Line,"2D/3D; domain-specific concepts (e.g., chemical, biology, map); easy/hard to interpret; much/little data/info",axes,furniture.axes,furniture,fewer_axes_present,reduces_clutter_in,reduces_clutter_in,chart,whole.visualization,whole,easier_to_understand,[-],Visual Encoding Clarity
whoI19.png,Line,"2D/3D; domain-specific concepts (e.g., chemical, biology, map); easy/hard to interpret; much/little data/info",country_labels,text.label,text,multiple_countries_labeled,adds_complexity_to,increases_complexity,data_points,mark.point,mark,limited_data_volume,[+],Data Density / Image Clutter
whoI19.png,Line,"2D/3D; domain-specific concepts (e.g., chemical, biology, map); easy/hard to interpret; much/little data/info",data_points,mark.point,mark,limited_data_volume,supports_easy_interpretation_of,supports_easy_interpretation_of,chart,whole.visualization,whole,easier_to_understand,[-],Immediacy / Cognitive Load
v483_n7387_5_f1.png,Line,color variety/shading; more charts/points/lines/shapes/elements; much/little data/info; take longer to interpret,lines,mark.line,mark,multiple_lines_present,encoded_with,encoded_with,colors,property.color,property,multiple_colors_used,[+],Visual Encoding Clarity
v483_n7387_5_f1.png,Line,color variety/shading; more charts/points/lines/shapes/elements; much/little data/info; take longer to interpret,data_points,mark.point,mark,plethora_of_datapoints,increases_cognitive_load_via,increases_cognitive_load_via,annotations_or_facts,text.annotation,text,multiple_facts_conveyed; more_to_understand,[+],Immediacy / Cognitive Load
v483_n7387_5_f1.png,Line,color variety/shading; more charts/points/lines/shapes/elements; much/little data/info; take longer to interpret,lines,mark.line,mark,multiple_lines_present,contributes_to_clutter_with,contributes_to_clutter_with,data_points,mark.point,mark,plethora_of_datapoints,[+],Data Density / Image Clutter
VASTC.1.10.png,Line,more charts/points/lines/shapes/elements,data_entries,content.data,content,very_high_entry_count,overwhelms,overwhelms,chart,whole.visualization,whole,,[+],Aesthetics Uncertainty
InfoVisJ.1247.14.png,Line,labels/axes/legends,y_axis_left,furniture.axes,furniture,dual_axis_present,differs_from,differs_from,y_axis_right,furniture.axes,furniture,dual_axis_present,[+],Visual Encoding Clarity
InfoVisJ.1247.14.png,Line,labels/axes/legends,legend_key,furniture.legend,furniture,additional_key_required,adds_interpretive_burden_to,adds_interpretive_burden_to,y_axis_left,furniture.axes,furniture,dual_axis_present,[+],Immediacy / Cognitive Load
VisC.29.16.png,Line,"distracting/confusing/unclear; domain-specific concepts (e.g., chemical, biology, map)",data_lines,mark.line,mark,unclear_encoding,contributes_to_confusion_in,contributes_to_confusion_in,line_graph,whole.visualization,whole,lacks_visual_clarity; line_graph_format,[+],Immediacy / Cognitive Load
InfoVisJ.1022.6.png,Line,"domain-specific concepts (e.g., chemical, biology, map); simple visual elements; unclear meaning/confusing",table,structure.grid,structure,tabular_structure; clear_organization,reduces,reduces,layout,structure.layout,structure,simple_design,[-],Immediacy / Cognitive Load
v484_n7392_9_f3.png,Line,amount of words/context/numbers; more charts/points/lines/shapes/elements,data_lines,mark.line,mark,multiple_data_series,increases_clutter_in,increases_clutter_in,chart,whole.visualization,whole,many_results_displayed,[+],Data Density / Image Clutter
v484_n7392_9_f3.png,Line,amount of words/context/numbers; more charts/points/lines/shapes/elements,scale_lines,mark.line,mark,multiple_scale_lines,adds_visual_complexity_to,adds_visual_complexity_to,chart,whole.visualization,whole,many_results_displayed,[+],Aesthetics Uncertainty
v484_n7392_9_f3.png,Line,amount of words/context/numbers; more charts/points/lines/shapes/elements,numbers,content.number,content,many_numeric_labels,increases_cognitive_load_of,increases_effort,chart,whole.visualization,whole,many_results_displayed,[+],Immediacy / Cognitive Load
InfoVisC.8.7.png,Line,much/little data/info; overlapping shapes/colors/lines,data_points,mark.point,mark,high_data_volume,creates_clutter_within,creates_clutter_within,circle,mark.point,mark,,[+],Data Density / Image Clutter
InfoVisC.8.7.png,Line,much/little data/info; overlapping shapes/colors/lines,intersections,structure.link,structure,multiple_crossing_lines,increases_visual_complexity_in,increases_visual_complexity_in,circle,mark.point,mark,,[+],Aesthetics Uncertainty
visMost92.png,Line,2D/3D; amount of words/context/numbers; color variety/shading; shapes and lines; symbols; understand/read shapes,icons,mark.symbol,mark,multiple_icons_present,contributes_to_misreading_of,contributes_to_misreading_of,shapes,mark.shape,mark,ambiguous_shape_encoding,[+],Immediacy / Cognitive Load
visMost92.png,Line,2D/3D; amount of words/context/numbers; color variety/shading; shapes and lines; symbols; understand/read shapes,color_scheme,property.color,property,many_colors_used,increases_clutter_alongside,increases_clutter_alongside,icons,mark.symbol,mark,multiple_icons_present,[+],Aesthetics Uncertainty
visMost92.png,Line,2D/3D; amount of words/context/numbers; color variety/shading; shapes and lines; symbols; understand/read shapes,hierarchy_levels,structure.hierarchy,structure,numerous_hierarchy_levels,compounds_complexity_with,compounds_complexity_with,text,text.label,text,high_text_volume,[+],Schema
v490_n7418_12_f3.png,Line,color variety/shading; more charts/points/lines/shapes/elements; shapes and lines,data_points,mark.point,mark,high_point_count,encoded_with,encoded_with,shapes,mark.shape,mark,complex_shape_variety,[+],Visual Encoding Clarity
v490_n7418_12_f3.png,Line,color variety/shading; more charts/points/lines/shapes/elements; shapes and lines,shapes,mark.shape,mark,complex_shape_variety,differentiated_by,differentiated_by,color_encoding,property.color,property,multiple_color_variations,[+],"Color, Symbol, and Texture Details"
v490_n7418_12_f3.png,Line,color variety/shading; more charts/points/lines/shapes/elements; shapes and lines,data_points,mark.point,mark,high_point_count,increases_clutter_via,increases_clutter_via,color_encoding,property.color,property,multiple_color_variations,[+],Aesthetics Uncertainty
VisC.61.10.png,Node-link,easy/hard to interpret; unclear meaning/confusing,connections,structure.link,structure,arbitrary_irregular_links,increases_cognitive_load_of,increases_effort,visualization,whole.visualization,whole,hard_to_understand,[+],Immediacy / Cognitive Load
vis737.png,Node-link,color variety/shading; easy/hard to interpret; labels/axes/legends; unclear meaning/confusing,color_scheme,property.color,property,same_shade_colors,impedes_distinction_of,impedes_distinction_of,data_elements,content.data,content,hard_to_differentiate,[+],"Color, Symbol, and Texture Details"
vis737.png,Node-link,color variety/shading; easy/hard to interpret; labels/axes/legends; unclear meaning/confusing,axes,furniture.axes,furniture,no_axis_labels,lacks_context_for,lacks,chart,whole.visualization,whole,unclear_subject_matter,[+],Semantics / Text Legibility
VASTJ.1698.5(4).png,Node-link,"2D/3D; distracting/confusing/unclear; domain-specific concepts (e.g., chemical, biology, map); easy/hard to interpret; overlapping shapes/colors/lines; shapes and lines",lines,mark.line,mark,crossing_multiple_times; intersecting_lines_present,creates,contributes_to,intersections,structure.link,structure,,[+],Visual Encoding Clarity
VASTJ.1698.5(4).png,Node-link,"2D/3D; distracting/confusing/unclear; domain-specific concepts (e.g., chemical, biology, map); easy/hard to interpret; overlapping shapes/colors/lines; shapes and lines",intersections,structure.link,structure,,increases_clutter_in,increases_clutter_in,chart,whole.visualization,whole,difficult_to_analyze; strange_unfamiliar_form; unknown_how_to_read,[+],Aesthetics Uncertainty
VASTJ.1698.5(4).png,Node-link,"2D/3D; distracting/confusing/unclear; domain-specific concepts (e.g., chemical, biology, map); easy/hard to interpret; overlapping shapes/colors/lines; shapes and lines",data_encoding,property.encoding,property,granular_information_depth; high_depth_of_data,contributes_to_difficulty_of,contributes_to_difficulty_of,chart,whole.visualization,whole,difficult_to_analyze; strange_unfamiliar_form; unknown_how_to_read,[+],Immediacy / Cognitive Load
visMost76.png,Node-link,"bright colors; clear colors/shapes; color variety/shading; domain-specific concepts (e.g., chemical, biology, map); easy/hard to interpret",layout,structure.layout,structure,non_familiar_layout,increases_cognitive_load_of,increases_effort,chart,whole.visualization,whole,difficult_to_follow; clearer_presentation,[+],Immediacy / Cognitive Load
visMost76.png,Node-link,"bright colors; clear colors/shapes; color variety/shading; domain-specific concepts (e.g., chemical, biology, map); easy/hard to interpret",color_scheme,property.color,property,overly_colorful; brighter_colors,contributes_to_clutter_in,contributes_to_clutter_in,chart,whole.visualization,whole,difficult_to_follow; clearer_presentation,[+],Aesthetics Uncertainty
InfoVisJ.339.3.png,Node-link,"amount of words/context/numbers; distinguishable/full/highly contrast color uses; domain-specific concepts (e.g., chemical, biology, map); easy/hard to interpret; labels/axes/legends; much/little data/info; shapes and lines; take longer to interpret; unclear meaning/confusing",titles,text.title,text,titles_present,accompanies,accompanies,descriptions,text.description,text,descriptive_annotations_present,[+],Semantics / Text Legibility
InfoVisJ.339.3.png,Node-link,"amount of words/context/numbers; distinguishable/full/highly contrast color uses; domain-specific concepts (e.g., chemical, biology, map); easy/hard to interpret; labels/axes/legends; much/little data/info; shapes and lines; take longer to interpret; unclear meaning/confusing",connections,structure.link,structure,multiple_links_present; high_connection_count,increases_clutter_in,increases_clutter_in,diagram,whole.visualization,whole,longer_to_understand; generally_understandable; multiple_information_types,[+],Data Density / Image Clutter
InfoVisJ.339.3.png,Node-link,"amount of words/context/numbers; distinguishable/full/highly contrast color uses; domain-specific concepts (e.g., chemical, biology, map); easy/hard to interpret; labels/axes/legends; much/little data/info; shapes and lines; take longer to interpret; unclear meaning/confusing",process_path,structure.link,structure,sequential_process_structure; clear_path_to_follow,provides_structure_to,provides_structure_to,diagram,whole.visualization,whole,longer_to_understand; generally_understandable; multiple_information_types,[-],Visual Encoding Clarity
InfoVisJ.339.3.png,Node-link,"amount of words/context/numbers; distinguishable/full/highly contrast color uses; domain-specific concepts (e.g., chemical, biology, map); easy/hard to interpret; labels/axes/legends; much/little data/info; shapes and lines; take longer to interpret; unclear meaning/confusing",color_scheme,property.color,property,strongly_contrasting_colors,differentiates,differentiates,connections,structure.link,structure,multiple_links_present; high_connection_count,[+],"Color, Symbol, and Texture Details"
InfoVisJ.339.3.png,Node-link,"amount of words/context/numbers; distinguishable/full/highly contrast color uses; domain-specific concepts (e.g., chemical, biology, map); easy/hard to interpret; labels/axes/legends; much/little data/info; shapes and lines; take longer to interpret; unclear meaning/confusing",text_labels,text.label,text,mixed_text_sizes; written_information_dense,adds_cognitive_load_to,adds_cognitive_load_to,diagram,whole.visualization,whole,longer_to_understand; generally_understandable; multiple_information_types,[+],Immediacy / Cognitive Load
VisC.77.17.png,Node-link,2D/3D; easy/hard to interpret,data_area,structure.region,structure,,rendered_in,rendered_in,chart,whole.visualization,whole,three_dimensional_structure; difficult_to_interpret,[+],Visual Encoding Clarity
InfoVisC.65.6(2).png,Node-link,easy/hard to interpret; more charts/points/lines/shapes/elements,data_elements,content.data,content,multiple_interacting_data_bits,increases_cognitive_load_of,increases_effort,chart,whole.visualization,whole,harder_to_understand,[+],Immediacy / Cognitive Load
vis666.png,Node-link,amount of words/context/numbers; color variety/shading; more charts/points/lines/shapes/elements; shapes and lines,interconnecting_lines,mark.line,mark,multiple_interconnecting_lines,connects,connects,text_boxes,text.label,text,many_text_boxes_present,[+],Aesthetics Uncertainty
vis666.png,Node-link,amount of words/context/numbers; color variety/shading; more charts/points/lines/shapes/elements; shapes and lines,red_boxes,structure.panel,structure,assortment_of_bigger_boxes; red_colored_boxes,clutters,clutters,text_boxes,text.label,text,many_text_boxes_present,[+],Data Density / Image Clutter
vis666.png,Node-link,amount of words/context/numbers; color variety/shading; more charts/points/lines/shapes/elements; shapes and lines,colors,property.color,property,different_colors_used,differentiates,differentiates,text_boxes,text.label,text,many_text_boxes_present,[-],Immediacy / Cognitive Load
InfoVisC.65.3.png,Node-link,"domain-specific concepts (e.g., chemical, biology, map); easy/hard to interpret; labels/axes/legends; shapes and lines",lines,mark.line,mark,visually_confusing_lines,contributes_to_confusion_in,contributes_to_confusion_in,chart,whole.visualization,whole,lacks_contextual_information; overall_more_complicated; elements_do_not_make_sense,[+],Visual Encoding Clarity
InfoVisC.65.3.png,Node-link,"domain-specific concepts (e.g., chemical, biology, map); easy/hard to interpret; labels/axes/legends; shapes and lines",numbers,content.number,content,incomprehensible_numeric_values,increases_cognitive_load_of,increases_effort,chart,whole.visualization,whole,lacks_contextual_information; overall_more_complicated; elements_do_not_make_sense,[+],Immediacy / Cognitive Load
VisC.11.12(2).png,Node-link,"domain-specific concepts (e.g., chemical, biology, map); easy/hard to interpret; little/less text/numbers/context; overlapping shapes/colors/lines; take longer to interpret",lines,mark.line,mark,intersecting_and_crossing; overlapping_lines,creates,contributes_to,network,structure.link,structure,visually_intricate_network; challenging_to_distinguish; vast_interpretations_possible; difficult_to_focus_long,[+],Aesthetics Uncertainty
VisC.11.12(2).png,Node-link,"domain-specific concepts (e.g., chemical, biology, map); easy/hard to interpret; little/less text/numbers/context; overlapping shapes/colors/lines; take longer to interpret",paths,structure.link,structure,multitude_of_routes; paths_diverge_and_overlap,intersect_and_diverge_within,intersect_and_diverge_within,network,structure.link,structure,visually_intricate_network; challenging_to_distinguish; vast_interpretations_possible; difficult_to_focus_long,[+],Data Density / Image Clutter
VisC.11.12(2).png,Node-link,"domain-specific concepts (e.g., chemical, biology, map); easy/hard to interpret; little/less text/numbers/context; overlapping shapes/colors/lines; take longer to interpret",network,structure.link,structure,visually_intricate_network; challenging_to_distinguish; vast_interpretations_possible; difficult_to_focus_long,requires_careful_examination_of,requires_careful_examination_of,paths,structure.link,structure,multitude_of_routes; paths_diverge_and_overlap,[+],Immediacy / Cognitive Load
VisC.11.12(2).png,Node-link,"domain-specific concepts (e.g., chemical, biology, map); easy/hard to interpret; little/less text/numbers/context; overlapping shapes/colors/lines; take longer to interpret",lines,mark.line,mark,intersecting_and_crossing; overlapping_lines,overlap_making_hard_to_read,overlap_making_hard_to_read,text_labels,text.label,text,less_writing_present,[+],Semantics / Text Legibility
SciVisJ.896.3.png,Node-link,color variety/shading; unclear meaning/confusing,color_scheme,property.color,property,too_many_colors,increases_cognitive_load_due_to,increases_cognitive_load_due_to,legend,furniture.legend,furniture,unclear_meaning,[+],Immediacy / Cognitive Load
InfoVisJ.2709.1.png,Node-link,amount of words/context/numbers; distracting/confusing/unclear; much/little data/info; overlapping shapes/colors/lines,left_chart,whole.visualization,whole,visually_messy_layout; cluttered_and_disordered,is_messier_than,is_messier_than,right_chart,whole.visualization,whole,,[+],Aesthetics Uncertainty
InfoVisJ.2709.1.png,Node-link,amount of words/context/numbers; distracting/confusing/unclear; much/little data/info; overlapping shapes/colors/lines,data_types,content.data,content,multiple_info_types,increases_complexity_of,increases_complexity,left_chart,whole.visualization,whole,visually_messy_layout; cluttered_and_disordered,[+],Immediacy / Cognitive Load
InfoVisC.27.6.png,Node-link,2D/3D; color variety/shading,color_scheme,property.color,property,multiple_colors_mixed,increases_clutter_in,increases_clutter_in,chart,whole.visualization,whole,,[+],Aesthetics Uncertainty
InfoVisC.27.6.png,Node-link,2D/3D; color variety/shading,layout,structure.layout,structure,complex_spatial_arrangement,contributes_to_cognitive_load_of,contributes_to_cognitive_load_of,chart,whole.visualization,whole,,[+],Immediacy / Cognitive Load
visMost38.png,Node-link,much/little data/info; overlapping shapes/colors/lines,lines,mark.line,mark,overlapping_lines_present,contributes_to_clutter_in,contributes_to_clutter_in,chart,whole.visualization,whole,lots_of_information,[+],Aesthetics Uncertainty
SciVisJ.1290.8.png,Node-link,"color contrast/clarity; domain-specific concepts (e.g., chemical, biology, map); labels/axes/legends",chemical_data,content.data,content,domain_specific_chemicals,requires_interpretation_of,requires_interpretation_of,labels,text.label,text,ambiguous_label_meaning,[+],Immediacy / Cognitive Load
SciVisJ.1290.8.png,Node-link,"color contrast/clarity; domain-specific concepts (e.g., chemical, biology, map); labels/axes/legends",chemical_data,content.data,content,domain_specific_chemicals,encoded_by,encoded_by,color_encoding,property.color,property,unclear_color_representation,[+],Visual Encoding Clarity
VASTC.1.7.png,Node-link,"color contrast/clarity; color variety/shading; distinguishable/full/highly contrast color uses; distracting/confusing/unclear; domain-specific concepts (e.g., chemical, biology, map); easy/hard to interpret; more charts/points/lines/shapes/elements; much/little data/info; shapes and lines; unclear meaning/confusing",dots,mark.point,mark,high_dot_count; varied_dot_colors; dots_present,contributes_to_abundance_of,contributes_to_abundance_of,boxes,mark.shape,mark,each_box_significantly_different; finer_intricate_details,[+],Data Density / Image Clutter
VASTC.1.7.png,Node-link,"color contrast/clarity; color variety/shading; distinguishable/full/highly contrast color uses; distracting/confusing/unclear; domain-specific concepts (e.g., chemical, biology, map); easy/hard to interpret; more charts/points/lines/shapes/elements; much/little data/info; shapes and lines; unclear meaning/confusing",color_code,furniture.legend,furniture,clear_color_difference; color_variation_present,fails_to_clarify,fails_to_clarify,wavelet_coefficients,content.data,content,domain_specific_terminology; impossible_to_interpret; imaging_seems_arbitrary,[+],Semantics / Text Legibility
VASTC.1.7.png,Node-link,"color contrast/clarity; color variety/shading; distinguishable/full/highly contrast color uses; distracting/confusing/unclear; domain-specific concepts (e.g., chemical, biology, map); easy/hard to interpret; more charts/points/lines/shapes/elements; much/little data/info; shapes and lines; unclear meaning/confusing",patterns,structure.pattern,structure,contrasting_patterns; growth_pattern_implied,increases_confusion_in,increases_confusion_in,boxes,mark.shape,mark,each_box_significantly_different; finer_intricate_details,[+],Aesthetics Uncertainty
VASTC.1.7.png,Node-link,"color contrast/clarity; color variety/shading; distinguishable/full/highly contrast color uses; distracting/confusing/unclear; domain-specific concepts (e.g., chemical, biology, map); easy/hard to interpret; more charts/points/lines/shapes/elements; much/little data/info; shapes and lines; unclear meaning/confusing",boxes,mark.shape,mark,each_box_significantly_different; finer_intricate_details,represents_stages_of,represents_stages_of,wavelet_coefficients,content.data,content,domain_specific_terminology; impossible_to_interpret; imaging_seems_arbitrary,[+],Schema
VASTC.1.7.png,Node-link,"color contrast/clarity; color variety/shading; distinguishable/full/highly contrast color uses; distracting/confusing/unclear; domain-specific concepts (e.g., chemical, biology, map); easy/hard to interpret; more charts/points/lines/shapes/elements; much/little data/info; shapes and lines; unclear meaning/confusing",vertical_lines,mark.line,mark,numerous_vertical_lines,adds_clutter_to,adds_clutter_to,boxes,mark.shape,mark,each_box_significantly_different; finer_intricate_details,[+],Data Density / Image Clutter
InfoVisC.65.4.png,Node-link,easy/hard to interpret; shapes and lines,arrows,mark.symbol,mark,small_size; difficult_to_read,increases_clutter_in,increases_clutter_in,chart,whole.visualization,whole,hard_to_interpret,[+],Aesthetics Uncertainty
InfoVisJ.349.1(2).png,Node-link,color variety/shading; easy/hard to interpret,color_scheme,property.color,property,black_and_white_only,reduces_complexity_of,simplifies,chart,whole.visualization,whole,logical_to_read,[-],"Color, Symbol, and Texture Details"
VASTJ.1139.3(2).png,Node-link,"color contrast/clarity; domain-specific concepts (e.g., chemical, biology, map); easy/hard to interpret; labels/axes/legends; more charts/points/lines/shapes/elements; much/little data/info; shapes and lines",lines,mark.line,mark,few_lines_present,plotted_on,plotted_on,grid,structure.grid,structure,structured_layout; less_elements_overall,[-],Visual Encoding Clarity
VASTJ.1139.3(2).png,Node-link,"color contrast/clarity; domain-specific concepts (e.g., chemical, biology, map); easy/hard to interpret; labels/axes/legends; more charts/points/lines/shapes/elements; much/little data/info; shapes and lines",dots,mark.point,mark,sparse_dot_count,plotted_on,plotted_on,grid,structure.grid,structure,structured_layout; less_elements_overall,[-],Data Density / Image Clutter
VASTJ.1139.3(2).png,Node-link,"color contrast/clarity; domain-specific concepts (e.g., chemical, biology, map); easy/hard to interpret; labels/axes/legends; more charts/points/lines/shapes/elements; much/little data/info; shapes and lines",geometric_shapes,mark.shape,mark,2d_geometric_forms; discernible_pattern,reduces,reduces,color,property.color,property,simple_coloring,[-],Immediacy / Cognitive Load
VASTJ.1139.3(2).png,Node-link,"color contrast/clarity; domain-specific concepts (e.g., chemical, biology, map); easy/hard to interpret; labels/axes/legends; more charts/points/lines/shapes/elements; much/little data/info; shapes and lines",labels,text.label,text,structured_and_labeled,aids_interpretation_of,aids_interpretation,grid,structure.grid,structure,structured_layout; less_elements_overall,[-],Semantics / Text Legibility
VASTJ.1139.3(2).png,Node-link,"color contrast/clarity; domain-specific concepts (e.g., chemical, biology, map); easy/hard to interpret; labels/axes/legends; more charts/points/lines/shapes/elements; much/little data/info; shapes and lines",lines,mark.line,mark,few_lines_present,follows_pattern_with,follows_pattern_with,dots,mark.point,mark,sparse_dot_count,[-],Immediacy / Cognitive Load
VisC.383.7.png,Node-link,"2D/3D; color contrast/clarity; domain-specific concepts (e.g., chemical, biology, map)",dense_region,structure.region,structure,darker_denser_area,contributes_to,contributes_to,pattern,structure.pattern,structure,visible_repeating_pattern,[+],Aesthetics Uncertainty
VisC.383.7.png,Node-link,"2D/3D; color contrast/clarity; domain-specific concepts (e.g., chemical, biology, map)",horizon_point,mark.point,mark,receding_perspective_point,creates_depth_in,creates_depth_in,pattern,structure.pattern,structure,visible_repeating_pattern,[+],Immediacy / Cognitive Load
InfoVisC.65.4(2).png,Node-link,"domain-specific concepts (e.g., chemical, biology, map); understand/read shapes",dots,mark.point,mark,all_dots_interconnected,forms,represents,waterfall_pattern,structure.pattern,structure,cascading_visual_flow,[+],Aesthetics Uncertainty
VASTJ.200.8.png,Node-link,color contrast/clarity; less organized elements; more difficult to focus/follow; shapes and lines; word rotation/small font size,legend,furniture.legend,furniture,no_color_guide_present,absent_making_harder_to_decode,absent_making_harder_to_decode,lines,mark.line,mark,multiple_lines_present; difficult_to_follow,[+],"Color, Symbol, and Texture Details"
VASTJ.200.8.png,Node-link,color contrast/clarity; less organized elements; more difficult to focus/follow; shapes and lines; word rotation/small font size,layout,structure.layout,structure,no_ordering_structure,increases_difficulty_tracing,increases_difficulty_tracing,lines,mark.line,mark,multiple_lines_present; difficult_to_follow,[+],Immediacy / Cognitive Load
VASTJ.200.8.png,Node-link,color contrast/clarity; less organized elements; more difficult to focus/follow; shapes and lines; word rotation/small font size,labels,text.label,text,names_too_small_to_read,too_small_to_identify,too_small_to_identify,lines,mark.line,mark,multiple_lines_present; difficult_to_follow,[+],Semantics / Text Legibility
InfoVisJ.401.12.png,Node-link,"clear text/scale/information; domain-specific concepts (e.g., chemical, biology, map); more charts/points/lines/shapes/elements; much/little data/info",cluster,structure.region,structure,dense_cluster_of_elements,increases_visual_clutter,increases_visual_clutter,network,structure.link,structure,network_structure_present; requires_domain_knowledge,[+],Aesthetics Uncertainty
InfoVisJ.401.12.png,Node-link,"clear text/scale/information; domain-specific concepts (e.g., chemical, biology, map); more charts/points/lines/shapes/elements; much/little data/info",text_labels,text.label,text,information_shown_in_text; high_text_density,adds_cognitive_load_to,adds_cognitive_load_to,network,structure.link,structure,network_structure_present; requires_domain_knowledge,[+],Immediacy / Cognitive Load
InfoVisJ.401.12.png,Node-link,"clear text/scale/information; domain-specific concepts (e.g., chemical, biology, map); more charts/points/lines/shapes/elements; much/little data/info",nodes,mark.node,mark,many_nodes_present,connected_by,connected_by,edges,structure.link,structure,multiple_connecting_edges,[+],Visual Encoding Clarity
InfoVisJ.401.12.png,Node-link,"clear text/scale/information; domain-specific concepts (e.g., chemical, biology, map); more charts/points/lines/shapes/elements; much/little data/info",network,structure.link,structure,network_structure_present; requires_domain_knowledge,requires_scientific_interpretation,requires_scientific_interpretation,cluster,structure.region,structure,dense_cluster_of_elements,[+],Schema
InfoVisJ.339.10.png,Node-link,2D/3D; amount of words/context/numbers; much/little data/info; symbols; take longer to interpret,sticks,mark.bar,mark,multiple_stick_elements,combined_with,combined_with,boxes,mark.shape,mark,multiple_box_elements; visually_more_details,[+],Visual Encoding Clarity
InfoVisJ.339.10.png,Node-link,2D/3D; amount of words/context/numbers; much/little data/info; symbols; take longer to interpret,numbers,content.number,content,distributed_numeric_labels; more_time_to_understand,annotates,describes,boxes,mark.shape,mark,multiple_box_elements; visually_more_details,[+],Semantics / Text Legibility
InfoVisJ.339.10.png,Node-link,2D/3D; amount of words/context/numbers; much/little data/info; symbols; take longer to interpret,distribution,content.data,content,spread_of_values_shown,increases_information_in,increases_information_in,boxes,mark.shape,mark,multiple_box_elements; visually_more_details,[+],Data Density / Image Clutter
InfoVisJ.339.10.png,Node-link,2D/3D; amount of words/context/numbers; much/little data/info; symbols; take longer to interpret,ratio,content.number,content,ratio_information_present,adds_cognitive_load_to,adds_cognitive_load_to,numbers,content.number,content,distributed_numeric_labels; more_time_to_understand,[+],Immediacy / Cognitive Load
VASTJ.1448.5.png,Node-link,amount of words/context/numbers; more charts/points/lines/shapes/elements; much/little data/info,words,text.label,text,few_words_present; low_object_count,spread_across,spread_across,layout,structure.layout,structure,spread_out_distribution,[-],Visual Encoding Clarity
vis796.png,Node-link,color contrast/clarity; easy/hard to interpret; more charts/points/lines/shapes/elements,lines,mark.line,mark,excessive_line_count; visually_cluttered_overlap,obscured_by,obscured_by,color_encoding,property.color,property,similar_colors_used; low_color_distinguishability,[+],"Color, Symbol, and Texture Details"
vis796.png,Node-link,color contrast/clarity; easy/hard to interpret; more charts/points/lines/shapes/elements,lines,mark.line,mark,excessive_line_count; visually_cluttered_overlap,contributes_to_confusion_in,contributes_to_confusion_in,chart,whole.visualization,whole,unclear_message,[+],Immediacy / Cognitive Load
VASTJ.111.5.png,Node-link,easy/hard to interpret; shape point of interest,data_points,mark.point,mark,multiple_information_points,increases_cognitive_load_of,increases_effort,chart,whole.visualization,whole,difficult_to_interpret,[+],Immediacy / Cognitive Load
InfoVisJ.349.8(4).png,Node-link,easy/hard to interpret; much/little data/info,data_area,structure.region,structure,no_data_present,contributes_to,contributes_to,chart,whole.visualization,whole,hard_to_understand,[+],Immediacy / Cognitive Load
np_11.png,Node-link,"amount of words/context/numbers; color variety/shading; domain-specific concepts (e.g., chemical, biology, map); more charts/points/lines/shapes/elements; much/little data/info; shapes and lines",text_labels,text.label,text,high_word_count; words_present,contributes_to,contributes_to,chart,whole.visualization,whole,too_many_elements; lots_of_information; multiple_areas_of_interest; forbes_companies_context; sports_team_context,[+],Immediacy / Cognitive Load
np_11.png,Node-link,"amount of words/context/numbers; color variety/shading; domain-specific concepts (e.g., chemical, biology, map); more charts/points/lines/shapes/elements; much/little data/info; shapes and lines",data_elements,content.data,content,different_sizes; objects_spread_across_space; manageable_object_count,varies_in_size_within,varies_in_size_within,chart,whole.visualization,whole,too_many_elements; lots_of_information; multiple_areas_of_interest; forbes_companies_context; sports_team_context,[+],Visual Encoding Clarity
np_11.png,Node-link,"amount of words/context/numbers; color variety/shading; domain-specific concepts (e.g., chemical, biology, map); more charts/points/lines/shapes/elements; much/little data/info; shapes and lines",groups,content.category,content,more_groups_present,increases_complexity_of,increases_complexity,chart,whole.visualization,whole,too_many_elements; lots_of_information; multiple_areas_of_interest; forbes_companies_context; sports_team_context,[+],Data Density / Image Clutter
np_11.png,Node-link,"amount of words/context/numbers; color variety/shading; domain-specific concepts (e.g., chemical, biology, map); more charts/points/lines/shapes/elements; much/little data/info; shapes and lines",colors,property.color,property,different_colors_used,differentiates_elements_in,differentiates_elements_in,chart,whole.visualization,whole,too_many_elements; lots_of_information; multiple_areas_of_interest; forbes_companies_context; sports_team_context,[-],"Color, Symbol, and Texture Details"
np_11.png,Node-link,"amount of words/context/numbers; color variety/shading; domain-specific concepts (e.g., chemical, biology, map); more charts/points/lines/shapes/elements; much/little data/info; shapes and lines",data_elements,content.data,content,different_sizes; objects_spread_across_space; manageable_object_count,spread_across,spread_across,chart,whole.visualization,whole,too_many_elements; lots_of_information; multiple_areas_of_interest; forbes_companies_context; sports_team_context,[-],Aesthetics Uncertainty
vis567.png,Node-link,"domain-specific concepts (e.g., chemical, biology, map); easy/hard to interpret",chart_content,whole.visualization,whole,non_intuitive_representation,causes_comprehension_failure,causes_comprehension_failure,visualization,whole.visualization,whole,unfamiliar_to_viewer; requires_specialized_knowledge; high_cognitive_effort_required,[+],Immediacy / Cognitive Load
vis567.png,Node-link,"domain-specific concepts (e.g., chemical, biology, map); easy/hard to interpret",encoding_scheme,property.encoding,property,difficult_to_interpret,lacks_common_sense_mapping,lacks_common_sense_mapping,chart_content,whole.visualization,whole,non_intuitive_representation,[+],Schema
InfoVisJ.2072.7.png,Node-link,2D/3D; color variety/shading; unclear meaning/confusing,layout,structure.layout,structure,tidy_organized_layout,reduces_perceived_clutter_of,reduces_perceived_clutter_of,chart,whole.visualization,whole,clean_visual_appearance,[-],Aesthetics Uncertainty
InfoVisJ.2072.7.png,Node-link,2D/3D; color variety/shading; unclear meaning/confusing,color_scheme,property.color,property,appealing_color_choices,positively_received_within,positively_received_within,chart,whole.visualization,whole,clean_visual_appearance,[-],"Color, Symbol, and Texture Details"
InfoVisJ.2072.7.png,Node-link,2D/3D; color variety/shading; unclear meaning/confusing,title_or_label,text.label,text,unclear_subject_matter,fails_to_clarify_topic_of,fails_to_clarify,chart,whole.visualization,whole,clean_visual_appearance,[-],Immediacy / Cognitive Load
InfoVisJ.1063.13.png,Node-link,color variety/shading; distracting/confusing/unclear; easy/hard to interpret; more charts/points/lines/shapes/elements,color_scheme,property.color,property,only_black_color,reduces_clutter_in,reduces_clutter_in,lines,mark.line,mark,high_line_count,[-],"Color, Symbol, and Texture Details"
InfoVisJ.1063.13.png,Node-link,color variety/shading; distracting/confusing/unclear; easy/hard to interpret; more charts/points/lines/shapes/elements,lines,mark.line,mark,high_line_count,increases_clutter_of,increases_clutter_of,chart,whole.visualization,whole,more_visually_pleasing; easier_to_understand,[+],Data Density / Image Clutter
VASTJ.160.2.png,Node-link,amount of words/context/numbers; color variety/shading; easy/hard to interpret; labels/axes/legends; more charts/points/lines/shapes/elements; overlapping shapes/colors/lines; unclear meaning/confusing,lines,mark.line,mark,high_line_quantity; visually_cluttered_overlap,contributes_to_clutter_with,contributes_to_clutter_with,colors,property.color,property,many_colors_used; high_color_variety,[+],Data Density / Image Clutter
VASTJ.160.2.png,Node-link,amount of words/context/numbers; color variety/shading; easy/hard to interpret; labels/axes/legends; more charts/points/lines/shapes/elements; overlapping shapes/colors/lines; unclear meaning/confusing,axes,furniture.axes,furniture,axes_absent,absence_increases_confusion_in,absence_increases_confusion_in,layout,structure.layout,structure,difficult_to_interpret; less_clear_information; messy_visual_layout,[+],Visual Encoding Clarity
VASTJ.160.2.png,Node-link,amount of words/context/numbers; color variety/shading; easy/hard to interpret; labels/axes/legends; more charts/points/lines/shapes/elements; overlapping shapes/colors/lines; unclear meaning/confusing,numbers,content.number,content,high_numeric_density,adds_density_to,adds_density_to,layout,structure.layout,structure,difficult_to_interpret; less_clear_information; messy_visual_layout,[+],Semantics / Text Legibility
VASTJ.160.2.png,Node-link,amount of words/context/numbers; color variety/shading; easy/hard to interpret; labels/axes/legends; more charts/points/lines/shapes/elements; overlapping shapes/colors/lines; unclear meaning/confusing,colors,property.color,property,many_colors_used; high_color_variety,increases_cognitive_load_in,increases_cognitive_load_in,layout,structure.layout,structure,difficult_to_interpret; less_clear_information; messy_visual_layout,[+],Immediacy / Cognitive Load
VisC.375.9(3).png,Node-link,distracting/confusing/unclear; shapes and lines; symbols,nodes,mark.node,mark,limited_node_count,has_clear_connection_via,has_clear_connection_via,lines,mark.line,mark,multiple_lines_present,[-],Visual Encoding Clarity
VisC.375.9(2).png,Node-link,easy/hard to interpret; shape position,data_points,mark.point,mark,clearly_visible,reduces_clutter_in,reduces_clutter_in,data_elements,content.data,content,limited_to_two_points,[-],Data Density / Image Clutter
VisC.389.1(3).png,Node-link,easy/hard to interpret; much/little data/info,data_details,content.data,content,high_detail_density,increases_cognitive_load_of,increases_effort,visualization,whole.visualization,whole,not_immediately_interpretable,[+],Immediacy / Cognitive Load
InfoVisJ.349.8.png,Node-link,easy/hard to interpret; labels/axes/legends; unclear meaning/confusing,text_labels,text.label,text,absent_text_elements,missing_from,missing_from,chart,whole.visualization,whole,unclear_overall_interpretation; uncertain_image_selection,[+],Semantics / Text Legibility
InfoVisJ.349.8.png,Node-link,easy/hard to interpret; labels/axes/legends; unclear meaning/confusing,dots,mark.point,mark,hard_to_visualise; visually_ambiguous_marks,difficult_to_connect_to_meaning,difficult_to_connect_to_meaning,chart,whole.visualization,whole,unclear_overall_interpretation; uncertain_image_selection,[+],Immediacy / Cognitive Load
VASTJ.1407.9.png,Node-link,amount of words/context/numbers; color variety/shading; more charts/points/lines/shapes/elements; overlapping shapes/colors/lines; shapes and lines; word rotation/small font size,lines,mark.line,mark,excessive_line_count; lines_cross_each_other,intersects_with,intersects_with,lines,mark.line,mark,excessive_line_count; lines_cross_each_other,[+],Aesthetics Uncertainty
VASTJ.1407.9.png,Node-link,amount of words/context/numbers; color variety/shading; more charts/points/lines/shapes/elements; overlapping shapes/colors/lines; shapes and lines; word rotation/small font size,lines,mark.line,mark,excessive_line_count; lines_cross_each_other,combined_with,combined_with,scale,furniture.scale,furniture,scale_adds_complexity,[+],Visual Encoding Clarity
VASTJ.1407.9.png,Node-link,amount of words/context/numbers; color variety/shading; more charts/points/lines/shapes/elements; overlapping shapes/colors/lines; shapes and lines; word rotation/small font size,color_shading,property.color,property,various_color_shades,differentiates,differentiates,sections,structure.region,structure,too_many_sections,[+],"Color, Symbol, and Texture Details"
VASTJ.1407.9.png,Node-link,amount of words/context/numbers; color variety/shading; more charts/points/lines/shapes/elements; overlapping shapes/colors/lines; shapes and lines; word rotation/small font size,text_labels,text.label,text,dense_chart_wording,clutters,clutters,chart_structure,whole.visualization,whole,simple_overall_structure,[+],Semantics / Text Legibility
InfoVisJ.349.1(3).png,Node-link,"domain-specific concepts (e.g., chemical, biology, map)",flow_pattern,structure.pattern,structure,apparent_flow_present; complex_pattern,reduces_cognitive_load_via,reduces_cognitive_load_via,visualization,whole.visualization,whole,,[-],Immediacy / Cognitive Load
InfoVisJ.349.1(3).png,Node-link,"domain-specific concepts (e.g., chemical, biology, map)",flow_pattern,structure.pattern,structure,apparent_flow_present; complex_pattern,increases_complexity_through,increases_complexity_through,visualization,whole.visualization,whole,,[+],Aesthetics Uncertainty
InfoVisJ.1257.5.png,Node-link,amount of words/context/numbers; easy/hard to interpret; much/little data/info; overlapping shapes/colors/lines,data_content,content.data,content,high_information_volume,increases_cognitive_load_of,increases_effort,chart,whole.visualization,whole,complex_layout_structure,[+],Immediacy / Cognitive Load
wsj91.png,Node-link,"domain-specific concepts (e.g., chemical, biology, map); easy/hard to interpret",map,whole.visualization,whole,full_map_coverage; difficult_to_interpret,causes_interpretive_confusion,causes_interpretive_confusion,geographic_regions,structure.region,structure,spatially_complex_layout,[+],Immediacy / Cognitive Load
VASTJ.1.5.png,Node-link,color contrast/clarity; overlapping shapes/colors/lines; shape point of interest; shapes and lines,dots,mark.point,mark,jumbled_visual_arrangement; simple_mark_type,mixed_with,co_occurs_with,colors,property.color,property,multiple_colors_present,[+],Aesthetics Uncertainty
VASTJ.1.5.png,Node-link,color contrast/clarity; overlapping shapes/colors/lines; shape point of interest; shapes and lines,dots,mark.point,mark,jumbled_visual_arrangement; simple_mark_type,clustered_around,clustered_around,center_points,mark.point,mark,four_distinct_centers,[+],Visual Encoding Clarity
VASTJ.1.5.png,Node-link,color contrast/clarity; overlapping shapes/colors/lines; shape point of interest; shapes and lines,colors,property.color,property,multiple_colors_present,differentiates,differentiates,center_points,mark.point,mark,four_distinct_centers,[+],"Color, Symbol, and Texture Details"
np_48.png,Node-link,easy/hard to interpret; much/little data/info,data_content,content.data,content,high_information_volume,increases_cognitive_load_of,increases_effort,visualization,whole.visualization,whole,difficult_to_capture; increased_processing_demand,[+],Immediacy / Cognitive Load
v488_n7410_15_f3.png,Node-link,amount of words/context/numbers; color variety/shading; overlapping shapes/colors/lines,lines,mark.line,mark,branching_nested_lines; visually_busy_layout,branches_into,branches_into,lines,mark.line,mark,branching_nested_lines; visually_busy_layout,[+],Visual Encoding Clarity
v488_n7410_15_f3.png,Node-link,amount of words/context/numbers; color variety/shading; overlapping shapes/colors/lines,text_labels,text.label,text,high_word_count,crowds,crowds,chart_area,mark.area,mark,dense_information_small_space,[+],Semantics / Text Legibility
v488_n7410_15_f3.png,Node-link,amount of words/context/numbers; color variety/shading; overlapping shapes/colors/lines,color_encoding,property.color,property,many_distinct_colors; all_colors_very_different,increases_clutter_in,increases_clutter_in,chart_area,mark.area,mark,dense_information_small_space,[+],Aesthetics Uncertainty
v488_n7410_15_f3.png,Node-link,amount of words/context/numbers; color variety/shading; overlapping shapes/colors/lines,lines,mark.line,mark,branching_nested_lines; visually_busy_layout,packed_within,packed_within,chart_area,mark.area,mark,dense_information_small_space,[+],Data Density / Image Clutter
v488_n7410_15_f3.png,Node-link,amount of words/context/numbers; color variety/shading; overlapping shapes/colors/lines,legend,furniture.legend,furniture,,adds_text_to,adds_text_to,chart_area,mark.area,mark,dense_information_small_space,[+],Semantics / Text Legibility
v483_n7390_14_f3.png,Node-link,"domain-specific concepts (e.g., chemical, biology, map); more charts/points/lines/shapes/elements",phylogenetic_tree,structure.hierarchy,structure,evolutionary_tree_structure; requires_domain_knowledge,contains,contains,lineages,structure.hierarchy,structure,multiple_lineages_present,[+],Data Density / Image Clutter
v483_n7390_14_f3.png,Node-link,"domain-specific concepts (e.g., chemical, biology, map); more charts/points/lines/shapes/elements",phylogenetic_tree,structure.hierarchy,structure,evolutionary_tree_structure; requires_domain_knowledge,labeled_by,labeled_by,species_labels,text.label,text,many_different_species; high_label_density,[+],Semantics / Text Legibility
v483_n7390_14_f3.png,Node-link,"domain-specific concepts (e.g., chemical, biology, map); more charts/points/lines/shapes/elements",lineages,structure.hierarchy,structure,multiple_lineages_present,represented_by,represented_by,branches,structure.link,structure,complex_branching_pattern,[+],Visual Encoding Clarity
v483_n7390_14_f3.png,Node-link,"domain-specific concepts (e.g., chemical, biology, map); more charts/points/lines/shapes/elements",phylogenetic_tree,structure.hierarchy,structure,evolutionary_tree_structure; requires_domain_knowledge,increases_cognitive_load,increases_effort,species_labels,text.label,text,many_different_species; high_label_density,[+],Immediacy / Cognitive Load
InfoVisJ.2486.8.png,Node-link,"color variety/shading; design-data relationship; domain-specific concepts (e.g., chemical, biology, map); shapes and lines",lines,mark.line,mark,numerous_connecting_lines,increases_clutter_in,increases_clutter_in,network,structure.link,structure,complex_network_structure,[+],Aesthetics Uncertainty
InfoVisJ.2486.8.png,Node-link,"color variety/shading; design-data relationship; domain-specific concepts (e.g., chemical, biology, map); shapes and lines",dots,mark.point,mark,simple_node_markers,connected_by,connected_by,lines,mark.line,mark,numerous_connecting_lines,[+],Data Density / Image Clutter
InfoVisJ.2486.8.png,Node-link,"color variety/shading; design-data relationship; domain-specific concepts (e.g., chemical, biology, map); shapes and lines",color_scheme,property.color,property,clear_color_differentiation,aids_interpretation_of,aids_interpretation,relationships,structure.link,structure,readable_relationships,[-],"Color, Symbol, and Texture Details"
InfoVisJ.2486.8.png,Node-link,"color variety/shading; design-data relationship; domain-specific concepts (e.g., chemical, biology, map); shapes and lines",relationships,structure.link,structure,readable_relationships,clarified_within,clarified_within,data_visualization,content.data,content,familiar_visualization_type,[-],Semantics / Text Legibility
InfoVisC.219.8.png,Node-link,color contrast/clarity; much/little data/info; shapes and lines,shapes,mark.shape,mark,varied_shapes_present; high_contrast_marks,increases_visual_complexity_of,increases_complexity,chart,whole.visualization,whole,low_detail_count,[+],Aesthetics Uncertainty
InfoVisC.219.8.png,Node-link,color contrast/clarity; much/little data/info; shapes and lines,data_elements,content.data,content,large_element_size,reduces_clutter_in,reduces_clutter_in,chart,whole.visualization,whole,low_detail_count,[-],Data Density / Image Clutter
InfoVisJ.1063.13(3).png,Node-link,color variety/shading; labels/axes/legends,color_encoding,property.color,property,high_color_variety,lacks_explanatory,lacks_explanatory,legend,furniture.legend,furniture,legend_absent,[+],Immediacy / Cognitive Load
VASTJ.1448.5(2).png,Node-link,easy/hard to interpret,connections,structure.link,structure,links_between_points; instantly_increases_complexity,connects_between,connects_between,data_points,mark.point,mark,,[+],Visual Encoding Clarity
VASTJ.1.10.png,Node-link,easy/hard to interpret; more charts/points/lines/shapes/elements,data_elements,content.data,content,too_dense_to_read; information_hard_to_extract,overwhelms,overwhelms,visualization,whole.visualization,whole,excessively_detailed,[+],Aesthetics Uncertainty
VASTJ.1.10.png,Node-link,easy/hard to interpret; more charts/points/lines/shapes/elements,visualization,whole.visualization,whole,excessively_detailed,impedes_interpretation_of,impedes_interpretation_of,data_elements,content.data,content,too_dense_to_read; information_hard_to_extract,[+],Immediacy / Cognitive Load
vis216.png,Node-link,amount of words/context/numbers,images,whole.visualization,whole,visual_image_elements_present,mixed_with,co_occurs_with,text_labels,text.label,text,word_elements_present,[+],Aesthetics Uncertainty
vis216.png,Node-link,amount of words/context/numbers,information_content,content.data,content,high_information_volume,increases_cognitive_load_of,increases_effort,text_labels,text.label,text,word_elements_present,[+],Immediacy / Cognitive Load
InfoVisJ.1569.6.png,Point,easy/hard to interpret,line,mark.line,mark,enables_visual_processing,contributes_to_processing_of,contributes_to_processing_of,chart,whole.visualization,whole,fast_readability,[+],Visual Encoding Clarity
wsj533.png,Point,distracting/confusing/unclear; word rotation/small font size,text_labels,text.label,text,easy_to_read,contributes_to,contributes_to,chart,whole.visualization,whole,clear_and_concise_layout,[-],Immediacy / Cognitive Load
vis673.png,Node-link,easy/hard to interpret,visualization,whole.visualization,whole,initially_visually_attractive; invites_deeper_analysis,requires_extended_time_to_understand,requires_extended_time_to_understand,presentation_logic,structure.layout,structure,high_cognitive_load_to_decode; complex_presentation_logic,[+],Immediacy / Cognitive Load
vis673.png,Node-link,easy/hard to interpret,data_area,structure.region,structure,,obscures,obscures,key_patterns,structure.pattern,structure,difficult_to_extract_takeaway,[+],Data Density / Image Clutter
vis673.png,Node-link,easy/hard to interpret,information_noise,content.data,content,signal_noise_separation_hard,increases_cognitive_effort_in,increases_cognitive_effort_in,data_area,structure.region,structure,,[+],Immediacy / Cognitive Load
v488_n7413_12_f2.png,Point,amount of words/context/numbers; more charts/points/lines/shapes/elements; shapes and lines; take longer to interpret,point_shapes,mark.point,mark,multiple_distinct_shapes,increases_visual_complexity_of,increases_complexity,data_points,mark.point,mark,high_data_point_count,[+],Visual Encoding Clarity
v488_n7413_12_f2.png,Point,amount of words/context/numbers; more charts/points/lines/shapes/elements; shapes and lines; take longer to interpret,numeric_labels,text.label,text,ambiguous_numeric_values,contributes_to_ambiguity_in,contributes_to_ambiguity_in,chart,whole.visualization,whole,requires_extended_decoding,[+],Semantics / Text Legibility
v488_n7413_12_f2.png,Point,amount of words/context/numbers; more charts/points/lines/shapes/elements; shapes and lines; take longer to interpret,text_elements,text.label,text,high_word_count,prolongs_decoding_of,prolongs_decoding_of,chart,whole.visualization,whole,requires_extended_decoding,[+],Immediacy / Cognitive Load
InfoVisC.157.1.png,Point,easy/hard to interpret; labels/axes/legends; more charts/points/lines/shapes/elements; word rotation/small font size,subplots,structure.panel,structure,excessive_subplot_count,increases_clutter_in,increases_clutter_in,overall_visualization,whole.visualization,whole,unclear_visual_content; unlikely_to_interpret,[+],Data Density / Image Clutter
InfoVisC.157.1.png,Point,easy/hard to interpret; labels/axes/legends; more charts/points/lines/shapes/elements; word rotation/small font size,labels_annotations,text.label,text,lacks_describing_information,contributes_to_ambiguity_of,contributes_to_ambiguity_of,overall_visualization,whole.visualization,whole,unclear_visual_content; unlikely_to_interpret,[+],Semantics / Text Legibility
InfoVisC.157.1.png,Point,easy/hard to interpret; labels/axes/legends; more charts/points/lines/shapes/elements; word rotation/small font size,fonts,property.font_style,property,small_font_size,reduces_legibility_of,reduces_legibility_of,labels_annotations,text.label,text,lacks_describing_information,[+],Semantics / Text Legibility
wsj294.png,Point,color variety/shading; distracting/confusing/unclear; easy/hard to interpret; labels/axes/legends; more charts/points/lines/shapes/elements; much/little data/info; overlapping shapes/colors/lines,data_points,mark.point,mark,excessive_data_points; too_much_data; crowded_overlapping_elements,causes_difficulty_discerning,causes_difficulty_discerning,labels,text.label,text,cluttered_labels; overlapping_text,[+],Immediacy / Cognitive Load
wsj294.png,Point,color variety/shading; distracting/confusing/unclear; easy/hard to interpret; labels/axes/legends; more charts/points/lines/shapes/elements; much/little data/info; overlapping shapes/colors/lines,labels,text.label,text,cluttered_labels; overlapping_text,overlaps_with,overlaps_with,annotations,text.annotation,text,excessive_annotations,[+],Aesthetics Uncertainty
wsj294.png,Point,color variety/shading; distracting/confusing/unclear; easy/hard to interpret; labels/axes/legends; more charts/points/lines/shapes/elements; much/little data/info; overlapping shapes/colors/lines,color_scheme,property.color,property,poorly_contrasting_colors; too_many_colors; poor_color_choices,increases_cognitive_load_of,increases_effort,data_points,mark.point,mark,excessive_data_points; too_much_data; crowded_overlapping_elements,[+],Immediacy / Cognitive Load
wsj294.png,Point,color variety/shading; distracting/confusing/unclear; easy/hard to interpret; labels/axes/legends; more charts/points/lines/shapes/elements; much/little data/info; overlapping shapes/colors/lines,annotations,text.annotation,text,excessive_annotations,contributes_to_clutter_with,contributes_to_clutter_with,labels,text.label,text,cluttered_labels; overlapping_text,[+],Data Density / Image Clutter
wsj294.png,Point,color variety/shading; distracting/confusing/unclear; easy/hard to interpret; labels/axes/legends; more charts/points/lines/shapes/elements; much/little data/info; overlapping shapes/colors/lines,data_points,mark.point,mark,excessive_data_points; too_much_data; crowded_overlapping_elements,makes_harder_to_read,makes_harder_to_read,legend,furniture.legend,furniture,less_visually_appealing,[+],Visual Encoding Clarity
whoK22.png,Point,more difficult to focus/follow; shapes and lines,lines,mark.line,mark,multiple_directions; varying_amounts,increases_difficulty_of,increases_complexity,graphic,whole.visualization,whole,difficult_to_follow,[+],Immediacy / Cognitive Load
InfoVisJ.989.8.png,Point,easy/hard to interpret; more labels/context,labels,text.label,text,more_information_labeled,increases_data_density,increases_data_density,text,text.label,text,more_legible,[+],Data Density / Image Clutter
vis652.png,Point,amount of words/context/numbers; color contrast/clarity; color variety/shading; distracting/confusing/unclear; easy/hard to interpret; more charts/points/lines/shapes/elements; much/little data/info; overlapping shapes/colors/lines; unclear colors/contrast; unclear meaning/confusing; word rotation/small font size,text_labels,text.label,text,more_text_present; different_font_sizes; small_font_sizes; less_clear_writing,overlaid_on,overlaid_on,background_images,structure.background,structure,,[+],Aesthetics Uncertainty
vis652.png,Point,amount of words/context/numbers; color contrast/clarity; color variety/shading; distracting/confusing/unclear; easy/hard to interpret; more charts/points/lines/shapes/elements; much/little data/info; overlapping shapes/colors/lines; unclear colors/contrast; unclear meaning/confusing; word rotation/small font size,color_scheme,property.color,property,more_colors_used; bad_contrast_color_choice; not_simple_color_wise; hard_to_differentiate,reduces_clarity_of,reduces_clarity_of,data_points,mark.point,mark,only_four_data_points; not_simple_data,[+],Visual Encoding Clarity
vis652.png,Point,amount of words/context/numbers; color contrast/clarity; color variety/shading; distracting/confusing/unclear; easy/hard to interpret; more charts/points/lines/shapes/elements; much/little data/info; overlapping shapes/colors/lines; unclear colors/contrast; unclear meaning/confusing; word rotation/small font size,layout,structure.layout,structure,busier_layout; composition_more_convoluted; more_unrelated_data_elements; less_intuitive_overall,increases_cognitive_load_of,increases_effort,legend,furniture.legend,furniture,,[+],Immediacy / Cognitive Load
vis652.png,Point,amount of words/context/numbers; color contrast/clarity; color variety/shading; distracting/confusing/unclear; easy/hard to interpret; more charts/points/lines/shapes/elements; much/little data/info; overlapping shapes/colors/lines; unclear colors/contrast; unclear meaning/confusing; word rotation/small font size,text_labels,text.label,text,more_text_present; different_font_sizes; small_font_sizes; less_clear_writing,contributes_to_difference_in_clarity_of,contributes_to_difference_in_clarity_of,layout,structure.layout,structure,busier_layout; composition_more_convoluted; more_unrelated_data_elements; less_intuitive_overall,[+],Semantics / Text Legibility
VASTJ.151.12.png,Point,"distracting/confusing/unclear; domain-specific concepts (e.g., chemical, biology, map)",circle_graph,whole.visualization,whole,familiar_circular_form,reduces_perceived_complexity_of,reduces_perceived_complexity_of,visual_elements,mark.element,mark,appears_less_important,[-],Immediacy / Cognitive Load
InfoVisJ.669.4.png,Point,labels/axes/legends; more charts/points/lines/shapes/elements,data_points,mark.point,mark,high_quantity_of_points,increases_clutter_relative_to,increases_clutter_relative_to,axis_labels,text.axis_label,text,labeled_axes_present,[+],Data Density / Image Clutter
v485_n7399_9_f5.png,Point,"clear colors/shapes; domain-specific concepts (e.g., chemical, biology, map); easy/hard to interpret; labels/axes/legends; shapes and lines",lines,mark.line,mark,multiple_lines_present,increases_clutter_in,increases_clutter_in,chart_shape,whole.visualization,whole,clear_recognizable_shape; instantly_interpretable,[+],Aesthetics Uncertainty
v485_n7399_9_f5.png,Point,"clear colors/shapes; domain-specific concepts (e.g., chemical, biology, map); easy/hard to interpret; labels/axes/legends; shapes and lines",legend,furniture.legend,furniture,legend_adds_complexity,requires_reference_to,requires_reference_to,lines,mark.line,mark,multiple_lines_present,[+],Immediacy / Cognitive Load
v485_n7399_9_f5.png,Point,"clear colors/shapes; domain-specific concepts (e.g., chemical, biology, map); easy/hard to interpret; labels/axes/legends; shapes and lines",chemical_compound_labels,text.label,text,familiar_domain_labels,reduces_ambiguity_of,reduces_ambiguity_of,chart_shape,whole.visualization,whole,clear_recognizable_shape; instantly_interpretable,[-],Schema
VisC.251.7.png,Point,much/little data/info,visualization,whole.visualization,whole,high_information_volume,increases,increases_complexity,visualization,whole.visualization,whole,high_information_volume,[+],Immediacy / Cognitive Load
v487_n7407_14_f4.png,Point,color contrast/clarity; labels/axes/legends; shapes and lines,colors,property.color,property,multiple_colors_present,increases_complexity_of,increases_complexity,chart,whole.visualization,whole,,[+],Aesthetics Uncertainty
v487_n7407_14_f4.png,Point,color contrast/clarity; labels/axes/legends; shapes and lines,axes,furniture.axes,furniture,axis_measurements_clear,reduces_ambiguity_in,reduces_ambiguity_in,chart,whole.visualization,whole,,[-],Semantics / Text Legibility
v487_n7407_14_f4.png,Point,color contrast/clarity; labels/axes/legends; shapes and lines,shapes,mark.shape,mark,shapes_aid_interpretation,simplifies_reading_of,simplifies_reading_of,chart,whole.visualization,whole,,[-],Visual Encoding Clarity
InfoVisJ.479.13.png,Point,distinguishable color variety/arrangement/distribution; much/little data/info,color_encoding,property.color,property,aids_readability,reduces_difficulty_of,reduces_difficulty_of,chart,whole.visualization,whole,,[+],Visual Encoding Clarity
InfoVisJ.479.13.png,Point,distinguishable color variety/arrangement/distribution; much/little data/info,data_content,content.data,content,high_information_volume,increases_cognitive_load_of,increases_effort,chart,whole.visualization,whole,,[+],Immediacy / Cognitive Load
vis639.png,Point,color variety/shading; distracting/confusing/unclear; unclear meaning/confusing,colors,property.color,property,multicolored_encoding,applied_to,applied_to,circles,mark.point,mark,random_collection_layout; meaning_unclear,[+],"Color, Symbol, and Texture Details"
vis639.png,Point,color variety/shading; distracting/confusing/unclear; unclear meaning/confusing,legend,furniture.legend,furniture,,fails_to_clarify,fails_to_clarify,circles,mark.point,mark,random_collection_layout; meaning_unclear,[+],Semantics / Text Legibility
vis639.png,Point,color variety/shading; distracting/confusing/unclear; unclear meaning/confusing,circles,mark.point,mark,random_collection_layout; meaning_unclear,lacks_clear_spatial_structure,lacks_clear_spatial_structure,circles,mark.point,mark,random_collection_layout; meaning_unclear,[+],Visual Encoding Clarity
VisJ.1431.19.png,Point,"domain-specific concepts (e.g., chemical, biology, map); easy/hard to interpret; scattered shapes (e.g., dots, squares, pictures); shapes and lines",data_points,mark.point,mark,scattered_distribution; dots_scattered_widely,scattered_across,distributed_across,layout,structure.layout,structure,hard_to_see_story,[+],Data Density / Image Clutter
VisJ.1431.19.png,Point,"domain-specific concepts (e.g., chemical, biology, map); easy/hard to interpret; scattered shapes (e.g., dots, squares, pictures); shapes and lines",shapes,mark.shape,mark,multiple_different_shapes,increases_encoding_complexity_of,increases_encoding_complexity_of,visualization,whole.visualization,whole,unfamiliar_visualization_type; never_seen_before; hard_to_make_sense,[+],Visual Encoding Clarity
VisJ.1431.19.png,Point,"domain-specific concepts (e.g., chemical, biology, map); easy/hard to interpret; scattered shapes (e.g., dots, squares, pictures); shapes and lines",visualization,whole.visualization,whole,unfamiliar_visualization_type; never_seen_before; hard_to_make_sense,requires_unfamiliar_schema_for,requires_unfamiliar_schema_for,layout,structure.layout,structure,hard_to_see_story,[+],Schema
VisC.375.2.png,Point,"color variety/shading; domain-specific concepts (e.g., chemical, biology, map); easy/hard to interpret; labels/axes/legends; more charts/points/lines/shapes/elements; overlapping shapes/colors/lines; shapes and lines",shape_encoding,property.encoding,property,shapes_represent_subsets,increases_interpretive_difficulty_of,increases_effort,data_points,mark.point,mark,dense_data_set; many_data_points,[+],Immediacy / Cognitive Load
VisC.375.2.png,Point,"color variety/shading; domain-specific concepts (e.g., chemical, biology, map); easy/hard to interpret; labels/axes/legends; more charts/points/lines/shapes/elements; overlapping shapes/colors/lines; shapes and lines",y_axis,furniture.axes,furniture,non_linear_scale,complicates_reading_of,complicates_reading_of,data_points,mark.point,mark,dense_data_set; many_data_points,[+],Schema
VisC.375.2.png,Point,"color variety/shading; domain-specific concepts (e.g., chemical, biology, map); easy/hard to interpret; labels/axes/legends; more charts/points/lines/shapes/elements; overlapping shapes/colors/lines; shapes and lines",color_encoding,property.color,property,different_colors_used,aids_differentiation_of,aids_differentiation_of,shape_encoding,property.encoding,property,shapes_represent_subsets,[-],"Color, Symbol, and Texture Details"
VisC.375.2.png,Point,"color variety/shading; domain-specific concepts (e.g., chemical, biology, map); easy/hard to interpret; labels/axes/legends; more charts/points/lines/shapes/elements; overlapping shapes/colors/lines; shapes and lines",legend,furniture.legend,furniture,adds_visual_complexity,required_to_decode,required_to_decode,shape_encoding,property.encoding,property,shapes_represent_subsets,[+],Immediacy / Cognitive Load
v488_n7410_20_f4.png,Point,easy/hard to interpret; labels/axes/legends,metrics,content.number,content,no_metrics_present,absence_increases_difficulty_of,absence_increases_difficulty_of,visualization,whole.visualization,whole,difficult_to_interpret,[+],Immediacy / Cognitive Load
VASTJ.1683.4(3).png,Point,easy/hard to interpret; ordered,layout,structure.layout,structure,ordered_arrangement,facilitates_comprehension_of,facilitates_comprehension_of,data_elements,content.data,content,understandable_content,[-],Aesthetics Uncertainty
VASTJ.1683.4(3).png,Point,easy/hard to interpret; ordered,layout,structure.layout,structure,ordered_arrangement,reduces_cognitive_load_of,reduces_cognitive_load_of,visualization,whole.visualization,whole,equally_difficult_to_parse,[-],Immediacy / Cognitive Load
v487_n7406_13_f2.png,Point,"2D/3D; abstract shapes or colors; color contrast/clarity; domain-specific concepts (e.g., chemical, biology, map); labels/axes/legends; much/little data/info; shapes and lines",legend,furniture.legend,furniture,legend_absent,absent_making_harder_to_interpret,absent_making_harder_to_interpret,colors,property.color,property,multiple_colors_used,[+],Immediacy / Cognitive Load
v487_n7406_13_f2.png,Point,"2D/3D; abstract shapes or colors; color contrast/clarity; domain-specific concepts (e.g., chemical, biology, map); labels/axes/legends; much/little data/info; shapes and lines",animal_shapes,mark.shape,mark,animal_shaped_marks,adds_visual_complexity_alongside,adds_visual_complexity_alongside,abstract_shapes,mark.shape,mark,abstract_visual_forms; high_detail_content,[+],Visual Encoding Clarity
v487_n7406_13_f2.png,Point,"2D/3D; abstract shapes or colors; color contrast/clarity; domain-specific concepts (e.g., chemical, biology, map); labels/axes/legends; much/little data/info; shapes and lines",lines,mark.line,mark,multiple_lines_present,increases_clutter_with,increases_clutter_with,dots,mark.point,mark,simple_point_markers,[+],Data Density / Image Clutter
v487_n7406_13_f2.png,Point,"2D/3D; abstract shapes or colors; color contrast/clarity; domain-specific concepts (e.g., chemical, biology, map); labels/axes/legends; much/little data/info; shapes and lines",3d_elements,mark.element,mark,three_dimensional_structure; increased_cognitive_load,contributes_more_information_than,contributes_more_information_than,dots,mark.point,mark,simple_point_markers,[+],Schema
VASTC.107.7.png,Point,"color variety/shading; domain-specific concepts (e.g., chemical, biology, map); labels/axes/legends; much/little data/info; shapes and lines",circles,mark.point,mark,multiple_circles_present,overlaid_on,overlaid_on,country_shapes,mark.shape,mark,recognizable_country_shapes; more_colors_used,[+],Aesthetics Uncertainty
VASTC.107.7.png,Point,"color variety/shading; domain-specific concepts (e.g., chemical, biology, map); labels/axes/legends; much/little data/info; shapes and lines",legend,furniture.legend,furniture,legend_adds_complexity,encodes_colors_of,encodes_colors_of,country_shapes,mark.shape,mark,recognizable_country_shapes; more_colors_used,[+],"Color, Symbol, and Texture Details"
VASTC.107.7.png,Point,"color variety/shading; domain-specific concepts (e.g., chemical, biology, map); labels/axes/legends; much/little data/info; shapes and lines",axes,furniture.axes,furniture,x_and_y_axes_present,adds_structure_to,adds_structure_to,map,whole.visualization,whole,familiar_map_format; more_distinct_areas; no_text_labels,[+],Immediacy / Cognitive Load
VASTC.107.7.png,Point,"color variety/shading; domain-specific concepts (e.g., chemical, biology, map); labels/axes/legends; much/little data/info; shapes and lines",dots,mark.point,mark,simple_dot_marks,simpler_than,simpler_than,circles,mark.point,mark,multiple_circles_present,[-],Visual Encoding Clarity
InfoVisJ.459.15.png,Point,easy/hard to interpret; inadequate/few coloring,color_scheme,property.color,property,limited_color_variety,contributes_to_difficulty_of,contributes_to_difficulty_of,text_content,text.label,text,not_immediately_interpretable,[+],Aesthetics Uncertainty
InfoVisJ.459.15.png,Point,easy/hard to interpret; inadequate/few coloring,text_content,text.label,text,not_immediately_interpretable,requires_extended_processing_in,requires_extended_processing_in,chart,whole.visualization,whole,,[+],Immediacy / Cognitive Load
v486_n7401_7_f1.png,Point,"domain-specific concepts (e.g., chemical, biology, map); much/little data/info",data_points,mark.point,mark,very_few_data_points,minimally_populates,minimally_populates,graph,whole.visualization,whole,basic_simple_structure; low_detail_overall,[-],Data Density / Image Clutter
v486_n7401_7_f1.png,Point,"domain-specific concepts (e.g., chemical, biology, map); much/little data/info",earth_geography,structure.region,structure,geographic_domain_context,provides_familiar_context_for,provides_familiar_context_for,graph,whole.visualization,whole,basic_simple_structure; low_detail_overall,[-],Immediacy / Cognitive Load
np_21.png,Point,"amount of words/context/numbers; clear text/scale/information; domain-specific concepts (e.g., chemical, biology, map); easy/hard to interpret; more charts/points/lines/shapes/elements; more labels/context; shape variation; word rotation/small font size",earth_image,whole.visualization,whole,pictorial_world_element,overlaid_with,overlaid_with,lines,mark.line,mark,,[+],Data Density / Image Clutter
np_21.png,Point,"amount of words/context/numbers; clear text/scale/information; domain-specific concepts (e.g., chemical, biology, map); easy/hard to interpret; more charts/points/lines/shapes/elements; more labels/context; shape variation; word rotation/small font size",text_labels,text.label,text,small_text_size; high_text_quantity; provides_context; text_aids_interpretation,accompanies,accompanies,earth_image,whole.visualization,whole,pictorial_world_element,[+],Aesthetics Uncertainty
np_21.png,Point,"amount of words/context/numbers; clear text/scale/information; domain-specific concepts (e.g., chemical, biology, map); easy/hard to interpret; more charts/points/lines/shapes/elements; more labels/context; shape variation; word rotation/small font size",lines,mark.line,mark,,connects,connects,shapes,mark.shape,mark,high_shape_variety,[+],Visual Encoding Clarity
np_21.png,Point,"amount of words/context/numbers; clear text/scale/information; domain-specific concepts (e.g., chemical, biology, map); easy/hard to interpret; more charts/points/lines/shapes/elements; more labels/context; shape variation; word rotation/small font size",hierarchy_structure,structure.hierarchy,structure,hierarchy_hard_to_parse,increases_cognitive_load_of,increases_effort,text_labels,text.label,text,small_text_size; high_text_quantity; provides_context; text_aids_interpretation,[+],Immediacy / Cognitive Load
np_21.png,Point,"amount of words/context/numbers; clear text/scale/information; domain-specific concepts (e.g., chemical, biology, map); easy/hard to interpret; more charts/points/lines/shapes/elements; more labels/context; shape variation; word rotation/small font size",text_labels,text.label,text,small_text_size; high_text_quantity; provides_context; text_aids_interpretation,provides_information_for,provides_information_for,hierarchy_structure,structure.hierarchy,structure,hierarchy_hard_to_parse,[-],Semantics / Text Legibility
InfoVisJ.349.10.png,Point,color variety/shading; more charts/points/lines/shapes/elements; more parameters/variables,shapes,mark.shape,mark,excessive_shape_variety,increases_visual_clutter,increases_visual_clutter,colors,property.color,property,excessive_color_count,[+],Aesthetics Uncertainty
InfoVisJ.349.10.png,Point,color variety/shading; more charts/points/lines/shapes/elements; more parameters/variables,variables,content.data,content,too_many_variables,raises_cognitive_load,raises_cognitive_load,shapes,mark.shape,mark,excessive_shape_variety,[+],Immediacy / Cognitive Load
InfoVisJ.349.10.png,Point,color variety/shading; more charts/points/lines/shapes/elements; more parameters/variables,colors,property.color,property,excessive_color_count,encodes_multiple,encodes_multiple,variables,content.data,content,too_many_variables,[+],"Color, Symbol, and Texture Details"
v490_n7419_13_f3.png,Point,2D/3D; easy/hard to interpret,data_area,structure.region,structure,uncluttered_layout,reduces_cognitive_load_of,reduces_cognitive_load_of,chart,whole.visualization,whole,low_visual_clutter; easy_information_intake,[-],Immediacy / Cognitive Load
InfoVisJ.1032.5.png,Point,2D/3D; color variety/shading; shape position; unclear meaning/confusing,data_points,mark.point,mark,varied_point_positions,scattered_across,distributed_across,grid,structure.grid,structure,complex_grid_layout,[+],Aesthetics Uncertainty
InfoVisJ.1032.5.png,Point,2D/3D; color variety/shading; shape position; unclear meaning/confusing,color_encoding,property.color,property,multiple_colors_used,encodes_variation_in,encodes_variation_in,data_points,mark.point,mark,varied_point_positions,[+],"Color, Symbol, and Texture Details"
InfoVisJ.1032.5.png,Point,2D/3D; color variety/shading; shape position; unclear meaning/confusing,y_axis,furniture.axes,furniture,variable_hard_to_interpret,increases_cognitive_load_for,increases_effort,data_points,mark.point,mark,varied_point_positions,[+],Immediacy / Cognitive Load
InfoVisJ.629.8.png,Point,color contrast/clarity; labels/axes/legends; shapes and lines,circle,mark.point,mark,circular_mark_present,contributes_to,contributes_to,shape,mark.shape,mark,complex_graphical_form,[+],Aesthetics Uncertainty
InfoVisJ.629.8.png,Point,color contrast/clarity; labels/axes/legends; shapes and lines,axes,furniture.axes,furniture,multiple_axes_four_or_five,increases_cognitive_load_via,increases_cognitive_load_via,y_axis,furniture.axes,furniture,additional_y_dimension,[+],Immediacy / Cognitive Load
InfoVisJ.629.8.png,Point,color contrast/clarity; labels/axes/legends; shapes and lines,color,property.color,property,color_encoding_used,encodes_data_in,encodes_data_in,circle,mark.point,mark,circular_mark_present,[+],"Color, Symbol, and Texture Details"
v488_n7412_8_f1.png,Point,"domain-specific concepts (e.g., chemical, biology, map); labels/axes/legends",labels,text.label,text,aids_interpretation,reduces_ambiguity_of,reduces_ambiguity_of,map,whole.visualization,whole,recognizable_visual_schema,[-],Semantics / Text Legibility
v488_n7412_8_f1.png,Point,"domain-specific concepts (e.g., chemical, biology, map); labels/axes/legends",pacific_ocean,structure.region,structure,familiar_geographic_region,provides_familiar_context_for,provides_familiar_context_for,map,whole.visualization,whole,recognizable_visual_schema,[-],Immediacy / Cognitive Load
v490_n7419_7_f3.png,Point,labels/axes/legends; more charts/points/lines/shapes/elements,graph_panel_left,whole.visualization,whole,one_of_two_panels,paired_with,paired_with,graph_panel_right,whole.visualization,whole,one_of_two_panels,[+],Data Density / Image Clutter
v490_n7419_7_f3.png,Point,labels/axes/legends; more charts/points/lines/shapes/elements,axes,furniture.axes,furniture,four_axes_present,spans_across,spans_across,graph_panel_left,whole.visualization,whole,one_of_two_panels,[+],Visual Encoding Clarity
v490_n7419_7_f3.png,Point,labels/axes/legends; more charts/points/lines/shapes/elements,axes,furniture.axes,furniture,four_axes_present,spans_across,spans_across,graph_panel_right,whole.visualization,whole,one_of_two_panels,[+],Visual Encoding Clarity
v490_n7419_7_f3.png,Point,labels/axes/legends; more charts/points/lines/shapes/elements,legend,furniture.legend,furniture,no_legend_provided,absent_from,absent_from,graph_panel_left,whole.visualization,whole,one_of_two_panels,[+],Immediacy / Cognitive Load
VisC.501.7(2).png,Point,"color variety/shading; domain-specific concepts (e.g., chemical, biology, map); much/little data/info; symbols",color_scheme,property.color,property,many_different_colors; no_clear_color_scheme,increases_clutter_in,increases_clutter_in,chart,whole.visualization,whole,,[+],Aesthetics Uncertainty
VisC.501.7(2).png,Point,"color variety/shading; domain-specific concepts (e.g., chemical, biology, map); much/little data/info; symbols",details,content.detail,content,high_detail_density,raises_cognitive_load_of,raises_cognitive_load_of,chart,whole.visualization,whole,,[+],Immediacy / Cognitive Load
v485_n7396_14_f4.png,Point,easy/hard to interpret; much/little data/info; shape point of interest; take longer to interpret,data_elements,content.data,content,fine_detail_present; multiple_precise_components,contributes_to_intricacy_of,contributes_to_intricacy_of,chart,whole.visualization,whole,highly_involved_composition,[+],Aesthetics Uncertainty
v485_n7396_14_f4.png,Point,easy/hard to interpret; much/little data/info; shape point of interest; take longer to interpret,visual_marks,mark.element,mark,intricate_visual_structure,requires_careful_interpretation_in,requires_careful_interpretation_in,chart,whole.visualization,whole,highly_involved_composition,[+],Immediacy / Cognitive Load
v485_n7396_14_f4.png,Point,easy/hard to interpret; much/little data/info; shape point of interest; take longer to interpret,annotations,text.annotation,text,precise_aspect_labeling,adds_precision_detail_to,adds_precision_detail_to,chart,whole.visualization,whole,highly_involved_composition,[+],Semantics / Text Legibility
SciVisJ.1580.11(2).png,Point,2D/3D; easy/hard to interpret; shapes and lines,left_image,structure.panel,structure,easy_to_decipher,contains,contains,zoom_area,mark.area,mark,zoomed_in_region,[-],Data Density / Image Clutter
SciVisJ.1580.11(2).png,Point,2D/3D; easy/hard to interpret; shapes and lines,zoom_area,mark.area,mark,zoomed_in_region,annotated_by,annotated_by,measurement_bar,mark.bar,mark,simple_measurement_indicator,[-],Semantics / Text Legibility
SciVisJ.1580.11(2).png,Point,2D/3D; easy/hard to interpret; shapes and lines,overall_image,whole.visualization,whole,clear_at_a_glance; requires_prior_context,interpretable_only_with,interpretable_only_with,overall_image,whole.visualization,whole,clear_at_a_glance; requires_prior_context,[+],Schema
economist_daily_chart_208.png,Point,amount of words/context/numbers; color variety/shading; shapes and lines,chart_shapes,whole.visualization,whole,multiple_shape_types,increases_visual_load_with,increases_visual_load_with,color_encoding,property.color,property,multiple_colors_used,[+],Aesthetics Uncertainty
economist_daily_chart_208.png,Point,amount of words/context/numbers; color variety/shading; shapes and lines,text_labels,text.label,text,high_text_density,accompanies,accompanies,numbers,content.number,content,numerous_numeric_values,[+],Semantics / Text Legibility
economist_daily_chart_208.png,Point,amount of words/context/numbers; color variety/shading; shapes and lines,color_encoding,property.color,property,multiple_colors_used,differentiates,differentiates,chart_shapes,whole.visualization,whole,multiple_shape_types,[+],"Color, Symbol, and Texture Details"
v485_n7397_5_f1.png,Point,"distracting/confusing/unclear; domain-specific concepts (e.g., chemical, biology, map); word rotation/small font size",chart,whole.visualization,whole,small_visual_size,lacks_clear,lacks_clear,pattern,structure.pattern,structure,no_discernible_pattern,[+],Immediacy / Cognitive Load
v485_n7397_5_f1.png,Point,"distracting/confusing/unclear; domain-specific concepts (e.g., chemical, biology, map); word rotation/small font size",data_elements,content.data,content,unclear_encoding,rendered_with_reduced,rendered_with_reduced,chart,whole.visualization,whole,small_visual_size,[+],Visual Encoding Clarity
SciVisJ.561.7.png,Point,"domain-specific concepts (e.g., chemical, biology, map); overlapping shapes/colors/lines",layout,structure.layout,structure,unfamiliar_design,increases_cognitive_load_of,increases_effort,chart,whole.visualization,whole,visually_cluttered,[+],Immediacy / Cognitive Load
v485_n7400_14_f2.png,Point,more charts/points/lines/shapes/elements; word rotation/small font size,shapes,mark.shape,mark,too_many_shapes,contributes_to_clutter_in,contributes_to_clutter_in,chart,whole.visualization,whole,too_many_elements,[+],Aesthetics Uncertainty
v485_n7400_14_f2.png,Point,more charts/points/lines/shapes/elements; word rotation/small font size,text_labels,text.label,text,small_text_size,increases_cognitive_load_in,increases_cognitive_load_in,chart,whole.visualization,whole,too_many_elements,[+],Immediacy / Cognitive Load
economist_daily_chart_372.png,Point,color variety/shading; distracting/confusing/unclear,entities,content.data,content,multiple_entity_types,encoded_with,encoded_with,shapes,mark.shape,mark,multiple_unique_shapes,[+],Visual Encoding Clarity
economist_daily_chart_372.png,Point,color variety/shading; distracting/confusing/unclear,entities,content.data,content,multiple_entity_types,encoded_with,encoded_with,colors,property.color,property,multiple_unique_colors,[+],"Color, Symbol, and Texture Details"
economist_daily_chart_372.png,Point,color variety/shading; distracting/confusing/unclear,labels,text.label,text,numbers_on_entities,annotates,describes,entities,content.data,content,multiple_entity_types,[+],Semantics / Text Legibility
economist_daily_chart_372.png,Point,color variety/shading; distracting/confusing/unclear,entities,content.data,content,multiple_entity_types,contributes_to_clutter_in,contributes_to_clutter_in,chart,whole.visualization,whole,disorganised_layout,[+],Aesthetics Uncertainty
InfoVisJ.599.10(2).png,Point,color variety/shading,data_elements,content.data,content,high_element_count,increases_clutter_in,increases_clutter_in,chart,whole.visualization,whole,generally_complex_layout,[+],Data Density / Image Clutter
InfoVisJ.599.10(2).png,Point,color variety/shading,color_encoding,property.color,property,many_colors_used,encodes_multiple_parameters_of,encodes_multiple_parameters_of,data_elements,content.data,content,high_element_count,[+],"Color, Symbol, and Texture Details"
InfoVisJ.599.10(2).png,Point,color variety/shading,parameters,content.data,content,multiple_parameters_present,raises_cognitive_load_of,raises_cognitive_load_of,chart,whole.visualization,whole,generally_complex_layout,[+],Immediacy / Cognitive Load
VASTJ.51.7.png,Point,easy/hard to interpret; take longer to interpret,visualization,whole.visualization,whole,initially_visually_attractive; invites_deeper_analysis,requires_extended_time_to_understand,requires_extended_time_to_understand,presentation_logic,structure.layout,structure,high_cognitive_load_to_decode; complex_presentation_logic,[+],Immediacy / Cognitive Load
VASTJ.51.7.png,Point,easy/hard to interpret; take longer to interpret,visualization,whole.visualization,whole,initially_visually_attractive; invites_deeper_analysis,obscures_key_takeaway_within,obscures_key_takeaway_within,key_patterns,structure.pattern,structure,difficult_signal_noise_separation,[+],Immediacy / Cognitive Load
VASTJ.51.7.png,Point,easy/hard to interpret; take longer to interpret,information_content,content.data,content,high_information_processing_effort,demands_effort_to_extract_from,demands_effort_to_extract_from,key_patterns,structure.pattern,structure,difficult_signal_noise_separation,[+],Data Density / Image Clutter
wsj200.png,Point,take longer to interpret,data_elements,content.data,content,high_information_volume; information_spread_across_image,spreads_across,distributed_across,chart,whole.visualization,whole,requires_contextual_evaluation; difficult_data_interpretation,[+],Data Density / Image Clutter
wsj200.png,Point,take longer to interpret,chart,whole.visualization,whole,requires_contextual_evaluation; difficult_data_interpretation,demands_extended,demands_extended,axes,furniture.axes,furniture,,[+],Immediacy / Cognitive Load
wsj200.png,Point,take longer to interpret,labels,text.label,text,moderate_text_density,aids_interpretation_of,aids_interpretation,data_elements,content.data,content,high_information_volume; information_spread_across_image,[-],Semantics / Text Legibility
VASTJ.1612.1(3).png,Text,easy/hard to interpret; overlapping shapes/colors/lines,data_elements,content.data,content,many_elements_intermingled,contributes_to_difficulty_of,contributes_to_difficulty_of,chart,whole.visualization,whole,difficult_to_understand,[+],Aesthetics Uncertainty
InfoVisJ.1169.5(2).png,Text,amount of words/context/numbers; more charts/points/lines/shapes/elements; shapes and lines,lines,mark.line,mark,too_many_lines; difficult_to_trace_paths,overwhelms,overwhelms,chart,whole.visualization,whole,high_visual_clutter,[+],Immediacy / Cognitive Load
InfoVisJ.1169.5(2).png,Text,amount of words/context/numbers; more charts/points/lines/shapes/elements; shapes and lines,text_labels,text.label,text,text_word_present,labels,describes,lines,mark.line,mark,too_many_lines; difficult_to_trace_paths,[+],Semantics / Text Legibility
InfoVisJ.1169.5(2).png,Text,amount of words/context/numbers; more charts/points/lines/shapes/elements; shapes and lines,lines,mark.line,mark,too_many_lines; difficult_to_trace_paths,obscures_destination_of,obscures_destination_of,chart,whole.visualization,whole,high_visual_clutter,[+],Visual Encoding Clarity
InfoVisJ.621.2.png,Text,labels/axes/legends; more charts/points/lines/shapes/elements,link,structure.link,structure,single_link_present,contributes_to,contributes_to,chart,whole.visualization,whole,only_two_elements,[-],Data Density / Image Clutter
InfoVisJ.621.2.png,Text,labels/axes/legends; more charts/points/lines/shapes/elements,title,text.title,text,title_present,labels,describes,chart,whole.visualization,whole,only_two_elements,[-],Semantics / Text Legibility
InfoVisJ.2412.17(2).png,Text,take longer to interpret,visualization,whole.visualization,whole,,requires_reading_to_understand,requires_reading_to_understand,text_items,text.label,text,requires_reading_each_item; high_reading_demand,[+],Immediacy / Cognitive Load
VASTJ.1763.6.png,Text,color variety/shading; easy/hard to interpret,color_encoding,property.color,property,high_color_variety,increases_cognitive_load_of,increases_effort,visualization,whole.visualization,whole,,[+],Immediacy / Cognitive Load
VASTJ.1763.6.png,Text,color variety/shading; easy/hard to interpret,text_labels,text.label,text,hard_to_read,contributes_to_clutter_in,contributes_to_clutter_in,visualization,whole.visualization,whole,,[+],Aesthetics Uncertainty
InfoVisJ.953.10.png,Text,"domain-specific concepts (e.g., chemical, biology, map); easy/hard to interpret; two colors; unclear meaning/confusing",color_encoding,property.color,property,only_two_colors_used,reduces_complexity_of,simplifies,chart,whole.visualization,whole,easier_to_process,[-],"Color, Symbol, and Texture Details"
InfoVisJ.953.10.png,Text,"domain-specific concepts (e.g., chemical, biology, map); easy/hard to interpret; two colors; unclear meaning/confusing",country_labels,text.label,text,country_names_labeled,aids_interpretation_of,aids_interpretation,chart,whole.visualization,whole,easier_to_process,[-],Semantics / Text Legibility
InfoVisJ.953.10.png,Text,"domain-specific concepts (e.g., chemical, biology, map); easy/hard to interpret; two colors; unclear meaning/confusing",indicators,mark.symbol,mark,clear_indications_present,supports_readability_of,aids_interpretation,chart,whole.visualization,whole,easier_to_process,[-],Immediacy / Cognitive Load
InfoVisJ.1190.8.png,Text,color contrast/clarity; easy/hard to interpret; labels/axes/legends; more labels/context; word rotation/small font size,word_cloud,whole.visualization,whole,dense_word_mixture; rotated_word_orientations,causes_high_cognitive_load,causes_high_cognitive_load,text_labels,text.label,text,difficult_to_read; varying_word_sizes,[+],Immediacy / Cognitive Load
InfoVisJ.1190.8.png,Text,color contrast/clarity; easy/hard to interpret; labels/axes/legends; more labels/context; word rotation/small font size,font_styling,property.font_style,property,no_font_differentiation,contributes_to_clutter_in,contributes_to_clutter_in,word_cloud,whole.visualization,whole,dense_word_mixture; rotated_word_orientations,[+],Aesthetics Uncertainty
InfoVisJ.1190.8.png,Text,color contrast/clarity; easy/hard to interpret; labels/axes/legends; more labels/context; word rotation/small font size,color_scheme,property.color,property,no_color_difference,reduces_distinguishability_in,reduces_distinguishability_in,text_labels,text.label,text,difficult_to_read; varying_word_sizes,[+],"Color, Symbol, and Texture Details"
InfoVisJ.2556.8.png,Text,"domain-specific concepts (e.g., chemical, biology, map); easy/hard to interpret; labels/axes/legends; overlapping shapes/colors/lines",text_labels,text.label,text,many_text_elements; squeezed_dense_writing,increases_clutter_on,increases_clutter_on,map,whole.visualization,whole,simple_map_structure,[+],Data Density / Image Clutter
InfoVisJ.2556.8.png,Text,"domain-specific concepts (e.g., chemical, biology, map); easy/hard to interpret; labels/axes/legends; overlapping shapes/colors/lines",map,whole.visualization,whole,simple_map_structure,supports_easy_interpretation_despite,supports_easy_interpretation_despite,text_labels,text.label,text,many_text_elements; squeezed_dense_writing,[-],Immediacy / Cognitive Load
MorphableWordClouds5.png,Text,"amount of words/context/numbers; domain-specific concepts (e.g., chemical, biology, map); word rotation/small font size",large_words,text.label,text,larger_size_encodes_higher_frequency,encodes_higher_frequency_than,encodes_higher_frequency_than,small_words,text.label,text,smaller_size_encodes_lower_frequency,[-],Visual Encoding Clarity
MorphableWordClouds5.png,Text,"amount of words/context/numbers; domain-specific concepts (e.g., chemical, biology, map); word rotation/small font size",word_cloud,whole.visualization,whole,shows_word_frequency,communicates_frequency_via,communicates_frequency_via,word_frequency,content.data,content,frequency_directly_readable,[-],Immediacy / Cognitive Load
MorphableWordClouds8.png,Text,amount of words/context/numbers; distracting/confusing/unclear; easy/hard to interpret; much/little data/info; understand/read shapes,text_labels,text.label,text,high_density_writing; inconsistent_text_arrangement,clutters,clutters,shape_outline,mark.shape,mark,hard_to_read_shape,[+],Data Density / Image Clutter
MorphableWordClouds8.png,Text,amount of words/context/numbers; distracting/confusing/unclear; easy/hard to interpret; much/little data/info; understand/read shapes,shape_outline,mark.shape,mark,hard_to_read_shape,obscured_by,obscured_by,text_labels,text.label,text,high_density_writing; inconsistent_text_arrangement,[+],Visual Encoding Clarity
MorphableWordClouds8.png,Text,amount of words/context/numbers; distracting/confusing/unclear; easy/hard to interpret; much/little data/info; understand/read shapes,text_labels,text.label,text,high_density_writing; inconsistent_text_arrangement,lacks_consistency_with,lacks_consistency_with,shape_outline,mark.shape,mark,hard_to_read_shape,[+],Aesthetics Uncertainty
InfoVisJ.2556.10.png,Text,"color contrast/clarity; distracting/confusing/unclear; domain-specific concepts (e.g., chemical, biology, map); easy/hard to interpret; unclear meaning/confusing",color_encoding,property.color,property,totally_arbitrary_color_application,increases_confusion_in,increases_confusion_in,layout,structure.layout,structure,no_regularity_in_design; messy_and_confusing,[+],Immediacy / Cognitive Load
InfoVisJ.2556.10.png,Text,"color contrast/clarity; distracting/confusing/unclear; domain-specific concepts (e.g., chemical, biology, map); easy/hard to interpret; unclear meaning/confusing",empty_spaces,structure.background,structure,irregular_empty_spaces,contributes_to_irregularity_of,contributes_to_irregularity_of,layout,structure.layout,structure,no_regularity_in_design; messy_and_confusing,[+],Aesthetics Uncertainty
InfoVisJ.2556.10.png,Text,"color contrast/clarity; distracting/confusing/unclear; domain-specific concepts (e.g., chemical, biology, map); easy/hard to interpret; unclear meaning/confusing",data_elements,content.data,content,no_clear_visual_cutoff_points,lacks_clear_boundaries_within,lacks_clear_boundaries_within,layout,structure.layout,structure,no_regularity_in_design; messy_and_confusing,[+],Visual Encoding Clarity
VASTC.91.5(1).png,Text,"color contrast/clarity; domain-specific concepts (e.g., chemical, biology, map); much/little data/info; shape position; unclear meaning/confusing; word rotation/small font size",heat_graph,whole.visualization,whole,dense_data_encoding; complex_grid_structure,combined_with,combined_with,map_graph,whole.visualization,whole,spatial_complexity; requires_geographic_knowledge,[+],Data Density / Image Clutter
VASTC.91.5(1).png,Text,"color contrast/clarity; domain-specific concepts (e.g., chemical, biology, map); much/little data/info; shape position; unclear meaning/confusing; word rotation/small font size",color_scheme,property.color,property,varied_color_wording; multiple_colors_used,applied_to,applied_to,text_labels,text.label,text,complex_letter_structure; many_words_selected,[+],"Color, Symbol, and Texture Details"
VASTC.91.5(1).png,Text,"color contrast/clarity; domain-specific concepts (e.g., chemical, biology, map); much/little data/info; shape position; unclear meaning/confusing; word rotation/small font size",layout_position,structure.layout,structure,complex_element_positioning,increases_cognitive_load_of,increases_effort,heat_graph,whole.visualization,whole,dense_data_encoding; complex_grid_structure,[+],Immediacy / Cognitive Load
VASTC.91.5(1).png,Text,"color contrast/clarity; domain-specific concepts (e.g., chemical, biology, map); much/little data/info; shape position; unclear meaning/confusing; word rotation/small font size",heat_graph,whole.visualization,whole,dense_data_encoding; complex_grid_structure,contributes_to,contributes_to,layout_position,structure.layout,structure,complex_element_positioning,[+],Aesthetics Uncertainty
MorphableWordClouds12.png,Text,easy/hard to interpret; word rotation/small font size,words,text.label,text,non_linear_word_order,arranged_in_complex_order,arranged_in_complex_order,word_cloud,whole.visualization,whole,difficult_to_interpret,[+],Data Density / Image Clutter
InfoVisJ.1137.1.png,Text,easy/hard to interpret; labels/axes/legends,text_labels,text.label,text,words_visible,aids_interpretation_of,aids_interpretation,visualization,whole.visualization,whole,easier_to_understand,[-],Immediacy / Cognitive Load
InfoVisJ.2556.10(2).png,Text,clear text arrangement/density; distracting/confusing/unclear; easy/hard to interpret,text_elements,text.label,text,high_text_density,increases_cognitive_load_of,increases_effort,chart,whole.visualization,whole,hard_to_understand,[+],Immediacy / Cognitive Load
InfoVisJ.2556.10(2).png,Text,clear text arrangement/density; distracting/confusing/unclear; easy/hard to interpret,layout_structure,structure.layout,structure,illogical_organization,undermines_clarity_of,undermines_clarity_of,chart,whole.visualization,whole,hard_to_understand,[+],Visual Encoding Clarity
VASTC.59.11(2).png,Text,easy/hard to interpret; word rotation/small font size,text_labels,text.label,text,unreadable_text; wording_too_small,increases_cognitive_load_of,increases_effort,chart,whole.visualization,whole,,[+],Immediacy / Cognitive Load
InfoVisJ.621.8.png,Text,"amount of words/context/numbers; domain-specific concepts (e.g., chemical, biology, map); easy/hard to interpret",text_labels,text.label,text,multiple_words_present; words_easier_to_understand,aids_interpretation_of,aids_interpretation,football_imagery,content.domain,content,familiar_domain_context; football_theme_recognizable,[-],Immediacy / Cognitive Load
InfoVisJ.621.8.png,Text,"amount of words/context/numbers; domain-specific concepts (e.g., chemical, biology, map); easy/hard to interpret",football_imagery,content.domain,content,familiar_domain_context; football_theme_recognizable,reduces_complexity_via,reduces_complexity_via,text_labels,text.label,text,multiple_words_present; words_easier_to_understand,[-],Schema
InfoVisJ.691.6(3).png,Text,much/little data/info; simple visual elements,visualization,whole.visualization,whole,no_complex_elements; simplistic_design,requires_minimal,requires_minimal,visualization,whole.visualization,whole,no_complex_elements; simplistic_design,[-],Immediacy / Cognitive Load
InfoVisJ.647.8(2).png,Text,more charts/points/lines/shapes/elements; much/little data/info,details,content.detail,content,small_fine_details,increases_cognitive_effort_in,increases_cognitive_effort_in,shapes,mark.shape,mark,high_number_of_shapes; shape_variety_aids_reading,[+],Immediacy / Cognitive Load
VASTC.91.5.png,Text,color variety/shading; shapes and lines,shapes,mark.shape,mark,multiple_distinct_shapes,encoded_with,encoded_with,colors,property.color,property,high_color_variety,[+],Data Density / Image Clutter
MorphableWordClouds20.png,Text,"amount of words/context/numbers; domain-specific concepts (e.g., chemical, biology, map)",word_cloud,whole.visualization,whole,multiple_words_present,perceived_as_more_complex_than,perceived_as_more_complex_than,weight_graph,whole.visualization,whole,simplifies_structure,[+],Immediacy / Cognitive Load
InfoVisJ.2412.16(2).png,Text,amount of words/context/numbers; easy/hard to interpret; monochrome,word_frequency,content.data,content,encodes_word_frequency,reduces_clutter_via,reduces_clutter_via,color_scheme,property.color,property,monochrome_palette,[-],Aesthetics Uncertainty
InfoVisJ.2412.16(2).png,Text,amount of words/context/numbers; easy/hard to interpret; monochrome,word_cloud,whole.visualization,whole,clearly_visible_at_glance,communicates_quickly,communicates_quickly,word_frequency,content.data,content,encodes_word_frequency,[-],Immediacy / Cognitive Load
InfoVisJ.621.3.png,Text,amount of words/context/numbers; word rotation/small font size,words,text.label,text,high_word_count; large_word_size,densely_packed_in,densely_packed_in,columns,mark.bar,mark,,[+],Data Density / Image Clutter
CiteRivers5(1).png,Text,color contrast/clarity,color_bands,mark.color_segment,mark,distinct_color_separation,reduces_clutter_in,reduces_clutter_in,chart,whole.visualization,whole,,[-],Aesthetics Uncertainty
InfoVisJ.1169.1.png,Text,much/little data/info; shapes and lines,visualization,whole.visualization,whole,large_overall_size,contains_dense,contains_dense,data_content,content.data,content,high_information_volume,[+],Data Density / Image Clutter
VASTJ.220.1(2).png,Text,color variety/shading; distracting/confusing/unclear; unclear meaning/confusing; word rotation/small font size,letters,text.label,text,variable_letter_size; color_variation_present,varies_in_size_across,varies_in_size_across,text_display,text.label,text,,[+],Visual Encoding Clarity
VASTJ.220.1(2).png,Text,color variety/shading; distracting/confusing/unclear; unclear meaning/confusing; word rotation/small font size,words,text.label,text,differing_word_meanings,differ_semantically_within,differ_semantically_within,text_display,text.label,text,,[+],Semantics / Text Legibility
VASTJ.220.1(2).png,Text,color variety/shading; distracting/confusing/unclear; unclear meaning/confusing; word rotation/small font size,calligraphy,property.font_style,property,ugly_irregular_calligraphy,increases_clutter_in,increases_clutter_in,text_display,text.label,text,,[+],Aesthetics Uncertainty
VASTJ.250.13.png,Text,amount of words/context/numbers,text_labels,text.label,text,high_word_count,increases,increases_complexity,text_labels,text.label,text,high_word_count,[+],Semantics / Text Legibility
InfoVisJ.2546.1.png,Text,amount of words/context/numbers; more charts/points/lines/shapes/elements; word rotation/small font size,text_labels,text.label,text,high_word_and_letter_count,rendered_in,rendered_in,font,property.font_style,property,varying_font_sizes,[+],Semantics / Text Legibility
InfoVisJ.2546.1.png,Text,amount of words/context/numbers; more charts/points/lines/shapes/elements; word rotation/small font size,divisions,structure.grid,structure,too_many_divisions,increases_clutter_via,increases_clutter_via,text_labels,text.label,text,high_word_and_letter_count,[+],Aesthetics Uncertainty
MorphableWordClouds13.png,Text,word rotation/small font size,words,text.label,text,varied_word_sizes,affects_readability_of,affects_readability_of,word_cloud,whole.visualization,whole,low_readability,[+],Immediacy / Cognitive Load
VASTC.51.10.png,Text,much/little data/info; shapes and lines,graphics,whole.visualization,whole,large_graphic_size,contributes_to_clutter_in,contributes_to_clutter_in,chart,whole.visualization,whole,high_information_volume,[+],Aesthetics Uncertainty
InfoVisC.24.3(2).png,Text,"amount of words/context/numbers; domain-specific concepts (e.g., chemical, biology, map); easy/hard to interpret",code_block,structure.panel,structure,programming_syntax_present; increases_interpretive_difficulty,requires_domain_knowledge,requires_expertise,text_content,text.label,text,primarily_text_based; just_text_present,[+],Schema
InfoVisC.24.3(2).png,Text,"amount of words/context/numbers; domain-specific concepts (e.g., chemical, biology, map); easy/hard to interpret",text_content,text.label,text,primarily_text_based; just_text_present,reduces_visual_clutter,reduces_visual_clutter,code_block,structure.panel,structure,programming_syntax_present; increases_interpretive_difficulty,[-],Aesthetics Uncertainty
InfoVisJ.2556.9.png,Text,"domain-specific concepts (e.g., chemical, biology, map); labels/axes/legends",title,text.title,text,purpose_clearly_stated,reduces_ambiguity_of,reduces_ambiguity_of,chart,whole.visualization,whole,immediately_recognizable_form,[-],Immediacy / Cognitive Load
InfoVisJ.2556.9.png,Text,"domain-specific concepts (e.g., chemical, biology, map); labels/axes/legends",labels,text.label,text,clear_and_legible,supports_interpretation_of,supports_interpretation_of,chart,whole.visualization,whole,immediately_recognizable_form,[-],Visual Encoding Clarity
VASTJ.1612.1.png,Text,easy/hard to interpret; two colors; unclear meaning/confusing,text_labels,text.label,text,words_difficult_to_see; low_legibility,contributes_to,contributes_to,color_encoding,property.color,property,two_distinct_colors,[+],Immediacy / Cognitive Load
VASTJ.1612.1.png,Text,easy/hard to interpret; two colors; unclear meaning/confusing,color_encoding,property.color,property,two_distinct_colors,makes_harder_to_read,makes_harder_to_read,text_labels,text.label,text,words_difficult_to_see; low_legibility,[+],Visual Encoding Clarity
MorphableWordClouds7.png,Text,easy/hard to interpret,color_scheme,property.color,property,complex_color_scheme,increases_complexity_of,increases_complexity,word_cloud,whole.visualization,whole,,[+],"Color, Symbol, and Texture Details"
MorphableWordClouds7.png,Text,easy/hard to interpret,layout,structure.layout,structure,non_linear_arrangement; asymmetrical_layout,contributes_disorder_to,contributes_disorder_to,word_cloud,whole.visualization,whole,,[+],Aesthetics Uncertainty
InfoVisJ.2546.10.png,Text,amount of words/context/numbers; easy/hard to interpret; take longer to interpret,text_labels,text.label,text,high_reading_demand,increases_reading_load_of,increases_reading_load_of,chart,whole.visualization,whole,easily_understandable_information; quickly_interpretable_content,[+],Semantics / Text Legibility
InfoVisJ.2546.10.png,Text,amount of words/context/numbers; easy/hard to interpret; take longer to interpret,data_area,structure.region,structure,,supports_quick_understanding_of,supports_quick_understanding_of,chart,whole.visualization,whole,easily_understandable_information; quickly_interpretable_content,[-],Immediacy / Cognitive Load
VASTJ.1612.1(4).png,Text,color contrast/clarity; easy/hard to interpret; word rotation/small font size,color_encoding,property.color,property,unclear_color_meaning,increases_cognitive_load_of,increases_effort,chart,whole.visualization,whole,,[+],Immediacy / Cognitive Load
VASTJ.1612.1(4).png,Text,color contrast/clarity; easy/hard to interpret; word rotation/small font size,text_labels,text.label,text,small_text_size; difficult_to_read_words,reduces_legibility_within,reduces_legibility_within,chart,whole.visualization,whole,,[+],Semantics / Text Legibility
VASTJ.1612.1(4).png,Text,color contrast/clarity; easy/hard to interpret; word rotation/small font size,vertical_layout,structure.layout,structure,vertical_orientation,contributes_to_clutter_of,contributes_to_clutter_of,chart,whole.visualization,whole,,[+],Aesthetics Uncertainty
