raw_name,synset,category,source,n_images,example_images,example_raw_comments,example_llm_input,example_sentiments,example_finalPhrases
categorization_scheme,content.category,content,extended,1,VisJ.1595.7.png,"I'm unable to sort these as I can't understand them, it feels like the colours along with the shape it categorised in a certain way that I can't identify",shapes categorized in a certain way; unable to sort; the colors; can't identify; can't understand them,(+); (+); (+); (+); (+),color contrast/clarity; distracting/confusing/unclear; easy/hard to interpret; shapes and lines
crop_type,content.category,content,extended,1,wsj226.png,much more detailed. It shows me how much crop each country/region produces and how that changed over one year.,how that changed over one year; shows crop each country/region produces,(+); (+),shapes and lines
groups,content.category,content,extended,1,np_11.png,"There is a lot of information to understand, there information is divided in more group, there are multiple area of interests; Multiple elements, includes text and image, in different sizes, and different colours, lots of information; Num of objects/words, how objects spread over the whole picture; too many things; Sports; The one to the right where I know they are talking about the total value of Forbes 50 most valuable sports team in 20112.",Forbes companies; sports team; too many things; Multiple elements; lots of information; different sizes; text; different colors; Num of objects/words; how objects spread; words; a lot of information; more groups; multipe areas of interests,(-); (-); (+); (+); (+); (+); (+); (-); (-); (-); (-); (+); (+); (+),"amount of words/context/numbers; color variety/shading; domain-specific concepts (e.g., chemical, biology, map); more charts/points/lines/shapes/elements; much/little data/info; shapes and lines"
time_period,content.category,content,extended,1,wsj226.png,much more detailed. It shows me how much crop each country/region produces and how that changed over one year.,how that changed over one year; shows crop each country/region produces,(+); (+),shapes and lines
content,content.data,content,extended,2,SciVisJ.975.7.png | VisC.199.5.png,"nan || more easily understood, less time consuming, make sense.",meaningless; complexity; unknow || less time consuming; make sense.; more easily understood,(+); ?; (+) || (-); ?; (-),distracting/confusing/unclear || easy/hard to interpret
copies,content.data,content,extended,1,VisC.297.4.png,black and white; only one shape (a vertical live) and multiple copies of it. They are also on the same horizontal axis,multiple copies; on the same axis; one shape; black and white,(-); (-); (-); (-),2D/3D; color variety/shading; more charts/points/lines/shapes/elements; shapes and lines
data,content.data,content,original,1,wsj21.png,The other image has visuals to make it easier for you to understand what the data is about. The other image also has different visual elements that allow you to analyze the data in the image.,different visual elements; allow to analyze the data; easier to understand,(-); (-); (-),easy/hard to interpret; several elements
datapoints,content.data,content,extended,1,InfoVisJ.349.1.png,"has easy lines to follow second option has easily distinct shapes; The numerous intersections on the right chart made it confusing to read to me.; Proximity of items Colours involved Complexity of image; Amount of information to understand the data; Lack of label or explanation; visually more abstract and to me complex; random like shapes; random like ""movement"" of datapoints(?); monochrome colour appeared more complex to me",distinct shapes; lines; easy lines to follow; numerous intersections; confusing to read; random like movement of datapoints; random like shapes; monochrome color; Proximity of items; Colors involved; Lack of label or explanation,(-); (+); (-); (+); (+); (+); (+); (+); (-); (+); (+),color contrast/clarity; distracting/confusing/unclear; easy/hard to interpret; labels/axes/legends; monochrome; more charts/points/lines/shapes/elements; overlapping shapes/colors/lines; random-like shapes; shapes and lines; unclear meaning/confusing; word rotation/small font size
dataset,content.data,content,extended,1,VASTJ.422.7.png,Larger dataset; Bigger key so more things to analyse; More colours,Larger dataset; so more things; Bigger key; More colors,(+); (+); (+); (+),color variety/shading; labels/axes/legends; much/little data/info
dataset_1,content.data,content,extended,1,wsj135.png,"Left one is just a time scale with 2 data sets in same scale, diferent colors and aligment makes it easy to understand.; The other image is more easier to read and understand",alignment; time scale; 2 data sets; different colors; easy to understand,?; (-); (-); (-); (-),color variety/shading; easy/hard to interpret; much/little data/info; scale difference; shapes and lines
dataset_2,content.data,content,extended,1,wsj135.png,"Left one is just a time scale with 2 data sets in same scale, diferent colors and aligment makes it easy to understand.; The other image is more easier to read and understand",alignment; time scale; 2 data sets; different colors; easy to understand,?; (-); (-); (-); (-),color variety/shading; easy/hard to interpret; much/little data/info; scale difference; shapes and lines
distribution,content.data,content,extended,2,InfoVisJ.1558.11(6).png | InfoVisJ.339.10.png,"The elements in the first image are more evenly distributed but do not seem to present much interaction between them.; the other one only has dots || There were visually more details in the pictures I chose; Excessive Data Points: When a chart contains too many data points, it can overwhelm the viewer and make it difficult to discern meaningful patterns or trends. Cluttered Labels and Annotations: If labels, titles, and annotations are excessively crowded or overlapping, it can make it challenging to identify specific elements within the chart. Poor Color Choices: Using too many colors or poorly contrasting colors can make it difficult to differentiate between different data series or categories. Data Overload: Including too much data in a single chart or diagram can make it difficult to focus on the most important information and can obscure key insights.; there are more information shown - you need more time to understand what this chart shows - you need time to understand what this chart even stands for; there are numbers, sticks and boxes and we don't know what is the distribution of numbers and what is the ratio between them; çizilen çizgilerin keskin renge sahip olmaması","more evenly distributed; not much interaction; only has dots || numbers, sticks and boxes; the distribution of numbers; the ratio between them; more information shown; more time to understand; visually more details",(-); (-); (-) || (+); (+); (+); (+); (+); (+),2D/3D; labels/axes/legends; shapes and lines || 2D/3D; amount of words/context/numbers; much/little data/info; symbols; take longer to interpret
entities,content.data,content,extended,1,economist_daily_chart_372.png,nan,how organised/disorganised was the picture; how many type of entities they were; numbers on entities; numbers of unique shapes/colors,(+); (+); (+); (+),color variety/shading; distracting/confusing/unclear
information,content.data,content,original,0,,,,,
parameters,content.data,content,extended,1,InfoVisJ.599.10(2).png,nan,Number of elements; Number of parameters; Number of colours; General complexity,(+); (+); (+); ?,color variety/shading
statistics,content.data,content,extended,1,wsj299.png,nan,more detailed graphics; more statistics; more colours,(+); (+); (+),color variety/shading; take longer to interpret
variables,content.data,content,extended,5,whoQ44_4.png | InfoVisJ.881.15.png | InfoVisJ.2082.3.png,"1. More numbers presented 2. Lots of different variables 3. Large numbers 4. Different colors; more information; more colours, more forms; There are more variations of shade; more information is portrayed; the shapes are more complex.; The number of different graphic elements; clear and clean; has numbers and legend; data in different formats; It is much easier to read the second graph.; Readability: the colours in the orange highlight are difficult to tell apart, which makes reading the data more difficult at a glance.; but in the second graphic I could undersant easly what is about it; Small numbers || I choose that because I recognised there is more data in the right side. Also there can be more variable thats why it came to me more complex. || No colors, more factors to consider; This image just appears to have more variables. It appears to have a lot of fine detail with corresponding data that is rather complex.; Both of these images are a bit complex. The chosen one shows way more information at first look — the information is divided and there seem to be many elements to consider.; I believe that the image on the right is more complex because it includes more ink on the page, more writing, less color, and it is more organized.; the right side is a simple histogram like figure with labels and it is understandable by readin it; more informative, easy to understand",data in  different format; number of different graphic elements; Readability; colors are difficult to tell apart; reading data more difficult; easier to read; undersant easly what is about; Small numbers; more information; shapes more complex; variations of shade; Lots of variables; Large numbers; Different colors; more forms; more colors; quicker/easier to process; legend; numbers; clear and clean || more data; more variables || easy to understand; labels; histogram like figure; more organized; more ink on the page; more writing; less color; many elements; way more information; a lot of fine detail; more variables; No colors; more factors to consider,(+); (+); (+); (+); (+); (-); (-); (-); (+); (+); (+); (+); (+); (+); (+); (+); (-); (+); (+); (-) || (+); (+) || (-); (-); (-); (+); (+); (+); (+); (+); (+); (+); (+); (+); (+),"2D/3D; amount of words/context/numbers; color contrast/clarity; color variety/shading; domain-specific concepts (e.g., chemical, biology, map); easy/hard to interpret; labels/axes/legends; more charts/points/lines/shapes/elements; more parameters/variables; much/little data/info; shapes and lines; word rotation/small font size || more parameters/variables; much/little data/info || 2D/3D; amount of words/context/numbers; color variety/shading; domain-specific concepts (e.g., chemical, biology, map); easy/hard to interpret; inadequate/few coloring; labels/axes/legends; more charts/points/lines/shapes/elements; more parameters/variables; much/little data/info; read/analyze many figures/items"
wavelet_coefficients,content.data,content,extended,1,VASTC.1.7.png,"No details color code Growth pattern; 1 - Abundance of individual objects 2 - Variation in Colours 3 - Number of vertical lines 4 - Contrasting patterns; Imaging seemed more arbitrary and complex in the orange one; the details in the orange one are finer and more intricate.; all of the dots seem like there more going on hard to make out what it means each box is significantly different; number of dots, color of dots; All of the dots make it seem like there's more going on; hard to make out what it means; each box is significantly different; clear color difference; i really dont understand that graphic. They look like stages of a process but it is not clear to me. intuitively I do not see it.; I have no experience with 'Wavelet Coefficients', therefore the coloured dots don't mean anything to me and is impossible to interpret; The way of connecting to its surroundings feels confusing and even though I somewhat understand it, it has created me confusion before; its more complex, at least for the viewer, as you first need to understand what each picture or image inside the columns tell you.",hard to make out what it means; connection to surroundingsfeels confusing; feels confusing; Abundance of individual objects; Number of vertical lines; Contrasting patterns; Variation in Colors; details are finer and more intricate; Imaging seemed arbitrary; clear color difference; Wavelet Coefficients; colored dots; impossible to interpret; color code; no details; growth pattern; more going on; dots; each box is significantly different; stages of a process; not clear; dont understand; number of dots; color of dots,(+); (+); (+); (+); (+); (+); (+); (+); (+); (-); (+); (+); (+); (+); (+); (+); (+); (-); (+); (+); (+); (+); (+); (+),"color contrast/clarity; color variety/shading; distinguishable/full/highly contrast color uses; distracting/confusing/unclear; domain-specific concepts (e.g., chemical, biology, map); easy/hard to interpret; more charts/points/lines/shapes/elements; much/little data/info; shapes and lines; unclear meaning/confusing"
word_frequency,content.data,content,extended,2,MorphableWordClouds5.png | InfoVisJ.2412.16(2).png,"The image not highlighted seemed to be simply a chart showing frequency of words used. The bigger the word, the most often the use. || The second image is simpler: It is monochrome, the main points are clearly visible at a glance and there does not seem to be much more meaning to it other than the frequency at which each word is used.","The bigger the word, the most often the use.; frequency of words; chart showing frequency of words || frequency each word is used; monochrome; clearly visible at a glance",(-); (-); (-) || (-); (-); (-),"amount of words/context/numbers; domain-specific concepts (e.g., chemical, biology, map); word rotation/small font size || amount of words/context/numbers; easy/hard to interpret; monochrome"
detail,content.detail,content,original,0,,,,,
hidden_content,content.detail,content,extended,1,SciVisJ.728.4(2).png,I saw that this is visually complex because it was dark and black and no one knows whats hidden,dark and black; no one knows whats hidden; visually complex,(+); (+); (+),"color variety/shading; domain-specific concepts (e.g., chemical, biology, map); easy/hard to interpret"
small_details,content.detail,content,extended,1,wsj603.png,had many small details like the small ups and downs. There are much more information; The one on the right seems like it's fairly easy to read; There were more colours in the image on the left. The shapes and lines were more complex; Comprehensibility Readability,shapes and lines; more colors; fairly easy to read; many small details; much more information,(+); (+); (-); (+); (+),color variety/shading; easy/hard to interpret; much/little data/info; shapes and lines
biological_content,content.domain,content,extended,1,InfoVisJ.1073.3.png,The picture on the right just made me confused looking at it. I assume it's something in biology but not sure what.,something in biology; made me confused,(+); (+),"domain-specific concepts (e.g., chemical, biology, map); unclear meaning/confusing"
concept,content.domain,content,original,0,,,,,
context,content.domain,content,extended,2,VisJ.1197.5(3).png | visMost533.png,"There are a lot of layers of shapes/details. This complexity of texture is stimulating. Quantity of items in the image.; so many cube -> difficult to visualize; the image on the right I see no context whatsoever.; The one on the right has 3 dimensions, so it looks like it's showing more data and more complexity. || many elements, colors, size, names; very complex to process; Image 1 requires more understanding; it seems to contain data but lacks context, so I'm curious what it represents.",so many cube; difficult to visualize; Quantity of items; layers of shapes/details; shapes; texture is stimulating; no context || lacks context; requires more understanding; many elements; size; names; colors; very complex to process,(+); (+); (+); (+); (+); (+); (+) (-) || (+); (+); (+); (+); (+); (+); (+),"domain-specific concepts (e.g., chemical, biology, map); easy/hard to interpret; more charts/points/lines/shapes/elements; much/little data/info; shapes and lines; symbols || color contrast/clarity; easy/hard to interpret; labels/axes/legends; more charts/points/lines/shapes/elements; shapes and lines; take longer to interpret"
field_information,content.domain,content,extended,1,SciVisJ.1819.4.png,"Left ist more like water or a wave. I couldn`t see a high education inthere.; complexity in shape/s; colour variation - number of colours, number of shades of same colour; field information represented; nothing is clear",nothing is clear; complexity in shapes; field information; color variation,(+); (+); (+); (+),"color variety/shading; domain-specific concepts (e.g., chemical, biology, map); easy/hard to interpret; shapes and lines"
football_imagery,content.domain,content,extended,1,InfoVisJ.621.8.png,Words are easier to understand - Football is a topic I am more familiar with,Words; Football; familiar with; Words are easier to understand,(+); (-); (-); (-),"amount of words/context/numbers; domain-specific concepts (e.g., chemical, biology, map); easy/hard to interpret"
knowledge,content.domain,content,original,0,,,,,
semantic_content,content.domain,content,extended,2,VisJ.1541.1(2).png | SciVisJ.2664.2.png,"There seems to be far more noise in the image, I had to take a lot longer to try and process and think about what the image portrayed. 1. Noise 2. Understanding of what the image is; The image in the left has some contect with color hues || nan","far more noise; what the image portrayed; longer to process; color hues; context || Human interpretability; Able to imagine a meaning; Range of colours, presumably conveying meaning.",(+); (+); (+); (-); (-) || (-); (-); (-),"2D/3D; color variety/shading; domain-specific concepts (e.g., chemical, biology, map); overlapping shapes/colors/lines; take longer to interpret || color variety/shading; take longer to interpret"
subject_matter,content.domain,content,extended,1,InfoVisC.173.9.png,"variety and boldness of colours; Even if I don't understand the image on the right, I still can think it's about hearthquake or something similar. Maybe the fact that there is a title helped a little.",variety and boldness of colors; there is little; about earthquake,(+); (-); (-),"color variety/shading; domain-specific concepts (e.g., chemical, biology, map); much/little data/info"
terminology,content.domain,content,extended,1,VisJ.1595.6(2).png,"I believe that the image on the left is more complex because it includes more writing on the actual page, more color, more shapes, and overall, it fills the paper more, making it a more complex image.; how objects spread over the whole picture; its an equation giving coordinates and its hard to solve the dotted lines and the picture itself; The one to the right does not sound familiar to me at all. I guess it has something to do with familiarity.; the other graphic is something i am not familiar with and that is why i had chosen it; Confusing, text on left is hard to read.; multiple colors, shape, dashed box and line, unfamiliar with terms make the right one more complicated.; Both images are complex to me in their simplicity.",text hard to read; Confusing; not familiar with; hard to solve; more shapes; more writing; more color; objects spread over; does not sound familiar; dashed box; dashed line; shape; unfamiliar with terms; multiple colors,(+); (+); (+); (+); (+); (+); (+); (+); (+); (+); (+); (+); (+); (+),"amount of words/context/numbers; color variety/shading; distracting/confusing/unclear; domain-specific concepts (e.g., chemical, biology, map); easy/hard to interpret; more charts/points/lines/shapes/elements; much/little data/info; shapes and lines; take longer to interpret; unclear meaning/confusing; word rotation/small font size"
codes_numbers,content.number,content,extended,1,InfoVisJ.485.9.png,"There are colours, a grid, numbers, and codes in the one I chose. It overall feels more complicated even though I haven't had a chance to truly analyze it.; detail is not fixed in one area. eyes would have to take in lots of separate charts of information. too much for eyes to remember as a whole image.; 1. Involves multiple graphics; 2. Involves colors; 3. Involves words/sentences.; The amount of overlapping lines Several scatter plots; 1.Image size. 2. Small details in the image. 3. The number of shapes in the image; Excessive Data Points: When a chart contains too many data points, it can overwhelm the viewer and make it difficult to discern meaningful patterns or trends. Cluttered Labels and Annotations: If labels, titles, and annotations are excessively crowded or overlapping, it can make it challenging to identify specific elements within the chart. Data Overload: Including too much data in a single chart or diagram can make it difficult to focus on the most important information and can obscure key insights.; Data is easier to compare on the left.; Mixing visual graphs and line data confusing. Unclear what is being measured. Data points not clearly marked or labelled. Very busy images, unsure where to start looking","easier to compare; unsure where to start looking; multiple graphics; colors; words/sentences; lots of separate charts; too much to remember; too many data points; too much data; labels, titles, and annotations are excessively crowded or overlapping; challenging to identify; difficult to discern; difficult to focus on; codes; numbers; more complicated; Small details; number of shapes; overlapping lines; scatter plots",(-); (+); (+); (+); (+); (+); (+); (+); (+); (+); (+); (+); (+); (+); (+); (+); (+); (+) (-); (+); (+),"amount of words/context/numbers; color contrast/clarity; domain-specific concepts (e.g., chemical, biology, map); easy/hard to interpret; more charts/points/lines/shapes/elements; much/little data/info; overlapping shapes/colors/lines; unclear meaning/confusing"
measurements,content.number,content,extended,3,SciVisJ.1025.11.png | SciVisJ.796.5(1).png | VisJ.1949.11.png,"Lots of inscription with details, several measurements on the same graph, numbers; There are more colours in this image and it is displaying more data; -number of information -color contrast; less text; more information and nuances transportet through the picture.; Compared to the other one its a bit more complex || No measurements; Not sure what the pattern is and what color stands for || 1) I'm not sure how to interpret the highlighted image because I don't know what I'm looking at 2) No clear pattern 3) No measurements 4) Not sure what the colors differentiate",Lots of inscription with details; several measurements; inscription with details; numbers; information and nuance transported; number of information; color contrast; less text; more data; more colors || No measurements; not sure what color stands for; unsure pattern || No measurements; what the colors differentiate; No clear pattern; don't know what looking at,(+); (+); (+); (+); (+); (+); (-); (+); (+); (+) || (+); (+); (+) || (+); (+); (+); (+),"amount of words/context/numbers; color contrast/clarity; color variety/shading; domain-specific concepts (e.g., chemical, biology, map); little/less text/numbers/context; much/little data/info; word rotation/small font size || color contrast/clarity; domain-specific concepts (e.g., chemical, biology, map); labels/axes/legends || color contrast/clarity; distracting/confusing/unclear; labels/axes/legends; unclear meaning/confusing"
metrics,content.number,content,extended,1,v488_n7410_20_f4.png,The image on the left is harder to undertand as again no metrics is provided making it harder to make sense,no metrics; harder to understand,(+); (-),easy/hard to interpret; labels/axes/legends
midpoint_values,content.number,content,extended,1,VASTC.24.5.png,"The visual has a lot of confusing numbers, letters, and overall understandability. I find that it is hard to tell what it is trying to convey and what it even measures. There are too many colors, letters, and numbers.; There are differences between the three columns that I would need more time to realise.; A, B & C has different bars; Some values are in the middle and according to me it's complicated to look at; I did not choose the left one. It seems to imply something that is not clearly stated and is not easily understood by the majority of people.","not clearly stated; not easily understood; need more time to realize; too many numbers; confusing numbers, letters; too many letters; confusing overall understandability; hard to tell; different bars; some values in the middle; complicated to look at",(+); (+); (+); (+); (+); (+); (+); (+); (+); (+); (+),2D/3D; amount of words/context/numbers; color variety/shading; distracting/confusing/unclear; easy/hard to interpret; labels/axes/legends; several elements; take longer to interpret; unclear meaning/confusing; word rotation/small font size
number,content.number,content,original,0,,,,,
numbers,content.number,content,original,15,SciVisJ.1025.11.png | whoQ44_4.png | VisJ.1949.18(3).png,"Lots of inscription with details, several measurements on the same graph, numbers; There are more colours in this image and it is displaying more data; -number of information -color contrast; less text; more information and nuances transportet through the picture.; Compared to the other one its a bit more complex || 1. More numbers presented 2. Lots of different variables 3. Large numbers 4. Different colors; more information; more colours, more forms; There are more variations of shade; more information is portrayed; the shapes are more complex.; The number of different graphic elements; clear and clean; has numbers and legend; data in different formats; It is much easier to read the second graph.; Readability: the colours in the orange highlight are difficult to tell apart, which makes reading the data more difficult at a glance.; but in the second graphic I could undersant easly what is about it; Small numbers || background white we see more clearly numbers and legend; Patterns, the image I chose was slightly mesmerizing as my brain wanted to find a pattern in it. More elements. The level of contrast. The colour intensity.",Lots of inscription with details; several measurements; inscription with details; numbers; information and nuance transported; number of information; color contrast; less text; more data; more colors || data in  different format; number of different graphic elements; Readability; colors are difficult to tell apart; reading data more difficult; easier to read; undersant easly what is about; Small numbers; more information; shapes more complex; variations of shade; Lots of variables; Large numbers; Different colors; more forms; more colors; quicker/easier to process; legend; numbers; clear and clean || background white; numbers and legend; More elements.; wanted to find a pattern; color intensity.; level of contrast.,(+); (+); (+); (+); (+); (+); (-); (+); (+); (+) || (+); (+); (+); (+); (+); (-); (-); (-); (+); (+); (+); (+); (+); (+); (+); (+); (-); (+); (+); (-) || (+); (+); (+); (+); (+); (+),"amount of words/context/numbers; color contrast/clarity; color variety/shading; domain-specific concepts (e.g., chemical, biology, map); little/less text/numbers/context; much/little data/info; word rotation/small font size || 2D/3D; amount of words/context/numbers; color contrast/clarity; color variety/shading; domain-specific concepts (e.g., chemical, biology, map); easy/hard to interpret; labels/axes/legends; more charts/points/lines/shapes/elements; more parameters/variables; much/little data/info; shapes and lines; word rotation/small font size || color contrast/clarity; color variety/shading; domain-specific concepts (e.g., chemical, biology, map); labels/axes/legends; more charts/points/lines/shapes/elements; white/black background / other background"
numeric_values,content.number,content,extended,1,InfoVisJ.621.6(2).png,would understand the image; The words and number in the alternative image were so familiar to me.,words and number; familiar to me,(-); (-),"amount of words/context/numbers; domain-specific concepts (e.g., chemical, biology, map)"
numerical_values,content.number,content,extended,2,SciVisJ.995.5.png | VisC.171.4.png,"The image I chose shows what information the graph is presenting, and therefore provokes more thought and understanding. There are axes, numerical values. || On the left, I don't have any idea of what is the subjetc. There are numbers that I've never seen before like ""9e+06"" ??; No graph metrics given The numbers do not make sense",axes; numerical values; information presenting; provokes thought and understanding || numbers never seen before; no idea the subjetc; No graph metrics given; numbers do not make sense,(+); (+); (+); (+) || (+); (+); (-); (+),"domain-specific concepts (e.g., chemical, biology, map); labels/axes/legends; take longer to interpret || domain-specific concepts (e.g., chemical, biology, map); labels/axes/legends; unclear meaning/confusing"
ratio,content.number,content,extended,1,InfoVisJ.339.10.png,"There were visually more details in the pictures I chose; Excessive Data Points: When a chart contains too many data points, it can overwhelm the viewer and make it difficult to discern meaningful patterns or trends. Cluttered Labels and Annotations: If labels, titles, and annotations are excessively crowded or overlapping, it can make it challenging to identify specific elements within the chart. Poor Color Choices: Using too many colors or poorly contrasting colors can make it difficult to differentiate between different data series or categories. Data Overload: Including too much data in a single chart or diagram can make it difficult to focus on the most important information and can obscure key insights.; there are more information shown - you need more time to understand what this chart shows - you need time to understand what this chart even stands for; there are numbers, sticks and boxes and we don't know what is the distribution of numbers and what is the ratio between them; çizilen çizgilerin keskin renge sahip olmaması","numbers, sticks and boxes; the distribution of numbers; the ratio between them; more information shown; more time to understand; visually more details",(+); (+); (+); (+); (+); (+),2D/3D; amount of words/context/numbers; much/little data/info; symbols; take longer to interpret
values,content.number,content,extended,1,InfoVisC.24.8(1).png,"Values - Graphic and vales have logic (left one is more complex at least the right can see words). Graphs generation - how the graph is generated, size, length, points (left one is more complex).both are complex.",Values - Graphic and vales have logic; can see words,(+); (-),2D/3D; labels/axes/legends
axes,furniture.axes,furniture,original,20,v483_n7391_8_f5.png | v488_n7409_19_f1.png | treasuryG07_2.png,"The graph is something I am unfamiliar with, it is harder to read and understand, and it is visually more striking.; as a coloured surface, which is harder to discern; contains more information; Too many similar colours, and axis; A lot of data; More colors; More numbers; The data in the chosen picture are more difficult to read. The graph itself seems conveying more data; The other image has an order; require a more specialized education to understand.; the left has more details and displayed via a bar chart - more simple. It is harder to read.; there are more colors, more information to look at, the lines are wavy and not straightforward; Much more data on the graph than just words.; The image in orange could be anything — an individual without specialized knowledge would be clueless as to what it is. Multiple data points in the image in orange. To the human eye it is more complex: whereas most graphs have two axes (as in the seismic graph), the orange image has four axes and is more difficult to understand based on the results presented.; I feel like the left seems pretty organized and easy to understand, also the colors on both side left are identical, which makes it less complex for me. It's structured.; four labelled axes; separate colour scale; Both have 3 variables; the right one representing one variable with a heat map makes it easier for me to understand at a glance. Curve lines limiting the heat map also helps. || It was very hard to understand what is going on. The first one has lots of different colors. It was difficult to understand what is happening because of the small font used in the letters.; The image I chose as more more complex had more colours in comparison to the other image and more variables.; Many more factors to consider; Way more colors and points of the graph; Bigger graph; A lot more parameters. Color to take into account to understand the graph.; I didn't understand the image as much as I did the other one. It was visually complex in the sense that it wasn't intuitive to the average person to interpret. The key in the image I selected is quite expansive and contains a lot of terms I do not know. There are many more different visual components at work in the image I selected: colors, shapes, tables, texts, as well as implied data points/patterns.; there is more detail on the right. there are lots more isolated squares, and just appear more random. There are more unique colours.; there is more colors and more points and axis of parameters.; the first one look more important because there is a lot of stuff writting; - Colors are more appealing; More words more squares than dots multiple axes; A lot of colors are used. All of the colors and squares are scattered all over. Really small writing and labels. Ineligible for the size of the chart.; A lot of colors are used. All of the colors and squares are scattered all over. Lots of small writing and labels. Ineligible for the size of the chart. || The more straightforward lines in the picture (easier to read and discern).; lines, graph",Curve lines; one variable; heat map; understand at a glance; conveying more data; difficult to read; colored surface; harder to discern; more data points; more axes; require specialized education to understand.; four labeled axes; separate color scale; organized; structured; colors on both side left are identical; easy to understand; ordered; more details; bar chart; harder to read; A lot of data; More colors; More numbers; more information; lines not straightforward; more colors; Multiple data points; four axes; seismic graph; clueless; more difficult to understand; Too many similar colors; axis; visually more striking; unfamiliar with; harder to read and understand; Much more data; words || more squares than dots; More words; multiple axes; more points; axis of parameters; more colors; a lot of stuff writting; more factors to consider; lots of colors; small font; difficult to understand; Colors more appealing; squares scattered all over.; Ineligible; labels; small writing; A lot of colors; more detail; isolated squares; more unique colors; more variables; squares scattered all over; ineligible; small writing and labels; A lot more parameters; Color to take into account; a lot of terms; many more different visual components; shapes; key in the image; texts; colors; didn't understand; wasn't intuitive || straightforward lines; easier to read; easier to read and discern; lines; graph,(-); (-); (-); (-); (+); (+); (+); (+); (+); (+); (+); (+); (+); (+); (+); (+); (-); (-); (+); (+); (+); (+); (+); (+); (+); (+); (+); (+); (+); (-); (+); (+); (+); (-); (+); (+); (+); (+); (-) || (+); (+); (+); (+); (+); (+); (+); (+); (+); (+); (+); (-); (+); (+); (-); (+); (+); (+); (+); (+); (+); (+); (+); (+); (+); (+); (+); (+); (+); (+); (+); (+); (+); (+) || (-); (-); (-); (+); (+),"2D/3D; amount of words/context/numbers; color contrast/clarity; color variety/shading; distracting/confusing/unclear; domain-specific concepts (e.g., chemical, biology, map); easy/hard to interpret; labels/axes/legends; more charts/points/lines/shapes/elements; much/little data/info; ordered; shapes and lines; take longer to interpret || amount of words/context/numbers; color contrast/clarity; color variety/shading; distinguishable/full/highly contrast color uses; distracting/confusing/unclear; easy/hard to interpret; labels/axes/legends; more charts/points/lines/shapes/elements; more parameters/variables; much/little data/info; overlapping shapes/colors/lines; read/analyze many figures/items; scattered shapes (e.g., dots, squares, pictures); shapes and lines; take longer to interpret; unclear meaning/confusing; word rotation/small font size || domain-specific concepts (e.g., chemical, biology, map); easy/hard to interpret; shapes and lines; word rotation/small font size"
axis,furniture.axes,furniture,original,3,VisC.527.1.png | VASTJ.320.11.png | VisC.297.4.png,"When I look at the image of the left, its easier. Dots in more or less a line, axis, few items. || - Almost no explanation - No graphic leyend - No axis || black and white; only one shape (a vertical live) and multiple copies of it. They are also on the same horizontal axis",few items; Dots in more or less a line; axis; its easier || Almost no explanation; No axis; No graphic legend || multiple copies; on the same axis; one shape; black and white,(-); (-); (-); (-) || (+); (+); (+) || (-); (-); (-); (-),easy/hard to interpret; labels/axes/legends; much/little data/info; shape increase/decrease point || labels/axes/legends || 2D/3D; color variety/shading; more charts/points/lines/shapes/elements; shapes and lines
timeline,furniture.axes,furniture,extended,1,vis678.png,"The image I chose would be more difficult to me to describe to someone. The reason I chose it must be the all the designs, color differences, data and concept.; The image I picked has a lot of charts at once, while also being mixed with a timeline. It is also confusing that there are two different charts and some bits of text.; its dense clutter of elements, varied and vibrant color usage indicating different data categories, a high degree of interconnectedness showcasing complex relationships. It was essentially harder to read.; Very busy, a lot going on, lots of details and images. A lot of intricacy.","dense clutter of elements; varied and vibrant color; harder to read; Very busy; lots of details; color differences; design, data and concept; difficult for me to describe; a lot of charts; mixed with a timeline; some text; confusing",(+); (+); (+); (+); (+); (+); (+); (+); (+); (+); (+); (+),color variety/shading; design-data relationship; distracting/confusing/unclear; easy/hard to interpret; labels/axes/legends; more charts/points/lines/shapes/elements; much/little data/info; overlapping shapes/colors/lines
x_axis,furniture.axes,furniture,original,5,economist_daily_chart_140.png | SciVisJ.259.14.png | VASTJ.51.8.png,"The other image is easier to understand as the figures are displayed along with the countries, so with just a glance everything is summarized.; I chose the image with the orange complex because I am not familiar with the world map. I knew for certain that I did not know the countries highlighted, therefore, I was more confused.; while on the left, 3 axes: x, y, color || In this instance the image on the right felt like a weather map, which is easily recognisable to me, even though this particular map is less recognisable it ""felt"" familiar and therefore I made the selection as I did.; even tough i dont know what is supposed to show me because the x-axis is not labeled it seems to be more detailed. || 3 aspects, color, x-position and y-position is too much variables",did not know the countries highlighted; not familiar with the world map; orange complex; I was more confused; countries; easier to understand; just a glance everything is summarized; 3 axes; x; y; color || x-axis is not labeled; easily recognizable; weather map || 3 aspects; too much variables; x-position; y-position,(+); (+); (+); (+); (+); (-); (-); (-); (-); (+); (+) || (+); (-); (-) || (+); (+); (+); (+),"color contrast/clarity; color variety/shading; domain-specific concepts (e.g., chemical, biology, map); easy/hard to interpret; labels/axes/legends; unclear meaning/confusing || domain-specific concepts (e.g., chemical, biology, map); labels/axes/legends || labels/axes/legends; more parameters/variables"
y_axis,furniture.axes,furniture,original,7,economist_daily_chart_140.png | v484_n7392_13_f1(1).png | VASTJ.51.8.png,"The other image is easier to understand as the figures are displayed along with the countries, so with just a glance everything is summarized.; I chose the image with the orange complex because I am not familiar with the world map. I knew for certain that I did not know the countries highlighted, therefore, I was more confused.; while on the left, 3 axes: x, y, color || I think in the other option its pretty obvious that it is just a heatmap showing the results on an y axis || 3 aspects, color, x-position and y-position is too much variables",did not know the countries highlighted; not familiar with the world map; orange complex; I was more confused; countries; easier to understand; just a glance everything is summarized; 3 axes; x; y; color || heatmap; y axis || 3 aspects; too much variables; x-position; y-position,(+); (+); (+); (+); (+); (-); (-); (-); (-); (+); (+) || (-); (-) || (+); (+); (+); (+),"color contrast/clarity; color variety/shading; domain-specific concepts (e.g., chemical, biology, map); easy/hard to interpret; labels/axes/legends; unclear meaning/confusing || domain-specific concepts (e.g., chemical, biology, map); labels/axes/legends || labels/axes/legends; more parameters/variables"
y_axis_left,furniture.axes,furniture,extended,1,InfoVisJ.1247.14.png,Two different axes and an additional key shown to add extra clutter to the diagram.,Two different axes; an additional key,(+); (+),labels/axes/legends
y_axis_right,furniture.axes,furniture,extended,1,InfoVisJ.1247.14.png,Two different axes and an additional key shown to add extra clutter to the diagram.,Two different axes; an additional key,(+); (+),labels/axes/legends
color_code,furniture.legend,furniture,original,1,VASTC.1.7.png,"No details color code Growth pattern; 1 - Abundance of individual objects 2 - Variation in Colours 3 - Number of vertical lines 4 - Contrasting patterns; Imaging seemed more arbitrary and complex in the orange one; the details in the orange one are finer and more intricate.; all of the dots seem like there more going on hard to make out what it means each box is significantly different; number of dots, color of dots; All of the dots make it seem like there's more going on; hard to make out what it means; each box is significantly different; clear color difference; i really dont understand that graphic. They look like stages of a process but it is not clear to me. intuitively I do not see it.; I have no experience with 'Wavelet Coefficients', therefore the coloured dots don't mean anything to me and is impossible to interpret; The way of connecting to its surroundings feels confusing and even though I somewhat understand it, it has created me confusion before; its more complex, at least for the viewer, as you first need to understand what each picture or image inside the columns tell you.",hard to make out what it means; connection to surroundingsfeels confusing; feels confusing; Abundance of individual objects; Number of vertical lines; Contrasting patterns; Variation in Colors; details are finer and more intricate; Imaging seemed arbitrary; clear color difference; Wavelet Coefficients; colored dots; impossible to interpret; color code; no details; growth pattern; more going on; dots; each box is significantly different; stages of a process; not clear; dont understand; number of dots; color of dots,(+); (+); (+); (+); (+); (+); (+); (+); (+); (-); (+); (+); (+); (+); (+); (+); (+); (-); (+); (+); (+); (+); (+); (+),"color contrast/clarity; color variety/shading; distinguishable/full/highly contrast color uses; distracting/confusing/unclear; domain-specific concepts (e.g., chemical, biology, map); easy/hard to interpret; more charts/points/lines/shapes/elements; much/little data/info; shapes and lines; unclear meaning/confusing"
color_legend,furniture.legend,furniture,original,0,,,,,
legend,furniture.legend,furniture,original,46,whoO06_2.png | economist_daily_chart_165.png | whoQ44_4.png,"has a title and legend || The left image is simpler than the other one because its data are easier to see them, at least, in my opinion.; The highlighted image has a lot of details to read and requires concentration to pay attention to all the data in it (the 'other one' compared to the circle image).; contains more information mix several colors; the size of the graphics; more details；couldnt`see the content; neither is very complex, but comparatively the one on the left is more visually complex as it requires reading; The most important is to understand the topic, what I am looking at. Then the quality of the picture has to be reasonably good, with distinct colours and clear text.; 2D; understandable visual; - how organised/disorganised was the picture - how many type of entities they were - numbers on entities - numbers of unique shapes/colors || 1. More numbers presented 2. Lots of different variables 3. Large numbers 4. Different colors; more information; more colours, more forms; There are more variations of shade; more information is portrayed; the shapes are more complex.; The number of different graphic elements; clear and clean; has numbers and legend; data in different formats; It is much easier to read the second graph.; Readability: the colours in the orange highlight are difficult to tell apart, which makes reading the data more difficult at a glance.; but in the second graphic I could undersant easly what is about it; Small numbers",legend; title || contains more information; mix several colors; requires reading; 2D; a lot of details; requires concentration; more details; couldnt`see the content; understandable visual; data are easier to see; clear text; distinct colors || data in  different format; number of different graphic elements; Readability; colors are difficult to tell apart; reading data more difficult; easier to read; undersant easly what is about; Small numbers; more information; shapes more complex; variations of shade; Lots of variables; Large numbers; Different colors; more forms; more colors; quicker/easier to process; legend; numbers; clear and clean,(+); (-) || (+); (+); (+); (-); (+); (+); (+); (+); (-); (-); (-); (+) || (+); (+); (+); (+); (+); (-); (-); (-); (+); (+); (+); (+); (+); (+); (+); (+); (-); (+); (+); (-),"labels/axes/legends || 2D/3D; color variety/shading; easy/hard to interpret; labels/axes/legends; much/little data/info; take longer to interpret || 2D/3D; amount of words/context/numbers; color contrast/clarity; color variety/shading; domain-specific concepts (e.g., chemical, biology, map); easy/hard to interpret; labels/axes/legends; more charts/points/lines/shapes/elements; more parameters/variables; much/little data/info; shapes and lines; word rotation/small font size"
numeric_scale,furniture.scale,furniture,extended,1,VisJ.1243.3.png,"The interpretation of graphs, comparing the plots; calculating the exact value; 1) two axes that are scaled by numbers, and 2) there are complicated formulas and symbols",exact value; graphs; plots; two axes scaled by numbers; complicated formulas and symbols,(+); (+); (+); (+); (+),"domain-specific concepts (e.g., chemical, biology, map); scale difference; shapes and lines; word rotation/small font size"
scale,furniture.scale,furniture,extended,3,InfoVisJ.1236.13.png | InfoVisJ.2402.12.png | VASTJ.1407.9.png,"The right is much harder to get grip of on many levels. Then there was also the scale and the frame with values on the right which adds up to the complexity. || I chose it based on colours, scale, number of shapes/details presented and readability. It had different colours, the shapes were varied, there was a significant difference in scale, and readability (meaning understanding what the picture represents) was more complex.; colors distribution their actions and use their size growing small as they go down || The graphic on the left seems to have a simpler structure.; More line crossing each others which add complexity. Adding to the line, you have to look at the scale on the left and at the top; Too many lines. Too many different sections. The wording is on the chart itself, so it feels like it's all complied together onto one graph. The various shades of colour are similar yet somewhat different.",frame with values; scale || number of shapes/details presented; shapes were varied; significant difference in scale; readability; different colors; size growing small; colors distribution || Too many lines; Too many sections; wording on chart; various shades of color; More line crossing each others; line and scale; simple structure,(-); (-) || (+); (+); (+); (+); (-); (-); (+) || (+); (+); (+); (+); (+); (+); (-),2D/3D; clear text/scale/information || color variety/shading; more charts/points/lines/shapes/elements; scale difference; shapes and lines; word rotation/small font size || amount of words/context/numbers; color variety/shading; more charts/points/lines/shapes/elements; overlapping shapes/colors/lines; shapes and lines; word rotation/small font size
area,mark.area,mark,original,0,,,,,
area_chart,mark.area,mark,original,0,,,,,
area_marks,mark.area,mark,original,0,,,,,
area_shape,mark.area,mark,original,0,,,,,
colored_surface,mark.area,mark,extended,1,v483_n7391_8_f5.png,"The graph is something I am unfamiliar with, it is harder to read and understand, and it is visually more striking.; as a coloured surface, which is harder to discern; contains more information; Too many similar colours, and axis; A lot of data; More colors; More numbers; The data in the chosen picture are more difficult to read. The graph itself seems conveying more data; The other image has an order; require a more specialized education to understand.; the left has more details and displayed via a bar chart - more simple. It is harder to read.; there are more colors, more information to look at, the lines are wavy and not straightforward; Much more data on the graph than just words.; The image in orange could be anything — an individual without specialized knowledge would be clueless as to what it is. Multiple data points in the image in orange. To the human eye it is more complex: whereas most graphs have two axes (as in the seismic graph), the orange image has four axes and is more difficult to understand based on the results presented.; I feel like the left seems pretty organized and easy to understand, also the colors on both side left are identical, which makes it less complex for me. It's structured.; four labelled axes; separate colour scale; Both have 3 variables; the right one representing one variable with a heat map makes it easier for me to understand at a glance. Curve lines limiting the heat map also helps.",Curve lines; one variable; heat map; understand at a glance; conveying more data; difficult to read; colored surface; harder to discern; more data points; more axes; require specialized education to understand.; four labeled axes; separate color scale; organized; structured; colors on both side left are identical; easy to understand; ordered; more details; bar chart; harder to read; A lot of data; More colors; More numbers; more information; lines not straightforward; more colors; Multiple data points; four axes; seismic graph; clueless; more difficult to understand; Too many similar colors; axis; visually more striking; unfamiliar with; harder to read and understand; Much more data; words,(-); (-); (-); (-); (+); (+); (+); (+); (+); (+); (+); (+); (+); (+); (+); (+); (-); (-); (+); (+); (+); (+); (+); (+); (+); (+); (+); (+); (+); (-); (+); (+); (+); (-); (+); (+); (+); (+); (-),"2D/3D; amount of words/context/numbers; color contrast/clarity; color variety/shading; distracting/confusing/unclear; domain-specific concepts (e.g., chemical, biology, map); easy/hard to interpret; labels/axes/legends; more charts/points/lines/shapes/elements; much/little data/info; ordered; shapes and lines; take longer to interpret"
stacked_area_chart,mark.area,mark,original,0,,,,,
bar,mark.bar,mark,original,0,,,,,
bar_chart,mark.bar,mark,original,0,,,,,
bar_segment,mark.bar,mark,original,0,,,,,
bars,mark.bar,mark,original,6,VisC.167.11.png | economist_daily_chart_75.png | VASTJ.1720.4.png,"just a bar graph, with colours representing groups, one can get the message of the visualisation in 1-2 seconds.; ana renklerin *ok kullan*lmamas* || There are more bars on the graph There are more factors It is harder to read with the bars extending horizontally || The one on the right is a simple bar graph. I could gather a little bit what it meant.",bar graph; colors representing groups; get the message of the visualization in 1-2 seconds || more bars; bars extending horizontally; It is harder to read || simple bar graph; could gather what it meant,(-); (-); (-) || (+); (+); (+) || (-); (-),"color variety/shading; domain-specific concepts (e.g., chemical, biology, map); easy/hard to interpret || easy/hard to interpret; more charts/points/lines/shapes/elements; shapes and lines || domain-specific concepts (e.g., chemical, biology, map); easy/hard to interpret"
columns,mark.bar,mark,extended,1,InfoVisJ.621.3.png,"I have chosen the image on the left to be more complex because of the amount of words in some columns, and the size of those words. Therefore, even if the one on the left is not extremely complex, it is more so than the one on the right.",amount of words in columns; the size of those words,(+); (+),amount of words/context/numbers; word rotation/small font size
stacked_bar,mark.bar,mark,original,0,,,,,
sticks,mark.bar,mark,extended,1,InfoVisJ.339.10.png,"There were visually more details in the pictures I chose; Excessive Data Points: When a chart contains too many data points, it can overwhelm the viewer and make it difficult to discern meaningful patterns or trends. Cluttered Labels and Annotations: If labels, titles, and annotations are excessively crowded or overlapping, it can make it challenging to identify specific elements within the chart. Poor Color Choices: Using too many colors or poorly contrasting colors can make it difficult to differentiate between different data series or categories. Data Overload: Including too much data in a single chart or diagram can make it difficult to focus on the most important information and can obscure key insights.; there are more information shown - you need more time to understand what this chart shows - you need time to understand what this chart even stands for; there are numbers, sticks and boxes and we don't know what is the distribution of numbers and what is the ratio between them; çizilen çizgilerin keskin renge sahip olmaması","numbers, sticks and boxes; the distribution of numbers; the ratio between them; more information shown; more time to understand; visually more details",(+); (+); (+); (+); (+); (+),2D/3D; amount of words/context/numbers; much/little data/info; symbols; take longer to interpret
color_bands,mark.color_segment,mark,original,1,CiteRivers5(1).png,"The left chart color separation helped to despite have more information, keep the visual simple.",color separation,(-),color contrast/clarity
color_regions,mark.color_segment,mark,original,0,,,,,
color_segment,mark.color_segment,mark,original,0,,,,,
color_segments,mark.color_segment,mark,original,1,InfoVisC.211.8.png,variety of very bright colors; segmentation of colors; text at the bottom; A map is more familiar - Explanatory legend,explanatory legend; map is familiar; segmentation of colors; variety of bright colors; text at the bottom,(-); (-); (+); (+); (+),"bright colors; clear text arrangement/density; color variety/shading; domain-specific concepts (e.g., chemical, biology, map); labels/axes/legends"
colored_segments,mark.color_segment,mark,extended,1,wsj340.png,"The right image is a chart with a title, description, labels and coloured segments, therefore it doesn't need to do as much visually.; 1. Variety and Density of Elements, 2.Level of Detail 3. Depth and Dimensionality and 4.Interconnectedness of Elements.",description; labels; title; colored segments; chart; doesn't need to do as much visually,(-); (-); (-); (-); (-); (-),"color contrast/clarity; domain-specific concepts (e.g., chemical, biology, map); easy/hard to interpret; labels/axes/legends; word rotation/small font size"
3d_elements,mark.element,mark,extended,1,v487_n7406_13_f2.png,"To be honest they are both complex, The chosen image has more detail and more information to consume; 3 Dimensional elements; Lack of legend; Graph mixing numbers, colors, animal shapes, abstract shapes, dots, lines, numbers",more detail; more information; 3 Dimensional elements; abstract shapes; dots; lines; Lack of legend; colors; animal shapes,(+); (+); (+); (+); (-); (+); (+); (+); (+),"2D/3D; abstract shapes or colors; color contrast/clarity; domain-specific concepts (e.g., chemical, biology, map); labels/axes/legends; much/little data/info; shapes and lines"
black_element,mark.element,mark,extended,1,VASTJ.31.2.png,The picture has text. and the black color grabbed my attention suddenly. Black is discordant here.,has text.; black color grabbed attention; Black is discordant here.,(+); (+); (+),amount of words/context/numbers; color variety/shading; unclear colors/contrast
black_elements,mark.element,mark,extended,1,VisC.73.8(2).png,"There appears to be a lot of data points. Uncertainty as to what the image is stating. Uncertainty on whether there was a gradient or not (what does black mean, what does green mean, what does yellow mean).",a lot of data points; a gradient; black; green; yellow; uncertainty,(+); (+); (+); (+); (+); (+),color contrast/clarity; color variety/shading; distracting/confusing/unclear; inadequate/few coloring; more charts/points/lines/shapes/elements
components,mark.element,mark,extended,1,vis393.png,"There are multiple components to this graphic. At first glance, there looks like there is a lot more to understand than the one on the right.",a lot more to understand; multiple components,(+); (+),more charts/points/lines/shapes/elements; take longer to interpret
design_elements,mark.element,mark,extended,1,SciVisJ.635.6.png,"image is completely in colour (no white),; 1. Different shades of colors 2. More visually stimulating 3.More complex designs 4. More information presented",completely in color (no white); Different shades of colors; More visually stimulating; More information; More complex designs,(+); (+); (+); (+); (+),color variety/shading; distinguishable/full/highly contrast color uses; much/little data/info; overlapping shapes/colors/lines; symbols
element,mark.element,mark,original,0,,,,,
graphic_element,mark.element,mark,extended,1,VisJ.1595.9(2).png,more graphic; no or few data; 3D; more white space,more graphic; no or few data; white space; 3D,(+); (+); (+); (+),2D/3D; more charts/points/lines/shapes/elements; much/little data/info; white/black background / other background
graphic_elements,mark.element,mark,extended,1,whoQ44_4.png,"1. More numbers presented 2. Lots of different variables 3. Large numbers 4. Different colors; more information; more colours, more forms; There are more variations of shade; more information is portrayed; the shapes are more complex.; The number of different graphic elements; clear and clean; has numbers and legend; data in different formats; It is much easier to read the second graph.; Readability: the colours in the orange highlight are difficult to tell apart, which makes reading the data more difficult at a glance.; but in the second graphic I could undersant easly what is about it; Small numbers",data in  different format; number of different graphic elements; Readability; colors are difficult to tell apart; reading data more difficult; easier to read; undersant easly what is about; Small numbers; more information; shapes more complex; variations of shade; Lots of variables; Large numbers; Different colors; more forms; more colors; quicker/easier to process; legend; numbers; clear and clean,(+); (+); (+); (+); (+); (-); (-); (-); (+); (+); (+); (+); (+); (+); (+); (+); (-); (+); (+); (-),"2D/3D; amount of words/context/numbers; color contrast/clarity; color variety/shading; domain-specific concepts (e.g., chemical, biology, map); easy/hard to interpret; labels/axes/legends; more charts/points/lines/shapes/elements; more parameters/variables; much/little data/info; shapes and lines; word rotation/small font size"
graphical_marks,mark.element,mark,extended,1,VASTC.107.10.png,"Amount of details, draw style, colors",Amount of details; colors; draw style,(+); (+); (+),"color contrast/clarity; domain-specific concepts (e.g., chemical, biology, map); much/little data/info"
green_elements,mark.element,mark,extended,1,VisC.73.8(2).png,"There appears to be a lot of data points. Uncertainty as to what the image is stating. Uncertainty on whether there was a gradient or not (what does black mean, what does green mean, what does yellow mean).",a lot of data points; a gradient; black; green; yellow; uncertainty,(+); (+); (+); (+); (+); (+),color contrast/clarity; color variety/shading; distracting/confusing/unclear; inadequate/few coloring; more charts/points/lines/shapes/elements
ink_marks,mark.element,mark,extended,1,InfoVisJ.2082.3.png,"No colors, more factors to consider; This image just appears to have more variables. It appears to have a lot of fine detail with corresponding data that is rather complex.; Both of these images are a bit complex. The chosen one shows way more information at first look — the information is divided and there seem to be many elements to consider.; I believe that the image on the right is more complex because it includes more ink on the page, more writing, less color, and it is more organized.; the right side is a simple histogram like figure with labels and it is understandable by readin it; more informative, easy to understand",easy to understand; labels; histogram like figure; more organized; more ink on the page; more writing; less color; many elements; way more information; a lot of fine detail; more variables; No colors; more factors to consider,(-); (-); (-); (+); (+); (+); (+); (+); (+); (+); (+); (+); (+),"2D/3D; amount of words/context/numbers; color variety/shading; domain-specific concepts (e.g., chemical, biology, map); easy/hard to interpret; inadequate/few coloring; labels/axes/legends; more charts/points/lines/shapes/elements; more parameters/variables; much/little data/info; read/analyze many figures/items"
marks,mark.element,mark,extended,1,vis3.png,Multiple colour schemes and shade variation. Differing font size. It's more challenging and takes longer to 'understand' what it is I'm looking at.,shape varation; Multiple color schemes; Differing font size; takes longer to understand,(+); (+); (+); (+),color variety/shading; shapes and lines; take longer to interpret; word rotation/small font size
object,mark.element,mark,original,0,,,,,
pixel,mark.element,mark,extended,1,SciVisJ.625.5.png,"I imagine that every pixel and colour represents a collection of data, and the first image is offering more such information so I saw it as more complex.; I had to choose this because I saw it here without analysis.",without analysis; every pixel and color represents a collection of data,(+); (+),color contrast/clarity; easy/hard to interpret
pixel_elements,mark.element,mark,extended,1,VisC.263.7.png,"Pixeled picture, hard to understand meaning, bad choice of colors.",Pixeled picture; bad choice of colors; hard to understand,(+); (+); (+),distracting/confusing/unclear; easy/hard to interpret; unclear colors/contrast
visual_element,mark.element,mark,extended,1,InfoVisJ.678.17.png,The image on the right is layered and appears as only one thing to visually process.,layered; only one thing to visually process,(-); (-),2D/3D; easy/hard to interpret
visual_elements,mark.element,mark,extended,5,wsj21.png | VisC.27.5.png | InfoVisJ.1073.1.png,"The other image has visuals to make it easier for you to understand what the data is about. The other image also has different visual elements that allow you to analyze the data in the image. || theres a lot going on on the left and i do not know what. there is no title etc || I chose the first one because it has stuff all over the place which makes it very complex. Also, there's a lot of graphs jumbled up.",different visual elements; allow to analyze the data; easier to understand || a lot going on; no title; do not know what || graphs jumbled up; stuff all over the place,(-); (-); (-) || (+); (+); (+) || (+); (+),easy/hard to interpret; several elements || labels/axes/legends; much/little data/info; unclear meaning/confusing || more charts/points/lines/shapes/elements; overlapping shapes/colors/lines
visual_items,mark.element,mark,extended,1,InfoVisJ.2181.9.png,The picture on the left includes four separate visual items to look at and discern. There are extra arrows and information included below the squares that also allude to meaning that needs to be understood.,extra arrows and information; four separate visual items; needs to be understood,(+); (+); (+),easy/hard to interpret; more charts/points/lines/shapes/elements
visual_marks,mark.element,mark,extended,2,VASTC.59.11(1).png | v485_n7396_14_f4.png,"More data More elements Higher contrast It was more confusing; Needs more efffort to make sense of the data || -The image on the left is more involved in terms of what would be required to interpret it. -There's a lot more happening, visually, in terms of the level of fine detail, in the image on the left. -The preciseness of the various aspects of the image on the left is more intricate than the one on the right.",More data; More elements; Higher contrast; It was more confusing; needs more efffort || fine detail; preciseness of various aspects; a lot more involved; more intricate,(+); (+); (+); (+); (+) || (+); (+); (+); (+),distinguishable/full/highly contrast color uses; distracting/confusing/unclear; more charts/points/lines/shapes/elements; much/little data/info; take longer to interpret || easy/hard to interpret; much/little data/info; shape point of interest; take longer to interpret
yellow_elements,mark.element,mark,extended,1,VisC.73.8(2).png,"There appears to be a lot of data points. Uncertainty as to what the image is stating. Uncertainty on whether there was a gradient or not (what does black mean, what does green mean, what does yellow mean).",a lot of data points; a gradient; black; green; yellow; uncertainty,(+); (+); (+); (+); (+); (+),color contrast/clarity; color variety/shading; distracting/confusing/unclear; inadequate/few coloring; more charts/points/lines/shapes/elements
glyph,mark.glyph,mark,original,0,,,,,
glyphs,mark.glyph,mark,original,0,,,,,
connecting_line,mark.line,mark,original,0,,,,,
connecting_lines,mark.line,mark,original,0,,,,,
curved_lines,mark.line,mark,original,1,VisC.163.2.png,there are no details to it; it is just some curved lines but no legend to describe what's going on which makes me confused,curved lines; no detail; no legend; makes me confused,(+); (+); (+); (+),labels/axes/legends; much/little data/info; shapes and lines; unclear meaning/confusing
dashed_line,mark.line,mark,original,1,VisJ.1595.6(2).png,"I believe that the image on the left is more complex because it includes more writing on the actual page, more color, more shapes, and overall, it fills the paper more, making it a more complex image.; how objects spread over the whole picture; its an equation giving coordinates and its hard to solve the dotted lines and the picture itself; The one to the right does not sound familiar to me at all. I guess it has something to do with familiarity.; the other graphic is something i am not familiar with and that is why i had chosen it; Confusing, text on left is hard to read.; multiple colors, shape, dashed box and line, unfamiliar with terms make the right one more complicated.; Both images are complex to me in their simplicity.",text hard to read; Confusing; not familiar with; hard to solve; more shapes; more writing; more color; objects spread over; does not sound familiar; dashed box; dashed line; shape; unfamiliar with terms; multiple colors,(+); (+); (+); (+); (+); (+); (+); (+); (+); (+); (+); (+); (+); (+),"amount of words/context/numbers; color variety/shading; distracting/confusing/unclear; domain-specific concepts (e.g., chemical, biology, map); easy/hard to interpret; more charts/points/lines/shapes/elements; much/little data/info; shapes and lines; take longer to interpret; unclear meaning/confusing; word rotation/small font size"
grid_lines,mark.line,mark,original,0,,,,,
line,mark.line,mark,original,4,VisC.599.6.png | v490_n7420_13_f1.png | v490_n7420_13_f4.png,"The graph is wavy; there is no way to tell the exact points for the numbers, making it more complex to understand. There is no data provided other than two letters and numbers, which to me feels more complex than looking at a map. || The line and shape of the image is more complex || Can see the line movement easier, descriptions are eye catching because of color formats.",no way to tell exact points for the numbers; wavy; two letters and numbers; more complex to understand || line and shape || Can see line movement; descriptions are eye catching; color formats,(+); (+); (+); (+) || (+) || (+); (+); (+),easy/hard to interpret; labels/axes/legends; shapes and lines; unclear meaning/confusing || shapes and lines || color contrast/clarity; labels/axes/legends; shapes and lines
line_curve,mark.line,mark,original,0,,,,,
lines,mark.line,mark,original,41,wsj603.png | VisJ.1515.12.png | InfoVisJ.2699.12.png,"had many small details like the small ups and downs. There are much more information; The one on the right seems like it's fairly easy to read; There were more colours in the image on the left. The shapes and lines were more complex; Comprehensibility Readability || it was harder for my eyes to focus on the colours in this picture making it harder to adjust and see the colours.; the contrast of the colors is really weird and it doesnt make sense; Colour coded for separating facts; more lines, making it more difficult to identify differences in the information presented; i have no idea what is going on. i cannot make sense of it; I didn't understand what the left image was demonstrating; i have more dificulty to read this image for me.i don't know what to say; really don't understand this one; Processing information is not possible on the selected image; no context; too dark; Hard measure; Hard to find exact feature; I was looking for images that made sense to me, in terms of how I would retrieve data, the orange highlighted one gave me no further information; the image is not as understandable in terms of shapes and what it resembles || less white space; red colours amongst lots of black overlapping lines; straight lines, dots, colour and shapes used",shapes and lines; more colors; fairly easy to read; many small details; much more information || don't understand; didn't understand; in terms of shapes; what it resembles; not as understandable; Processing information is not possible; more lines; Color coded for separating facts; difficult to identify differences in information; no context; too dark; cannot make sense of it; contrast of the colors; color contrast really weird; colors; harder for my eyes to focus; gave no further information; don't know what to say; exact feature; measure; Hard measure; Hard to find exact feature || less white space; lots of overlapping lines; dots; shapes; straight lines; red colors,(+); (+); (-); (+); (+) || (+); (+); (+); (+); (+); (+); (+); (+); (+); (+) (-); (+); (+); (+); (+); (+); (+); (+); (+); (+); (+); (+); (+) || (+); (+); (-); (+); (-); (+),"color variety/shading; easy/hard to interpret; much/little data/info; shapes and lines || color contrast/clarity; domain-specific concepts (e.g., chemical, biology, map); easy/hard to interpret; labels/axes/legends; more charts/points/lines/shapes/elements; more difficult to focus/follow; much/little data/info; shapes and lines; unclear colors/contrast; understand/read shapes || color contrast/clarity; overlapping shapes/colors/lines; shapes and lines"
seismic_waveform,mark.line,mark,extended,1,v482_n7386_10_f2.png,"The graph would probably represent measuring an earthquake or similar seismic activity. Simple seismic measurements across time. Most graphs have two axes, which can be seen in the seismic graph.",two axes; measuring an earthquake; seismic graph,(-); (-); (-),"domain-specific concepts (e.g., chemical, biology, map); labels/axes/legends"
vertical_line,mark.line,mark,original,0,,,,,
node,mark.node,mark,original,0,,,,,
node_cluster,mark.node,mark,original,0,,,,,
nodes,mark.node,mark,original,2,InfoVisJ.401.12.png | VisC.375.9(3).png,More elements; the chosen image seems like there is a cluster of information that needs to be seen slowly one by one. It feels like the chosen visualization comes from a more scientific method than just showing information in text. Some kind of extra information would be needed to understand what these networks mean. || The image on the right has nodes that are clearly connected with lines.,More elements; a cluster of information; showing information in text; network; scientific method || clear connection; lines; nodes,(+); (+); (+); (+); (+) || (-); (+); (-),"clear text/scale/information; domain-specific concepts (e.g., chemical, biology, map); more charts/points/lines/shapes/elements; much/little data/info || distracting/confusing/unclear; shapes and lines; symbols"
bubble,mark.point,mark,original,0,,,,,
circle,mark.point,mark,original,2,InfoVisC.8.7.png | InfoVisJ.629.8.png,"There were a lot of intersections in the Circle  suggesting that there is a high amount of data to be extracted || i thought on the right, there are 4 or 5 axes: x, y, color, circle , white circle around the shape.",high amount of data; intersections in the Circle || circle; shape; 4 or 5 axes; x; y; color,(+); (+) || (+); (+); (+); (-); (+); (+),much/little data/info; overlapping shapes/colors/lines || color contrast/clarity; labels/axes/legends; shapes and lines
circles,mark.point,mark,original,10,InfoVisJ.1558.9.png | visMost573.png | SciVisJ.867.6.png,"Because the colours drew me in and the pellet looking things look like money.; Numbers or data. Some descriptions to make the image make sense; numbers and images; The difference in sizes of the same shape (circle). The clustering of the circles. The similarity of the colours.; The clustering of the circles the blue squares lined with dotted lines; Data in the second image is overlapping, which makes it harder to evaluate each individual element. Their elements seem to present some sort of relation between them.; To be honest they are both complex; 1. Unlabeled legend/data. 2. Legend too close to visualization 3. The way the zooming in doesn't stand out enough from the rest of the chart; The one with orange shapes do not. The one with the orange shapes might make sense later on but only if you give yourself more time to understand what you're looking at.; Comprehension - what the values or words define the graphic (right one is more complex); A straightforward image with little to no shade variation.; The first image presents more layers of information, both visually and through it's very limited legend.; 1) Understanding what the visualization is about 2) Reading the values 3) Understanding different value rankings 4) Comparing different values || The circles on the right side might also be a lot, but I can clearly link it to the image legend.; To many colours. Text is to small. Its not straight to the point; To many colours Text is to small Its not straight to the point; The initial understanding of what's shown to me made me think the orange image was more complex, as it was harder to decipher. The colour superposition also means more complexity. Finally, the amount of information as well as its disposition.; I assessed the images on how complicated they looked at first glance and whether I could glean any information from them instantly. If one image hurt my eyes or looked confusing I judged that to be more complex.cluttered as the one on the left.; density of information, number of colors, number of items on the legend, overlap of circle areas; It is more complex as I find it more difficult in terms of image layout; The orange image is much less clear, much more packed with information in a visually intricate way. The use of color is much more layered in the orange image than in the other one.; multiple features overlapping features several more colours large key; multiple features; overlapping features; several more colours; large key; Intense colors, multiple figures, smaller icons, hard to understand; number of items on the legend, overlap of different colors; Lots of colours, Different size of circles, Overlapping, The explanation text and the legend on the left side of the page; More overlapping colors; More colors; Background color; More text; Lots of colours; Different size of circles; Overlapping; The explanation text and the legend on the left side of the page; Too many circles in the orange highlighted one. Everything (circles and colours) are mixed together making it difficult to discern information. Use of ambiguous colours on the left.; Too many circles in the orange highlighted one Everything (circles and colours) are mixed together making it difficult to discern information Use of ambiguous colours; The image looks as if it might be easier to decipher.; complexity vague in general difficult to read; complex data sets , appealing colours , easier to visualize; I have the feeling I don't need to do this in the right image.; The visualization on the right looks more like an abstract painting.; However, the second image, even with info, it's quite difficult for me. By the way, another thing I realized was that, sometimes the image is apparently not complex, but it is to me. For example, with these images about black holes or similar to black holes.; At first, I thought that the image on the right was more difficult. But, after looking at it for a long time, I stared to understand what it meant.; 1. Visuals that tell the story 2. Labels are clear 3. Key is easy to understand 4. Description easy to read; The small text in the upper left kept distracting me every time I saw this image. The text is too small to read and because of that I felt this was less accessible and comprehensible. It became more familiar every time I saw it; however, I did feel that it was overly complex.; The image uses circles of various sizes and colors to represent sounds throughout Jerusalem. It conveys information in a complex way using these circles and text labels, though the visual elements themselves are relatively simple.; first reason is how quick i can understand the image, and because i saw the second multiple times, i guess it played a huge role on that; Sur l'image la plus simple il y a une légende et des couleurs aidant à la compréhension. || The data points  are closer together, making them harder to read and discern. It is the combination of circles and lines in the picture on the right that make it more complex.; There are many lines on the graph and I'm not familiar with them.",little to no shade variation; straightforward; orange shapes; more time to understand; colors drew me in; pellet looking things look like money; clustering of the circles; circles; dotted lines; squares; blue squares; clustering of circles; sizes of the shape (circle); similarity of the colors; Legend too close to visualization; Unlabeled legend/data; Data is overlapping; makes it harder to evaluate || circles; clearly link to legend; image legend; multiple figures; Intense colors; smaller icons; hard to understand; stared to understand; overlapping colors; More text; Background color; More overlapping colors; Overlapping circles; size of circles; explanation text; legend; Lots of colors; Description easy to read; Key is easy to understand; Labels are clear; overlap of different colors; number of items on the legend; different colors; many colors; Text is small; not straight to the point; Too many circles; circles and colors mixed together; Use of ambiguous colors; difficult to discern; multiple features; overlapping features; large key; several more colors; To many colors; Text is to small; easier to visualize; cluttered; looked confusing; complicated at first glance; glean information instantly; more colors; ambiguous colors; image layout; more difficult; saw it multiple times; images about black holes; quite difficult for me; density of information; overlap of circle areas; number of colors; text is too small; less accessible and comprehensible; amount of information; disposition; color superposition; harder to decipher; difficult to read; abstract painting; circles of various sizes; visual elements relatively simple; text labels; colors to represent sounds; Jerusalem; more packed with information; color more layered; much less clear; Overlapping; Different size of circles; easier to decipher || many lines; unfamiliar; data points are closer; circles and lines; harder to read and discern,(-); (-); (+); (+); (+); (+); (+); (+); (+); (+); (+); (+); (+); (+); (+); (+); (+); (+) || (+); (-); (-); (+); (+); (+); (+); (-); (+); (+); (+); (+); (+); (+); (+); (+); (+); (+); (+); (+); (+); (-); (-); (+); (+); (+); (+); (+); (+); (+); (+); (+); (+); (+); (+); (+); (-); (+); (+); (+); (+); (+); (+); (+); (+); (-); (+); (+); (-); (+); (-); (+); (+); (+); (+); (+); (+); (+); (+); (+); (+); (+); (+); (+); (+); (+); (+); (+); (+); (-) || (+); (+); (+); (+); (+),"color contrast/clarity; color variety/shading; domain-specific concepts (e.g., chemical, biology, map); easy/hard to interpret; labels/axes/legends; overlapping shapes/colors/lines; shape size; shapes and lines; take longer to interpret || 2D/3D; abstract shapes or colors; amount of words/context/numbers; color contrast/clarity; color variety/shading; distinguishable color variety/arrangement/distribution; distracting/confusing/unclear; domain-specific concepts (e.g., chemical, biology, map); easy/hard to interpret; labels/axes/legends; more charts/points/lines/shapes/elements; much/little data/info; overlapping shapes/colors/lines; shape size; shapes and lines; simple visual elements; soft/layered/overlapping colors; symbols; white/black background / other background; word rotation/small font size || domain-specific concepts (e.g., chemical, biology, map); easy/hard to interpret; more charts/points/lines/shapes/elements; shapes and lines"
data_point,mark.point,mark,original,0,,,,,
data_points,mark.point,mark,original,40,VisJ.1499.8.png | v483_n7391_8_f5.png | InfoVisJ.2402.12(1).png,"more information to actually think about; number of points/shapes || The graph is something I am unfamiliar with, it is harder to read and understand, and it is visually more striking.; as a coloured surface, which is harder to discern; contains more information; Too many similar colours, and axis; A lot of data; More colors; More numbers; The data in the chosen picture are more difficult to read. The graph itself seems conveying more data; The other image has an order; require a more specialized education to understand.; the left has more details and displayed via a bar chart - more simple. It is harder to read.; there are more colors, more information to look at, the lines are wavy and not straightforward; Much more data on the graph than just words.; The image in orange could be anything — an individual without specialized knowledge would be clueless as to what it is. Multiple data points in the image in orange. To the human eye it is more complex: whereas most graphs have two axes (as in the seismic graph), the orange image has four axes and is more difficult to understand based on the results presented.; I feel like the left seems pretty organized and easy to understand, also the colors on both side left are identical, which makes it less complex for me. It's structured.; four labelled axes; separate colour scale; Both have 3 variables; the right one representing one variable with a heat map makes it easier for me to understand at a glance. Curve lines limiting the heat map also helps. || 1. i felt like this cotains a multitude of observations 2. differnent sizes/figures 3. different colors; the left side looks like a complex image generated by some sort of light detection or graphing software that i am not familiar with.; their actions and use their size growing small as they go down",more information to think about; number of points/shapes || Curve lines; one variable; heat map; understand at a glance; conveying more data; difficult to read; colored surface; harder to discern; more data points; more axes; require specialized education to understand.; four labeled axes; separate color scale; organized; structured; colors on both side left are identical; easy to understand; ordered; more details; bar chart; harder to read; A lot of data; More colors; More numbers; more information; lines not straightforward; more colors; Multiple data points; four axes; seismic graph; clueless; more difficult to understand; Too many similar colors; axis; visually more striking; unfamiliar with; harder to read and understand; Much more data; words || size growing small; colors distribution; not familiar with; a multitude of observations; differnent sizes/figures; different colors,(+); (-) || (-); (-); (-); (-); (+); (+); (+); (+); (+); (+); (+); (+); (+); (+); (+); (+); (-); (-); (+); (+); (+); (+); (+); (+); (+); (+); (+); (+); (+); (-); (+); (+); (+); (-); (+); (+); (+); (+); (-) || (-); (+); (+); (+); (+); (-),"2D/3D; much/little data/info || 2D/3D; amount of words/context/numbers; color contrast/clarity; color variety/shading; distracting/confusing/unclear; domain-specific concepts (e.g., chemical, biology, map); easy/hard to interpret; labels/axes/legends; more charts/points/lines/shapes/elements; much/little data/info; ordered; shapes and lines; take longer to interpret || color variety/shading; domain-specific concepts (e.g., chemical, biology, map); more charts/points/lines/shapes/elements; shapes and lines"
dot,mark.point,mark,original,0,,,,,
dots,mark.point,mark,original,18,InfoVisJ.619.17.png | InfoVisJ.2699.12.png | v488_n7409_19_f1.png,"this is visually complex because the dots are everywhere not in exact locations spread around seems cluttered; the other photo seems easier to figure out- but was tough to decide || less white space; red colours amongst lots of black overlapping lines; straight lines, dots, colour and shapes used || It was very hard to understand what is going on. The first one has lots of different colors. It was difficult to understand what is happening because of the small font used in the letters.; The image I chose as more more complex had more colours in comparison to the other image and more variables.; Many more factors to consider; Way more colors and points of the graph; Bigger graph; A lot more parameters. Color to take into account to understand the graph.; I didn't understand the image as much as I did the other one. It was visually complex in the sense that it wasn't intuitive to the average person to interpret. The key in the image I selected is quite expansive and contains a lot of terms I do not know. There are many more different visual components at work in the image I selected: colors, shapes, tables, texts, as well as implied data points/patterns.; there is more detail on the right. there are lots more isolated squares, and just appear more random. There are more unique colours.; there is more colors and more points and axis of parameters.; the first one look more important because there is a lot of stuff writting; - Colors are more appealing; More words more squares than dots multiple axes; A lot of colors are used. All of the colors and squares are scattered all over. Really small writing and labels. Ineligible for the size of the chart.; A lot of colors are used. All of the colors and squares are scattered all over. Lots of small writing and labels. Ineligible for the size of the chart.",dots are everywhere; seems cluttered; spread around; easier to figure out || less white space; lots of overlapping lines; dots; shapes; straight lines; red colors || more squares than dots; More words; multiple axes; more points; axis of parameters; more colors; a lot of stuff writting; more factors to consider; lots of colors; small font; difficult to understand; Colors more appealing; squares scattered all over.; Ineligible; labels; small writing; A lot of colors; more detail; isolated squares; more unique colors; more variables; squares scattered all over; ineligible; small writing and labels; A lot more parameters; Color to take into account; a lot of terms; many more different visual components; shapes; key in the image; texts; colors; didn't understand; wasn't intuitive,(+); (+); (+); (-) || (+); (+); (-); (+); (-); (+) || (+); (+); (+); (+); (+); (+); (+); (+); (+); (+); (+); (-); (+); (+); (-); (+); (+); (+); (+); (+); (+); (+); (+); (+); (+); (+); (+); (+); (+); (+); (+); (+); (+); (+),"easy/hard to interpret; more charts/points/lines/shapes/elements; much/little data/info; overlapping shapes/colors/lines || color contrast/clarity; overlapping shapes/colors/lines; shapes and lines || amount of words/context/numbers; color contrast/clarity; color variety/shading; distinguishable/full/highly contrast color uses; distracting/confusing/unclear; easy/hard to interpret; labels/axes/legends; more charts/points/lines/shapes/elements; more parameters/variables; much/little data/info; overlapping shapes/colors/lines; read/analyze many figures/items; scattered shapes (e.g., dots, squares, pictures); shapes and lines; take longer to interpret; unclear meaning/confusing; word rotation/small font size"
point,mark.point,mark,original,0,,,,,
points_of_interest,mark.point,mark,extended,1,whoQ26.png,"Non-highlighted image also resembles a familiar geographic shape so it is easier to interpret.; The map is easily recognizable and straightforward at showing where things are. It looks simpler, with no more than three colors.; an easy to read map for the image; Again, I am not familiar with the world map, let alone the closer map you are showing in the picture, so therefore it seemed more complicated to me.; i like maps better; A charted map with points of interest, regions, and a key on the top.",familiar geographic shape; easier to interpret; not familiar; world map; seemed more complicated; map; easy to read map; easily recognizable; straightforward at showing where things are.; no more than three colors; maps; points of interest; regions; key on the top; charted map,(-); (-); (+); (-); (+); (-); (-); (-); (-); (-); (-); (+); (+); (+); (+),"domain-specific concepts (e.g., chemical, biology, map); easy/hard to interpret; inadequate/few coloring; labels/axes/legends; shape point of interest; shapes and lines; unclear meaning/confusing"
scatter_points,mark.point,mark,original,0,,,,,
spots,mark.point,mark,extended,1,InfoVisJ.1558.9(2).png,"Right one, as far as I can understand, lists variable data with spots of diferent shapes indicating how variable (or error prone) was the data. Irregularity of the spots adds extra challenge to read it.",spots of different shapes; Irregularity of the spots; adds extra challenge to read it,(+); (+); (+),distracting/confusing/unclear; easy/hard to interpret; shapes and lines
abstract_shapes,mark.shape,mark,extended,1,v487_n7406_13_f2.png,"To be honest they are both complex, The chosen image has more detail and more information to consume; 3 Dimensional elements; Lack of legend; Graph mixing numbers, colors, animal shapes, abstract shapes, dots, lines, numbers",more detail; more information; 3 Dimensional elements; abstract shapes; dots; lines; Lack of legend; colors; animal shapes,(+); (+); (+); (+); (-); (+); (+); (+); (+),"2D/3D; abstract shapes or colors; color contrast/clarity; domain-specific concepts (e.g., chemical, biology, map); labels/axes/legends; much/little data/info; shapes and lines"
animal_shapes,mark.shape,mark,extended,1,v487_n7406_13_f2.png,"To be honest they are both complex, The chosen image has more detail and more information to consume; 3 Dimensional elements; Lack of legend; Graph mixing numbers, colors, animal shapes, abstract shapes, dots, lines, numbers",more detail; more information; 3 Dimensional elements; abstract shapes; dots; lines; Lack of legend; colors; animal shapes,(+); (+); (+); (+); (-); (+); (+); (+); (+),"2D/3D; abstract shapes or colors; color contrast/clarity; domain-specific concepts (e.g., chemical, biology, map); labels/axes/legends; much/little data/info; shapes and lines"
boxes,mark.shape,mark,extended,6,InfoVisJ.2072.16.png | v490_n7418_1_f2.png | VASTC.3.3.png,1) Lots of boxes 2) lots of text 3) lots of colors || more  confusing colours; a lot of little boxes.; the other one is just a straight line with colourful boxes || The muted colors and similar size of the boxes makes it harder to distinguish what is going on.,Lots of boxes; lots of text; lots of colors || a lot of little boxes; more confusing colors; boxes; straight line; colorful || similar size of the boxes; muted colors; harder to distinguish,(+); (+); (+) || (+); (+); (+); (-); (-) || (+); (+); (+),amount of words/context/numbers; color variety/shading; more charts/points/lines/shapes/elements || color contrast/clarity; more charts/points/lines/shapes/elements; shapes and lines || easy/hard to interpret; shapes and lines; soft/layered/overlapping colors
circular_shapes,mark.shape,mark,extended,1,VASTJ.170.6.png,its clear its something oval shaped stretched out differently,from circular to rectangular; less uniform shapes; less white; more colors,(+); (+); (+); (+),color variety/shading; overlapping shapes/colors/lines; shapes and lines
country_shapes,mark.shape,mark,extended,1,VASTC.107.7.png,"on the right, the x and y axes could represent geo coordinates (like in the left). i also thought each country in the map could be represented as a dot (of the capital or of the middle of the shape) without losing info so i assumed the country shapes weren't that much more complex than dots. in the end, i thought on the right there are more colors and there are more areas (circles) so it's a bit more complex. now that i think about it, on the right there is also no text which adds complexity since we have to guess a legend (it also makes it look more abstract).",more areas; circles; country shapes; dots; legend; no text; x and y axes; country; map; more colors,(+); (+); (-); (-); (+); (+); (+); (-); (-); (+),"color variety/shading; domain-specific concepts (e.g., chemical, biology, map); labels/axes/legends; much/little data/info; shapes and lines"
cubes,mark.shape,mark,extended,1,VisJ.1197.5(3).png,"There are a lot of layers of shapes/details. This complexity of texture is stimulating. Quantity of items in the image.; so many cube -> difficult to visualize; the image on the right I see no context whatsoever.; The one on the right has 3 dimensions, so it looks like it's showing more data and more complexity.",so many cube; difficult to visualize; Quantity of items; layers of shapes/details; shapes; texture is stimulating; no context,(+); (+); (+); (+); (+); (+); (+) (-),"domain-specific concepts (e.g., chemical, biology, map); easy/hard to interpret; more charts/points/lines/shapes/elements; much/little data/info; shapes and lines; symbols"
geometric_shapes,mark.shape,mark,extended,3,VASTJ.2012.4.png | InfoVisJ.2251.1(3).png | VASTJ.1139.3(2).png,"Word amount Lines Extra detail on the edge; Various geometrical shapes integrated into one graph (circles, longitudinal graph, dates...). Too many colors raise visual complexity — the more complex picture features many colors. The more complex picture uses different fonts in one ""slide"", which is confusing. Magnification effects are used here, forcing a ""mental leap"" and making it hard to intuitively ascertain the quantitative relation between normal and magnified levels. || The right has an alphabetical ordered set of geometry, there are different shades and details on the geometry but it isn't enough to make it more complex than the left.; Information about what the visualisation is showing || The image on the left only has a few lines; The left one has less elements; clearer : there is a start and end that are easy to identify (you just have to follow the lines). It seems that there is less information (elements) to process in the second picture.; Simple colored dots and lines on a grid; structured and labeled plot; contains curves and different points but follows a discernible pattern; flat with two-dimensional geometric shapes.",Lines; Word amount; Extra detail on the edge; Magnification effects; Various geometrical shapes; circles; quantitative relation; dates; different fonts; Too many colors; confusing; longitudinal graph; hard to intuitively ascertain || alphabetical ordered; set of geometry; different shades; what visualization is showing || less information (elements); less information to process; 2d geometric shapes; curves and different points; dots and lines on a grid; structured and labeled; follows a discernible pattern; Simple colored; less elements; a few lines,(+); (+); (+); (+); (+); (+); (+); (+); (+); (+); (+); (+); (+) || (-); ?; (-); (+) || (-); (-); (-); (-); (-); (-); (-); (-); (-); (-),"amount of words/context/numbers; color variety/shading; design-data relationship; distracting/confusing/unclear; domain-specific concepts (e.g., chemical, biology, map); easy/hard to interpret; labels/axes/legends; much/little data/info; scale difference; shapes and lines; word rotation/small font size || color variety/shading; ordered; shapes and lines; unclear meaning/confusing || color contrast/clarity; domain-specific concepts (e.g., chemical, biology, map); easy/hard to interpret; labels/axes/legends; more charts/points/lines/shapes/elements; much/little data/info; shapes and lines"
oval_shape,mark.shape,mark,extended,1,InfoVisJ.1558.5.png,"the left one seems to explain some kind of pattern in the blue box, therefore i didn't think it imply anything too complicated.; it's clear it's something oval-shaped stretched out differently",oval-shaped; stretched out differently; some kind of pattern; blue box; didn't think it imply anything too complicated,(-); (-); (-); (-); (-),"color contrast/clarity; domain-specific concepts (e.g., chemical, biology, map); easy/hard to interpret; shapes and lines"
rectangular_shapes,mark.shape,mark,extended,1,VASTJ.170.6.png,its clear its something oval shaped stretched out differently,from circular to rectangular; less uniform shapes; less white; more colors,(+); (+); (+); (+),color variety/shading; overlapping shapes/colors/lines; shapes and lines
shape,mark.shape,mark,original,6,VisJ.1329.4(2).png | VisJ.1329.5(3).png | VisJ.1949.18.png,"It looks more like a picture than data, and it's colored in a certain shape. || I cannot understand the pattern. It's not defined which shape or color means || it contains multiple figures that are slightly different in terms of 1) overall shape, 2) colour distribution and 3) location within the image.",more like a picture; colored in a certain shape || undefined shape; cannot understand the pattern; undefined color || location within the image; overall shape; color distribution,(+); (+) || (+); (+); (+) || (+); (+); (+),"domain-specific concepts (e.g., chemical, biology, map); shapes and lines || color contrast/clarity; domain-specific concepts (e.g., chemical, biology, map); shapes and lines || 2D/3D; color variety/shading; shapes and lines"
shapes,mark.shape,mark,original,35,InfoVisC.133.5(3).png | wsj603.png | whoQ44_4.png,"Both of these images are a bit complex.; - element size - number of details - complexity of shapes and contrasts; The complexity of the information conveyed in the right image seems a lot more than the left image. There are several factors to understand in the right image. overlapping/intersecting lines; Volume of information; Spread of information on the image; Data interpretation; Time to evaluate context || had many small details like the small ups and downs. There are much more information; The one on the right seems like it's fairly easy to read; There were more colours in the image on the left. The shapes and lines were more complex; Comprehensibility Readability || 1. More numbers presented 2. Lots of different variables 3. Large numbers 4. Different colors; more information; more colours, more forms; There are more variations of shade; more information is portrayed; the shapes are more complex.; The number of different graphic elements; clear and clean; has numbers and legend; data in different formats; It is much easier to read the second graph.; Readability: the colours in the orange highlight are difficult to tell apart, which makes reading the data more difficult at a glance.; but in the second graphic I could undersant easly what is about it; Small numbers",number of details; element size; shapes and contrasts || shapes and lines; more colors; fairly easy to read; many small details; much more information || data in  different format; number of different graphic elements; Readability; colors are difficult to tell apart; reading data more difficult; easier to read; undersant easly what is about; Small numbers; more information; shapes more complex; variations of shade; Lots of variables; Large numbers; Different colors; more forms; more colors; quicker/easier to process; legend; numbers; clear and clean,(-); (-); (+) || (+); (+); (-); (+); (+) || (+); (+); (+); (+); (+); (-); (-); (-); (+); (+); (+); (+); (+); (+); (+); (+); (-); (+); (+); (-),"color contrast/clarity; much/little data/info; shapes and lines || color variety/shading; easy/hard to interpret; much/little data/info; shapes and lines || 2D/3D; amount of words/context/numbers; color contrast/clarity; color variety/shading; domain-specific concepts (e.g., chemical, biology, map); easy/hard to interpret; labels/axes/legends; more charts/points/lines/shapes/elements; more parameters/variables; much/little data/info; shapes and lines; word rotation/small font size"
spirals,mark.shape,mark,extended,1,VisC.249.6.png,there are too many spirale,too many spirals,(+),more charts/points/lines/shapes/elements
squares,mark.shape,mark,extended,6,SciVisJ.1236.10.png | InfoVisJ.1558.9.png | v488_n7409_19_f1.png,"The amount of pixels and colors also with different patterns and partly mixed up seemed more intense on the right side. Also the text abpve the pixel add up to it being more complex to me.; Number of square. Variety of data in every square. convey much more data.; On the contrary the left image is clear, it shows everything by columns and rows which is easier to visualize.; The more complex image needs to be studied more intently to make sense of.; I have no idea what Image 1 is; it makes me curious what it means and the colors seem to have some sort of meaning.; I dont understand at all the image selected, neither the graphics nor the data. I have never seen something similar.; The image with the orange box has 1. different shapes and sizes of blurred purple and green boxes 2. labels are top are confusing to decode; The meaning of the code which i don't understand || Because the colours drew me in and the pellet looking things look like money.; Numbers or data. Some descriptions to make the image make sense; numbers and images; The difference in sizes of the same shape (circle). The clustering of the circles. The similarity of the colours.; The clustering of the circles the blue squares lined with dotted lines; Data in the second image is overlapping, which makes it harder to evaluate each individual element. Their elements seem to present some sort of relation between them.; To be honest they are both complex; 1. Unlabeled legend/data. 2. Legend too close to visualization 3. The way the zooming in doesn't stand out enough from the rest of the chart; The one with orange shapes do not. The one with the orange shapes might make sense later on but only if you give yourself more time to understand what you're looking at.; Comprehension - what the values or words define the graphic (right one is more complex); A straightforward image with little to no shade variation.; The first image presents more layers of information, both visually and through it's very limited legend.; 1) Understanding what the visualization is about 2) Reading the values 3) Understanding different value rankings 4) Comparing different values || It was very hard to understand what is going on. The first one has lots of different colors. It was difficult to understand what is happening because of the small font used in the letters.; The image I chose as more more complex had more colours in comparison to the other image and more variables.; Many more factors to consider; Way more colors and points of the graph; Bigger graph; A lot more parameters. Color to take into account to understand the graph.; I didn't understand the image as much as I did the other one. It was visually complex in the sense that it wasn't intuitive to the average person to interpret. The key in the image I selected is quite expansive and contains a lot of terms I do not know. There are many more different visual components at work in the image I selected: colors, shapes, tables, texts, as well as implied data points/patterns.; there is more detail on the right. there are lots more isolated squares, and just appear more random. There are more unique colours.; there is more colors and more points and axis of parameters.; the first one look more important because there is a lot of stuff writting; - Colors are more appealing; More words more squares than dots multiple axes; A lot of colors are used. All of the colors and squares are scattered all over. Really small writing and labels. Ineligible for the size of the chart.; A lot of colors are used. All of the colors and squares are scattered all over. Lots of small writing and labels. Ineligible for the size of the chart.",needs to be studied more intently to make sense of; different shapes and sizes; blurred purple and green boxes; labels; meaning of the code; don't understand; not something similar.; dont understand at all; no idea what Image is; the colors seem to have meaning; Number of square; Variety of data in square; columns and rows; easier to visualize || little to no shade variation; straightforward; orange shapes; more time to understand; colors drew me in; pellet looking things look like money; clustering of the circles; circles; dotted lines; squares; blue squares; clustering of circles; sizes of the shape (circle); similarity of the colors; Legend too close to visualization; Unlabeled legend/data; Data is overlapping; makes it harder to evaluate || more squares than dots; More words; multiple axes; more points; axis of parameters; more colors; a lot of stuff writting; more factors to consider; lots of colors; small font; difficult to understand; Colors more appealing; squares scattered all over.; Ineligible; labels; small writing; A lot of colors; more detail; isolated squares; more unique colors; more variables; squares scattered all over; ineligible; small writing and labels; A lot more parameters; Color to take into account; a lot of terms; many more different visual components; shapes; key in the image; texts; colors; didn't understand; wasn't intuitive,(+); (+); (+); (-); (+); (+); (+); (+); (+); (+); (+); (+); (-); (-) || (-); (-); (+); (+); (+); (+); (+); (+); (+); (+); (+); (+); (+); (+); (+); (+); (+); (+) || (+); (+); (+); (+); (+); (+); (+); (+); (+); (+); (+); (-); (+); (+); (-); (+); (+); (+); (+); (+); (+); (+); (+); (+); (+); (+); (+); (+); (+); (+); (+); (+); (+); (+),"blurry colors/images; domain-specific concepts (e.g., chemical, biology, map); easy/hard to interpret; labels/axes/legends; more charts/points/lines/shapes/elements; shapes and lines; take longer to interpret; unclear meaning/confusing || color contrast/clarity; color variety/shading; domain-specific concepts (e.g., chemical, biology, map); easy/hard to interpret; labels/axes/legends; overlapping shapes/colors/lines; shape size; shapes and lines; take longer to interpret || amount of words/context/numbers; color contrast/clarity; color variety/shading; distinguishable/full/highly contrast color uses; distracting/confusing/unclear; easy/hard to interpret; labels/axes/legends; more charts/points/lines/shapes/elements; more parameters/variables; much/little data/info; overlapping shapes/colors/lines; read/analyze many figures/items; scattered shapes (e.g., dots, squares, pictures); shapes and lines; take longer to interpret; unclear meaning/confusing; word rotation/small font size"
arrow,mark.symbol,mark,original,0,,,,,
cross_shape,mark.symbol,mark,extended,1,VisC.249.5.png,"The image on the left appears to have more undefinable criteria. it's a little confusing exactly what the picture is supposed to represent. the cross at the bottom, which I assume is showing where data intersects, still does not explain exactly. what relevant it has.",cross at the bottom; undefinable criteria; where data intersects; a little confusing,(+); (+); (+); (+),2D/3D; shapes and lines; unclear meaning/confusing
formula_symbol,mark.symbol,mark,extended,1,VisJ.1243.3.png,"The interpretation of graphs, comparing the plots; calculating the exact value; 1) two axes that are scaled by numbers, and 2) there are complicated formulas and symbols",exact value; graphs; plots; two axes scaled by numbers; complicated formulas and symbols,(+); (+); (+); (+); (+),"domain-specific concepts (e.g., chemical, biology, map); scale difference; shapes and lines; word rotation/small font size"
icon,mark.symbol,mark,original,0,,,,,
indicators,mark.symbol,mark,extended,1,InfoVisJ.953.10.png,"I chose the second picture because the names of the countries were familiar and easier to process. I could understand the image and therefore it was less complex. The indications ""lowest"" and ""highest"" helped me to understand why there are two colors in the second image.",indications; names of the countriesr; two colors; easier to process,(-); (-); (-); (-),"domain-specific concepts (e.g., chemical, biology, map); easy/hard to interpret; two colors; unclear meaning/confusing"
symbol,mark.symbol,mark,original,0,,,,,
blue_colors,property.color,property,extended,1,whoB32_1.png,"it lacks contrast between the blue colours, a different colour would make the image less complex. there is more text on the image, which adds complexity.; I don't understand the graphics well",a different color would make the image less complex; lacks contrast between blue colors; don't understand well,(+); (+); (+),color contrast/clarity; distinguishable/full/highly contrast color uses; easy/hard to interpret
color,property.color,property,original,8,wsj536.png | SciVisJ.625.5.png | VisJ.1329.5(3).png,"More elements - the graph, the picture, the shading, use of colour. || I imagine that every pixel and colour represents a collection of data, and the first image is offering more such information so I saw it as more complex.; I had to choose this because I saw it here without analysis. || I cannot understand the pattern. It's not defined which shape or color means",More elements; the shading; use of color || without analysis; every pixel and color represents a collection of data || undefined shape; cannot understand the pattern; undefined color,(+); (+); (+) || (+); (+) || (+); (+); (+),"color variety/shading; more charts/points/lines/shapes/elements; soft/layered/overlapping colors || color contrast/clarity; easy/hard to interpret || color contrast/clarity; domain-specific concepts (e.g., chemical, biology, map); shapes and lines"
color_encoding,property.color,property,original,64,visMost97.png | wsj135.png | economist_daily_chart_165.png,"uses common knowledge, is easy to understand, has distinguished/distinctive colors, and presents simple information. || Left one is just a time scale with 2 data sets in same scale, diferent colors and aligment makes it easy to understand.; The other image is more easier to read and understand || The left image is simpler than the other one because its data are easier to see them, at least, in my opinion.; The highlighted image has a lot of details to read and requires concentration to pay attention to all the data in it (the 'other one' compared to the circle image).; contains more information mix several colors; the size of the graphics; more details；couldnt`see the content; neither is very complex, but comparatively the one on the left is more visually complex as it requires reading; The most important is to understand the topic, what I am looking at. Then the quality of the picture has to be reasonably good, with distinct colours and clear text.; 2D; understandable visual; - how organised/disorganised was the picture - how many type of entities they were - numbers on entities - numbers of unique shapes/colors",common knowledge; distinguished/distinctive colors; simple information; easy to understand || alignment; time scale; 2 data sets; different colors; easy to understand || contains more information; mix several colors; requires reading; 2D; a lot of details; requires concentration; more details; couldnt`see the content; understandable visual; data are easier to see; clear text; distinct colors,(-); (-); (-); (-) || ?; (-); (-); (-); (-) || (+); (+); (+); (-); (+); (+); (+); (+); (-); (-); (-); (+),"color variety/shading; domain-specific concepts (e.g., chemical, biology, map); easy/hard to interpret; much/little data/info || color variety/shading; easy/hard to interpret; much/little data/info; scale difference; shapes and lines || 2D/3D; color variety/shading; easy/hard to interpret; labels/axes/legends; much/little data/info; take longer to interpret"
color_fill,property.color,property,original,1,VisJ.1329.4(2).png,"It looks more like a picture than data, and it's colored in a certain shape.",more like a picture; colored in a certain shape,(+); (+),"domain-specific concepts (e.g., chemical, biology, map); shapes and lines"
color_gradient,property.color,property,original,2,VASTC.19.8.png | VisC.233.3(2).png,"Two much color gradient; -The quality: the image is pretty blurry -The colours: dull and blended together -I have no idea what it represents, lacks clarity It felt like I had to squint my eyes to understand what I was looking at || There are many circles in the left image, with a non repeating pattern, meaning it all has a meaning, especially with how many times black changes into white",color gradient; no idea what it represents; colors dull and blended; the image is pretty blurry; lacks clarity; squint my eyes to understand || many circles; black changes into white,(+); (+); (+); (+); (+); (+) || (+); (+),"blurry colors/images; color variety/shading; distracting/confusing/unclear; domain-specific concepts (e.g., chemical, biology, map); take longer to interpret || color variety/shading; more charts/points/lines/shapes/elements"
color_overlay,property.color,property,original,1,InfoVisJ.651.7.png,"Displays a wider variety of colors and gradients; lacks a clear form or structure, making it abstract and open to interpretation; has no discernible patterns or repetition; gives an illusion of depth or three-dimensionality due to blurring and color overlay.",illusion of depth or 3d; lacks a clear form or structure; blurring and color overlay; wide variety of colors and gradients; no discernible patterns,(+); (+); (+); (+); (+),"2D/3D; blurry colors/images; color variety/shading; domain-specific concepts (e.g., chemical, biology, map); unclear meaning/confusing"
color_palette,property.color,property,original,5,economist_daily_chart_153.png | InfoVisJ.413.3.png | VASTJ.170.6.png,The blue image looks softer and more pleasant to watch so that it give an impression of being less complex. The blue image and its datas seems easier to read and comprehend. || amount of colors; both are complex || its clear its something oval shaped stretched out differently,softer; more pleasant; easier to read and comprehend || amount of colors || from circular to rectangular; less uniform shapes; less white; more colors,(-); (-); (-) || (+) || (+); (+); (+); (+),distracting/confusing/unclear; easy/hard to interpret; soft/layered/overlapping colors || color variety/shading || color variety/shading; overlapping shapes/colors/lines; shapes and lines
color_pattern,property.color,property,original,0,,,,,
color_scale,property.color,property,original,3,v483_n7391_8_f5.png | InfoVisJ.681.1.png | VASTJ.120.3(6).png,"The graph is something I am unfamiliar with, it is harder to read and understand, and it is visually more striking.; as a coloured surface, which is harder to discern; contains more information; Too many similar colours, and axis; A lot of data; More colors; More numbers; The data in the chosen picture are more difficult to read. The graph itself seems conveying more data; The other image has an order; require a more specialized education to understand.; the left has more details and displayed via a bar chart - more simple. It is harder to read.; there are more colors, more information to look at, the lines are wavy and not straightforward; Much more data on the graph than just words.; The image in orange could be anything — an individual without specialized knowledge would be clueless as to what it is. Multiple data points in the image in orange. To the human eye it is more complex: whereas most graphs have two axes (as in the seismic graph), the orange image has four axes and is more difficult to understand based on the results presented.; I feel like the left seems pretty organized and easy to understand, also the colors on both side left are identical, which makes it less complex for me. It's structured.; four labelled axes; separate colour scale; Both have 3 variables; the right one representing one variable with a heat map makes it easier for me to understand at a glance. Curve lines limiting the heat map also helps. || the colors, upwards trend, the color scale at the top of the page and small box indicators; Colors, abstraction, many elements || just a colour scale",Curve lines; one variable; heat map; understand at a glance; conveying more data; difficult to read; colored surface; harder to discern; more data points; more axes; require specialized education to understand.; four labeled axes; separate color scale; organized; structured; colors on both side left are identical; easy to understand; ordered; more details; bar chart; harder to read; A lot of data; More colors; More numbers; more information; lines not straightforward; more colors; Multiple data points; four axes; seismic graph; clueless; more difficult to understand; Too many similar colors; axis; visually more striking; unfamiliar with; harder to read and understand; Much more data; words || many elements; Colors; abstraction; color scale; small box indicators; upwards trend || color scale,(-); (-); (-); (-); (+); (+); (+); (+); (+); (+); (+); (+); (+); (+); (+); (+); (-); (-); (+); (+); (+); (+); (+); (+); (+); (+); (+); (+); (+); (-); (+); (+); (+); (-); (+); (+); (+); (+); (-) || (+); (+); (+); (+); (+); (+) || (+),"2D/3D; amount of words/context/numbers; color contrast/clarity; color variety/shading; distracting/confusing/unclear; domain-specific concepts (e.g., chemical, biology, map); easy/hard to interpret; labels/axes/legends; more charts/points/lines/shapes/elements; much/little data/info; ordered; shapes and lines; take longer to interpret || 2D/3D; abstract shapes or colors; color contrast/clarity; color variety/shading; more charts/points/lines/shapes/elements; shapes and lines; symbols || color variety/shading"
color_scheme,property.color,property,original,70,wsj603.png | v487_n7406_7_f3.png | VASTJ.422.7.png,had many small details like the small ups and downs. There are much more information; The one on the right seems like it's fairly easy to read; There were more colours in the image on the left. The shapes and lines were more complex; Comprehensibility Readability || There are more colors and more details all mixed up to scrutinize on the orange highlight image. Datas printed on orange highlight image seem more difficult to understand. || Larger dataset; Bigger key so more things to analyse; More colours,shapes and lines; more colors; fairly easy to read; many small details; much more information || mixed up; more details; more colors; more difficult to understand || Larger dataset; so more things; Bigger key; More colors,(+); (+); (-); (+); (+) || (+); (+); (+); (+) || (+); (+); (+); (+),color variety/shading; easy/hard to interpret; much/little data/info; shapes and lines || color variety/shading; easy/hard to interpret; much/little data/info; overlapping shapes/colors/lines || color variety/shading; labels/axes/legends; much/little data/info
color_shading,property.color,property,original,2,SciVisJ.700.11.png | VASTJ.1407.9.png,"multiple shades of blue used; a lot of text || The graphic on the left seems to have a simpler structure.; More line crossing each others which add complexity. Adding to the line, you have to look at the scale on the left and at the top; Too many lines. Too many different sections. The wording is on the chart itself, so it feels like it's all complied together onto one graph. The various shades of colour are similar yet somewhat different.",a lot of text; multiple shades of blue || Too many lines; Too many sections; wording on chart; various shades of color; More line crossing each others; line and scale; simple structure,(+); (+) || (+); (+); (+); (+); (+); (+); (-),amount of words/context/numbers; color variety/shading || amount of words/context/numbers; color variety/shading; more charts/points/lines/shapes/elements; overlapping shapes/colors/lines; shapes and lines; word rotation/small font size
color_variety,property.color,property,original,0,,,,,
gradient,property.color,property,extended,2,InfoVisJ.651.7.png | VisC.73.8(2).png,"Displays a wider variety of colors and gradients; lacks a clear form or structure, making it abstract and open to interpretation; has no discernible patterns or repetition; gives an illusion of depth or three-dimensionality due to blurring and color overlay. || There appears to be a lot of data points. Uncertainty as to what the image is stating. Uncertainty on whether there was a gradient or not (what does black mean, what does green mean, what does yellow mean).",illusion of depth or 3d; lacks a clear form or structure; blurring and color overlay; wide variety of colors and gradients; no discernible patterns || a lot of data points; a gradient; black; green; yellow; uncertainty,(+); (+); (+); (+); (+) || (+); (+); (+); (+); (+); (+),"2D/3D; blurry colors/images; color variety/shading; domain-specific concepts (e.g., chemical, biology, map); unclear meaning/confusing || color contrast/clarity; color variety/shading; distracting/confusing/unclear; inadequate/few coloring; more charts/points/lines/shapes/elements"
red_colors,property.color,property,extended,1,InfoVisJ.2699.12.png,"less white space; red colours amongst lots of black overlapping lines; straight lines, dots, colour and shapes used",less white space; lots of overlapping lines; dots; shapes; straight lines; red colors,(+); (+); (-); (+); (-); (+),color contrast/clarity; overlapping shapes/colors/lines; shapes and lines
shading,property.color,property,extended,2,wsj536.png | VisC.147.8(2).png,"More elements - the graph, the picture, the shading, use of colour. || I have no idea what the symbol and shading on the left is about.",More elements; the shading; use of color || symbol and shading,(+); (+); (+) || (+),color variety/shading; more charts/points/lines/shapes/elements; soft/layered/overlapping colors || symbols
data_encoding,property.encoding,property,original,1,VASTJ.1698.5(4).png,"this image is strange and difficult to analyze that why i found it complex; lines crossing; information depicted more granularly; I don't know how to read this, it's understandable; they were both complex but the depth and intersecting lines of the one one the right made it more complex for me",lines crossing; information depicted more granularly; don't know how to read this; depth; intersecting lines; strange; difficult to analyze,(+); (+); (+); (+); (+); (+); (+),"2D/3D; distracting/confusing/unclear; domain-specific concepts (e.g., chemical, biology, map); easy/hard to interpret; overlapping shapes/colors/lines; shapes and lines"
draw_style,property.encoding,property,extended,1,economist_daily_chart_493.png,"Amount of details, draw style, colors",Amount of details; colors; draw style,(+); (+); (+),"color contrast/clarity; domain-specific concepts (e.g., chemical, biology, map); much/little data/info"
encoding,property.encoding,property,original,0,,,,,
metric_representation,property.encoding,property,extended,1,whoK27_2.png,short cryptic labels; There is text and something to process; because of the metrics it reprents; the date is clearer and easy to identificate,text; something to process; metric it represents; clearer; easy to identificate; short cryptic labels,(+); (+); (+); (-); (-); (+),"amount of words/context/numbers; clear colors/shapes; domain-specific concepts (e.g., chemical, biology, map); easy/hard to interpret; take longer to interpret; unclear meaning/confusing"
motion,property.encoding,property,extended,1,VisJ.1329.1(4).png,2. I dont understand what the shapes represent. 3. Why is it moving like that.,Why is it moving like that.; dont understand what the shapes represent.,(+); (+),unclear meaning/confusing
visual_cues,property.encoding,property,extended,1,SciVisJ.995.10(3).png,Visual cues to make you understand what you're trying to analyze in the image.; random colours in random places; There is a more complex arrangement of shapes and colours; There are less visual items in this image; -Understanding of what I am looking at -Understanding the shapes -Understanding the information,arrangement of shapes; arrangement of colors; less visual items; visual cues; random places; random colors,(+); (+); (-); (+); (-); (-),color contrast/clarity; color variety/shading; distracting/confusing/unclear; much/little data/info; shapes and lines; unclear meaning/confusing
visual_encoding,property.encoding,property,original,2,InfoVisJ.1933.13.png | economist_daily_chart_521.png,"The image just hurt my eyes to look at. They all looked the same yet different.; For this one, you need to read 15 figures separately. Therefore, I find it more complex. || This a NASA graph so it's obviously complex. Curves and graphs are always hard to understand for me. It hurts my vision.",hurt my eyes; need to read 15 figures separately || hurts my vision; NASA graph; hard to understand,(+); (+) || (+); (+); (+),"distracting/confusing/unclear; read/analyze many figures/items || distracting/confusing/unclear; domain-specific concepts (e.g., chemical, biology, map); easy/hard to interpret"
font_size,property.font_size,property,original,0,,,,,
calligraphy,property.font_style,property,extended,1,VASTJ.220.1(2).png,Letter size variation; Word meaning difference; Color difference; Ugly calligraphy,Letter size variation; Word meaning difference; Color difference; Ugly calligraphy,(+); (+); (+); (+),color variety/shading; distracting/confusing/unclear; unclear meaning/confusing; word rotation/small font size
font,property.font_style,property,extended,2,SciVisJ.728.14.png | InfoVisJ.2546.1.png,"On the right side, the colors of the image are too similar, and it makes it harder to understand the data.; The second image has a clear and concise key and is therefore less complex.; Visual clarity Amount of information; There is more text. The font and the arrangement of the text make it harder to read. There is less blank space (too cramped).; just lines of text; a chart that needed interpretation; The highlighted image needs a lot of reading before any sort of interpretation can be made.; The colours make it look cool; amount of text; amount of text, number of colours,; Use of color makes reading easier; How visible is the information — easy to read; there are lots of words on the one on the left; I have a legend and explanations.; intuitive understanding of graph || A lot of words and letters, too many divisions, different sizes of font",explanations; legend; clear and concise key; colors; look cool; Amount of information; Visual clarity; colors are too similar; harder to understand; lots of words; needs a lot of reading; amount of text; number of colors; lines of text; less blank space; too cramped; The font; more text; the arrangement of the text; harder to read; needed interpretation; Use of color; easy to read; intuitive understanding of graph || too many divisions; different sizes of font; lot of words and letters,(-); (+); (-); (+); (-); (+); (+); (+); (-); (+); (+); (+) (-); (-); (-); (+); (+); (+); (+); (+); (+); (+); (-); (-); (-) || (+); (+); (+),amount of words/context/numbers; clear text arrangement/density; color contrast/clarity; distinguishable color variety/arrangement/distribution; distracting/confusing/unclear; easy/hard to interpret; labels/axes/legends; more regions/space; much/little data/info; overlapping shapes/colors/lines; read/analyze many figures/items; take longer to interpret; word rotation/small font size || amount of words/context/numbers; more charts/points/lines/shapes/elements; word rotation/small font size
font_styling,property.font_style,property,extended,2,InfoVisC.73.6.png | InfoVisJ.1190.8.png,"cluter on screen; text; The left image seems simpler, with just text changing fonts and lines.; dark green; Volume of information Time to evaluate context Spread of information on the image Data interpretation; harder to understand; this one has text; I do recognize a few of the words there when I briefly glanced it; however, I am not sure what it means or what it is used for. || There are a bunch of words mixed in there that makes so difficult to read each one of them with no color difference or font.; rotation of words different word sizes",Spread of information; Volume of information; text; harder to understand; dark green; cluter on screen; has text; changing fonts; lines; a few of the words; not sure what it is used for; not sure what it means || bunch of words mixed; no font; no color difference; difficult to read; different word sizes; rotation of words,(-); (+) (-); (+); (-); (-); (+); (+); (-); (+); (-); (-); (-) || (+); (+); (+); (+); (+); (+),amount of words/context/numbers; color contrast/clarity; easy/hard to interpret; labels/axes/legends; more charts/points/lines/shapes/elements; much/little data/info; overlapping shapes/colors/lines; shapes and lines; unclear meaning/confusing; word rotation/small font size || color contrast/clarity; easy/hard to interpret; labels/axes/legends; more labels/context; word rotation/small font size
fonts,property.font_style,property,extended,1,InfoVisC.157.1.png,"too many subplots, small fonts, lack of describing information of the elements; the image on the right I find that I will unlikely be able to interpret; It wasn't clear as to what is going on in the chart.",too many subplots; lack of describing information; small fonts; wasn't clear what is going on; unlikely be able to interpret,(+); (+); (+); (+); (+),easy/hard to interpret; labels/axes/legends; more charts/points/lines/shapes/elements; word rotation/small font size
typography,property.font_style,property,extended,1,VASTJ.1763.8(2).png,The left picture utilizes a more uniform design. The left picture features only two main colors. The left picture applies one font only.,only two main colors; one font only; more uniform design,(-); (-); (-),2D/3D; two colors; word rotation/small font size
half_shading,property.opacity,property,extended,1,VASTJ.1764.2.png,I don't understand the graph and the half-shading compared to the second diagram.,half-shading; don't understand,(+); (+),color variety/shading; easy/hard to interpret
volume,property.size,property,extended,1,SciVisC.49.5.png,Hard to understand; multiple figures with different volume; visually too much color or details in a condensed zone,multiple figures; different volume; Hard to understand,(+); (+); (+),easy/hard to interpret; more charts/points/lines/shapes/elements; shapes and lines
texture,property.texture,property,extended,1,VisJ.1197.5(3).png,"There are a lot of layers of shapes/details. This complexity of texture is stimulating. Quantity of items in the image.; so many cube -> difficult to visualize; the image on the right I see no context whatsoever.; The one on the right has 3 dimensions, so it looks like it's showing more data and more complexity.",so many cube; difficult to visualize; Quantity of items; layers of shapes/details; shapes; texture is stimulating; no context,(+); (+); (+); (+); (+); (+); (+) (-),"domain-specific concepts (e.g., chemical, biology, map); easy/hard to interpret; more charts/points/lines/shapes/elements; much/little data/info; shapes and lines; symbols"
background,structure.background,structure,original,6,VisJ.1515.12.png | VisJ.1949.18(3).png | vis734.png,"it was harder for my eyes to focus on the colours in this picture making it harder to adjust and see the colours.; the contrast of the colors is really weird and it doesnt make sense; Colour coded for separating facts; more lines, making it more difficult to identify differences in the information presented; i have no idea what is going on. i cannot make sense of it; I didn't understand what the left image was demonstrating; i have more dificulty to read this image for me.i don't know what to say; really don't understand this one; Processing information is not possible on the selected image; no context; too dark; Hard measure; Hard to find exact feature; I was looking for images that made sense to me, in terms of how I would retrieve data, the orange highlighted one gave me no further information; the image is not as understandable in terms of shapes and what it resembles || background white we see more clearly numbers and legend; Patterns, the image I chose was slightly mesmerizing as my brain wanted to find a pattern in it. More elements. The level of contrast. The colour intensity. || too many points;  black background",don't understand; didn't understand; in terms of shapes; what it resembles; not as understandable; Processing information is not possible; more lines; Color coded for separating facts; difficult to identify differences in information; no context; too dark; cannot make sense of it; contrast of the colors; color contrast really weird; colors; harder for my eyes to focus; gave no further information; don't know what to say; exact feature; measure; Hard measure; Hard to find exact feature || background white; numbers and legend; More elements.; wanted to find a pattern; color intensity.; level of contrast. || too many points; black background,(+); (+); (+); (+); (+); (+); (+); (+); (+); (+) (-); (+); (+); (+); (+); (+); (+); (+); (+); (+); (+); (+); (+) || (+); (+); (+); (+); (+); (+) || (+); (+),"color contrast/clarity; domain-specific concepts (e.g., chemical, biology, map); easy/hard to interpret; labels/axes/legends; more charts/points/lines/shapes/elements; more difficult to focus/follow; much/little data/info; shapes and lines; unclear colors/contrast; understand/read shapes || color contrast/clarity; color variety/shading; domain-specific concepts (e.g., chemical, biology, map); labels/axes/legends; more charts/points/lines/shapes/elements; white/black background / other background || more charts/points/lines/shapes/elements; white/black background / other background"
empty_spaces,structure.background,structure,extended,1,InfoVisJ.2556.10.png,"1. Text not easily readable. 2. No regularity in design. (empty spaces for example). 3. Totally arbitrary color application. 4. No clear visual ""cut off points"", the frames are fading out. This looks ""messy"" and confusing.",Text not easily readable.; No regularity in design. (empty spaces for example).; Totally arbitrary color application.; No regularity in design; No clear visual cut off points; looks messy and confusing,(+); (+); (+); (+); (+); (+),"color contrast/clarity; distracting/confusing/unclear; domain-specific concepts (e.g., chemical, biology, map); easy/hard to interpret; unclear meaning/confusing"
map_background,structure.background,structure,original,0,,,,,
negative_space,structure.background,structure,extended,1,VASTC.123.1.png,"noisy, white color gives an illusion of a negative space",noisy; illusion of a negative space; white color,(+); (+); (+),color variety/shading; overlapping shapes/colors/lines
white_space,structure.background,structure,extended,2,InfoVisJ.2699.12.png | VisJ.1595.9(2).png,"less white space; red colours amongst lots of black overlapping lines; straight lines, dots, colour and shapes used || more graphic; no or few data; 3D; more white space",less white space; lots of overlapping lines; dots; shapes; straight lines; red colors || more graphic; no or few data; white space; 3D,(+); (+); (-); (+); (-); (+) || (+); (+); (+); (+),color contrast/clarity; overlapping shapes/colors/lines; shapes and lines || 2D/3D; more charts/points/lines/shapes/elements; much/little data/info; white/black background / other background
cell,structure.cell,structure,original,0,,,,,
columns_and_rows,structure.grid,structure,extended,1,SciVisJ.1236.10.png,"The amount of pixels and colors also with different patterns and partly mixed up seemed more intense on the right side. Also the text abpve the pixel add up to it being more complex to me.; Number of square. Variety of data in every square. convey much more data.; On the contrary the left image is clear, it shows everything by columns and rows which is easier to visualize.; The more complex image needs to be studied more intently to make sense of.; I have no idea what Image 1 is; it makes me curious what it means and the colors seem to have some sort of meaning.; I dont understand at all the image selected, neither the graphics nor the data. I have never seen something similar.; The image with the orange box has 1. different shapes and sizes of blurred purple and green boxes 2. labels are top are confusing to decode; The meaning of the code which i don't understand",needs to be studied more intently to make sense of; different shapes and sizes; blurred purple and green boxes; labels; meaning of the code; don't understand; not something similar.; dont understand at all; no idea what Image is; the colors seem to have meaning; Number of square; Variety of data in square; columns and rows; easier to visualize,(+); (+); (+); (-); (+); (+); (+); (+); (+); (+); (+); (+); (-); (-),"blurry colors/images; domain-specific concepts (e.g., chemical, biology, map); easy/hard to interpret; labels/axes/legends; more charts/points/lines/shapes/elements; shapes and lines; take longer to interpret; unclear meaning/confusing"
dimension_matrix,structure.grid,structure,extended,1,SciVisJ.744.13.png,"Not understandable at all Different colours Maybe a lot of info that you should know understand just seeing the image Only for trained eyes; This image is complex because it contains lot of details, it is like 3D visualisation (4 dimension matrix), the equation to represent it must be complex. It is like the equation of the wave of water which is difficult to modelise in physic or video game.; less details and more lookable",lot of details; 3D visualization (4 dimension matrix); difficult to model; a lot of info; Different colors; Only for trained eyes; Not understandable at all; less details,(+); (+); (+); (+); (+); (+); (+); (-),2D/3D; color variety/shading; easy/hard to interpret; much/little data/info; take longer to interpret
divisions,structure.grid,structure,extended,1,InfoVisJ.2546.1.png,"A lot of words and letters, too many divisions, different sizes of font",too many divisions; different sizes of font; lot of words and letters,(+); (+); (+),amount of words/context/numbers; more charts/points/lines/shapes/elements; word rotation/small font size
grid,structure.grid,structure,original,6,SciVisJ.1236.10.png | VASTJ.2908.2.png | SciVisJ.807.5.png,"The amount of pixels and colors also with different patterns and partly mixed up seemed more intense on the right side. Also the text abpve the pixel add up to it being more complex to me.; Number of square. Variety of data in every square. convey much more data.; On the contrary the left image is clear, it shows everything by columns and rows which is easier to visualize.; The more complex image needs to be studied more intently to make sense of.; I have no idea what Image 1 is; it makes me curious what it means and the colors seem to have some sort of meaning.; I dont understand at all the image selected, neither the graphics nor the data. I have never seen something similar.; The image with the orange box has 1. different shapes and sizes of blurred purple and green boxes 2. labels are top are confusing to decode; The meaning of the code which i don't understand || A lot of similar looking colors, lack of a grid so it makes it harder to look at the data points. || Right one is just a simple grid of squares",needs to be studied more intently to make sense of; different shapes and sizes; blurred purple and green boxes; labels; meaning of the code; don't understand; not something similar.; dont understand at all; no idea what Image is; the colors seem to have meaning; Number of square; Variety of data in square; columns and rows; easier to visualize || similar looking colors; lack of a grid; makes it harder to look at the data points || grid of squares,(+); (+); (+); (-); (+); (+); (+); (+); (+); (+); (+); (+); (-); (-) || (+); (+); (+) || (-),"blurry colors/images; domain-specific concepts (e.g., chemical, biology, map); easy/hard to interpret; labels/axes/legends; more charts/points/lines/shapes/elements; shapes and lines; take longer to interpret; unclear meaning/confusing || color contrast/clarity; domain-specific concepts (e.g., chemical, biology, map); easy/hard to interpret || domain-specific concepts (e.g., chemical, biology, map)"
grid_cells,structure.grid,structure,original,0,,,,,
heatmap_grid,structure.grid,structure,original,0,,,,,
matrix,structure.grid,structure,extended,1,SciVisJ.980.9.png,"The other image is easier to understand as the figures are displayed along with the countries, so with just a glance everything is summarized. - small font for the text in the description - the color aspect (grey map on dark background); The 2x2 matrix patterns are clear and the symbols (to the right) are more easily recognizable.",matrix patterns; symbols; easily recognizable,(-); (-); (-),"domain-specific concepts (e.g., chemical, biology, map); easy/hard to interpret; symbols"
table,structure.grid,structure,extended,4,visMost325.png | whoO10_2.png | v487_n7407_7_f2.png,"less information; 1. Great detail in colorization of continents. 2. Small table in bottom left corner. 3. Tiny writing in bottom right corner. 4. Far more detailed looking in general.; the image on the right is darker and harder to see but has more going on and is very complex; map graph || because im used to round tables like the other one || Right one is at least organized in a table; The right has a chart with labels and a key indicating what the colours represent, so even though there is a lot going on you can break down what it all means.",map; more going on; darker; harder to see; Great detail; Small table; Tiny writing; map of continents || round tables || a lot going on; a key; labels; chart with labels; break down what it means; organized in a table,(-); (+); (+); (+); (+); (+); (+); (+) || (-) || (+); (-); (-); (-); (-); (-),"color contrast/clarity; color variety/shading; domain-specific concepts (e.g., chemical, biology, map); easy/hard to interpret; much/little data/info; word rotation/small font size || domain-specific concepts (e.g., chemical, biology, map) || domain-specific concepts (e.g., chemical, biology, map); easy/hard to interpret; labels/axes/legends; much/little data/info"
hierarchical_structure,structure.hierarchy,structure,extended,1,InfoVisJ.1149.6(1).png,"It contains a high information density. As a result, interpreting the map requires parsing through a large amount of textual data, which can be visually overwhelming and mentally taxing. Navigating through this hierarchical text requires understanding the relative importance of different labels and how they contribute to the overall information conveyed by the map. Interpreting a map with many small writings requires not only reading and understanding individual labels but also synthesizing information from multiple sources to gain a comprehensive understanding of the depicted area.",high information density; large amount of textual data; different labels; hierarchical text; many small writings; visually overwhelming; mentally taxing,(+); (+); (+); (+); (+); (+); (+),amount of words/context/numbers; distracting/confusing/unclear; labels/axes/legends; overlapping shapes/colors/lines; take longer to interpret; word rotation/small font size
hierarchy_levels,structure.hierarchy,structure,extended,1,visMost92.png,"the image has more colors, it has text, a grid, and icons (the thunders); Number of levels and levels; misunderstanding of shapes.",text; icons; more colors; misunderstanding of shapes; number of levels,(+); (+); (+); (+); (+),2D/3D; amount of words/context/numbers; color variety/shading; shapes and lines; symbols; understand/read shapes
hierarchy_structure,structure.hierarchy,structure,extended,1,np_21.png,"there has a lot of pictures and words and also picture of world; More text More individual elements Harder to understand hierarchy at first glance More variety in shapes; Small text; Different sections; Image of Earth with lines; more context, has text and information to read and understand the visualisation better.",Small text; Image of Earth with lines; More individual elements; More text; More variety in shapes; Harder to understand hierarchy; a lot of pictures and words; words; picture of world; more context; text and information,(+); (+); (+); (+); (+); (+); (+); (-); (+); (-); (-),"amount of words/context/numbers; clear text/scale/information; domain-specific concepts (e.g., chemical, biology, map); easy/hard to interpret; more charts/points/lines/shapes/elements; more labels/context; shape variation; word rotation/small font size"
lineages,structure.hierarchy,structure,extended,1,v483_n7390_14_f3.png,A phylogenetic tree involves a lot of different species being fit on the same tree and there is a lot of complexity in how lineages are tracked and how the evolutionary tree developed.,a lot of different species; evolutionary tree; lineages; phylogenetic tree,(+); (+); (+); (+),"domain-specific concepts (e.g., chemical, biology, map); more charts/points/lines/shapes/elements"
phylogenetic_tree,structure.hierarchy,structure,extended,1,v483_n7390_14_f3.png,A phylogenetic tree involves a lot of different species being fit on the same tree and there is a lot of complexity in how lineages are tracked and how the evolutionary tree developed.,a lot of different species; evolutionary tree; lineages; phylogenetic tree,(+); (+); (+); (+),"domain-specific concepts (e.g., chemical, biology, map); more charts/points/lines/shapes/elements"
ranking_structure,structure.hierarchy,structure,extended,1,SciVisJ.1025.10.png,"I guess it has something to do with familiarity.
The one to the left where it's ranking things.; condensate readability simplicity confusion",familiarity; ranking things,(-); (-),"domain-specific concepts (e.g., chemical, biology, map)"
ranking_system,structure.hierarchy,structure,extended,1,SciVisJ.797.13(3).png,it has more details the ranking system is beyond my understanding images are difficult to make sense of,more details; ranking system beyond understanding; images difficult to make sense of,(+); (+); (+),easy/hard to interpret; much/little data/info; shapes and lines
layers,structure.layout,structure,extended,1,VisJ.1197.5(3).png,"There are a lot of layers of shapes/details. This complexity of texture is stimulating. Quantity of items in the image.; so many cube -> difficult to visualize; the image on the right I see no context whatsoever.; The one on the right has 3 dimensions, so it looks like it's showing more data and more complexity.",so many cube; difficult to visualize; Quantity of items; layers of shapes/details; shapes; texture is stimulating; no context,(+); (+); (+); (+); (+); (+); (+) (-),"domain-specific concepts (e.g., chemical, biology, map); easy/hard to interpret; more charts/points/lines/shapes/elements; much/little data/info; shapes and lines; symbols"
layout,structure.layout,structure,original,26,InfoVisJ.619.17.png | v487_n7406_7_f3.png | VASTJ.2012.9(2).png,"this is visually complex because the dots are everywhere not in exact locations spread around seems cluttered; the other photo seems easier to figure out- but was tough to decide || There are more colors and more details all mixed up to scrutinize on the orange highlight image. Datas printed on orange highlight image seem more difficult to understand. || I picked complexity mostly for the amount of items displayed, how busy the charts were, the amount of information given and how hard it was to quickly understand them.; many different elements - less organization of elements - more variety of colors",dots are everywhere; seems cluttered; spread around; easier to figure out || mixed up; more details; more colors; more difficult to understand || many different elements; less organization of elements; more variety of colors; amount of items; how busy the charts were; the amount of information; how hard it was to quickly understand,(+); (+); (+); (-) || (+); (+); (+); (+) || (+); (+); (+); (+); (+); (+); (+),easy/hard to interpret; more charts/points/lines/shapes/elements; much/little data/info; overlapping shapes/colors/lines || color variety/shading; easy/hard to interpret; much/little data/info; overlapping shapes/colors/lines || color variety/shading; easy/hard to interpret; less organized elements; more charts/points/lines/shapes/elements; much/little data/info; overlapping shapes/colors/lines
layout_structure,structure.layout,structure,original,2,InfoVisC.24.8.png | InfoVisJ.2556.10(2).png,"Looks more ""chaotic"" Less structured More data? || il.logic; The density of text - Hard to understand",More data; Less structured; chaotic || illogical; density of text; Hard to understand,(+); (+); (+) || (-); (+); (+),distracting/confusing/unclear; much/little data/info || clear text arrangement/density; distracting/confusing/unclear; easy/hard to interpret
multi_panel_figure,structure.layout,structure,extended,1,InfoVisJ.1933.13.png,"The image just hurt my eyes to look at. They all looked the same yet different.; For this one, you need to read 15 figures separately. Therefore, I find it more complex.",hurt my eyes; need to read 15 figures separately,(+); (+),distracting/confusing/unclear; read/analyze many figures/items
overall_layout,structure.layout,structure,original,0,,,,,
presentation_logic,structure.layout,structure,extended,2,vis673.png | VASTJ.51.7.png,nan || nan,Initial (intuitive) attractiveness to actually delve into the image and analyze it; Expected time and cognitive load to understand the logic of presentation; Expected time and cognitive load to understand the key takeaway of/ key patterns suggested by the image (separating information from noise); Expected time and cognitive load to understand the majority of information in the image (separating information from noise) || Initial (intuitive) attractiveness to actually delve into the image and analyze it; Expected time and cognitive load to understand the logic of presentation; Expected time and cognitive load to understand the key takeaway of/ key patterns suggested by the image (separating information from noise); Expected time and cognitive load to understand the majority of information in the image (separating information from noise),(-); (+); (+); (+) || (-); (+); (+); (+),easy/hard to interpret || easy/hard to interpret; take longer to interpret
spatial_dimension,structure.layout,structure,extended,1,visMost777.png,"The image changes over something but not sure what, the meanings of color are not well defined. and it seems like a physical dimension but not sure",not sure; physical dimension; meanings of color not well defined.,(+); (+); (+),"2D/3D; color contrast/clarity; domain-specific concepts (e.g., chemical, biology, map)"
structure,structure.layout,structure,extended,1,InfoVisJ.651.7.png,"Displays a wider variety of colors and gradients; lacks a clear form or structure, making it abstract and open to interpretation; has no discernible patterns or repetition; gives an illusion of depth or three-dimensionality due to blurring and color overlay.",illusion of depth or 3d; lacks a clear form or structure; blurring and color overlay; wide variety of colors and gradients; no discernible patterns,(+); (+); (+); (+); (+),"2D/3D; blurry colors/images; color variety/shading; domain-specific concepts (e.g., chemical, biology, map); unclear meaning/confusing"
branches,structure.link,structure,extended,1,v483_n7390_14_f3.png,A phylogenetic tree involves a lot of different species being fit on the same tree and there is a lot of complexity in how lineages are tracked and how the evolutionary tree developed.,a lot of different species; evolutionary tree; lineages; phylogenetic tree,(+); (+); (+); (+),"domain-specific concepts (e.g., chemical, biology, map); more charts/points/lines/shapes/elements"
connection,structure.link,structure,original,0,,,,,
edge,structure.link,structure,original,0,,,,,
edges,structure.link,structure,original,1,InfoVisJ.401.12.png,More elements; the chosen image seems like there is a cluster of information that needs to be seen slowly one by one. It feels like the chosen visualization comes from a more scientific method than just showing information in text. Some kind of extra information would be needed to understand what these networks mean.,More elements; a cluster of information; showing information in text; network; scientific method,(+); (+); (+); (+); (+),"clear text/scale/information; domain-specific concepts (e.g., chemical, biology, map); more charts/points/lines/shapes/elements; much/little data/info"
interactions,structure.link,structure,extended,1,InfoVisJ.1558.11(6).png,The elements in the first image are more evenly distributed but do not seem to present much interaction between them.; the other one only has dots,more evenly distributed; not much interaction; only has dots,(-); (-); (-),2D/3D; labels/axes/legends; shapes and lines
intersections,structure.link,structure,extended,3,InfoVisJ.349.1.png | InfoVisC.8.7.png | VASTJ.1698.5(4).png,"has easy lines to follow second option has easily distinct shapes; The numerous intersections on the right chart made it confusing to read to me.; Proximity of items Colours involved Complexity of image; Amount of information to understand the data; Lack of label or explanation; visually more abstract and to me complex; random like shapes; random like ""movement"" of datapoints(?); monochrome colour appeared more complex to me || There were a lot of intersections in the Circle  suggesting that there is a high amount of data to be extracted || this image is strange and difficult to analyze that why i found it complex; lines crossing; information depicted more granularly; I don't know how to read this, it's understandable; they were both complex but the depth and intersecting lines of the one one the right made it more complex for me",distinct shapes; lines; easy lines to follow; numerous intersections; confusing to read; random like movement of datapoints; random like shapes; monochrome color; Proximity of items; Colors involved; Lack of label or explanation || high amount of data; intersections in the Circle || lines crossing; information depicted more granularly; don't know how to read this; depth; intersecting lines; strange; difficult to analyze,(-); (+); (-); (+); (+); (+); (+); (+); (-); (+); (+) || (+); (+) || (+); (+); (+); (+); (+); (+); (+),"color contrast/clarity; distracting/confusing/unclear; easy/hard to interpret; labels/axes/legends; monochrome; more charts/points/lines/shapes/elements; overlapping shapes/colors/lines; random-like shapes; shapes and lines; unclear meaning/confusing; word rotation/small font size || much/little data/info; overlapping shapes/colors/lines || 2D/3D; distracting/confusing/unclear; domain-specific concepts (e.g., chemical, biology, map); easy/hard to interpret; overlapping shapes/colors/lines; shapes and lines"
link,structure.link,structure,original,1,InfoVisJ.621.2.png,whilst the other one only has 2 (title and link).,only has 2; link; title,(-); (-); (-),labels/axes/legends; more charts/points/lines/shapes/elements
network,structure.link,structure,extended,3,VisC.11.12(2).png | InfoVisJ.401.12.png | InfoVisJ.2486.8.png,"In the orange highlighted image, there are a multitude of paths or routes between different points. These paths overlap, intersect, diverge, creating a visually intricate network The crossing and overlapping of the lines make it challenging to distinguish between individual routes or connections, requiring careful examination and interpretation to unravel the underlying structure of the network. It contain layered information, with different sets of lines representing various types of relationships or networks It makes it difficult to focus on the image for long; More intersecting lines, vast interpretations, less writing || More elements; the chosen image seems like there is a cluster of information that needs to be seen slowly one by one. It feels like the chosen visualization comes from a more scientific method than just showing information in text. Some kind of extra information would be needed to understand what these networks mean. || lines, relationships;  both are complex; The other image has somewhat of a color scheme. I could see that the red lines are forming some sort of network between the blue dots in the other image. I have seen the other image in data visualizations before.","intersecting lines; less writing; vast interpretations; crossing and overlapping of the lines; multitude of paths or routes between different points; paths overlap, intersect, diverge, creating a visually intricate network; challenging to distinguish; difficult to focus on the image for long; require careful examination and interpretation || More elements; a cluster of information; showing information in text; network; scientific method || lines; relationships; data visualizations; network; color scheme; dots",(+); (+); (+); (+); (+); (+); (+); (+); (+) || (+); (+); (+); (+); (+) || (+); (-); (-); (+); (-); (-),"domain-specific concepts (e.g., chemical, biology, map); easy/hard to interpret; little/less text/numbers/context; overlapping shapes/colors/lines; take longer to interpret || clear text/scale/information; domain-specific concepts (e.g., chemical, biology, map); more charts/points/lines/shapes/elements; much/little data/info || color variety/shading; design-data relationship; domain-specific concepts (e.g., chemical, biology, map); shapes and lines"
paths,structure.link,structure,extended,1,VisC.11.12(2).png,"In the orange highlighted image, there are a multitude of paths or routes between different points. These paths overlap, intersect, diverge, creating a visually intricate network The crossing and overlapping of the lines make it challenging to distinguish between individual routes or connections, requiring careful examination and interpretation to unravel the underlying structure of the network. It contain layered information, with different sets of lines representing various types of relationships or networks It makes it difficult to focus on the image for long; More intersecting lines, vast interpretations, less writing","intersecting lines; less writing; vast interpretations; crossing and overlapping of the lines; multitude of paths or routes between different points; paths overlap, intersect, diverge, creating a visually intricate network; challenging to distinguish; difficult to focus on the image for long; require careful examination and interpretation",(+); (+); (+); (+); (+); (+); (+); (+); (+),"domain-specific concepts (e.g., chemical, biology, map); easy/hard to interpret; little/less text/numbers/context; overlapping shapes/colors/lines; take longer to interpret"
process_path,structure.link,structure,extended,1,InfoVisJ.339.3.png,"It has considerably more going on than the other image. More text, colors, connections and information. The arrangement of the data is more complicated because of that, making it take a little bit longer to understand and go through. The colors of the image are strongly contrasting with each other. There's big text and smaller text, as in, titles and descriptions. Honestly, this image is complex but not confusing, it's okay.; I see more links and written information in the second image. There are also more types of information in the one I have selected.; both is understandable, but right one is more complex as it describes a process.; The left image is showing a very clear path to follow",More connections and information; big text and smaller text; titles and descriptions; colors strongly contrasting; longer to understand and go through; clear path to follow; a process; understandable; more types of information; more links; written information,(+); (+); (+); (+); (+); (-); (+); (-); (+); (+); (+),"amount of words/context/numbers; distinguishable/full/highly contrast color uses; domain-specific concepts (e.g., chemical, biology, map); easy/hard to interpret; labels/axes/legends; much/little data/info; shapes and lines; take longer to interpret; unclear meaning/confusing"
relationships,structure.link,structure,extended,1,InfoVisJ.2486.8.png,"lines, relationships;  both are complex; The other image has somewhat of a color scheme. I could see that the red lines are forming some sort of network between the blue dots in the other image. I have seen the other image in data visualizations before.",lines; relationships; data visualizations; network; color scheme; dots,(+); (-); (-); (+); (-); (-),"color variety/shading; design-data relationship; domain-specific concepts (e.g., chemical, biology, map); shapes and lines"
blue_box,structure.panel,structure,extended,1,InfoVisJ.1558.5.png,"the left one seems to explain some kind of pattern in the blue box, therefore i didn't think it imply anything too complicated.; it's clear it's something oval-shaped stretched out differently",oval-shaped; stretched out differently; some kind of pattern; blue box; didn't think it imply anything too complicated,(-); (-); (-); (-); (-),"color contrast/clarity; domain-specific concepts (e.g., chemical, biology, map); easy/hard to interpret; shapes and lines"
bounding_box,structure.panel,structure,original,0,,,,,
box,structure.panel,structure,original,0,,,,,
code_block,structure.panel,structure,extended,1,InfoVisC.24.3(2).png,just text on the (less complex) and code/text; In the image with orange highlight I'm seeing programming and for me it's more difficult.,code/text; just text; programming; more difficult,(-); (-); (+); (+),"amount of words/context/numbers; domain-specific concepts (e.g., chemical, biology, map); easy/hard to interpret"
computer_screen,structure.panel,structure,extended,1,SciVisJ.891.13.png,"Image 2 looks like a computer home screen and, while there is a lot going on there.",a lot going on; computer screen,(+); (-),"domain-specific concepts (e.g., chemical, biology, map); much/little data/info"
dashed_box,structure.panel,structure,extended,1,VisJ.1595.6(2).png,"I believe that the image on the left is more complex because it includes more writing on the actual page, more color, more shapes, and overall, it fills the paper more, making it a more complex image.; how objects spread over the whole picture; its an equation giving coordinates and its hard to solve the dotted lines and the picture itself; The one to the right does not sound familiar to me at all. I guess it has something to do with familiarity.; the other graphic is something i am not familiar with and that is why i had chosen it; Confusing, text on left is hard to read.; multiple colors, shape, dashed box and line, unfamiliar with terms make the right one more complicated.; Both images are complex to me in their simplicity.",text hard to read; Confusing; not familiar with; hard to solve; more shapes; more writing; more color; objects spread over; does not sound familiar; dashed box; dashed line; shape; unfamiliar with terms; multiple colors,(+); (+); (+); (+); (+); (+); (+); (+); (+); (+); (+); (+); (+); (+),"amount of words/context/numbers; color variety/shading; distracting/confusing/unclear; domain-specific concepts (e.g., chemical, biology, map); easy/hard to interpret; more charts/points/lines/shapes/elements; much/little data/info; shapes and lines; take longer to interpret; unclear meaning/confusing; word rotation/small font size"
frame,structure.panel,structure,extended,1,InfoVisJ.1236.13.png,The right is much harder to get grip of on many levels. Then there was also the scale and the frame with values on the right which adds up to the complexity.,frame with values; scale,(-); (-),2D/3D; clear text/scale/information
individual_panel,structure.panel,structure,extended,1,InfoVisJ.1933.13.png,"The image just hurt my eyes to look at. They all looked the same yet different.; For this one, you need to read 15 figures separately. Therefore, I find it more complex.",hurt my eyes; need to read 15 figures separately,(+); (+),distracting/confusing/unclear; read/analyze many figures/items
left_image,structure.panel,structure,extended,1,SciVisJ.1580.11(2).png,"The left image was easy to decipher, showing a zoom in on a certain area with a simple bar to indicate the measurement. It is a clear image that would help at a glance if you knew the context.","The left image was easy to decipher, showing a zoom in on a certain area with a simple bar to indicate the measurement.; It is a clear image that would help at a glance if you knew the context.",?; ?,2D/3D; easy/hard to interpret; shapes and lines
magnification_inset,structure.panel,structure,extended,1,VASTJ.2012.4.png,"Word amount Lines Extra detail on the edge; Various geometrical shapes integrated into one graph (circles, longitudinal graph, dates...). Too many colors raise visual complexity — the more complex picture features many colors. The more complex picture uses different fonts in one ""slide"", which is confusing. Magnification effects are used here, forcing a ""mental leap"" and making it hard to intuitively ascertain the quantitative relation between normal and magnified levels.",Lines; Word amount; Extra detail on the edge; Magnification effects; Various geometrical shapes; circles; quantitative relation; dates; different fonts; Too many colors; confusing; longitudinal graph; hard to intuitively ascertain,(+); (+); (+); (+); (+); (+); (+); (+); (+); (+); (+); (+); (+),"amount of words/context/numbers; color variety/shading; design-data relationship; distracting/confusing/unclear; domain-specific concepts (e.g., chemical, biology, map); easy/hard to interpret; labels/axes/legends; much/little data/info; scale difference; shapes and lines; word rotation/small font size"
red_boxes,structure.panel,structure,extended,1,vis666.png,"interconnecting lines, different colors, many text boxes, assortment of bigger red boxes",assortment of bigger red boxes; interconnecting lines; many text boxes; different colors,(+); (+); (+); (-),amount of words/context/numbers; color variety/shading; more charts/points/lines/shapes/elements; shapes and lines
subplots,structure.panel,structure,extended,1,InfoVisC.157.1.png,"too many subplots, small fonts, lack of describing information of the elements; the image on the right I find that I will unlikely be able to interpret; It wasn't clear as to what is going on in the chart.",too many subplots; lack of describing information; small fonts; wasn't clear what is going on; unlikely be able to interpret,(+); (+); (+); (+); (+),easy/hard to interpret; labels/axes/legends; more charts/points/lines/shapes/elements; word rotation/small font size
data_pattern,structure.pattern,structure,original,1,InfoVisC.115.3.png,"It had more colours, the graph did not have a linear pattern.And I didn't understand what the different axis ment.",more colors; different axis; not a linear pattern.; I didn't understand,(+); (+); (+); (+),"color variety/shading; domain-specific concepts (e.g., chemical, biology, map); easy/hard to interpret; labels/axes/legends"
flow_pattern,structure.pattern,structure,original,1,InfoVisJ.349.1(3).png,The other image had a more apparent flow and pattern.,apparent flow; pattern,(-); (+),"domain-specific concepts (e.g., chemical, biology, map)"
key_patterns,structure.pattern,structure,extended,2,vis673.png | VASTJ.51.7.png,nan || nan,Initial (intuitive) attractiveness to actually delve into the image and analyze it; Expected time and cognitive load to understand the logic of presentation; Expected time and cognitive load to understand the key takeaway of/ key patterns suggested by the image (separating information from noise); Expected time and cognitive load to understand the majority of information in the image (separating information from noise) || Initial (intuitive) attractiveness to actually delve into the image and analyze it; Expected time and cognitive load to understand the logic of presentation; Expected time and cognitive load to understand the key takeaway of/ key patterns suggested by the image (separating information from noise); Expected time and cognitive load to understand the majority of information in the image (separating information from noise),(-); (+); (+); (+) || (-); (+); (+); (+),easy/hard to interpret || easy/hard to interpret; take longer to interpret
pattern,structure.pattern,structure,original,7,SciVisJ.796.5(1).png | VisJ.1949.11.png | InfoVisJ.1558.5.png,"No measurements; Not sure what the pattern is and what color stands for || 1) I'm not sure how to interpret the highlighted image because I don't know what I'm looking at 2) No clear pattern 3) No measurements 4) Not sure what the colors differentiate || the left one seems to explain some kind of pattern in the blue box, therefore i didn't think it imply anything too complicated.; it's clear it's something oval-shaped stretched out differently",No measurements; not sure what color stands for; unsure pattern || No measurements; what the colors differentiate; No clear pattern; don't know what looking at || oval-shaped; stretched out differently; some kind of pattern; blue box; didn't think it imply anything too complicated,(+); (+); (+) || (+); (+); (+); (+) || (-); (-); (-); (-); (-),"color contrast/clarity; domain-specific concepts (e.g., chemical, biology, map); labels/axes/legends || color contrast/clarity; distracting/confusing/unclear; labels/axes/legends; unclear meaning/confusing || color contrast/clarity; domain-specific concepts (e.g., chemical, biology, map); easy/hard to interpret; shapes and lines"
cluster,structure.region,structure,extended,1,InfoVisJ.401.12.png,More elements; the chosen image seems like there is a cluster of information that needs to be seen slowly one by one. It feels like the chosen visualization comes from a more scientific method than just showing information in text. Some kind of extra information would be needed to understand what these networks mean.,More elements; a cluster of information; showing information in text; network; scientific method,(+); (+); (+); (+); (+),"clear text/scale/information; domain-specific concepts (e.g., chemical, biology, map); more charts/points/lines/shapes/elements; much/little data/info"
continents,structure.region,structure,extended,1,visMost325.png,less information; 1. Great detail in colorization of continents. 2. Small table in bottom left corner. 3. Tiny writing in bottom right corner. 4. Far more detailed looking in general.; the image on the right is darker and harder to see but has more going on and is very complex; map graph,map; more going on; darker; harder to see; Great detail; Small table; Tiny writing; map of continents,(-); (+); (+); (+); (+); (+); (+); (+),"color contrast/clarity; color variety/shading; domain-specific concepts (e.g., chemical, biology, map); easy/hard to interpret; much/little data/info; word rotation/small font size"
countries,structure.region,structure,extended,2,economist_daily_chart_317.png | economist_daily_chart_124.png,"- World maps are well known for everybody - A map is easier to read than a chart; more factors included (countries), much more detailed, less structure; It gives more informations so we need to take more time to understand it. There are multiple legends.; map so im able to gauge some info graphically - little to no numbers; There is infinitely more information to be gleaned from the image of the world map. There is deeper, 'less obvious' information other than the key on the bottom left.; The world map is well known, you don*t need much attention to recognize it. The graph has a lot of similar instances. The colors in the map are easier to process than the numbers in the axis.; map is simple to understand || More colours and text to interpret; The other purely incorporates the use of color; The left has more words for the regions, lots of regions, and a key with color coding.; a map and the legend in the bottom left gives away what the image is about.; i assumed the country shapes weren't that much more complex than dots.; The left image feels more cluttered and has a lot of words, different colours, and a legend explaining the purpose and all the different colours. The reason the map makes more sense is due to the legend; without it, the left image would have far more clutter and is less clear at a glance.; -variation in colours / shades -spatial organization -amount of words describing data; Lots of words and colors, many categories in the legend; a continent with countries im already familiar wiht; Image 2 is more detailed. Image 2 is easily understandable. Image 2 can easily be remembered.; a map of Africa — my gut reaction was that I recognized the map but had no idea what the colors represented.; color, pattern, nonlinearity, geo-map; range and contrast of colours; 1. It looks easier to understand 2. Few details 3. I am certain i can understand it more quickly",much more detailed; countries; less structure; World maps are well known for everybody; A map is easier to read than a chart; take more time to understand; a lot of similar instances; numbers in the axis; world map; colors in the map; don't need much attention to recognize it; easier to process; gauge some info graphically; little to no numbers; map; simple to understand || a map; legend; range and contrast of colors; lots of regions; more words; a key with color coding; nonlinearity; geo-map; more cluttered; a legend; a lot of words; different colors; less clear at a glance; a continent with countries; familiar with; more detailed; can easily be remembered; easily understandable; Few details; can understand more quickly; easier to understand; map of Africa; recognized the map; no idea what the colors represent; More colors; text; lotd of words; many categories in the legend; lots of colors; amount of words describing data; spatial organization; variation in colors / shades; country shapes; country; use of color,(+); (+); (+); (-); (-); (+); (-); (-); (-); (-); (-); (-); (+); (+); (-); (-) || (-); (+); (-); (+); (+); (+); (+); (+); (+); (+); (+); (-); (+); (-); (-); (-); (-); (-); (-); (-); (-); (-); (-); (-); (+); (+); (+); (+); (+); (+); (+); (+); (-); (-); (+),"color contrast/clarity; color variety/shading; distracting/confusing/unclear; domain-specific concepts (e.g., chemical, biology, map); easy/hard to interpret; labels/axes/legends; little/less text/numbers/context; more charts/points/lines/shapes/elements; much/little data/info; take longer to interpret; word rotation/small font size || 2D/3D; amount of words/context/numbers; color contrast/clarity; color variety/shading; domain-specific concepts (e.g., chemical, biology, map); easy/hard to interpret; labels/axes/legends; more charts/points/lines/shapes/elements; more regions/space; much/little data/info; overlapping shapes/colors/lines; shapes and lines; soft/layered/overlapping colors; take longer to interpret; unclear meaning/confusing"
dark_regions,structure.region,structure,extended,1,SciVisJ.728.4(2).png,I saw that this is visually complex because it was dark and black and no one knows whats hidden,dark and black; no one knows whats hidden; visually complex,(+); (+); (+),"color variety/shading; domain-specific concepts (e.g., chemical, biology, map); easy/hard to interpret"
data_area,structure.region,structure,original,9,wsj511.png | InfoVisC.115.4.png | SciVisJ.857.9.png,"In the image on the right you can see at a glance all the data as drawn and it is clearer to me. || the color and the number of different thing in the same area is so dificult to see whats about || The processing time chart is not as recognizable, especially at first glance with more numbers and colors. The graph has multiple data points going on. The right chart has a very weird color palette and it threw me off visually — it looks more busy and more complex than the map.",clearer; can see at a glance || number of things in the same area; colors in the same area; dificult to see whats about || more busy; multiple data points; more numbers; not recognizable; more colors; weird color palette,(-); (-) || (+); (+); (+) || (+); (+); (+); (+); (+); (+),"clear colors/shapes; easy/hard to interpret || color variety/shading; easy/hard to interpret; more charts/points/lines/shapes/elements || amount of words/context/numbers; color contrast/clarity; color variety/shading; domain-specific concepts (e.g., chemical, biology, map); more charts/points/lines/shapes/elements; overlapping shapes/colors/lines"
earth_geography,structure.region,structure,extended,1,v486_n7401_7_f1.png,"The other image is a basic graph with two or three data points. In comparison to earth and all it's detail, politics, geography, it is lacking.",all it's detail; two or three data points; basic graph; earth; geography,(-); (-); (-); (-); (-),"domain-specific concepts (e.g., chemical, biology, map); much/little data/info"
geographic_regions,structure.region,structure,extended,1,wsj91.png,"the other is a full map. I think the map is way more complex then the squares. I chose the one which made less sense. While understanding the map, its hard to choose the map over the grid of squares",full map; made less sense,(+); (+),"domain-specific concepts (e.g., chemical, biology, map); easy/hard to interpret"
geographic_shapes,structure.region,structure,extended,1,economist_daily_chart_110.png,range of colours more physical content than the other image both text shapes and geography included red is a harsh colour compared to dark green,more physical content; text shapes and geography; dark green; range of colors; red is a harsh color,(+); (+); (-); (+); (+),"color contrast/clarity; color variety/shading; domain-specific concepts (e.g., chemical, biology, map); more charts/points/lines/shapes/elements"
highlighted_countries,structure.region,structure,extended,1,economist_daily_chart_140.png,"The other image is easier to understand as the figures are displayed along with the countries, so with just a glance everything is summarized.; I chose the image with the orange complex because I am not familiar with the world map. I knew for certain that I did not know the countries highlighted, therefore, I was more confused.; while on the left, 3 axes: x, y, color",did not know the countries highlighted; not familiar with the world map; orange complex; I was more confused; countries; easier to understand; just a glance everything is summarized; 3 axes; x; y; color,(+); (+); (+); (+); (+); (-); (-); (-); (-); (+); (+),"color contrast/clarity; color variety/shading; domain-specific concepts (e.g., chemical, biology, map); easy/hard to interpret; labels/axes/legends; unclear meaning/confusing"
pacific_ocean,structure.region,structure,extended,1,v488_n7412_8_f1.png,"well on the right is a picture of the pacific ocean, its easily noticable and it has labels for islands. it is something i am familiar with.",labels; familiar with; picture of pacific ocean,(-); (-); (-),"domain-specific concepts (e.g., chemical, biology, map); labels/axes/legends"
region,structure.region,structure,original,0,,,,,
sections,structure.region,structure,extended,1,VASTJ.1407.9.png,"The graphic on the left seems to have a simpler structure.; More line crossing each others which add complexity. Adding to the line, you have to look at the scale on the left and at the top; Too many lines. Too many different sections. The wording is on the chart itself, so it feels like it's all complied together onto one graph. The various shades of colour are similar yet somewhat different.",Too many lines; Too many sections; wording on chart; various shades of color; More line crossing each others; line and scale; simple structure,(+); (+); (+); (+); (+); (+); (-),amount of words/context/numbers; color variety/shading; more charts/points/lines/shapes/elements; overlapping shapes/colors/lines; shapes and lines; word rotation/small font size
zoom_inset,structure.region,structure,original,0,,,,,
annotation,text.annotation,text,original,3,VASTJ.320.11.png | VisJ.1949.16(2).png | v490_n7420_13_f4.png,"- Almost no explanation - No graphic leyend - No axis || I have chosen the left image to be more complex because of the following features: the amount of shapes in the image; the size of the shapes; no information about what the squares are highlighting; almost all the shapes are the same color. || Can see the line movement easier, descriptions are eye catching because of color formats.",Almost no explanation; No axis; No graphic legend || amount of shapes; no information about the squares; size of shapes; same color || Can see line movement; descriptions are eye catching; color formats,(+); (+); (+) || (+); (+); (+); (+) || (+); (+); (+),labels/axes/legends || color variety/shading; more charts/points/lines/shapes/elements; shape size; unclear meaning/confusing || color contrast/clarity; labels/axes/legends; shapes and lines
annotation_label,text.annotation,text,original,0,,,,,
annotation_labels,text.annotation,text,original,0,,,,,
annotation_text,text.annotation,text,original,0,,,,,
annotations_or_facts,text.annotation,text,extended,1,v483_n7387_5_f1.png,"There are far more details to try and understand with a complex variety of data points. 1. A plethora of datapoints to try and figure out 2. Multiple colours and lines; Multiple different facts presented, more numeric features",Multiple facts; A plethora of datapoints; Multiple colors and lines; more to understand,(+); (+); (+); (+),color variety/shading; more charts/points/lines/shapes/elements; much/little data/info; take longer to interpret
mathematical_formulae,text.annotation,text,extended,1,InfoVisJ.1247.10.png,"1) It's difficult to understand this diagram compared to the right because Sw & SL are crossing each other; image that is more visually complex contains more elements of information in different formats including text, numbers, mathematical formulae as well as the coloured graphic chart; the plot is particularly non-complex as it is just a line graph, one of the simplest visualisation tools.","crossing each other; difficult to understand diagram; more elements of information; text, numbers, mathematical formulae; colored graphic chart",(+); (+); (+); (+); (+),color variety/shading; easy/hard to interpret; labels/axes/legends; more charts/points/lines/shapes/elements; overlapping shapes/colors/lines
axis_label,text.axis_label,text,original,0,,,,,
axis_labels,text.axis_label,text,original,6,v483_n7391_8_f5.png | economist_daily_chart_393.png | VisC.599.6.png,"The graph is something I am unfamiliar with, it is harder to read and understand, and it is visually more striking.; as a coloured surface, which is harder to discern; contains more information; Too many similar colours, and axis; A lot of data; More colors; More numbers; The data in the chosen picture are more difficult to read. The graph itself seems conveying more data; The other image has an order; require a more specialized education to understand.; the left has more details and displayed via a bar chart - more simple. It is harder to read.; there are more colors, more information to look at, the lines are wavy and not straightforward; Much more data on the graph than just words.; The image in orange could be anything — an individual without specialized knowledge would be clueless as to what it is. Multiple data points in the image in orange. To the human eye it is more complex: whereas most graphs have two axes (as in the seismic graph), the orange image has four axes and is more difficult to understand based on the results presented.; I feel like the left seems pretty organized and easy to understand, also the colors on both side left are identical, which makes it less complex for me. It's structured.; four labelled axes; separate colour scale; Both have 3 variables; the right one representing one variable with a heat map makes it easier for me to understand at a glance. Curve lines limiting the heat map also helps. || The images are both very simple to digest; I find the straight lines  easier to follow; On the right there is just a few lines and data; more info, less simple-looking; more variables, more information to process, more contrast; The highlighted image much like my previous answer has actual factual information within it which is why I deemed it to be more visually complex.; the first image with the ""random"" names that don't make sense to me! the first picture I don't know what the colors red and green are supposed to indicate.; How clear the chart was || The graph is wavy; there is no way to tell the exact points for the numbers, making it more complex to understand. There is no data provided other than two letters and numbers, which to me feels more complex than looking at a map.",Curve lines; one variable; heat map; understand at a glance; conveying more data; difficult to read; colored surface; harder to discern; more data points; more axes; require specialized education to understand.; four labeled axes; separate color scale; organized; structured; colors on both side left are identical; easy to understand; ordered; more details; bar chart; harder to read; A lot of data; More colors; More numbers; more information; lines not straightforward; more colors; Multiple data points; four axes; seismic graph; clueless; more difficult to understand; Too many similar colors; axis; visually more striking; unfamiliar with; harder to read and understand; Much more data; words || straight lines; easier to follow; simple to digest; few data; just a few lines; clear; more information; less simple; more variables; more contrast; random names that don't make sense; I don't know what red and green indicate; factual information || no way to tell exact points for the numbers; wavy; two letters and numbers; more complex to understand,(-); (-); (-); (-); (+); (+); (+); (+); (+); (+); (+); (+); (+); (+); (+); (+); (-); (-); (+); (+); (+); (+); (+); (+); (+); (+); (+); (+); (+); (-); (+); (+); (+); (-); (+); (+); (+); (+); (-) || (-); (-); (-); (-); (-); (-); (+); (+); (+); (+); (+); (+); (+) || (+); (+); (+); (+),"2D/3D; amount of words/context/numbers; color contrast/clarity; color variety/shading; distracting/confusing/unclear; domain-specific concepts (e.g., chemical, biology, map); easy/hard to interpret; labels/axes/legends; more charts/points/lines/shapes/elements; much/little data/info; ordered; shapes and lines; take longer to interpret || color contrast/clarity; domain-specific concepts (e.g., chemical, biology, map); easy/hard to interpret; labels/axes/legends; more charts/points/lines/shapes/elements; more parameters/variables; much/little data/info; shapes and lines; unclear meaning/confusing || easy/hard to interpret; labels/axes/legends; shapes and lines; unclear meaning/confusing"
x_axis_label,text.axis_label,text,original,0,,,,,
y_axis_label,text.axis_label,text,original,0,,,,,
caption,text.description,text,original,0,,,,,
description,text.description,text,original,2,wsj340.png | InfoVisJ.924.5.png,"The right image is a chart with a title, description, labels and coloured segments, therefore it doesn't need to do as much visually.; 1. Variety and Density of Elements, 2.Level of Detail 3. Depth and Dimensionality and 4.Interconnectedness of Elements. || 1. Visuals that tell the story 2. Labels are clear 3. Key is easy to understand 4. Description easy to read",description; labels; title; colored segments; chart; doesn't need to do as much visually || Description easy to read; Key is easy to understand; Labels are clear,(-); (-); (-); (-); (-); (-) || (+); (+); (+),"color contrast/clarity; domain-specific concepts (e.g., chemical, biology, map); easy/hard to interpret; labels/axes/legends; word rotation/small font size || easy/hard to interpret; labels/axes/legends"
country_label,text.label,text,original,0,,,,,
country_labels,text.label,text,original,3,wsj270.png | whoI19.png | InfoVisJ.953.10.png,"The left side image shows more information about data and easy to evaluate; The country flags  make it very easy to read the chart at a glance and understand the general data. || has a limited number of countries the data is collected from; it has fewer axes; visually it is easier to understand; anyone with a high school education may be able to understand it. || I chose the second picture because the names of the countries were familiar and easier to process. I could understand the image and therefore it was less complex. The indications ""lowest"" and ""highest"" helped me to understand why there are two colors in the second image.",country related; easy to read at a glance; more information about data; easy to evaluate || limited number of data; fewer axes; countries; high school education; easier to understand || indications; names of the countriesr; two colors; easier to process,(-); (-); (-); (-) || (-); (-); (+); (-); (-) || (-); (-); (-); (-),"design-data relationship; domain-specific concepts (e.g., chemical, biology, map); easy/hard to interpret || 2D/3D; domain-specific concepts (e.g., chemical, biology, map); easy/hard to interpret; much/little data/info || domain-specific concepts (e.g., chemical, biology, map); easy/hard to interpret; two colors; unclear meaning/confusing"
explanation_text,text.label,text,original,2,visMost573.png | VisC.647.8.png,"The circles on the right side might also be a lot, but I can clearly link it to the image legend.; To many colours. Text is to small. Its not straight to the point; To many colours Text is to small Its not straight to the point; The initial understanding of what's shown to me made me think the orange image was more complex, as it was harder to decipher. The colour superposition also means more complexity. Finally, the amount of information as well as its disposition.; I assessed the images on how complicated they looked at first glance and whether I could glean any information from them instantly. If one image hurt my eyes or looked confusing I judged that to be more complex.cluttered as the one on the left.; density of information, number of colors, number of items on the legend, overlap of circle areas; It is more complex as I find it more difficult in terms of image layout; The orange image is much less clear, much more packed with information in a visually intricate way. The use of color is much more layered in the orange image than in the other one.; multiple features overlapping features several more colours large key; multiple features; overlapping features; several more colours; large key; Intense colors, multiple figures, smaller icons, hard to understand; number of items on the legend, overlap of different colors; Lots of colours, Different size of circles, Overlapping, The explanation text and the legend on the left side of the page; More overlapping colors; More colors; Background color; More text; Lots of colours; Different size of circles; Overlapping; The explanation text and the legend on the left side of the page; Too many circles in the orange highlighted one. Everything (circles and colours) are mixed together making it difficult to discern information. Use of ambiguous colours on the left.; Too many circles in the orange highlighted one Everything (circles and colours) are mixed together making it difficult to discern information Use of ambiguous colours; The image looks as if it might be easier to decipher.; complexity vague in general difficult to read; complex data sets , appealing colours , easier to visualize; I have the feeling I don't need to do this in the right image.; The visualization on the right looks more like an abstract painting.; However, the second image, even with info, it's quite difficult for me. By the way, another thing I realized was that, sometimes the image is apparently not complex, but it is to me. For example, with these images about black holes or similar to black holes.; At first, I thought that the image on the right was more difficult. But, after looking at it for a long time, I stared to understand what it meant.; 1. Visuals that tell the story 2. Labels are clear 3. Key is easy to understand 4. Description easy to read; The small text in the upper left kept distracting me every time I saw this image. The text is too small to read and because of that I felt this was less accessible and comprehensible. It became more familiar every time I saw it; however, I did feel that it was overly complex.; The image uses circles of various sizes and colors to represent sounds throughout Jerusalem. It conveys information in a complex way using these circles and text labels, though the visual elements themselves are relatively simple.; first reason is how quick i can understand the image, and because i saw the second multiple times, i guess it played a huge role on that; Sur l'image la plus simple il y a une légende et des couleurs aidant à la compréhension. || Absolutely nothing is understood.; the little grey and white peaces simply more.; No explanation of the data hence more dificult to understand",circles; clearly link to legend; image legend; multiple figures; Intense colors; smaller icons; hard to understand; stared to understand; overlapping colors; More text; Background color; More overlapping colors; Overlapping circles; size of circles; explanation text; legend; Lots of colors; Description easy to read; Key is easy to understand; Labels are clear; overlap of different colors; number of items on the legend; different colors; many colors; Text is small; not straight to the point; Too many circles; circles and colors mixed together; Use of ambiguous colors; difficult to discern; multiple features; overlapping features; large key; several more colors; To many colors; Text is to small; easier to visualize; cluttered; looked confusing; complicated at first glance; glean information instantly; more colors; ambiguous colors; image layout; more difficult; saw it multiple times; images about black holes; quite difficult for me; density of information; overlap of circle areas; number of colors; text is too small; less accessible and comprehensible; amount of information; disposition; color superposition; harder to decipher; difficult to read; abstract painting; circles of various sizes; visual elements relatively simple; text labels; colors to represent sounds; Jerusalem; more packed with information; color more layered; much less clear; Overlapping; Different size of circles; easier to decipher || nothing is understood.; No explanation of data; more dificult to understand,(+); (-); (-); (+); (+); (+); (+); (-); (+); (+); (+); (+); (+); (+); (+); (+); (+); (+); (+); (+); (+); (-); (-); (+); (+); (+); (+); (+); (+); (+); (+); (+); (+); (+); (+); (+); (-); (+); (+); (+); (+); (+); (+); (+); (+); (-); (+); (+); (-); (+); (-); (+); (+); (+); (+); (+); (+); (+); (+); (+); (+); (+); (+); (+); (+); (+); (+); (+); (+); (-) || (+); (+); (+),"2D/3D; abstract shapes or colors; amount of words/context/numbers; color contrast/clarity; color variety/shading; distinguishable color variety/arrangement/distribution; distracting/confusing/unclear; domain-specific concepts (e.g., chemical, biology, map); easy/hard to interpret; labels/axes/legends; more charts/points/lines/shapes/elements; much/little data/info; overlapping shapes/colors/lines; shape size; shapes and lines; simple visual elements; soft/layered/overlapping colors; symbols; white/black background / other background; word rotation/small font size || easy/hard to interpret; labels/axes/legends"
highlighted_words,text.label,text,extended,1,VASTC.159.2.png,The image on the right is a lot more simple because there are only four highlighted words from a textbook that are also amplified so that they can be seen more clearly. Almost anything would be more complex than this image.,four highlighted words,(-),amount of words/context/numbers; labels/axes/legends
label,text.label,text,original,0,,,,,
label_text,text.label,text,original,0,,,,,
labels,text.label,text,original,25,VisJ.1515.12.png | SciVisJ.1236.10.png | wsj340.png,"it was harder for my eyes to focus on the colours in this picture making it harder to adjust and see the colours.; the contrast of the colors is really weird and it doesnt make sense; Colour coded for separating facts; more lines, making it more difficult to identify differences in the information presented; i have no idea what is going on. i cannot make sense of it; I didn't understand what the left image was demonstrating; i have more dificulty to read this image for me.i don't know what to say; really don't understand this one; Processing information is not possible on the selected image; no context; too dark; Hard measure; Hard to find exact feature; I was looking for images that made sense to me, in terms of how I would retrieve data, the orange highlighted one gave me no further information; the image is not as understandable in terms of shapes and what it resembles || The amount of pixels and colors also with different patterns and partly mixed up seemed more intense on the right side. Also the text abpve the pixel add up to it being more complex to me.; Number of square. Variety of data in every square. convey much more data.; On the contrary the left image is clear, it shows everything by columns and rows which is easier to visualize.; The more complex image needs to be studied more intently to make sense of.; I have no idea what Image 1 is; it makes me curious what it means and the colors seem to have some sort of meaning.; I dont understand at all the image selected, neither the graphics nor the data. I have never seen something similar.; The image with the orange box has 1. different shapes and sizes of blurred purple and green boxes 2. labels are top are confusing to decode; The meaning of the code which i don't understand || The right image is a chart with a title, description, labels and coloured segments, therefore it doesn't need to do as much visually.; 1. Variety and Density of Elements, 2.Level of Detail 3. Depth and Dimensionality and 4.Interconnectedness of Elements.",don't understand; didn't understand; in terms of shapes; what it resembles; not as understandable; Processing information is not possible; more lines; Color coded for separating facts; difficult to identify differences in information; no context; too dark; cannot make sense of it; contrast of the colors; color contrast really weird; colors; harder for my eyes to focus; gave no further information; don't know what to say; exact feature; measure; Hard measure; Hard to find exact feature || needs to be studied more intently to make sense of; different shapes and sizes; blurred purple and green boxes; labels; meaning of the code; don't understand; not something similar.; dont understand at all; no idea what Image is; the colors seem to have meaning; Number of square; Variety of data in square; columns and rows; easier to visualize || description; labels; title; colored segments; chart; doesn't need to do as much visually,(+); (+); (+); (+); (+); (+); (+); (+); (+); (+) (-); (+); (+); (+); (+); (+); (+); (+); (+); (+); (+); (+); (+) || (+); (+); (+); (-); (+); (+); (+); (+); (+); (+); (+); (+); (-); (-) || (-); (-); (-); (-); (-); (-),"color contrast/clarity; domain-specific concepts (e.g., chemical, biology, map); easy/hard to interpret; labels/axes/legends; more charts/points/lines/shapes/elements; more difficult to focus/follow; much/little data/info; shapes and lines; unclear colors/contrast; understand/read shapes || blurry colors/images; domain-specific concepts (e.g., chemical, biology, map); easy/hard to interpret; labels/axes/legends; more charts/points/lines/shapes/elements; shapes and lines; take longer to interpret; unclear meaning/confusing || color contrast/clarity; domain-specific concepts (e.g., chemical, biology, map); easy/hard to interpret; labels/axes/legends; word rotation/small font size"
large_words,text.label,text,original,1,MorphableWordClouds5.png,"The image not highlighted seemed to be simply a chart showing frequency of words used. The bigger the word, the most often the use.","The bigger the word, the most often the use.; frequency of words; chart showing frequency of words",(-); (-); (-),"amount of words/context/numbers; domain-specific concepts (e.g., chemical, biology, map); word rotation/small font size"
letters,text.label,text,extended,3,VisC.559.6.png | VASTC.24.5.png | VASTJ.220.1(2).png,"The right image shows something that looks like multiple elements interacting with each other potentially; Too many moving parts. Random letters. There is no apparent directional flow for the arrows. Messy.; First of all it has a lot of arrows pointing in different directions which is very confusing and seems complex. Secondly, I have no idea what any of it means since their isn't and numbers associated with it. || The visual has a lot of confusing numbers, letters, and overall understandability. I find that it is hard to tell what it is trying to convey and what it even measures. There are too many colors, letters, and numbers.; There are differences between the three columns that I would need more time to realise.; A, B & C has different bars; Some values are in the middle and according to me it's complicated to look at; I did not choose the left one. It seems to imply something that is not clearly stated and is not easily understood by the majority of people. || Letter size variation; Word meaning difference; Color difference; Ugly calligraphy","arrows pointing in different directions; isn't any numbers; I have no idea what any of it means; very confusing; Too many moving parts; messy; no apparent directional flow for the arrows; Random letters; multiple elements interacting with each other || not clearly stated; not easily understood; need more time to realize; too many numbers; confusing numbers, letters; too many letters; confusing overall understandability; hard to tell; different bars; some values in the middle; complicated to look at || Letter size variation; Word meaning difference; Color difference; Ugly calligraphy",(+); (+); (+); (+); (+); (+); (+); (+); (+) || (+); (+); (+); (+); (+); (+); (+); (+); (+); (+); (+) || (+); (+); (+); (+),distracting/confusing/unclear; labels/axes/legends; more charts/points/lines/shapes/elements; overlapping shapes/colors/lines; unclear meaning/confusing || 2D/3D; amount of words/context/numbers; color variety/shading; distracting/confusing/unclear; easy/hard to interpret; labels/axes/legends; several elements; take longer to interpret; unclear meaning/confusing; word rotation/small font size || color variety/shading; distracting/confusing/unclear; unclear meaning/confusing; word rotation/small font size
node_label,text.label,text,original,0,,,,,
node_labels,text.label,text,original,0,,,,,
small_text,text.label,text,original,1,InfoVisJ.1149.6(1).png,"It contains a high information density. As a result, interpreting the map requires parsing through a large amount of textual data, which can be visually overwhelming and mentally taxing. Navigating through this hierarchical text requires understanding the relative importance of different labels and how they contribute to the overall information conveyed by the map. Interpreting a map with many small writings requires not only reading and understanding individual labels but also synthesizing information from multiple sources to gain a comprehensive understanding of the depicted area.",high information density; large amount of textual data; different labels; hierarchical text; many small writings; visually overwhelming; mentally taxing,(+); (+); (+); (+); (+); (+); (+),amount of words/context/numbers; distracting/confusing/unclear; labels/axes/legends; overlapping shapes/colors/lines; take longer to interpret; word rotation/small font size
small_words,text.label,text,extended,1,MorphableWordClouds5.png,"The image not highlighted seemed to be simply a chart showing frequency of words used. The bigger the word, the most often the use.","The bigger the word, the most often the use.; frequency of words; chart showing frequency of words",(-); (-); (-),"amount of words/context/numbers; domain-specific concepts (e.g., chemical, biology, map); word rotation/small font size"
street_labels,text.label,text,original,0,,,,,
text,text.label,text,original,6,InfoVisJ.2072.16.png | vis678.png | VASTJ.31.2.png,"1) Lots of boxes 2) lots of text 3) lots of colors || The image I chose would be more difficult to me to describe to someone. The reason I chose it must be the all the designs, color differences, data and concept.; The image I picked has a lot of charts at once, while also being mixed with a timeline. It is also confusing that there are two different charts and some bits of text.; its dense clutter of elements, varied and vibrant color usage indicating different data categories, a high degree of interconnectedness showcasing complex relationships. It was essentially harder to read.; Very busy, a lot going on, lots of details and images. A lot of intricacy. || The picture has text. and the black color grabbed my attention suddenly. Black is discordant here.","Lots of boxes; lots of text; lots of colors || dense clutter of elements; varied and vibrant color; harder to read; Very busy; lots of details; color differences; design, data and concept; difficult for me to describe; a lot of charts; mixed with a timeline; some text; confusing || has text.; black color grabbed attention; Black is discordant here.",(+); (+); (+) || (+); (+); (+); (+); (+); (+); (+); (+); (+); (+); (+); (+) || (+); (+); (+),amount of words/context/numbers; color variety/shading; more charts/points/lines/shapes/elements || color variety/shading; design-data relationship; distracting/confusing/unclear; easy/hard to interpret; labels/axes/legends; more charts/points/lines/shapes/elements; much/little data/info; overlapping shapes/colors/lines || amount of words/context/numbers; color variety/shading; unclear colors/contrast
text_content,text.label,text,original,2,InfoVisJ.459.15.png | InfoVisC.24.3(2).png,1 I don't even understand what its talking about in 5 sec 2 this is bland not a lot of colour || just text on the (less complex) and code/text; In the image with orange highlight I'm seeing programming and for me it's more difficult.,not a lot of color; don't understand what its talking about in 5 sec || code/text; just text; programming; more difficult,(+); (+) || (-); (-); (+); (+),"easy/hard to interpret; inadequate/few coloring || amount of words/context/numbers; domain-specific concepts (e.g., chemical, biology, map); easy/hard to interpret"
text_label,text.label,text,original,1,vis853.png,"The colour of the images. The writing on the left image is very small, compared to the text on the right. There are images on the left picture.",color of the images; writing very small,(+); (+),color contrast/clarity; word rotation/small font size
text_labels,text.label,text,original,70,SciVisJ.1025.11.png | economist_daily_chart_165.png | SciVisJ.980.12(2).png,"Lots of inscription with details, several measurements on the same graph, numbers; There are more colours in this image and it is displaying more data; -number of information -color contrast; less text; more information and nuances transportet through the picture.; Compared to the other one its a bit more complex || The left image is simpler than the other one because its data are easier to see them, at least, in my opinion.; The highlighted image has a lot of details to read and requires concentration to pay attention to all the data in it (the 'other one' compared to the circle image).; contains more information mix several colors; the size of the graphics; more details；couldnt`see the content; neither is very complex, but comparatively the one on the left is more visually complex as it requires reading; The most important is to understand the topic, what I am looking at. Then the quality of the picture has to be reasonably good, with distinct colours and clear text.; 2D; understandable visual; - how organised/disorganised was the picture - how many type of entities they were - numbers on entities - numbers of unique shapes/colors || The most important is to understand the topic, what I am looking at. Then the quality of the picture has to be reasonably good, with distinct colours and clear text.",Lots of inscription with details; several measurements; inscription with details; numbers; information and nuance transported; number of information; color contrast; less text; more data; more colors || contains more information; mix several colors; requires reading; 2D; a lot of details; requires concentration; more details; couldnt`see the content; understandable visual; data are easier to see; clear text; distinct colors || clear text; distinct colors,(+); (+); (+); (+); (+); (+); (-); (+); (+); (+) || (+); (+); (+); (-); (+); (+); (+); (+); (-); (-); (-); (+) || (-); (+),"amount of words/context/numbers; color contrast/clarity; color variety/shading; domain-specific concepts (e.g., chemical, biology, map); little/less text/numbers/context; much/little data/info; word rotation/small font size || 2D/3D; color variety/shading; easy/hard to interpret; labels/axes/legends; much/little data/info; take longer to interpret || color variety/shading; labels/axes/legends"
text_words,text.label,text,original,1,MorphableWordClouds21.png,"More colour, more text, more complex shape.",more complex shape; more text; more color,(+); (+); (+),amount of words/context/numbers; color variety/shading; shapes and lines
words,text.label,text,original,6,InfoVisJ.631.1(2).png | VASTJ.1448.5.png | MorphableWordClouds12.png,"Densely packed information; Unclear of relations between words; Words are not all orientated the same; Unclear on colour values || Num of objects/words, how objects spread over the whole picture || Design Order of words Ease of understanding",Densely packed information; Unclear of relations between words; Words are not oriented the same; Unclear on color values || Num of objects/words; how objects spread; words || Order of words; Ease of understanding,(+); (+); (+); (+) || (-); (-); (-) || (+); (+),more charts/points/lines/shapes/elements; unclear colors/contrast; unclear meaning/confusing; word rotation/small font size || amount of words/context/numbers; more charts/points/lines/shapes/elements; much/little data/info || easy/hard to interpret; word rotation/small font size
title,text.title,text,original,10,whoO06_2.png | economist_daily_chart_165.png | wsj340.png,"has a title and legend || The left image is simpler than the other one because its data are easier to see them, at least, in my opinion.; The highlighted image has a lot of details to read and requires concentration to pay attention to all the data in it (the 'other one' compared to the circle image).; contains more information mix several colors; the size of the graphics; more details；couldnt`see the content; neither is very complex, but comparatively the one on the left is more visually complex as it requires reading; The most important is to understand the topic, what I am looking at. Then the quality of the picture has to be reasonably good, with distinct colours and clear text.; 2D; understandable visual; - how organised/disorganised was the picture - how many type of entities they were - numbers on entities - numbers of unique shapes/colors || The right image is a chart with a title, description, labels and coloured segments, therefore it doesn't need to do as much visually.; 1. Variety and Density of Elements, 2.Level of Detail 3. Depth and Dimensionality and 4.Interconnectedness of Elements.",legend; title || contains more information; mix several colors; requires reading; 2D; a lot of details; requires concentration; more details; couldnt`see the content; understandable visual; data are easier to see; clear text; distinct colors || description; labels; title; colored segments; chart; doesn't need to do as much visually,(+); (-) || (+); (+); (+); (-); (+); (+); (+); (+); (-); (-); (-); (+) || (-); (-); (-); (-); (-); (-),"labels/axes/legends || 2D/3D; color variety/shading; easy/hard to interpret; labels/axes/legends; much/little data/info; take longer to interpret || color contrast/clarity; domain-specific concepts (e.g., chemical, biology, map); easy/hard to interpret; labels/axes/legends; word rotation/small font size"
title_label,text.title,text,original,0,,,,,
3d_visualization,whole.visualization,whole,extended,1,SciVisJ.744.13.png,"Not understandable at all Different colours Maybe a lot of info that you should know understand just seeing the image Only for trained eyes; This image is complex because it contains lot of details, it is like 3D visualisation (4 dimension matrix), the equation to represent it must be complex. It is like the equation of the wave of water which is difficult to modelise in physic or video game.; less details and more lookable",lot of details; 3D visualization (4 dimension matrix); difficult to model; a lot of info; Different colors; Only for trained eyes; Not understandable at all; less details,(+); (+); (+); (+); (+); (+); (+); (-),2D/3D; color variety/shading; easy/hard to interpret; much/little data/info; take longer to interpret
chart,whole.visualization,whole,original,166,visMost97.png | wsj135.png | InfoVisC.133.5(3).png,"uses common knowledge, is easy to understand, has distinguished/distinctive colors, and presents simple information. || Left one is just a time scale with 2 data sets in same scale, diferent colors and aligment makes it easy to understand.; The other image is more easier to read and understand || Both of these images are a bit complex.; - element size - number of details - complexity of shapes and contrasts; The complexity of the information conveyed in the right image seems a lot more than the left image. There are several factors to understand in the right image. overlapping/intersecting lines; Volume of information; Spread of information on the image; Data interpretation; Time to evaluate context",common knowledge; distinguished/distinctive colors; simple information; easy to understand || alignment; time scale; 2 data sets; different colors; easy to understand || number of details; element size; shapes and contrasts,(-); (-); (-); (-) || ?; (-); (-); (-); (-) || (-); (-); (+),"color variety/shading; domain-specific concepts (e.g., chemical, biology, map); easy/hard to interpret; much/little data/info || color variety/shading; easy/hard to interpret; much/little data/info; scale difference; shapes and lines || color contrast/clarity; much/little data/info; shapes and lines"
chart_structure,whole.visualization,whole,original,1,VASTJ.1407.9.png,"The graphic on the left seems to have a simpler structure.; More line crossing each others which add complexity. Adding to the line, you have to look at the scale on the left and at the top; Too many lines. Too many different sections. The wording is on the chart itself, so it feels like it's all complied together onto one graph. The various shades of colour are similar yet somewhat different.",Too many lines; Too many sections; wording on chart; various shades of color; More line crossing each others; line and scale; simple structure,(+); (+); (+); (+); (+); (+); (-),amount of words/context/numbers; color variety/shading; more charts/points/lines/shapes/elements; overlapping shapes/colors/lines; shapes and lines; word rotation/small font size
diagram,whole.visualization,whole,extended,2,InfoVisJ.1247.10.png | InfoVisJ.339.3.png,"1) It's difficult to understand this diagram compared to the right because Sw & SL are crossing each other; image that is more visually complex contains more elements of information in different formats including text, numbers, mathematical formulae as well as the coloured graphic chart; the plot is particularly non-complex as it is just a line graph, one of the simplest visualisation tools. || It has considerably more going on than the other image. More text, colors, connections and information. The arrangement of the data is more complicated because of that, making it take a little bit longer to understand and go through. The colors of the image are strongly contrasting with each other. There's big text and smaller text, as in, titles and descriptions. Honestly, this image is complex but not confusing, it's okay.; I see more links and written information in the second image. There are also more types of information in the one I have selected.; both is understandable, but right one is more complex as it describes a process.; The left image is showing a very clear path to follow","crossing each other; difficult to understand diagram; more elements of information; text, numbers, mathematical formulae; colored graphic chart || More connections and information; big text and smaller text; titles and descriptions; colors strongly contrasting; longer to understand and go through; clear path to follow; a process; understandable; more types of information; more links; written information",(+); (+); (+); (+); (+) || (+); (+); (+); (+); (+); (-); (+); (-); (+); (+); (+),"color variety/shading; easy/hard to interpret; labels/axes/legends; more charts/points/lines/shapes/elements; overlapping shapes/colors/lines || amount of words/context/numbers; distinguishable/full/highly contrast color uses; domain-specific concepts (e.g., chemical, biology, map); easy/hard to interpret; labels/axes/legends; much/little data/info; shapes and lines; take longer to interpret; unclear meaning/confusing"
earth_image,whole.visualization,whole,extended,1,np_21.png,"there has a lot of pictures and words and also picture of world; More text More individual elements Harder to understand hierarchy at first glance More variety in shapes; Small text; Different sections; Image of Earth with lines; more context, has text and information to read and understand the visualisation better.",Small text; Image of Earth with lines; More individual elements; More text; More variety in shapes; Harder to understand hierarchy; a lot of pictures and words; words; picture of world; more context; text and information,(+); (+); (+); (+); (+); (+); (+); (-); (+); (-); (-),"amount of words/context/numbers; clear text/scale/information; domain-specific concepts (e.g., chemical, biology, map); easy/hard to interpret; more charts/points/lines/shapes/elements; more labels/context; shape variation; word rotation/small font size"
figures,whole.visualization,whole,extended,1,SciVisC.49.5.png,Hard to understand; multiple figures with different volume; visually too much color or details in a condensed zone,multiple figures; different volume; Hard to understand,(+); (+); (+),easy/hard to interpret; more charts/points/lines/shapes/elements; shapes and lines
graph,whole.visualization,whole,original,5,VASTC.13.9.png | whoQ32_2.png | whoQ42_6.png,"More details, complex graph design, varied colors; Both were quite complex and it was hard to decide.; Comprehension - what the values or words define the graphic (right one is more complex). both are complex. || The amount of elements in the second image is higher; Graphs take some time to understand; unique data points overlapping data points || The image I selected feels more visually complex due to the messiness of the graph and the lack of colour diversity. I have a hard time gleaning what it is trying to convey due to the bad design of the graph. This makes it more complex in my head as I need to think harder to get any useful information from it.",what values or words define; varied colors; More details; complex graph design || overlapping data points; unique data point; amount of elements higher; Graphs take some time to understand || lack of color diversity; bad design of the graph; messiness of the graph; hard time gleaning what it convey; think harder to get useful information,(-); (+); (+); (+) || (+); (+); (+); (+) || (+); (+); (+); (+); (+),"color variety/shading; domain-specific concepts (e.g., chemical, biology, map); labels/axes/legends; much/little data/info || domain-specific concepts (e.g., chemical, biology, map); easy/hard to interpret; more charts/points/lines/shapes/elements; overlapping shapes/colors/lines || color variety/shading; distracting/confusing/unclear; easy/hard to interpret; take longer to interpret"
graphic,whole.visualization,whole,extended,2,InfoVisC.24.8(1).png | whoK22.png,"Values - Graphic and vales have logic (left one is more complex at least the right can see words). Graphs generation - how the graph is generated, size, length, points (left one is more complex).both are complex. || the lines are going in different directiopns and amounts. i think it's harder to follow the sense of the graphic as there's no images or information that instantly falls into your view",Values - Graphic and vales have logic; can see words || lines going in different directiopns and amounts; harder to follow the sense of the graphic,(+); (-) || (+); (+),2D/3D; labels/axes/legends || more difficult to focus/follow; shapes and lines
graphic_design,whole.visualization,whole,extended,1,SciVisJ.797.13(4).png,"I don't understand the design or the interest, I'm not familiar with this graphic design",not familiar with this graphic design; don't understand the design or interest,(+); (+),"domain-specific concepts (e.g., chemical, biology, map); easy/hard to interpret"
graphics,whole.visualization,whole,extended,3,wsj299.png | VisJ.1413.7.png | VASTC.51.10.png,nan || it's a variation of various different colours and graphics that all seem to different to each other with no clear indication about what is going on. || contains a lot of information the size of the graphics,more detailed graphics; more statistics; more colours || various colors and graphics; no clear indication about what is going on || a lot of information; size of the graphics,(+); (+); (+) || (+); (+) || (+); (+),color variety/shading; take longer to interpret || color variety/shading; unclear meaning/confusing || much/little data/info; shapes and lines
heatmap,whole.visualization,whole,extended,1,v484_n7392_13_f1(1).png,I think in the other option its pretty obvious that it is just a heatmap showing the results on an y axis,heatmap; y axis,(-); (-),"domain-specific concepts (e.g., chemical, biology, map); labels/axes/legends"
histogram,whole.visualization,whole,extended,1,InfoVisJ.2082.3.png,"No colors, more factors to consider; This image just appears to have more variables. It appears to have a lot of fine detail with corresponding data that is rather complex.; Both of these images are a bit complex. The chosen one shows way more information at first look — the information is divided and there seem to be many elements to consider.; I believe that the image on the right is more complex because it includes more ink on the page, more writing, less color, and it is more organized.; the right side is a simple histogram like figure with labels and it is understandable by readin it; more informative, easy to understand",easy to understand; labels; histogram like figure; more organized; more ink on the page; more writing; less color; many elements; way more information; a lot of fine detail; more variables; No colors; more factors to consider,(-); (-); (-); (+); (+); (+); (+); (+); (+); (+); (+); (+); (+),"2D/3D; amount of words/context/numbers; color variety/shading; domain-specific concepts (e.g., chemical, biology, map); easy/hard to interpret; inadequate/few coloring; labels/axes/legends; more charts/points/lines/shapes/elements; more parameters/variables; much/little data/info; read/analyze many figures/items"
image,whole.visualization,whole,original,1,vis853.png,"The colour of the images. The writing on the left image is very small, compared to the text on the right. There are images on the left picture.",color of the images; writing very small,(+); (+),color contrast/clarity; word rotation/small font size
imagery,whole.visualization,whole,extended,1,InfoVisJ.2102.16.png,There is too much data.It is not clear what the filled bars mean.; -Uneven shape -Higher contrast -Less organic shapes -Text and imagery,too much data; unclear filled bars; Less organic shapes; Uneven shape; Text and imagery; Higher contrast,(+); (+); (+); (+); (+); (+),amount of words/context/numbers; distinguishable/full/highly contrast color uses; much/little data/info; shapes and lines; unclear meaning/confusing
line_chart,whole.visualization,whole,original,3,treasuryG07_2.png | economist_daily_chart_393.png | VisC.87.8.png,"The more straightforward lines in the picture (easier to read and discern).; lines, graph || The images are both very simple to digest; I find the straight lines  easier to follow; On the right there is just a few lines and data; more info, less simple-looking; more variables, more information to process, more contrast; The highlighted image much like my previous answer has actual factual information within it which is why I deemed it to be more visually complex.; the first image with the ""random"" names that don't make sense to me! the first picture I don't know what the colors red and green are supposed to indicate.; How clear the chart was || - clear numerical details on the x and y scales - precise naming of the scales - two separate lines, one striped one long line marking data",straightforward lines; easier to read; easier to read and discern; lines; graph || straight lines; easier to follow; simple to digest; few data; just a few lines; clear; more information; less simple; more variables; more contrast; random names that don't make sense; I don't know what red and green indicate; factual information || two separate lines; numerical details; precise naming; x and y scales; striped,(-); (-); (-); (+); (+) || (-); (-); (-); (-); (-); (-); (+); (+); (+); (+); (+); (+); (+) || (-); (-); (-); (-); (-),"domain-specific concepts (e.g., chemical, biology, map); easy/hard to interpret; shapes and lines; word rotation/small font size || color contrast/clarity; domain-specific concepts (e.g., chemical, biology, map); easy/hard to interpret; labels/axes/legends; more charts/points/lines/shapes/elements; more parameters/variables; much/little data/info; shapes and lines; unclear meaning/confusing || labels/axes/legends; shapes and lines; symbols"
map,whole.visualization,whole,original,10,visMost325.png | economist_daily_chart_124.png | whoJ48_2.png,"less information; 1. Great detail in colorization of continents. 2. Small table in bottom left corner. 3. Tiny writing in bottom right corner. 4. Far more detailed looking in general.; the image on the right is darker and harder to see but has more going on and is very complex; map graph || More colours and text to interpret; The other purely incorporates the use of color; The left has more words for the regions, lots of regions, and a key with color coding.; a map and the legend in the bottom left gives away what the image is about.; i assumed the country shapes weren't that much more complex than dots.; The left image feels more cluttered and has a lot of words, different colours, and a legend explaining the purpose and all the different colours. The reason the map makes more sense is due to the legend; without it, the left image would have far more clutter and is less clear at a glance.; -variation in colours / shades -spatial organization -amount of words describing data; Lots of words and colors, many categories in the legend; a continent with countries im already familiar wiht; Image 2 is more detailed. Image 2 is easily understandable. Image 2 can easily be remembered.; a map of Africa — my gut reaction was that I recognized the map but had no idea what the colors represented.; color, pattern, nonlinearity, geo-map; range and contrast of colours; 1. It looks easier to understand 2. Few details 3. I am certain i can understand it more quickly || It is very clear from the map what the colours represent",map; more going on; darker; harder to see; Great detail; Small table; Tiny writing; map of continents || a map; legend; range and contrast of colors; lots of regions; more words; a key with color coding; nonlinearity; geo-map; more cluttered; a legend; a lot of words; different colors; less clear at a glance; a continent with countries; familiar with; more detailed; can easily be remembered; easily understandable; Few details; can understand more quickly; easier to understand; map of Africa; recognized the map; no idea what the colors represent; More colors; text; lotd of words; many categories in the legend; lots of colors; amount of words describing data; spatial organization; variation in colors / shades; country shapes; country; use of color || colors; map,(-); (+); (+); (+); (+); (+); (+); (+) || (-); (+); (-); (+); (+); (+); (+); (+); (+); (+); (+); (-); (+); (-); (-); (-); (-); (-); (-); (-); (-); (-); (-); (-); (+); (+); (+); (+); (+); (+); (+); (+); (-); (-); (+) || (+); (-),"color contrast/clarity; color variety/shading; domain-specific concepts (e.g., chemical, biology, map); easy/hard to interpret; much/little data/info; word rotation/small font size || 2D/3D; amount of words/context/numbers; color contrast/clarity; color variety/shading; domain-specific concepts (e.g., chemical, biology, map); easy/hard to interpret; labels/axes/legends; more charts/points/lines/shapes/elements; more regions/space; much/little data/info; overlapping shapes/colors/lines; shapes and lines; soft/layered/overlapping colors; take longer to interpret; unclear meaning/confusing || color contrast/clarity; domain-specific concepts (e.g., chemical, biology, map)"
network_graph,whole.visualization,whole,original,0,,,,,
node_link_diagram,whole.visualization,whole,original,0,,,,,
node_link_graph,whole.visualization,whole,original,0,,,,,
overall_image,whole.visualization,whole,extended,1,SciVisJ.1580.11(2).png,"The left image was easy to decipher, showing a zoom in on a certain area with a simple bar to indicate the measurement. It is a clear image that would help at a glance if you knew the context.","The left image was easy to decipher, showing a zoom in on a certain area with a simple bar to indicate the measurement.; It is a clear image that would help at a glance if you knew the context.",?; ?,2D/3D; easy/hard to interpret; shapes and lines
overall_visualization,whole.visualization,whole,extended,1,InfoVisC.157.1.png,"too many subplots, small fonts, lack of describing information of the elements; the image on the right I find that I will unlikely be able to interpret; It wasn't clear as to what is going on in the chart.",too many subplots; lack of describing information; small fonts; wasn't clear what is going on; unlikely be able to interpret,(+); (+); (+); (+); (+),easy/hard to interpret; labels/axes/legends; more charts/points/lines/shapes/elements; word rotation/small font size
pie_chart,whole.visualization,whole,original,2,treasuryL03_2.png | whoK16_3.png,"There is more information shown in the one I chose. It would take a longer amount of time to read, process and understand all of the information in the pie chart. I don't think everyone would understand what the pie chart is showing. || The one I did not choose is a simple pie chart.","more information; pie chart.; longer time to read, process and understand || pie chart",(+); (+); (+) || (-),"domain-specific concepts (e.g., chemical, biology, map); much/little data/info; take longer to interpret || domain-specific concepts (e.g., chemical, biology, map)"
plot,whole.visualization,whole,extended,1,VisJ.1243.3.png,"The interpretation of graphs, comparing the plots; calculating the exact value; 1) two axes that are scaled by numbers, and 2) there are complicated formulas and symbols",exact value; graphs; plots; two axes scaled by numbers; complicated formulas and symbols,(+); (+); (+); (+); (+),"domain-specific concepts (e.g., chemical, biology, map); scale difference; shapes and lines; word rotation/small font size"
scatter_plot,whole.visualization,whole,original,0,,,,,
stimulus,whole.visualization,whole,extended,1,SciVisJ.801.15.png,The presented stimulus was less visible/discernible. The images are very detailed,very detailed; stimulus less visible/discernible,(+); (+),distracting/confusing/unclear; much/little data/info
visual_display,whole.visualization,whole,extended,1,VASTC.107.8.png,i found it hard to distinguish the colours in this picture. My eyes felt blurry when concentrating on the image.,hard to distinguish the colors; eyes felt blurry,(+); (+),color contrast/clarity; distracting/confusing/unclear
visualization,whole.visualization,whole,original,131,InfoVisJ.1558.11(3).png | SciVisJ.2926.1.png | whoQ50_2.png,"the other one i have no context to what its about; The swirling pattern of the dots, along with the colours, make it appear more complex. || I don't know what it presents. So it starts with some level of complexity. || Image 1 I would say is most important because it can easily be read.",no context || don't know what it presents. || can easily be read,(+) (-) || (+) || (-),labels/axes/legends || unclear meaning/confusing || easy/hard to interpret
word_cloud,whole.visualization,whole,original,11,MorphableWordClouds21.png | InfoVisJ.631.1(2).png | InfoVisJ.1190.8.png,"More colour, more text, more complex shape. || Densely packed information; Unclear of relations between words; Words are not all orientated the same; Unclear on colour values || There are a bunch of words mixed in there that makes so difficult to read each one of them with no color difference or font.; rotation of words different word sizes",more complex shape; more text; more color || Densely packed information; Unclear of relations between words; Words are not oriented the same; Unclear on color values || bunch of words mixed; no font; no color difference; difficult to read; different word sizes; rotation of words,(+); (+); (+) || (+); (+); (+); (+) || (+); (+); (+); (+); (+); (+),amount of words/context/numbers; color variety/shading; shapes and lines || more charts/points/lines/shapes/elements; unclear colors/contrast; unclear meaning/confusing; word rotation/small font size || color contrast/clarity; easy/hard to interpret; labels/axes/legends; more labels/context; word rotation/small font size
world_map,whole.visualization,whole,original,4,visMost147.png | whoQ26.png | economist_daily_chart_140.png,"On the left side, relevant data is mostly focused on about 1/3 of the image, the rest can be ignored. It is based on a familiar representation (the world map), which reduces the effort necessary to comprehend the meaning of the data.; So many individual dots would feel as a tough job to identify all the small and sparse dots; I see the image highlighted in orange as more complex because: - the color aspect (grey map on dark background) - visually too much color or details in a condensed zone - small font for the text in the description || Non-highlighted image also resembles a familiar geographic shape so it is easier to interpret.; The map is easily recognizable and straightforward at showing where things are. It looks simpler, with no more than three colors.; an easy to read map for the image; Again, I am not familiar with the world map, let alone the closer map you are showing in the picture, so therefore it seemed more complicated to me.; i like maps better; A charted map with points of interest, regions, and a key on the top. || The other image is easier to understand as the figures are displayed along with the countries, so with just a glance everything is summarized.; I chose the image with the orange complex because I am not familiar with the world map. I knew for certain that I did not know the countries highlighted, therefore, I was more confused.; while on the left, 3 axes: x, y, color",many individual dots; small and sparse dots; tough job to identify; mostly focused on about 1/3 of the image; familiar representation; the world map; reduces the effort to comprehend; too much details; too much color; small font in the description; map || familiar geographic shape; easier to interpret; not familiar; world map; seemed more complicated; map; easy to read map; easily recognizable; straightforward at showing where things are.; no more than three colors; maps; points of interest; regions; key on the top; charted map || did not know the countries highlighted; not familiar with the world map; orange complex; I was more confused; countries; easier to understand; just a glance everything is summarized; 3 axes; x; y; color,(+); (+); (+); (-); (-); (-); (-); (+); (+); (+); (-) || (-); (-); (+); (-); (+); (-); (-); (-); (-); (-); (-); (+); (+); (+); (+) || (+); (+); (+); (+); (+); (-); (-); (-); (-); (+); (+),"color variety/shading; domain-specific concepts (e.g., chemical, biology, map); easy/hard to interpret; more charts/points/lines/shapes/elements; overlapping shapes/colors/lines; word rotation/small font size || domain-specific concepts (e.g., chemical, biology, map); easy/hard to interpret; inadequate/few coloring; labels/axes/legends; shape point of interest; shapes and lines; unclear meaning/confusing || color contrast/clarity; color variety/shading; domain-specific concepts (e.g., chemical, biology, map); easy/hard to interpret; labels/axes/legends; unclear meaning/confusing"
